Fold change A,Fold change B
0.1321544222961077,1.1637316467282153
1.4082224729035613,0.876021102716409
0.15391458213073153,0.9739491555063582
0.6610870759167011,0.4108189559339708
0.9064027921051039,-1.328429551974619
0.01644424226265198,-1.225617068189769
0.05141342003493661,-0.4698551259818308
0.005022159342523371,-0.7936881122860008
0.13899150283925343,0.5393146079240414
