Fold change A,Fold change B
0.3892138035698928,1.1637316467282153
-0.011536802037937222,0.876021102716409
0.1164803663690531,0.9739491555063582
-0.915460442992103,-1.328429551974619
0.10347688231374115,0.8366663163833012
-0.23048330635794775,0.01486080149102584
-0.40286572024447864,-1.225617068189769
-0.44885691475155576,-1.5161130148440918
-0.4061541642127303,0.5339912166273101
0.48741449846368207,-0.4698551259818308
-0.4442537752830189,-0.7936881122860008
0.5378036563528662,0.5393146079240414
