Fold change A,Fold change B
1.1637316467282153,0.06719434065783803
0.876021102716409,-0.06322593900774338
0.9739491555063582,-0.2646862067828836
0.4108189559339708,0.4594352538106224
0.8366663163833012,0.7845983201247964
-1.328429551974619,-0.6708724572540739
0.01486080149102584,-0.9646658147561862
-1.225617068189769,-0.14955926276835035
-1.5161130148440918,-0.16321668865264055
0.5339912166273101,0.14315077497336387
-0.4698551259818308,-0.18521695805592414
-0.7936881122860008,0.17160033526106327
0.5393146079240414,-0.2733735634577491
