{"cases": {"studies": ["Duan2021", "Duan2021", "Duan2021", "Duan2021", "Duan2021", "Duan2021", "Patnaik2012", "Patnaik2012", "Patnaik2012", "Patnaik2012", "Patnaik2012", "Patnaik2012", "Patnaik2012", "Patnaik2012", "Patnaik2012", "Patnaik2012", "Patnaik2012", "Patnaik2012", "Patnaik2012", "Patnaik2012", "Patnaik2012", "Patnaik2012", "Patnaik2012", "Patnaik2012", "Patnaik2012", "Patnaik2012", "Patnaik2012", "Patnaik2012", "Patnaik2012", "Patnaik2012", "Patnaik2012", "Patnaik2012", "Patnaik2012", "Patnaik2012", "Patnaik2012", "Patnaik2012", "Patnaik2012", "Patnaik2012", "Patnaik2012"], "values": [0.37623831090690096, 0.7244743415879046, 1.2543600348057786, 0.48719693583901547, -0.13091865497878374, 0.0978119058876239, -0.13327917733747496, -0.1913397342127744, 0.13842095935230347, -0.017557059083391165, 0.6842752726555619, 0.8130439038393412, 0.3619887808444962, -0.4612235472108107, 0.15967004067564738, -0.5581409749201737, 0.19806083302529529, -0.5039453917788146, -0.1564520564064821, 0.08007949982364024, -0.1916554588198277, 0.9118773617424376, 0.29062974408198683, -0.3366095924506732, 0.4251509291795832, -0.1339690396942285, -0.13826124239890178, -0.11115661898570527, -0.8758025193503506, 0.09025358144334426, 0.14287718636922797, -0.25276413637961354, 0.09597656474633288, -0.2901875497808388, 0.004832782642862312, 0.6019641372585126, 0.2486194976391431, 0.2828000636365419, -0.09639173725796892]}, "controls": {"studies": ["Duan2021", "Duan2021", "Duan2021", "Duan2021", "Duan2021", "Duan2021", "Patnaik2012", "Patnaik2012", "Patnaik2012", "Patnaik2012", "Patnaik2012", "Patnaik2012", "Patnaik2012", "Patnaik2012", "Patnaik2012", "Patnaik2012", "Patnaik2012", "Patnaik2012"], "values": [-0.05871276263450871, -0.17387946326867418, -0.5402001331169509, -0.7383953216468795, -0.609339286796639, -0.6886359065847875, 0.13833738951039823, -0.13876850740142202, 0.11322397599558681, 0.03616150362431621, 0.22847405042736504, -0.1662498548991103, 0.31534997602712733, 0.5174654841192055, -0.06439226818515997, -0.3128382413732572, -0.4841771839454661, -0.5759627976771212]}, "p-values": {"Duan2021": 36.69555631013606, "Patnaik2012": 9879.639497614662}, "separation": {"Duan2021": 0.9363876246828132, "Patnaik2012": 0.06556274562958962}}