{"cases": {"studies": ["Duan2021", "Duan2021", "Duan2021", "Duan2021", "Duan2021", "Duan2021"], "values": [-0.427614044573395, 0.9497872597345091, 0.6117250257895056, 0.6442667031560093, 0.645057317268837, 0.340566653692189]}, "controls": {"studies": ["Duan2021", "Duan2021", "Duan2021", "Duan2021", "Duan2021", "Duan2021"], "values": [-0.33786192518172886, -0.067756987400988, -0.0023659604166554027, -0.4234255275917979, -1.0842185751179314, -0.8481599393585529]}, "p-values": {"Duan2021": 89.76439882693415}, "separation": {"Duan2021": 0.9212629716892182}}