{"cases": {"studies": ["Patnaik2012", "Patnaik2012", "Patnaik2012", "Patnaik2012", "Patnaik2012", "Patnaik2012", "Patnaik2012", "Patnaik2012", "Patnaik2012", "Patnaik2012", "Patnaik2012", "Patnaik2012", "Patnaik2012", "Patnaik2012", "Patnaik2012", "Patnaik2012", "Patnaik2012", "Patnaik2012", "Patnaik2012", "Patnaik2012", "Patnaik2012", "Patnaik2012", "Patnaik2012", "Patnaik2012", "Patnaik2012", "Patnaik2012", "Patnaik2012", "Patnaik2012", "Patnaik2012", "Patnaik2012", "Patnaik2012", "Patnaik2012", "Patnaik2012"], "values": [-0.06748664376220838, 0.22430532477190782, 0.1285393257411029, 0.16495362601254276, 0.21804091524867916, -0.31534658393722154, 0.08188172209365727, 0.317957609539658, -0.3899801675719529, -0.1862531183666206, -0.20908688778460316, -0.8231668971960528, -0.06589393817683001, -0.14086967013046045, 0.5898434435094292, 0.6321447375824788, 0.7135154428452144, -0.019641758579384286, -0.42381727555946647, -0.31010797732098355, 0.283833778323334, 0.4833311564439397, -0.9838040312496008, -0.9526191406462399, 0.12746290997048057, 1.0655568867286993, 0.19883166185827517, 0.27394756994576674, 0.5600748478818679, 0.8114839553921198, 0.13796744258618523, 0.41571117841443306, -0.9224824528805381]}, "controls": {"studies": ["Patnaik2012", "Patnaik2012", "Patnaik2012", "Patnaik2012", "Patnaik2012", "Patnaik2012", "Patnaik2012", "Patnaik2012", "Patnaik2012", "Patnaik2012", "Patnaik2012", "Patnaik2012"], "values": [0.04217006170115841, -0.1435112189820866, 0.41849957536102655, -0.18983830167704024, 0.45317518259955764, -0.08763944313049599, 0.06817720462850037, 0.36592301734982, -0.5590765968642688, -0.2854017651791013, -0.07433769009460238, -0.5968043863406888]}, "p-values": {"Patnaik2012": 8767.671529149531}, "separation": {"Patnaik2012": 0.09811072677137021}}