{"cases": {"studies": ["Duan2021", "Duan2021", "Duan2021", "Duan2021", "Duan2021", "Duan2021"], "values": [0.8088499357161826, 0.4135037365758091, 0.020055621591092154, 0.8095614617171762, 1.1194738984519514, 0.6554884150666478]}, "controls": {"studies": ["Duan2021", "Duan2021", "Duan2021", "Duan2021", "Duan2021", "Duan2021"], "values": [0.9619240474230816, -1.3297560531758907, -1.2611430775475956, -0.7690701445218034, -0.4256343866939936, -1.003253454602657]}, "p-values": {"Duan2021": 119.32652065410163}, "separation": {"Duan2021": 1.2756443563729531}}