{"cases": {"studies": ["Patnaik2012", "Patnaik2012", "Patnaik2012", "Patnaik2012", "Patnaik2012", "Patnaik2012", "Patnaik2012", "Patnaik2012", "Patnaik2012", "Patnaik2012", "Patnaik2012", "Patnaik2012", "Patnaik2012", "Patnaik2012", "Patnaik2012", "Patnaik2012", "Patnaik2012", "Patnaik2012", "Patnaik2012", "Patnaik2012", "Patnaik2012", "Patnaik2012", "Patnaik2012", "Patnaik2012", "Patnaik2012", "Patnaik2012", "Patnaik2012", "Patnaik2012", "Patnaik2012", "Patnaik2012", "Patnaik2012", "Patnaik2012", "Patnaik2012"], "values": [2.2745136189226383, -0.06493675669212454, -0.6929304762608659, -0.3023545985858856, -1.0370883976909646, -0.27371391698563574, -0.1631427386299309, -1.5533329658093291, -0.9399930320005314, -0.8389409656224343, -0.6406263685837614, -0.4161239135524818, 0.24798055820173456, 2.396764399899182, -0.722584804122372, -1.2422074822663665, -0.5325708729932003, 0.9860108810061432, 1.6624561683377828, 0.1844919531779189, -0.12273587077285596, -0.9309372503771092, -1.1783655583688086, 0.464526818485655, -0.1009270209368568, -0.24269386965160694, -0.19666412462206237, -0.902503684596197, -0.0673616320998942, 0.12425568876019447, 0.3170543229748874, 0.15425302390943155, 0.8605859548710458]}, "controls": {"studies": ["Patnaik2012", "Patnaik2012", "Patnaik2012", "Patnaik2012", "Patnaik2012", "Patnaik2012", "Patnaik2012", "Patnaik2012", "Patnaik2012", "Patnaik2012", "Patnaik2012", "Patnaik2012"], "values": [0.39914761894406514, -0.4623597485906181, 0.6400420679150552, 0.004394933593259914, 0.5491906946105726, -0.7955580155291593, 0.10049760324267798, 0.06857603473483749, 1.0039487525039745, 0.14573408228840357, 0.6400163032064958, -1.024596540492416]}, "p-values": {"Patnaik2012": 7591.068642896786}, "separation": {"Patnaik2012": -0.21150563107119152}}