{"cases": {"studies": ["Patnaik2012", "Patnaik2012", "Patnaik2012", "Patnaik2012", "Patnaik2012", "Patnaik2012", "Patnaik2012", "Patnaik2012", "Patnaik2012", "Patnaik2012", "Patnaik2012", "Patnaik2012", "Patnaik2012", "Patnaik2012", "Patnaik2012", "Patnaik2012", "Patnaik2012", "Patnaik2012", "Patnaik2012", "Patnaik2012", "Patnaik2012", "Patnaik2012", "Patnaik2012", "Patnaik2012", "Patnaik2012", "Patnaik2012", "Patnaik2012", "Patnaik2012", "Patnaik2012", "Patnaik2012", "Patnaik2012", "Patnaik2012", "Patnaik2012"], "values": [-0.2531590366850956, 0.3715438259746836, -0.017498694825270163, 0.3093877669301372, -0.728133036412207, 0.037506158165728935, 0.19136507136117, 0.03766578243290052, 0.42080698724239807, 0.2658146246393696, -0.12653559412639556, -0.7609291659385399, 0.7539665774456413, 0.3906853663628113, 0.8834517003680136, 0.18499451680690934, 1.8508159623862432, -1.275907597113502, -0.16780539356140936, -1.01595523992449, -0.4157106319889487, -0.2814717676903359, 0.3232065601037384, -0.21685880662270804, -0.1108886560625934, 0.03807318368495819, 0.10339606112552235, -0.041462776125726186, 0.5707759444858348, 0.5470943972041671, 0.27992495691147834, -0.4042299127342347, -0.8039780254166301]}, "controls": {"studies": ["Patnaik2012", "Patnaik2012", "Patnaik2012", "Patnaik2012", "Patnaik2012", "Patnaik2012", "Patnaik2012", "Patnaik2012", "Patnaik2012", "Patnaik2012", "Patnaik2012", "Patnaik2012"], "values": [0.4049886311912924, -0.15041755245345934, 0.46647662163379355, -0.6746570887054066, 0.35523172051830554, -0.1262593828652593, 0.48444299086361214, -1.1781261352673806, 0.05840912742505338, 0.24787485476221657, 0.28264537340099877, -0.5124095635596281]}, "p-values": {"Patnaik2012": 12527.653326639262}, "separation": {"Patnaik2012": 0.0569667338426436}}