mean IG,std IG,mean OG,std OG,t-value,p-value
0.029619448018713274,0.21541675191112206,0.00377602573196348,0.1694605521466163,1.0677444633411504,0.28662239029847175
