{"0": [-0.4586803493859528, 0.5523480073334938, -1.5843154458824478, -0.6420439808045942, -1.580890434797104, -0.8927943313846687, -0.8591567005287797, 0.15215089633123757, -0.8289108214262517, -1.1076409592489906, -0.06952891408481063, -0.42252048445385765, 0.4898996693106747, 0.8255189071352284, -1.336932573629044, 0.8416056850852464, -3.3863142562627506, -0.9664244897610935, -1.6105899612928598, -1.4813418760148978, 0.5233446332704785, -1.4386064508840775, 0.4971718470776449, -0.11138916380225342, -1.766194141815984, -1.539205791043559, -0.3439995110390985, -0.17340561033294152, -0.6696875131480814, 0.20638748338493257, -1.3993024397395417, -2.4628893362020983, -0.274139624432159, -0.3831745039305777, 1.0761041734255337, -1.7636885107452676, -0.693760481589859, -0.484665227892513, 0.5499926426184498, -0.6928083174860207, -0.8639241536668809, 0.032697037664539554, -1.1134693854150555, -1.543387580328833, -0.9452080114737199, 0.7252881118309267, -1.2065676509490957, -1.1291812604924483, -0.1688656846643185, 0.9336935467979015, -0.7341351927713752, -0.8558300089848204, 2.758202706670941, -1.3657435641762485, 1.1434215321680439, -0.9954675423843142, 0.08576463824328738, 2.988165034442558, 2.3230366361055035, 2.903266805846739, -1.8669039618926417, -0.9874869339413095, 2.477920166048088, -1.3403806444611182, 0.5528100599592514, -0.4239360769307606, -0.8721907244322412, -1.3236725181594988, 2.795389779201449, 2.8004356551744682, 0.6448589554928172, -0.9112277013391725, 2.262363525327868, 2.18151663552463, 7.614696377834063, 1.3313613780385323, -0.5933782647794641, 0.5901436986031606, 7.700142494035081, 0.7223941821467085, 0.3038689621842977, -0.3673703165141785, 0.11399572718746603, -0.39796233789010316, 1.0738133801747405, -1.3424792529862424], "1": [-0.6465766497871986, 0.3306580994722486, 0.39384788354301437, 0.6947065664847184, 0.6821847966991231, 0.48739407974530313, 0.6149562996439342, 0.5902021838172623, 4.710770479869793, 0.2087520257551932, -1.5558704514876351, -0.6955250789911029, -1.2055806777713127, -0.7754058096175452, -1.038918455523433, -1.0259267516721506, 3.8005344849505245, -1.4818118985291457, 0.1127084002896697, -0.965946465200033, -0.8729485648447859, 1.4160744444923064, -0.6678934414350335, -0.3342213734907393, 1.7987155189979236, 0.0323983753215694, 0.7437783927803062, -1.2426035194354623, 1.1552376394162929, -0.299364305931748, 0.2895287874880346, -0.8096714000310036, 0.46363326966991586, -1.18727249224524, -1.2369045098779399, 2.58423486997355, -0.18197416786150866, -1.211995817371209, -0.5024638828355664, 1.3260332348033739, 0.4642181589112269, -0.2860062250851366, 2.4161183839288554, -0.4357891727626084, -0.8011748838102399, 0.06355181973369115, -0.2156695001177855, -0.6796392231639826, -0.6498392675055769, -0.158054447534068, -0.5287324848363918, -0.782328643759749, 0.4815262270819306, -0.5200587877763656, -0.01353326773338862, -0.2740974638527024, -0.19454789040024745, 0.38841745807797706, 0.3852509803464433, 0.16821231383539875, -0.615865010967977, -1.295321135225229, -0.05863346537904185, 0.06967622552850766, 0.11294404132043959, -0.5800092338323236, -0.05911564693104814, -0.16852384183166308, 0.7276123456647898, -0.02839430297497301, 0.15579114928350268, -0.4317447854584841, 0.11027510981980203, -0.6805728358685667, 1.2707126713314039, -0.3382975936380317, -0.4242401185157583, 0.05606889296462543, 1.1776225673235001, -0.18900322380172632, 0.5515766019074461, -1.3192682643763451, -1.0227434349571922, -0.2746826134086751, 0.04169984422504236, -0.11286214505356623], "2": [-0.1097633915391346, -0.18779722316134353, -0.5449172684601844, -0.0667762845858572, -0.17219802345410098, -0.5778147129156999, -0.03138608561394311, -0.13411510194216547, -0.5363227151514639, 0.20777369509739269, -0.2682865501591706, -0.15066591262854792, -0.5084013768389289, 0.07777228557099897, -0.14958155021147662, -0.17748006201951316, 0.33162809682710154, -0.5287731485740574, -0.6209391081805911, -0.1931799912766212, -0.5718326493790369, 0.01655812688142128, -0.18522079037910247, -0.4175940675608384, -0.2491802699622866, 0.834404975780369, 1.0801091856735359, 0.8243717487267044, 0.12243104190278432, -0.6345925564178271, -0.14560860481307883, 1.3392882213741386, -0.10928348827489126, 0.832578978585507, 0.899741209904291, -0.542721356209702, 1.0061530686676448, -0.49224625586383225, 0.7911399724578664, -0.7358191698983405, 0.9242610636080473, 0.9977377991059901, 0.9447524203796036, -0.17409804734123824, -0.046138666021938474, 0.001014206211109429, 0.006468000998986976, 0.0005516455728397493, 0.05363356433256388, -0.06423253783168976, 0.01832877949367552, -0.4774177824841627, 0.045685076816541305, -0.1438282292970116, -0.03574803574284482, -0.03142724887099442, -0.04788417537922238, -0.3092212438406873, 0.02655683015521406, -0.3638629766929195, -0.11049298998592866, -0.48277420616014716, 0.043991375894212315, 0.03280177754554704, -0.05943691347062827, -0.0023385647427929517, 0.11918170554751707, -0.12732923612939973, 0.08660379290125471, 0.010014877089054726, 0.02374686422141643, 0.058624124707455864, -0.13363408555672374, -0.21950505192493272, 0.1545481511878089, 0.16091819793402803, 0.04456312510363588, -0.004522310736012623, 0.17951753489690753, 0.01291578342305094, 0.012475742426551716, -0.5404759058926837, -0.13004328046192187, 0.2473935388975089, 0.049887505363165205, -0.07321488722782629], "3": [0.023969867080539806, -0.031229576352335326, 0.235993194612922, -0.037830345848039265, 0.03214518593933566, 0.020351559186673442, -0.0006339378530486039, 0.05724303226702952, -0.0353931227663374, -0.013150911591530725, 0.01678448188358753, 0.35723535555498054, -0.01596578416072883, 0.029221289711513363, 0.00998375341606419, 0.05185885015356615, -0.08334943966299828, -0.022294129122392557, -0.04158416299036611, 0.016122635231619387, -0.025916531765045346, -0.044664195513579065, -0.0188385944039658, -0.035120101520201924, -0.019694795642742603, -0.029834023691943056, -0.0401082235383537, -0.0814480714382434, 0.41550829902651853, -0.036919190712572, -0.0329409139981798, -0.07925128693267602, -0.03185890202562963, -0.014929965047410773, -0.07059775312738537, -0.05192704396839549, 0.37625002487377335, -0.006685954296214527, -0.04277178525438674, 0.02060245799065153, -0.018268163163791137, -0.009719990086796753, -0.01274328338642936, -0.035808756561555494, -0.027721116797332204, -0.02403603953967562, 0.015900591488290632, 0.0011628381115644441, 0.026648211415949703, -0.020396164523681506, -0.0307821585492613, -0.02684846455381498, 0.10072424657487142, -0.016967670394905883, -0.022031297501801463, -0.015971762932302375, -0.035311551099414674, -0.032912737101963276, -0.03987143983377115, -0.016479871857275744, -0.035329028630255895, 0.01908090142553096, 0.025042483397558296, -0.03637098325440592, -0.002795155104387137, -0.015457128564573678, -0.028921451145946082, -0.040649079286997354, 0.010128624984365633, -0.02941694899701982, 0.005251563504252508, -0.031238619870580474, -0.015551022785502789, -0.027216473037707037, 0.022225647092251218, -0.03079518049708851, -0.029009812696748034, -0.010973193714357975, -0.012642025966387666, -0.02835856104905515, -0.0383058262179712, -0.02884879651201388, -0.025794038189445707, -0.026194130003087884, -0.03155391397936901, -0.03320451431203342], "cancer": [0, 0, 0, 0, 0, 0, 0, 0, 0, 0, 0, 0, 0, 0, 0, 0, 0, 0, 0, 0, 0, 0, 0, 0, 0, 0, 0, 0, 0, 0, 0, 0, 0, 0, 0, 0, 0, 0, 0, 0, 0, 0, 0, 1, 1, 1, 1, 1, 1, 1, 1, 1, 1, 1, 1, 1, 1, 1, 1, 1, 1, 1, 1, 1, 1, 1, 1, 1, 1, 1, 1, 1, 1, 1, 1, 1, 1, 1, 1, 1, 1, 1, 1, 1, 1, 1], "variance explained": [0.7055031912331449, 0.25019914766093104, 0.04271011768350175, 0.0015875434224223814]}