{"0": [-15.97309714089243, -8.621204014928457, 8.986468636903279, -0.7745345947094187, 6.229726324278904, -5.075193361669043, -4.337506825504699, 4.6341231433930385, 11.3541428029946, 18.979038947526096, 6.869146387556423, -15.142582491876324, 8.584341321659204, -2.1233507058165197, -12.54316289550316, -10.301173234664896, -10.594973186853524, 11.048448704421418, 13.196256804215295, -1.7279183312322397, 3.483024744656434, 0.28796167083168733, -2.932343715419755, 0.6305003228106306, -4.136139312176542], "1": [3.8146771073642127, -1.6209507032028734, 1.0420581217756755, 9.527225391826631, -1.4868208868453274, 3.688836818561838, -0.5310599002944404, -0.5520506511019291, 1.2494447956202865, 1.7651323258639153, 1.1770864382240267, 3.9022088154142116, 0.13447100947070856, -2.817779494237368, -0.03443382160943532, -6.0642401352287, 0.21832624159953415, 0.668319762697102, 0.9491467789100874, -3.0528911018874325, -5.7673740385169365, -1.3131636823271828, -0.1636230445772491, -3.3501942753936067, -1.3823518721057477], "2": [3.839236225908745, -3.1769806816066795, -3.6010490401781365, 4.429554411531778, -0.8748195588033173, -1.4450449057041643, 3.698393060074196, 3.5652508486377856, -0.864723260905551, -1.4175910783279446, -1.6547336740934757, -3.1440563687484753, -0.26607618276710565, 5.424573043108797, -5.268535033028808, 0.4794207981893033, -4.779625852396497, -3.1109554888203172, 0.6779037307278626, 0.613938698656629, 0.5431337322911512, 3.19326814487525, 2.491753037699637, 0.7385919140640055, -0.09082652038465794], "3": [-2.7343584517883914, -2.8450407071679082, -0.9909891789020961, -1.102539040020935, 1.6519857887368483, -5.44547004126442, 5.989655359542155, 0.30019442695608217, -0.088439616701403, -0.0666912651107382, -1.8779165068988826, 4.816639013034421, 2.150572442709699, 2.0211180640947344, -0.6726447976718026, -4.780550934978021, 4.551061608840978, 0.3591780746280092, -0.7324357941691648, -1.257687204164679, -0.6500964647752883, -0.6117434823671093, -0.3966480116869814, 1.2087769834651763, 1.2040697356597287], "4": [3.0719282145814897, 3.8007078911949868, -0.7792012299364236, -0.8395098878155278, 4.098859871138996, -2.9429226004437905, 0.7947798359427435, 4.78842944382811, 0.13925732335648755, -1.656809436009771, -0.9874303440144533, -0.6058162992980315, -1.7801937120836016, -3.4308126722162173, 0.7862220737048174, -2.657860190914299, -2.8849220680606886, 0.245244361284348, 2.449713717781208, 1.6488891244679664, 0.010506219505779294, -3.7123292870014026, -1.3705766076478187, -2.3730943530764796, 4.186940611731575], "5": [-3.7849164828203037, -0.29273441859124616, -0.6908891057514054, 1.6703549988071793, 3.61591566994369, 2.52914959476643, -1.582257079171917, 2.1696074428444074, -1.4948132440867465, -2.504508049897579, -0.5762760150817731, 0.2025218457915321, -4.319252484402756, -1.9120921074162605, 0.9059802617856509, -3.9611752015663986, 1.2972878744250511, -1.2231252455830464, 0.5280340983743749, 1.3412362190782425, 2.0802054096731477, 5.040702990753892, 0.6580397739367595, 2.122206381638246, -1.8192031274491753], "6": [2.3400554976853356, 4.836567457063611, -1.8686525574078368, -0.6146346965071589, -2.0370538192841106, -2.554523372708256, -0.5911130254458528, -1.1504003615414486, 0.8687464777496396, 0.3629571334139456, 1.4072802350410452, 2.3873338874823795, 0.5206279185375762, -1.2314744735983625, -3.833906313461936, -1.4863730006844975, -0.1685734343236895, 1.6326210790201738, -0.2522237334294272, 2.6817136391978265, 0.13851485267258618, 3.0860785176722145, -2.8886560195885984, 1.8612119620698937, -3.446123849625048], "7": [-2.412869985245602, -2.0523526818306608, -1.9677803630506068, -1.236027849817311, -2.828435160305553, 1.7576244399989025, 0.4000485156528049, 1.5652356346389307, 0.6586028219509011, 1.1034395056235438, 0.2923384346070624, 2.581222935076462, 0.21250876914238373, -3.1059498461585617, -2.8642251138038506, 1.4532351823343619, 0.936036008142099, -0.8906276742786383, 0.6868976760668996, 4.722085908630288, -0.45197801659389164, 0.9471632120998293, 1.9183384221680808, -4.052526365355759, 2.627995590307875], "8": [-0.6393984222421741, -0.6483521175738427, 0.35994297459331254, 4.471864036416009, -2.298371882509279, -1.921362997512025, -0.37306627669432013, -0.6064292777145219, 0.44103001607493814, -2.725255605124439, 0.42785889247803344, -3.6958325624940773, 1.4795924967193785, -1.5547291493363717, 0.14490372102561846, -0.13630888706533342, 3.528115050778513, -0.009639954007651498, -0.2768340053611263, 3.215193338959181, 2.4625049237382433, -2.536483290653535, -1.293736000137979, 1.3636025169471597, 0.8211924606962943], "9": [0.05807246155237662, 0.9402807728237759, -1.8325917433031622, 0.32684587293344863, -0.9728617539341262, -3.3327223420440095, -3.4310087382183014, -0.34352575034118266, -0.6011639974105764, 0.7759489398797019, -0.7503240690482634, -0.4047151218572858, 2.619520744033417, -1.6404878679669443, 1.8696216605053728, -0.4789519030129422, 0.18599132127360415, -1.1823826177276011, 1.570943122221344, -1.48042652659147, -1.413426060650459, 2.1634065130725464, 4.31670736535351, 1.374054169887985, 1.663195548569252], "cancer": [1, 1, 1, 1, 1, 1, 1, 1, 1, 1, 1, 1, 1, 1, 1, 1, 1, 1, 1, 0, 0, 0, 0, 0, 0], "variance explained": [0.5419130709939003, 0.06544855576503487, 0.0549425476570446, 0.044890623932349716, 0.04101410317868301, 0.0353756504325179, 0.030204235204673243, 0.02878360226599389, 0.025129388698116515, 0.020739224074596906]}