{"0": [-4.4424753761214415, 1.0161586768927926, 30.32998984228508, 22.670949569342834, 14.942833963196914, 30.080987089481717, 4.985800962477857, -4.2818605213340275, 2.4670297518760385, 8.98899727999352, -1.2922228495297647, 5.217083519425697, 5.91811349362543, 11.923873146400863, 9.763451686173873, -6.367208643403543, 0.7442754618588319, -9.177518257080646, -5.907676643137653, -1.6040295688496784, -7.580917094840445, -8.795927794291512, -8.624268353642822, 1.213884211790306, -3.4473387603479124, -9.063068695136197, -4.072603104079603, 1.2697575934556973, -1.001792778243185, -4.084739003254232, -8.35013170698375, -5.517406096696781, -11.340247614929838, -12.304913334049044, -5.920881186302373, -8.37878328185175, -6.668815841973604, -0.31855053274236517, 6.890961041000409, -4.151201677718003, -0.41703788427946836, -6.254256295157629, 8.35279339360722, -8.135070171330236, -7.962209992150598, -4.307503826549293, 5.778078126450923, -1.836195650269286, -1.8400233363640617, -6.052358324551141, 9.268944168285401, -0.875032976578357, -7.272202551681766, 5.822506747830602], "1": [6.719622237503727, 4.133763357237226, -0.5394322952059568, 16.211098401936816, 13.074613516776093, -2.2450197134650067, 2.559594971337514, 3.1993464727460017, -0.41345765627195546, -5.021296425039463, 1.2020021733138815, -2.1081800255032137, 0.22370008005660658, 0.3007338778110532, 9.413097701852429, 6.353588558042374, -3.944284598282226, 0.310259657026243, -0.2507920439661649, -7.226495929348654, -2.78140894605791, 5.737205806493917, 5.976850636611132, -6.894429340034642, 1.743169104049001, -1.8173780882292339, -4.028846769402264, -8.843765195063318, -11.24090706084673, -3.453527655515279, 1.4211961472823602, -5.921198103744427, 1.2832761329803644, 3.172620854495046, -6.030498712127739, 5.241953101524802, 6.243433669864507, -2.803182528903627, -9.96563478278401, -3.8421648257756558, -2.45225266234451, 5.861152184063029, -0.2518867619023325, 4.809784360375568, 6.4791957093164765, 1.8450224532052701, -10.487117203054284, -7.242192662423617, -3.216081525902562, 5.150604826512938, -3.9381367670241305, -1.185327817257051, 2.0722693784720225, -2.59425927541043], "2": [2.101475948440222, 1.922031038613803, 1.1824205112447426, -5.100627314276262, -2.4008131978767313, 1.1702430476320398, -7.059890662734724, 3.002308976992332, -2.1428756845574033, -2.694920652386243, 5.269013240499941, 5.334504541171337, 11.994977167079517, 6.915915784928148, 5.32827920309375, 2.7674633533112334, 3.35799852788912, -0.31448916025200413, -0.4182935307231347, -0.4737460358543639, -1.4271196883986033, -4.371349580136159, -3.6444784023633034, -3.8297061917614434, -8.032774864046, -0.5806911556550061, -1.642341522841893, -4.085934403656431, 7.786437588702183, 3.819389214704536, 0.2701604041855052, -0.6049122726560654, -0.8497781324246757, 0.006534570552527625, 1.3278148240442866, -0.3749681193485627, -5.909188961675211, -5.142388414165432, -7.8927524253248755, 2.118613922377142, 3.4792700895882334, 4.067995309981789, -3.433770182096345, -2.2494852716163267, 1.1692386315981613, 1.0868169410071407, -6.058085728830121, 3.2609159681453606, 3.191499453226668, 4.03032019700034, -1.4825045768449503, -9.808303198152945, 2.3376103192086823, 3.7269405554364843], "3": [1.2911437559353922, -3.1387610432914004, 8.740739556930041, -0.2893515607027465, 2.781416082900725, 8.966956832702088, -4.622188393977654, -0.18253507097124066, -2.2241679616094543, -3.988827801108024, -1.174233043652933, -4.778924550301069, -1.7371281610367468, -6.63549853793581, -1.4338897546658163, 3.0253943340794707, 2.0031217059178092, -0.11176474709569476, -0.6578579775713035, 4.581415735996094, 3.4818488044287217, 4.035869588329069, 2.5577679632889496, 4.362657474184754, 0.4979074050998645, 4.559827060783199, 2.3568180125685756, 1.8247771214906665, 2.461228192625334, 0.11013015377761788, 1.1304447865529128, 1.496647309664695, 3.7894955736101066, 6.400981153941004, 5.20119966870384, 1.2213383446007853, -2.1557137175646166, -1.4082998626836978, -1.84272524360873, 0.22601562090897423, -4.30131670265779, -3.3128808005651065, -5.488973516916203, -0.7370173861677454, 1.5132480578619034, -2.8261978255864966, -3.5614041685515425, -3.8537108800650315, -4.658717406546524, -3.8311882888569126, -7.338230524696719, -5.161701431771116, -0.5220727830219474, 3.356888846297483], "4": [2.6630039639147376, 2.7290846171107117, -6.6520142438643575, -5.279252244075539, -0.7869810155623805, 9.344173196907082, -2.594724377873891, 1.5113623093007718, 4.262342050903285, 0.48778661859454764, -1.9970504114373535, -3.533977722566578, -2.4296275888583243, 1.7374239598835501, -3.659352649603392, 1.4784412685752968, 3.026177984943542, 0.8484657592970989, 1.2091406044188746, -0.4610461998689345, 0.1690127445651221, -1.3162603046363108, -0.8277437375101435, 2.147372354495185, -4.268779279060075, -0.46880212926037873, 1.489193460398268, -3.6428774701584827, -4.130465412254425, -3.210618363448116, -2.402987722200353, 1.7053514525929667, -0.513115083774749, -1.4200833277275382, 0.8367100368410312, 3.931931303807711, 0.3841788433233845, 3.4780876187965886, -3.2490185908078306, -1.4244192265271725, -1.732502312045936, -0.21267727950026194, 10.532655389650758, 1.3927320185215188, 0.7326974470364354, 1.26121791013839, -2.4141538383649706, -1.7808816895400008, -2.605673447464936, -0.13322095567239234, 3.764178964346597, -2.7504424127951803, 1.2715439820150498, 3.5044831760814916], "5": [-0.6988438798541591, -0.880127872126568, 7.946092726616742, 0.05479884959432193, -1.5270136605740157, -3.856249089745178, -2.965241502396282, -0.579485878986941, 1.1674520640318555, 0.9055851486006157, -0.7177335633263201, -2.2715822442507343, -1.7551916766768043, -3.1668477608906076, 0.12971661729683578, -2.435589094714849, -3.1447498667963774, 0.1485991587840328, 2.2676789450595134, -0.4030201997065868, 1.4160177874441866, 1.851866704246994, 1.678521068533862, 1.5569709358708368, 1.8701493976421064, 2.0294832583266267, 1.1590255586957219, -3.4766077927346384, 1.1086738362655948, -0.6011153918144143, 0.6028174456930887, 2.0853302759830767, -0.20445755424142067, 0.837417893504901, -1.213486074849591, -1.8063494262599338, -1.1418644715869757, 0.529210588085498, -7.440442964218807, 0.9883493390462957, -0.8602915405608518, -0.8611049174166527, 3.2275103416592525, -0.7327243898012713, -0.7677991799366121, 0.588291219204155, -6.349652981545085, 7.053443400360173, 0.9612819521983654, -0.5799904568446087, 10.194834230925347, 0.7771511247667575, -0.33003900722473717, -2.3686674293557473], "6": [-0.44573289663996396, -1.201012136705565, -3.6485126121826283, 13.375430913242768, -4.834884850666675, -2.041150982336024, -6.296756911111288, 1.0302093407148851, -0.9949479235920737, 1.2898141099930331, -3.2892535856446417, 1.3795359059638395, -2.084673993798931, -1.1263385976162814, -3.6053404550982777, 1.1284484342415804, 1.9870737022307978, -0.7820985238792298, -1.2753922492608114, -0.3636879375673785, -0.8495874145607315, -0.6157854246290654, -1.5110091109211174, -2.123403865371918, -3.7569483872191567, 0.8825724271991567, -0.04644852257793669, 0.2806162471444483, 1.7710528333456061, 0.02799274590273381, 0.29825595663722587, 1.5535547618586416, 1.4551332218931219, 3.2019640848742124, 3.7457059566124307, 1.1311380983799226, -0.6381177278885313, -1.522391242979797, 0.3106143550901206, -0.5669713325293682, -0.4333288229125169, -0.6540808726774417, -0.0344901297685181, -0.726502769927737, 1.2482232715580992, -0.37390027937245396, 3.8498314578137958, -0.25327500589284235, -0.2317012901434506, 0.24942874163549447, 4.8232467159869366, -2.2768058978297243, 1.5570191017419839, 2.027669369241229],