{"0": [4.16984185565421, -50.194020416103356, -33.34920018996223, -51.02770459890882, -58.529686597292645, -50.06929389477587, -18.224638140304776, 31.94886413946511, 55.87161034591635, 49.83644564827127, 60.58093967943989, 58.98684216860084], "1": [38.309687394703396, -7.855212903215628, -11.207816454573615, -1.8314033140239778, -1.9237180707744668, -5.015576793392905, 19.20158081201645, -19.572954938338945, -16.154428238634907, -12.200332812930503, 15.291028847147249, 2.959146472017877], "2": [-12.209616668409597, 0.9075792838471496, -24.855166568719607, 14.580176146520431, 28.175749552217173, -2.2360068961278916, -17.635260228895817, -15.604053273190173, -0.6301003270013512, 0.7673639926612387, 17.29986702978415, 11.439467957314315], "3": [17.234332006882575, -3.3091640600426238, -12.63381932441604, -1.4643934607325975, 12.996111959885804, -6.174087061358987, -8.21072262289151, 17.019691377112988, 2.5647974102000277, 3.2883173199769202, -16.30592662029747, -5.005136924319078], "4": [7.352253267862859, 19.27594106753283, -3.9789375867472176, 15.516745784524561, -17.60443175044574, -7.33191651071308, -12.482179405193312, 0.23352750342218606, 0.46449339875439766, -2.4774933880612036, 0.1142169112417554, 0.9177807078219621], "5": [-0.9391723674949847, -21.335640475924677, 2.084522409132988, 24.294796985282268, -5.37973942855745, -1.414202671627572, 3.501810566042307, -0.8813122215017464, 1.3440484864040718, 4.622898102684007, -5.686569437013803, -0.21143994742541736], "6": [-9.860073762373352, 5.248772395777778, -17.87877056758334, 3.5350992275942263, -3.803439254045101, -0.16856568097036084, 18.74061755959261, 10.730515642839558, -0.8877562610600461, -4.262326227504584, 0.39387923464127306, -1.787952306908668], "7": [2.1835601729131944, 2.7290068190689056, -9.457622343030422, -3.096801228352491, -5.3670761916625835, 13.451216042648612, 1.5794019271648678, -11.739841880720094, 3.155299435616538, 14.061274881724122, -10.715452673129136, 3.2170350377584525], "8": [2.1212280455408266, -6.1586287019764985, -4.001282179867167, -0.06201646993188455, -5.481431073482831, 19.65911957577671, -9.277788229160047, 9.078679005831194, -4.380708532793897, -7.872928934071012, 6.780371185158819, -0.4046136910241863], "9": [1.8601247152780143, -0.8936668303443582, -1.674878902435095, 0.14393502636940733, 0.29793591847043266, 1.9131469894936002, 0.6315984415778809, -4.936032266398057, 18.140799978819278, -8.691583384802414, 0.9528238482828971, -7.7442035343115565], "cancer": [true, true, true, true, true, true, false, false, false, false, false, false], "variance explained": [0.6685732051562437, 0.07860576015416697, 0.07030119030042536, 0.03412799341413409, 0.030741023154504204, 0.029247251647481997, 0.024412447387955057, 0.02019354665748513, 0.019599126572039164, 0.012742042766991382]}