{"0": [0.094338981518065, -8.078804096227227, -3.7367033903611215, -7.484404194793437, 0.5113487297184851, 2.6307034215813974, -6.124684203676797, 21.840921804867, 19.248734689293983, 3.484655399915899, 21.20120362612248, -4.719166001319045, -7.257826984354991, -3.750423668815816, -5.826216882242219, -5.250659739997129, -5.70418581802581, -7.354377284049112, 3.7334327524140165, 26.10824004529831, -7.006231167995684, -8.065822203241428, -0.9467326969993664, -2.9503013064920482, 4.532940081351321, -3.258644726680956, -5.18768140310231, -5.530239060671899, -6.607403436797423, -6.398208149846271, -6.863534875275728, -1.665889955019258, -4.508819400682796, 2.23134622086792, -2.613480548674546, -1.7616612333525643, -4.771050833964043, -3.179985410668433, 5.634859573059959, 0.260399762209192, 1.723333709044397, 3.2327733849025195, 0.06871695473269152, 19.05333441736716, 0.6141972191233426, -2.6422380685722184, -6.301625070871166, -4.5157370817966465, -1.8031369092187217, 3.918667716244384, 8.386764258400403, -2.036075502275959, 1.9190403475787345, 3.471998210450519], "1": [-4.154693787846588, -0.439339791175524, -2.736832025969312, -1.4508744142606598, -4.662411973485129, -7.324038281452694, -1.6098287909179692, -2.7010469157659163, -4.089009744247287, -6.338125409385567, -0.4125054058681625, -0.46399022296273085, 0.6268515051013097, -4.057705009989349, -0.9337051817629116, -1.3350990121843043, 0.16335846758027323, -1.0333900565025316, -4.091136558626953, -1.6826161780825404, -1.8995659010192794, -1.1038842089930583, -4.209171418069648, -2.136100710497311, -4.087065167187583, -2.860634858573124, -3.2296590429582506, 2.6222875380356263, -0.03097631406142873, -1.886481068849722, -1.5492005532385154, -4.536909206615083, -1.5453603393692166, -4.143357919771023, -1.25051918614508, 0.2497659483398078, -1.8018966535077772, -3.542577082900155, 4.100434546022794, 6.503666312537302, 8.112093672149994, 6.063886971966644, 4.727859425499714, 1.4716783072763384, 9.280213208771851, 9.159047725522155, 5.507925406303577, 0.14093537918399002, 1.0629610042094306, 4.892353053003216, 3.250048233180658, 6.35324314322121, 6.321503898970423, 8.71959464536608], "2": [-2.192990456360875, 3.7917000249061767, 0.3240789918385524, 1.4913961504991282, -3.1717431052165446, -5.039465183915165, 2.4901663163512913, 5.5698496207304355, -1.3206223513008541, -5.583802260407456, 6.005873934059843, -0.11677329283833623, 4.1399608981086455, -1.7906925684840833, 1.3059056697098181, 0.9292696489159589, 1.8923579137319153, 3.73762832685651, -6.982388747012512, 9.35808843460693, 2.7116740844364684, 3.915529957182104, -1.0401448840517895, 0.3783378456960866, -5.426552573367716, -0.6393169378190813, 0.8645224075314217, 1.4204317490878997, 1.6451193075373036, 2.4444728077595386, 4.049444713253343, -3.159825846898858, -0.1887405509579202, -4.280949006223276, -1.702175851888111, -0.2702254962931551, 3.2111361736940305, 1.6887148684763917, -4.424961830685366, 0.6326562571500843, -2.0975173286490763, -6.819069383493274, -0.17727753501779808, 3.5331786097586653, 0.007018786101331364, 3.4724109194584756, 4.068007243120773, 1.8280830666871062, -1.052877742796777, -2.3282359196092934, -7.402271745809834, -1.2897546923898429, -3.6484252416865055, -4.760214194072729], "3": [-6.01723896945005, -0.36249524182498993, -2.232351308043488, 1.9637320605458448, -2.5347558817887252, -0.410238106839931, 2.011766519151459, 1.4628328457000772, -3.4431909029860392, 3.9644654697481987, 1.1490274457498844, -3.754080924331107, -0.5626704428993895, 1.1184530597611317, -2.4802883431582727, -5.072089616510842, 0.2533177504448465, 1.7195071797785837, 3.226964895060884, 1.4825517770934227, 0.8886061833499999, -0.18345336875966936, -0.5127118005081194, -6.098089267144144, -5.455188719287766, 4.755986431854698, 0.7118643095521046, -2.105380912831569, -0.8577091906518453, 3.216477362435366, 0.71229152177674, 6.418126363706128, -1.8469665066183094, 5.836250817764574, 0.8031652075888228, -1.8726739947168254, -1.7419056968734459, 0.5385076172122043, -5.455285562631551, 2.6198108098561566, 1.4636130828128229, 1.3509974742403723, 2.947708540352117, -2.779654725048186, 3.326246212351254, 0.40942911270660315, 2.3305036055403647, 0.31608511102181264, 0.37384037567984857, 1.1130272776806993, 6.334992705106626, 0.45242795491901794, -4.847825904952555, -4.646331692685853], "4": [1.6071182629795333, 0.9091713967827829, 0.3357497648444981, -0.21636138330426063, -1.3710766070853377, -3.654729944681909, 0.2621404064038954, -4.051392408526049, 0.7614022397482424, -4.486809117849338, -1.403995809215186, -3.5623790031752574, 0.30996444546387525, -2.418798656749323, -3.4949942741657676, -4.706057756219568, 2.1495182367324945, 2.7491868802015724, 0.5866193115249084, -0.32867174521138826, 0.02316426666133969, -2.277529148871594, 4.665407434946145, 1.4402035553285304, 2.4837567879002513, 5.1576655188822444, 0.7722126595988378, 1.1189213160803417, 0.12271918850589382, 1.5900790541864263, -0.07729836495310982, 3.5917139768197517, -2.3621309279502367, -1.3793474007219484, 0.3651102950175207, 0.4518994665469994, 3.2761008417671627, 4.958124080286837, 0.6565053150231178, -3.7589707022233383, 4.474189618800862, -0.6343795531986341, -5.213358297848585, 4.379323506111204, 1.0772473670063203, -0.7569764035941984, -0.03580728524792171, -1.4200811135553857, -5.0348175127887975, 7.325642266994289, -0.06895828307527797, -6.165237550134935, -0.8979386677247335, 2.1772404569261896], "5": [-0.6864220751625153, -0.20104256402085402, 3.603126042982385, 0.732273370279719, 1.2175062667173915, 1.058866112600855, -3.942145397398494, 0.9403029293480928, -1.8151731882310382, -3.72259279533939, 3.4863209744538555, -0.21872549129261873, -3.7311391941760923, -0.532129241928797, 1.6294986800261793, 0.32994598045171897, -2.738712764202761, -1.388844974935881, -3.700206026386674, -1.4251706187570292, -0.3094063507940129, -3.3726038455950067, -1.9415911405401611, -0.4272490859997852, 2.7410201208590554, 0.1280749491238327, 2.034356086230165, 3.1340190553662315, 0.10787646545828697, -1.2925744893965627, -2.846661990353775, 2.2414583142687046, 2.05532618269467, -0.019572560516340338, 1.1694078056097892, -4.287843978688043, -0.538689920381985, 4.6349299853814445, -6.522206984283578, -1.3418615074410787, -1.1782284362473578, 1.6947950757972337, 2.9171200675726827, -1.2645246260796803, -4.958436400351485, 1.8497382473205672, 0.7353471320813455, 2.2485725765037463, 5.580755607755525, 8.96330115189005, -1.2707394227750957, 0.7271868561865685, 3.241650636202676, -3.52828160188668], "6": [-4.665455839515037, 2.2344379265681975, -3.60353718488308, -0.34406382867731694, 1.4822558197130902, -1.4611915867900733, -1.7719292796033372, 1.878863284178472, -0.5275515662468875, -2.893995156090478, -0.15008725995341698, 0.8441664893375901, 0.4362941987724051, -2.865352597248497, 3.4423429853018814, -0.35618060514107536, -0.7067564739321647, 0.15250063537606162, -1.114490720075731, 0.8929558752804889, -3.211604706932413, -0.5902625759181733, 3.409309842570942, 0.20294928961650288, 4.664410387201447, 0.6450750449382446, 1.4669621737014142, 2.0743116776036237, 4.370466564412763, -2.4645754814633833, -0.5030986013021712, -0.8228573893051345, 1.0647063599717081, 0.06926176465390117, 3.673889717746463, 1.7591713910616702, -3.6453651102775773, 0.9761712586944363, 3.7415394649432594, 6.523614376931655, -3.107300225517617, 1.9676238720161083, -3.8649680186227915, -3.242251743806407, -1.4035014561302235, -2.3896214207462987, 0.6896450287155943, 4.481626006755108, -6.392866590928362, 1.0594058996853135, 2.6215691631394757, 2.092400965885431, -3.349223663340567, -3.469838382325046],