{"0": [20.746296232611254, 21.2274981834913, 15.008680281237396, 21.431601723842803, 20.724696739355995, 20.338777932793207, 19.889542682807132, -4.747448730949659, -2.650590930019168, 1.3521881612057811, -3.6034749528956067, -5.101622482139993, -11.627951278780904, -13.586488801223583, -11.377685943681135, -5.869175821182591, -14.284449025038754, -14.006340610471531, -14.068032466047942, -14.708863845047306, -13.634019990676133, -12.404325253347508, -11.074766654599735, -13.70161980242415, -13.906187544509784, -3.351108640857865, 5.23773900145692, -3.145397650214537, 1.642394455030107, -0.42441983756867285, 5.64633421916737, 5.550064831980886, 1.73167083996256, 1.767229575413789, 1.006264722477209, -0.6247835631075576, 4.638781808690888, 19.95899243325953], "1": [16.377227301784114, 12.083178202700182, 23.259304866883898, 11.77294194690701, 5.859605455125594, 6.7272298277739155, 6.833797678930762, -6.748961216272265, -11.23376863700466, -12.036985553817894, -6.55833214690293, -3.2415995600480003, 2.2365870636697465, 6.675516819281195, 6.495340533159846, -5.321273435229194, 7.617113848206597, 7.660768235246398, 8.329921812353382, 8.29364283662565, 9.252930252827804, 6.11302622222829, 5.699620072039658, 7.346936915259376, 6.452617037265757, -7.742989998621825, -16.298118976379065, -7.600099578437732, 2.010279885733806, -11.059471503046332, -13.362863064845893, -16.406401273260002, -4.504365359590373, -15.467251623972471, -4.4061219350372145, 3.2138366558534393, -12.629797858062336, -15.693021749328228], "2": [1.812780599906113, 3.4349655000683517, 2.8893854781484603, 2.3605485624269287, 1.151980959651934, 1.0351871281299916, 0.9435237467394817, 23.569896272684257, 22.58820928660102, 18.67859098218937, 22.945441721294245, 22.803836503256434, -3.0522200672822453, -2.2586367136789622, -1.650887763386689, -2.7172633319558916, -1.6562045054471417, -2.1269356066718603, -1.6138217834293347, -2.009570605730989, -1.0773714500484115, -2.413614096251913, -3.5382275055993886, -2.2014141909062057, -3.0645641082712283, -6.707114071032222, -3.980192152152107, -4.1092366369681965, -8.028073466833959, -3.568034146290962, -9.754255582056361, -10.183329561454808, -8.78287067088758, -7.067356291491413, -10.321997225440354, -8.012899048563698, -9.249979685688757, -5.068276473575939], "3": [-8.876263934357622, -3.0928964999886595, -9.064144887102481, -4.350028751886511, 14.207359774295869, 13.98329841389781, 14.66994300344526, -1.4443846759922514, -2.542990255781607, -1.0052351180017083, -3.6801365885097264, -4.259177927866948, 5.099961570034314, 2.816192227462357, 3.6645888377139344, 8.378303012363137, 2.474469676899641, 1.6844837245687587, 0.8723555835662508, 2.297491505175397, 3.6426759214894515, 0.5263999995591309, -0.3292012764651447, 0.7552934022115309, 1.173791730474202, -3.5763601121784654, 4.377682800288906, 2.209750359553285, -11.36390647876204, 5.102784519385772, -6.335624687066288, -0.13583707625341834, -10.08691545983987, 4.120470534531556, -6.131712358302141, -12.268375293984203, -2.747981359161543, -0.7661238554159424], "4": [-9.107980710415077, -6.6204235094000214, -5.154524492594699, -6.877505090016654, 7.9238627982413155, 8.612846799010367, 9.936006630420442, 1.8383795931947942, 2.73297106508429, -1.643399042610095, 1.7322444377551183, 3.7397397365611815, -2.2628647240639497, -0.7275289376850138, -0.07115021397109342, -4.338230457832114, -1.310498494152699, -2.4762030144881777, -1.08703252499795, -1.1279972506108122, -1.054608511899648, -1.5671546447988653, 0.6122665289863849, -1.1903565815587185, -0.07912909172739473, -1.4957034018813213, -7.171105736073695, -3.847075899591737, 10.39431294081378, -5.755201058656083, 0.7501976063000089, -3.009561100473875, 8.045785091229014, -2.3897192246795274, 8.581195402490781, 10.580497645946199, 1.8074203777523263, -6.922772939606795], "5": [0.8315111136726242, -0.04451748272092757, 2.820118066085452, -0.19911297857457372, 0.9135915485878263, 1.117845035548302, 0.5578175823226152, 2.709398680901784, 0.7512726989644288, -1.728686191485764, 0.38989743206754834, -0.7351294419687957, -3.588160570845823, -1.3961465976896434, -0.9935284977434456, -3.9448511131688133, 1.2461801858221253, 1.692535452868936, 1.400921048113511, 1.3977621423079316, 4.710337600477675, -0.26117632627960896, -1.017552275792989, 0.15880468763444322, -1.297357753869238, 3.4595298907811527, -5.317539754305837, -6.308012778120232, -3.144546885092933, -5.1630812183204675, 9.875199133090675, 8.74543614027139, -0.17893552503859064, 7.924935969242967, -6.467849793799706, -5.7594319465518105, 6.611825940361521, -9.769303217753713], "6": [-4.530589593494133, -0.5303337399598173, -4.109511452052092, 2.9055906676980205, 0.11960883528887728, 0.6597208959332547, 0.6932249851272622, 5.1588607691017, -2.1128022935579733, -4.2480031724076905, 0.8952377706419256, -0.3966049246321497, -1.5700166310936168, 1.526141178408147, -0.911834469354842, -4.449194860368929, 1.5825477271368749, 2.382999351718928, 1.8569683419528364, 2.1367482542577942, 2.3727957378252564, 0.050587711678069906, 0.19792961330221448, 1.9226446924629148, 0.9116320208202016, 2.6549948326761785, -1.7690442397824735, -3.7895304284752616, 0.6446305721270751, -5.319832227380838, -0.8214589275669981, 6.698716591235778, 1.5898485131989106, -5.668399287667623, -6.738940552248568, 1.465913072218472, -4.53335326866838, 13.072107933900673], "7": [2.9000100525073496, -4.761839229257209, 4.565892754937237, -7.878935219543988, 0.7974454848357053, 0.8056422196987281, 0.8487046239300785, -1.9900319916254747, 2.231077631505806, 0.36528048295577625, 0.05131640047930199, -0.7760930087033591, 0.989892062565853, -0.6278897302499981, -0.26613591974588263, -0.5556432612530381, 0.3546187033425884, 0.4488822107603281, 1.1850378260239098, 0.7022051862541276, 1.3486649037265754, -0.10185488763414044, 0.9230307928557867, 1.0089114754165376, -0.16148646291170216, -7.071758999495006, 1.775078123796125, 0.5196845851318838, -1.0449075942334376, -0.05754957269501263, 12.093244598533767, -4.910680911288314, 0.8183890418769227, -3.646009047676625, -3.624823408242333, -0.46383989662095554, -2.0436323676570094, 5.2501023476990945], "8": [5.525744612333738, -4.538492236763609, 3.96621395385266, -7.010100538598799, -0.6881800291478692, 0.2143171323124972, 0.4061913681719875, -1.2708835742247482, 0.26094076935387056, 0.263296631669229, 0.47071832568608646, 1.5091213753901798, -0.9946272316924546, -0.07192391126361976, 0.43540465247146315, -1.5092929699795457, -0.383378729626373, 0.6936492714081177, 0.5759731616656036, -0.7711546581955612, 0.20285625771876944, -0.9183542971352612, 1.394157202163814, -0.5225376260062283, 1.1051940696631586, -7.163464712706886, -0.0847882390900697, 0.5117079683440167, 3.285369735474161, -0.6372364784474446, -9.002088220638152, 9.493233717874745, -3.212908508971029, 3.6971983265407347, -1.2661954923784704, 2.0110239827078322, 2.004437517582752, 2.018857422480697], "9": [-2.1340238888774756, 1.8198129541194805, -3.430227330487392, 3.485892982301252, -0.5009983471527264, -0.9579396627071185, -1.1117803926336665, -0.16842992261427323, 0.005677538192683862, 0.08319071167709607, -0.3547069795210868, 0.27357456336274366, -0.420589322289412, 0.007943502329996134, 1.7619539050059199, -0.5112506264783686, -0.4112222328490602, 0.6404194795359036, 0.5213008655424021, 0.7216995899378164, 2.1191700498157977, 1.1728168472514424, -0.2329311493176371, 2.16335486493382, -0.8246668259378434, -6.548225427294802, -1.7267245042332606, -1.9086843601413765, 2.0365489480666112, -1.8114439206202249, -0.6909427224892619, -6.00598172490198, -4.734711686659975, 0.5770669004020108, -1.1709779245362977, 0.43367823977562514, 13.518658557738902, 4.3136984517537185], "cancer": [0, 0, 0, 0, 0, 0, 0, 0, 0, 0, 0, 0, 1, 1, 1, 1, 1, 1, 1, 1, 1, 1, 1, 1, 1, 1, 1, 1, 1, 1, 1, 1, 1, 1, 1, 1, 1, 1],