{"0": [-6.541639505015643, -7.303310724610956, -8.032756683300457, -6.827778003979256, -7.730750559410508, -4.731297483968002, -3.7332413567227736, -3.9136530523325206, -3.6307615680370438, -4.555043808849114, -3.955742692925677, -5.8748455805872934, -5.560244733074816, -5.799111818088803, -6.364107051017972, -5.643100243101278, -6.8636995708208, -7.808639116660808, -7.063350684990641, -6.633819385609951, -7.546245171842036, 10.194012713692263, 10.760427753740533, 25.21509123350525, 20.45328954155181, 14.290670086164749, 20.384181088011754, 22.219029745490918, 11.101563267828137, -0.0862008904720405, 1.4954009816608325, -4.728085476816812, 6.528773664767257, -4.6068319417397205, -2.8533082077445004, -4.254874764694088], "1": [15.048218618445599, 14.693610709983325, 13.935086943068425, 14.189673474418564, 14.570922962513723, -4.851616670119621, -4.623296381399069, -11.746393613637585, -12.647307677671627, -11.003958386310998, -11.580865371967798, -4.9222367594206, -6.014891688669448, -7.33909331698582, -7.0468299010732665, -6.6562994335981704, 1.699558726725476, 9.66093008462014, 11.949064483713837, -3.636078882489138, 14.403851304892399, 3.7545268798910136, 6.839689139932078, 5.479819094115547, 1.089636971675549, -0.5716781586679451, -0.37240807961287087, 4.086608927442258, -10.164283637093487, -0.4153703514247783, 0.3168981134756088, -4.988089763019857, 1.777790227511492, -7.793102915667955, -7.892384545739826, -9.229701127855183], "2": [-3.116096334110355, -2.6632929166214305, -3.0540591068824194, -2.2629224906478638, -3.5040978308582638, -3.446118837829494, -5.623093288146611, -1.078860572851887, -1.4133856727537806, -1.5811257878637301, -1.5581924369724716, -2.3092113293508767, -1.6604361848001308, -0.8874416865933563, -0.8616283446570626, -1.1798288229662421, -2.3862356681262917, -2.030836659302129, -2.156599196539987, -0.994458531814981, -2.765080256180552, 11.908626507468606, 9.906188882196114, -10.208200976888223, -2.803904158776977, 9.578274702873909, -6.224948161591899, -5.0390063984229405, -14.566377302110999, 12.87170765138106, 15.730514965277107, 6.874654252451047, 15.345181842876586, 7.587234697338466, -3.9108791090499797, -0.5160654391519535], "3": [3.5711780740600485, -0.5247346331948993, -0.30539092942797014, -0.7698578324209162, -1.4707209986783272, -3.1050387607683914, -3.2842219487759987, -3.4273447268503543, -2.452092663292198, -3.2508226462108745, -3.1246328033533466, -3.1691063711620298, -1.9107601991317167, -2.6140542064496084, -2.006972974420114, -2.5283767650074727, -2.54660359762443, 1.1049111549845787, 0.33151218455910975, -0.7860391341304545, 0.8263930551561951, -6.3985411634710285, -3.0826462522890288, 9.036918424376301, -4.008442189089273, -5.6830166644075835, -0.552558873192399, -1.1670041875397454, 7.760443922708522, 1.2664507321311138, 1.558296402251217, 21.625201540621486, -1.4102699124578508, 14.76288152132592, -0.38549318864721144, -1.8794433901812555], "4": [1.7093835100555759, -0.9743830786942577, 1.2481465733774986, 0.6282978640028288, 4.644542273828784, 5.319799654034431, 4.22585174004673, 1.8782635525712552, 1.5195297282408748, 2.4236064200807683, 2.3697797880599314, -0.5491681578455293, -2.195686831525021, -1.0385615119764768, -1.1634301184193272, -2.0930700504398203, 2.8609113561989212, -4.226990234359946, -4.410505513249354, -4.247947691883552, -4.753710433016134, -0.5280153816259996, 2.8003483770911233, 14.658424245152935, -7.750424752649643, -1.1515122486680898, -12.083629281402823, 1.814503393208084, -3.995412376925497, 3.216797989383278, 0.5768535379528387, -6.021327382367073, 0.3342588061032711, 3.009662279652994, 0.8105425536642509, 1.1342714023421683], "5": [4.418528663996936, -0.6811369756265239, -0.9500445560340784, -1.0798674324680593, -3.1036014530935883, -1.0499190778190493, -2.862885101709343, -0.261945673135663, -0.6957156626665647, 0.4280164532731977, -0.6088245704656735, -0.9751919662006538, 0.21205238065214707, -0.6650488081234389, 1.1369532015047945, 0.09808757240203164, -1.223982685274127, 2.251791120416343, -0.08358836969544191, 0.685879841880753, 1.3154360262468454, -2.417175404118303, -8.280462348219928, 4.456103083766093, -2.48864014891362, -5.316093139481671, 1.5974345533003034, -4.8481679055499445, 5.989630484840429, 6.214822080999414, 7.05841127246117, -4.470895586156024, 10.59245862963494, -8.216921341446005, 1.9550615027359313, 1.8694413380863535], "6": [3.279990302030801, -0.8280425083884553, 0.13029275033264914, 0.44124640069814264, 0.5877782146235903, 0.07919056237409315, 0.8904414853485666, 0.3136745014839935, -1.0418582406176415, 0.1600874992651435, -1.3690889404604454, 0.793735601925376, -0.5937677595270611, -0.4026703422879716, -0.19492109978391753, -0.1865035225583852, 0.16723920896196712, 0.35716753620998387, -0.4387092534801951, -0.9038419387362473, -1.101146499086746, 2.208586812645879, -7.604371950810428, 2.881902223587699, -0.7348887091485181, 15.679385125637733, -3.7921992058322167, -4.88648312165624, 0.004011102363828421, -1.0022002066138456, -1.854807869744107, 6.775772803696824, -3.350996425123206, -7.682041146131098, 1.4809036818293522, 1.737132926971119], "7": [-0.8532571461325732, 0.88553029100241, -1.5871933961220772, -0.662394442451463, -5.138348259343974, -5.378110378209995, -3.937093181638104, 0.33509048026209276, 0.7896767588158063, -0.07942058610118585, -0.5871474886277506, -2.1189105538159345, 1.4305869421491766, 0.005875931326056288, 0.7881978716586249, 1.8936519931989586, -2.773247398532131, 2.5455766835571634, 2.991189130459665, 4.147021860295568, 3.206450312064966, 7.168596646510113, 9.565618837232028, 3.1608718629379906, -8.284187888541434, 0.5797319333710999, -3.461495138422887, -3.7750531399386893, 6.084118516853506, -2.1506576422988033, -5.565491649106917, -1.9584067307808244, -1.2183324534553799, -1.4854675703925713, 4.0105615668554675, 1.4258674253619967], "8": [-4.302790126020509, 2.4832353466276773, 0.6062811234909122, 1.6821176022768733, -0.8438701535654568, -0.7028775097679266, -2.3430698530902943, 1.1361488034365002, 1.1668832006667016, 0.5570506559764861, 0.03460023027432553, -1.87066155648765, -2.195723359292015, -0.40467811355924627, -0.3066816928756106, -0.6437746111585567, -2.6894458856697105, 0.5824010294645837, 2.8183987920546336, 2.608743354718304, 3.782301085029842, -0.6028262202649827, -8.972914300355203, 0.24673345630769233, -3.082715339320577, 6.546724317069265, -0.8692762115244541, 3.439633175212091, 0.2829384938463949, -5.299665108836676, -0.5802377864275752, -6.6761952826732545, 5.318659157323152, 9.710883118059815, 0.12638335174496396, -0.742713182690516], "9": [-1.6965902349791773, 0.3959585804955988, 0.8038815297797992, 0.44478819758896276, 1.854592551657901, 1.4672866876591353, -0.4370104170035983, 1.7160638479730255, 0.851579584657259, 0.09821554044044982, 0.5865091468698689, 0.16269999836253157, 0.32766299511272906, 0.6255386753294896, 0.6054558569739169, 0.14351670636205288, 0.1938430981177785, -1.1972727097257303, -1.2791611174081128, -0.7077697012045187, -1.057127613586489, 10.436180882678267, -4.574098162501824, 4.214831246179588, 0.16922724229752437, -6.422385400156262, 4.6965516080483685, -4.026054023559, -6.598471344854418, -5.930195613104631, -5.633812493120201, 4.30208573368761, 5.452711883301073, -0.6339256793859519, -0.5865666755657968, 1.2312595925827852], "cancer": [true, true, true, true, true, true, true, true, true, true, true, true, true, true, true, true, true, false, false, false, false, false, false, false, false, false, false, false, false, false, false, false, false, false, false, false], "variance explained": [0.22901546386558685, 0.1849670796862517, 0.10824732266884497, 0.07037565444047483, 0.046599753949037634, 0.03610229372679974, 0.03350755275051365, 0.03237869933218345, 0.028446448914741514, 0.027251839715041117]}