{"0": [-1.120868754946645, -1.943233073595806, -1.6841776309828174, 0.25120359806099424, -2.4567957160076173, 3.2259618898645916, -1.4311474927073127, -0.7348409423063218, -1.085926814416298, 0.10348000188413448, -2.096034699326489, -0.840779222963884, 3.4427629774980746, 1.3320616369791252, -0.5034881697515198, -1.6688446699452006, -0.23658896198628973, -1.1333979394280507, -1.7136693284903213, 1.926561043352384, 2.7620315270528653, 1.809829049664769, 3.8784513173409634, 4.196950267472969, 6.040516553068563, 2.9669833061538466, 3.0811475685764043, 3.006576133066316, 3.9460897244951942, 0.9207497564265432, 2.177680502770781, -2.3087607511624797, -1.1879615046910137, -0.7467328886754867, -1.5456768591097008, 0.9149199551527519, -2.6232633548955966, -1.5255744334300676, -2.1846362653199436, -0.33387487019955986, -2.189978035073556, -1.0136427744496925, -1.8985919833383698, -2.1352324661212028, -1.1571993650914143, -0.4845815327190364, -1.6937445333402785, -0.545020325470796, -0.26463472275110633, -1.427834276207763, -0.3530508846197902, -1.7141715653598457], "1": [-0.2335283851258712, -0.2083274307171557, 0.18406011340730916, -1.4273149755131342, 0.4657098327567077, -1.2654320700488741, -0.18423114559863338, -0.5236020155773322, -0.4349318089159095, -0.4383773223858339, 0.7059062825878434, -0.7881662524482584, -1.099457844715011, -1.6146898124950884, -0.029988469802433693, 0.27547629826430786, 0.11341486444382412, 0.08592580571934502, -0.0014175222872611188, 0.3051588737552147, 0.3467595670536185, 0.575515617662369, -0.6061872083227458, 1.7009901955855546, 0.031145821777582485, -0.02333277239091732, 0.7145224961316136, -0.06593561664206671, 2.203953551514948, 1.247403212794336, 0.39691507961809064, 1.513655284486152, -0.11293297046502512, -0.47761597568085934, 0.2025694655233768, -0.15095672991727035, 1.1659610787452395, 0.05548158421840715, 0.8103281820721558, -1.1363741007276484, 0.46479098092618676, -0.42745261433149057, 0.2729698562533697, 0.32318161607994916, -0.13790625767899717, -0.7936872686586897, 0.18567626780090055, -0.29573552529455893, -1.1204505320933809, -0.08358807333165666, -0.661885363711514, -0.003965864300784668], "2": [-0.47916932893485803, -0.06874954611125134, -0.46898587922955787, -0.04930359851790859, 0.5460373418394783, 0.4844022730079003, 0.4633898015048268, -0.40387125327939555, -0.3330471827988928, -0.7458123714830983, -0.13227335066142762, 0.15814666250863818, 1.177808652815918, 1.7624320179120798, -1.3168491833406861, 0.45601363088736335, -0.5607927121077523, -0.5542565363327479, 0.089278443576872, -0.04705666817573366, 0.22490676533571952, 0.6181990721677028, 0.3576700386034603, -0.7129718669708489, -1.2608749832295643, 0.6961059348922137, -0.32548694138198864, -0.4247976023847989, 0.4788246410088665, -0.3327111737036649, 0.9133194211310754, 0.3633734865319569, 0.11212182593888366, -0.028577299391780837, 0.12383848680781198, -0.06766488060723576, 0.9257459686579472, 0.7014264911698878, 0.3971105019552722, -0.17738843334609647, 0.582315269118096, -0.17288123623051366, 0.03308410520705112, -0.08323686750697236, -0.08813723536645665, -0.6127054440380856, -0.17885123352643717, -0.5484114124340407, -0.7898916818117797, -0.22816612280895243, -0.20500393929504512, -0.26762486757144927], "3": [0.00018689385799932668, -6.83035183018494e-05, 9.116273182908962e-05, 0.00029827839454505864, 4.2024552547169494e-05, 0.0004295680945039183, -0.00010217896680253123, -9.273241599972683e-05, 7.786058718995806e-05, -9.241351281635032e-05, -2.5206114171530475e-05, 0.0002823758996809624, -1.2292825759313763e-05, -0.00030221047016412505, -4.24641474205769e-05, -0.0001207097738888993, 0.00012029848409536796, 0.00018702647413503803, 9.195333407141728e-05, 0.0001440655126071964, -0.00017473039945844178, -0.00013585128941742547, 3.945130973599823e-05, 5.741348992601519e-05, -0.00016234032179073172, 0.00014800030467771545, -5.260584490191554e-05, -0.00015132793548441992, 3.0576767297937852e-06, -1.3848898939527148e-05, 8.426208032862463e-05, -1.089350358771991e-05, 0.00019025499541147723, -9.209828612914434e-05, 6.859004108512297e-05, 5.5305929628609375e-05, -0.00013076940816771348, -7.609316569338174e-05, 5.378164302704947e-05, -0.0003015434705908912, 2.3296888553052153e-05, 0.0002070550142839735, -0.00013518027819714394, -2.030052220243887e-05, 6.763520862966426e-05, -0.00013803862352424113, -8.22265636687425e-06, 0.00016543230935436507, -0.00032951978250571687, -1.398468054459189e-05, -0.00018625096231510857, -0.00012293303943407806], "cancer": [1, 1, 1, 1, 1, 1, 1, 1, 1, 1, 1, 1, 1, 1, 1, 1, 1, 1, 1, 1, 1, 1, 1, 1, 1, 1, 1, 1, 1, 1, 1, 0, 0, 0, 0, 0, 0, 0, 0, 0, 0, 0, 0, 0, 0, 0, 0, 0, 0, 0, 0, 0], "variance explained": [0.8336362820154288, 0.10486474998248445, 0.061498963745461425, 4.2566252497931645e-09]}