{"0": [45.269199504183355, 47.7969586751291, 46.2432005693338, 42.96364026607864, 42.94915729740398, 40.85327393134397, 44.91631441935095, 42.46255373947236, 45.45889364420807, 48.1216514681376, 43.168953386223976, 45.87684565295435, 45.573687918466206, 46.3299772538056, -9.840994852763705, -8.589507061913329, -11.868517460073956, -11.014664848707932, -11.796189451738282, -10.0188096883436, -10.240265275762082, -12.311746708094386, -5.6460922243161695, -9.537604004059654, -10.986740161483086, -9.30036163034416, -10.260880983682396, -15.049734775874796, -12.952703529183545, -13.480922602660243, -14.656449413339393, -15.200406706292258, -14.586199396905013, -13.471844652045966, -15.87225259982533, -11.537147241416287, -12.237420788989292, -12.933882442243721, -13.637805163541673, -14.473425766808711, -12.443177759852578, -3.7635985520405923, -5.163498509405412, -7.180128779543431, -7.359844893733583, -7.921559223670753, -8.170647098582686, -6.383206525839087, -7.265779637625061, -0.650814303639271, -5.035455217208253, -5.863961053048262, -6.400346981847675, -9.514701819451078, -6.212659585242799, -5.989788233340015, -8.022600713358665, -7.805352588673309, -8.37442169361352, -9.381875833188458, -5.753953406785095, -8.714737142668332, -5.0201569917678714, -7.034059066740184, -8.079865279766462, -7.253808598565939, -9.34261514825576, -7.677464118438228, -8.822146867837956, -7.336632076709249, -10.534603163269965, -10.336050653266344, -10.204180937758244, -8.63899821436337, -12.783767680374977, -10.740014355049974, -10.849038677339738, -11.845203224275375, -7.094886316270577, -9.516137373274866], "1": [0.8873894839279222, 1.3442163559998996, 4.182587413879035, 3.7299543821845953, 6.033599120247361, 7.374478136872071, 6.397599506668321, 7.805350007955613, 1.0266501735239566, 2.403011327340458, 0.03061703106095024, 5.189317414160189, 2.539184743484941, 5.2084609479114565, 14.175253442354226, 12.092492335500772, 15.298475824568005, 15.498506049633878, 17.161189153979272, 16.03231406066825, 16.42812908654244, 16.851067930860257, 5.756063885903401, 13.16609574837761, 12.269717638160255, 14.194407054787547, 15.753558253505382, 23.209642557700054, 23.8116383595087, 23.392139592110116, 22.398921684284424, 24.313554915386305, 24.02359680727078, 26.055894875571752, 26.650680524250717, 23.99413061313279, 20.981625339211792, 21.325433232428328, 26.731558978510925, 21.934043346875306, 23.834300720497104, -21.906041664470372, -13.876591952525473, -14.010219037936768, -18.70495263980889, -19.646369820656822, -16.391528310890937, -16.38103942894845, -18.66654091637308, -24.9793099616393, -21.111051719016277, -18.054932742056298, -15.922541754287051, -9.045553319699968, -19.786385924659893, -20.919784117668435, -20.30345630484573, -19.4667969929285, -21.685920693583846, -15.925852968299068, -17.808815325628007, -17.46371257525086, -19.98795880907854, -19.886496020208675, -21.747194389473776, -18.179981559753745, -17.894461636639615, -1.9331269926112262, -8.526403415939198, -10.375856376205535, -8.94273612067663, 2.5908215417606058, -8.142162411018589, -5.3904653915331515, -6.089005500281839, -9.917248658420286, -10.82147524302231, -11.859635539982712, -6.921885782351639, -5.404177580186274], "2": [-1.4489793271823228, -6.335098832068017, 0.11071362484318993, -0.5577028130367628, -3.6031358005680234, -3.7889485925761783, 1.3945989276637272, -6.020163299538562, 2.435176621000466, 0.22584955868973897, -2.5031190444726206, -3.525771189815619, 7.782264831172287, 7.324034837236654, 14.002681761124304, 13.85951013915142, 11.602391679874879, 13.474519967748916, 14.137384817650442, 23.476215064725285, 22.458196990703133, 12.487791057006678, 20.208325388540946, 15.739762818165287, 15.208555641776023, 13.391261432766946, 22.99823905607152, -12.782933102189112, -11.021595200079878, -11.664753111496076, -12.025382797046927, -13.443549069743176, -13.302709404121861, -6.409746741900614, -13.693433520371054, -14.456161502265513, -10.989733347504634, -9.867948623798311, -14.514910048424085, -10.916226959493516, -9.473811658071014, -7.992066778659393, 2.8350641904109986, -1.6143445820382463, -2.4764013958448334, -9.525984548321212, -5.280193438021192, 10.946108603230906, 0.44598448600095325, -11.933696815483128, -4.48506063901531, -3.264011957462884, -5.35798904283376, 2.857634160066139, -2.505996853206611, 1.2329529647253497, -0.10988990352071727, -0.2015589851537863, -4.318252405211234, -4.328161655318824, 6.450216262225474, 0.8127414366184853, -4.977602978844321, -2.397942998425422, -0.6795224430618861, -0.3506420337532745, 8.796146593286599, 4.597297160014528, -3.327729754552229, -3.3020281245086656, -6.2699419794900875, 2.274662312068498, 8.58578370814012, 5.2506516125282285, -6.8017405290991055, -1.0690880264139944, 0.9597243953214247, -0.013848926659560513, -6.570892956239466, 3.1379616363534364], "3": [2.842021344769606, 2.4320271375145306, -0.07626296545667716, -0.7463986704216822, 0.8031003728260573, -5.625863563096893, -1.2042689059733618, 1.321658024725269, 0.5033069502044208, -2.346462370045413, 4.5517180297861035, -5.565929566369314, -3.109838705252437, -4.175496479989359, 4.529654034332475, 4.068439228384377, 3.4831227582663957, 1.9650216382673396, 0.27042260929834666, -0.5988105269452038, -0.23893481073905812, 4.547855962085312, 14.022875443714229, 4.730802886104591, 7.0051607001251055, 4.086990342750656, 1.085134166657083, 0.6848093631558987, -1.610058972762017, 1.0051151731563237, -0.7380496818070207, -1.3656799134897255, -2.3363961615135023, -2.871730288105721, -0.3610610325731597, 2.8471856667766953, 0.8896587303612409, 2.9687393202735377, -2.9719562397529398, 0.6886864369102911, -0.5714730432616563, 16.18849064256029, 15.169411415342823, 12.783404519417354, 16.054148214134443, 21.59820799972545, 7.3827254812558, 13.576001917964946, 15.822333071537583, 28.519960138814604, 9.36151818963718, 11.54808286828134, 17.236169991315666, 4.0772917410932825, -11.061102103227443, -6.957371234081245, -8.895646082256155, -11.690979690211607, -8.16198049576025, -16.19943663407182, -10.937228467242264, -9.458748291444149, -8.969292374342478, -11.370416694667705, -6.966404190718769, -10.064428725820239, -15.617469605609509, -0.16616360032311156, -3.5481112283236076, -2.6879474689662044, -9.36285622677152, -9.446038231457349, -12.253712321995376, -7.7089675599543215, -7.621506684658052, -2.5703023776344844, -4.132797718328787, -7.849279515368048, -9.332175332513604, -11.106217758223412],