{"0": [-2.882705926424213, -10.567184287870507, -23.32311184443256, -18.199247409299726, -5.85897196739276, -7.251997174132474, 21.599988360793397, 26.802183254801555, 14.223926056792681, 18.879261449732777, 8.577084569994051, 10.419300888991003, 12.432114220166502, 11.408822214840201, 10.262570842401507, 15.848640585983661, 15.15482527189921, 6.466247859427746, -1.0640668066666572, 13.041586117734456, 1.7433218710621023, -17.471800577685958, -2.607406959084509, -17.038652104780162, -0.747864857872713, -25.115601449525318, -13.352729676552315, -15.34728706253896, 12.381705067949289, 15.178789069943294, 24.03899016644188, 6.047599281875844, 4.570003865973091, -2.1262778688959703, 1.8530261398588705, -1.6401632778437412, -0.9507766897264334, 5.0347291743800096, 9.768787928538739, -13.58872715904542, -14.626724004406848, -22.906015342084903, -9.875723202328386, -20.684918939306694, -14.713123255674258, -3.0169023026173356, -0.775524113393083], "1": [-6.703887437034207, -11.97984589545001, -9.436464656346073, -10.554908838371265, -12.73391319224511, -9.224006979870714, -0.8711158573598089, 1.9016350305945264, -1.192577590682812, -0.025443633533306195, -8.49549532182515, -5.5747041957798755, 2.919815468612473, -0.26277844224643004, 3.6682535523923194, 5.524573614678399, 4.862413661515933, -6.544564036025572, -3.8811105205805463, 5.374917054409771, 2.5896990780929956, 1.3829453635220856, 6.3723232241958705, 0.7549121783106404, 12.531899190288442, -2.7173737304320764, -4.475448238395645, -1.3240465413234828, 0.34015830749310705, 4.399813914845, 7.960122350817907, -7.9408944204609435, -4.120105849548783, -7.162706067390071, -8.246521932918023, -6.328127396794217, -6.8858749049468875, -6.878235701170803, -6.399730299808023, 8.375828625904186, 18.81468361847186, 3.0738934177905337, 15.378506742149977, 9.66190089329291, 14.144061550093967, 7.9412664316109165, 11.98625841145601], "2": [-3.71107382586075, -2.959989741644359, -0.6145693385253105, -1.9338825004074653, -2.0234657781540117, -2.632676458027662, -8.438275128734452, -6.560818337291551, -6.582029018831169, -10.608485465848961, -10.160370763285172, -3.7157718935947046, 9.874994128462696, 11.161432245165583, 7.44489643978561, 7.723010608781013, 5.291099118549212, 4.454749379586908, 10.520014308318936, 9.995710822322238, -10.845014665606826, -12.478814842809959, -7.665009241227458, 17.829781572527853, 2.5400916752037928, 9.889037715706422, -5.3254915464595145, -1.7380550127142547, 7.781899634088833, -4.956190885771202, 2.3111100114348337, 1.3201154322820783, 2.905982152183908, -0.40225745173481614, -0.4037611853166612, 2.7443559923049157, 1.090214744038599, 1.9023228766984561, 1.1761988135528665, 2.0644724238938053, -13.019428725928162, 4.513241056402642, 8.858782033158427, -2.3987670697218495, -3.4649004108942862, -9.591786185321345, -1.1626277107377339], "3": [0.17929113053378729, -0.046703766438144896, -2.2362276574890054, 0.0457463270181513, -2.115571791519772, -0.16153211467251516, -15.424163864153867, -16.19926318378351, -10.5334011859116, -8.997218413697109, -5.669724401333673, -1.5867827594515933, 0.5779111964470453, 0.42151735660920125, -1.5161895439462194, 1.6650945291651413, 0.1912385401695284, 9.730818099820638, 0.2707498330201047, -3.4166463458916403, 11.523787980538836, 8.18056828450004, 13.6019104225362, -4.668594432979241, 2.1515487313647803, 2.813434298145692, 8.042362084774686, -0.7029354005108303, 11.404174143090025, 11.530285438286692, 18.839130921790048, -0.5035220724064483, -2.3398293856154453, 2.385637043089535, 2.270213833928378, -2.4252983150810263, 0.15829223812961024, 1.4123614082360325, 1.1691005963039793, -4.4748641830213, -1.7899093313631205, -8.499095975642055, -9.137308306442984, -8.189762301399165, 0.9539822084036382, 5.400564287566491, -4.285176200717996], "4": [-2.6162953552258013, 4.107777935629457, 8.101984636970395, 5.348887223584988, 20.936902681204714, 7.8947514941856705, -0.6468912687017563, 11.56357311719325, -2.08772379768977, 1.494943362327326, -7.820545129308728, -5.312857160418745, 4.320653351332329, 8.122976277199239, 2.4320712174144163, 5.290835502257812, 4.893952950719369, -0.8403515352810659, 6.549682318120624, -1.6516421214560666, 4.211317960523286, 8.334977741682534, 7.547660852799754, 3.9318592296479515, -3.7779016169542645, -2.324540475667343, -2.8464240906652885, -8.880978238185408, -4.067495002255308, -1.90731686785064, 3.098350943835012, -8.178900818204518, -7.92530267491007, -11.227180319787566, -9.985210373867137, -6.728674150570563, -8.34445793059254, -4.791798427034365, -6.1956828259634475, -2.480356192096037, -5.376036037708382, -1.8178142388338911, -4.2209075395911055, 3.3506497592321587, -3.663153761588895, 0.9440756023371039, 3.238553792211294], "5": [5.219833997354138, -0.7223317620516226, 4.999004482374002, 0.7680828811959102, -2.322042331874946, -0.8348081253136836, -4.294917790929865, -4.721389496186993, 1.6232337171732207, 9.260662322438503, 12.169988474321224, 5.116190440160982, -4.127395689810324, -4.230882060828305, -3.212706857203146, -0.813556231888882, -2.354716954050332, -7.396509214235864, -5.047395899306632, 12.94883498141024, -9.084045568676911, 2.4676889919059444, 2.9823019892271594, 6.500792749984758, -14.368533313279404, 7.834092985484558, -4.76366625959843, -4.055538284454538, 1.1266752845861456, 5.0858795085059185, 15.809830924326771, -1.8134819981202785, 0.7004324273696286, -4.094830312957541, -4.109864859127038, -2.2337983480422183, -3.565800228214257, -3.6610450658910865, -1.9765571550274794, 1.5558594469286453, -0.14361357624710214, 2.9468276380700194, -0.11214361079869349, 5.245913312803656, -1.35453549582976, -3.40713184538192, -5.538888220294182], "6": [1.2139938684264178, -3.9668714112985377, 0.4295400091930183, -3.2995876192797775, -2.5288956066569015, -5.039977742129561, 22.71589231834861, 1.1451005581344105, -8.160987050169355, -4.915927640151848, -5.359256892950527, -2.3624512698603324, 0.11721700316605602, -0.15826285958099426, 1.957980215274053, 2.0002940204607476, 1.9022746698216118, -3.825660415557506, -0.12911555109746867, -7.84509683045999, -12.378231110863407, 4.65394255005449, 7.909760566389405, 4.5413701773055015, 0.6558750571717811, 10.778550162154799, 3.8571188999385573, -1.7711703116707584, -4.22503230853099, -1.6273421990380275, 5.15933341327054, -0.32968764595947897, 0.6194046773306906, 2.184507739287177, -2.180097181168817, 5.552999612734897, 2.855120197296214, 1.3220732712506218, 2.0621306795799397, -0.9772442987707871, 0.8804976752844494, -4.0274978742136245, -9.818825553474461, 2.7371925039691014, 1.654435975605486, 2.0242761957538677, -6.003662644319309], "7": [3.0402170622269584, -0.05897205063858521, 1.1826311379940446, 4.530906079904652, -5.348233221549463, -2.7197426430734537, -12.187071571715403, -3.8638718641398437, 3.482074630772875, 4.585634821935566, 5.343447682532054, -1.9161715904442993, 8.272656237465561, 9.155859016381493, 9.244278950698464, 12.966843358496156, 11.346529173157418, -2.1068775555347297, -10.411080073174938, -8.1720857660745, -3.8566790904562356, -0.09966633795372598, 1.2760166209057013, -0.9079801316483467, -5.981920209746611, 0.018638291002571125, 0.9585720149338123, -0.7966279552591816, -8.25908604354487, -3.865112933287997, -6.418808670493734, -2.401397798136604, 1.194093681946541, 1.5837274379861674, -1.458814997522183, 3.0249887504240887, 2.82113711650854, 1.9306624955980065, -1.3592640199463564, -1.2490115039090517, 6.026934883414964, -3.1776622158808765, -5.455612106822453, -1.1676580075766068, 2.8943155771061044, 2.635064549643337, -4.275821212505056],