{"0": [-5.598648875921627, -8.1904660367505, 3.052012542690693, 19.163454346223265, -6.934127453971301, 18.410290296497358, -10.627717775172481, -10.219824259746863, 0.945027216151456], "1": [-0.8413417370966165, -4.228783392467908, -5.346778245899071, -5.885097248441918, 3.7845534851365064, 4.851567339915182, -1.078153953963275, -0.6227839474472697, 9.366817700264367], "2": [-1.326400415167937, 5.380750093095537, -3.583795365621804, 4.3046029849833705, 1.7128988663426943, -4.80322868895193, -5.231437058573903, -0.5775214041436203, 4.124130988037588], "3": [5.852994731494891, 0.6563850021312545, -0.9329307399110832, -0.6828007480372962, -4.9009673708113795, 0.044123231702847064, -0.9932436362036685, -0.7005082338340989, 1.6569477634685368], "4": [-1.9148799036789947, 2.409944994770158, 3.5540763199372742, -2.161703150782672, -1.3312467265869665, 0.1257726145409356, -0.03313525977975902, -2.535717609311096, 1.886888720891118], "5": [-0.3757764303768899, 1.3232744585651308, -2.1011768029073186, 0.5151380763964649, -0.3024222379342005, 0.6158931092203379, 2.602505787873443, -1.9391675677854647, -0.33826839305150463], "6": [-2.2006138998675062e-15, 3.072500286893527e-15, -1.5335750244242083e-15, -1.1090957400512061e-15, -2.443173490937787e-15, 3.0725002868935214e-15, -8.665361489809267e-16, 4.224658344477393e-15, -8.058962512133471e-16], "7": [-1.1300672726124738e-15, -1.1892228405227445e-15, 4.2576239941245926e-16, 1.4158358270646903e-15, -1.6958235169851765e-15, -1.1892228405227443e-15, 1.9815920714373937e-15, 1.4981193202475953e-15, 2.123031132530569e-15], "8": [1.2741943763811786e-15, 1.1292785354912422e-15, 1.0663930429439713e-15, 9.34155830756657e-16, 1.3497584976310727e-15, 1.1292785354912416e-15, 8.585917095067635e-16, 7.703489595542463e-16, 8.397006791942899e-16], "cancer": [true, true, true, true, true, true, false, false, false], "variance explained": [0.7003182001758393, 0.13546304127508288, 0.0860901707670117, 0.04166371125931063, 0.02499621581988346, 0.011468660702871796, 3.404864277711044e-32, 1.2865276617301548e-32, 6.509608711416207e-33]}