{"0": [2.75700871722905, 0.25971380935647637, 1.325135048491144, -10.308501554616427, 8.462250772513192, 10.714298999001688, -1.6931137344094291, -12.258276831631987, 1.1683093111936416, 6.115798887983344, -5.5643104025129775, 9.085079657730903, 3.44107006187595, -10.8394635504872, -1.715633924765535, 1.9910078352258234, 16.706796276256412, 6.943341211599527, -9.764313239269795, 0.6638416602070946, -5.495875055085415, -8.264170213124759, -2.873781657227184, -0.06824329148356242, -1.928211624816395, 1.1402428307664285], "1": [-1.512283915515089, -3.387618059328064, 2.143769142897542, 0.832636691773679, -1.9206735235079226, 4.443056970196936, 6.940147539929608, -0.020194661204597564, 2.240257637804843, 2.0298508835403837, 4.279302136004334, -1.5784215614909514, 0.6252351471814412, -0.41252824999763044, -2.5494104632219874, -4.357047647065918, -0.6236710020093337, -0.8468380096254877, -3.298722595556318, -1.027260017572884, 1.9285435285939148, -2.5733588885371415, 4.880026383427211, -3.5221040776577044, -0.887212750286549, -1.8254806387723164], "2": [3.2803405734116047, -2.5350723431754103, -1.6892129470812165, 0.9477827139860595, 0.2921439906009995, 0.18242828602082287, -0.8690668187267224, 0.10983973139292472, -5.2278646553642005, -1.8892286428142226, -0.3299566680944187, 1.6649177019965269, 0.8510489137092587, 0.541986230723222, 0.6568928194971475, -2.3693494357645255, -0.2880462831638721, 3.769601809668932, 0.04173236912199766, -1.4743813794562923, 5.703969536016569, -2.6146997318741994, 1.697504828456037, 4.088660807404301, -2.823317707996833, -1.718653698494499], "3": [3.6184332474278933, 1.280251885484259, 0.5093640436664094, -2.4334819770850524, 1.999821689044837, -3.3859544179428265, -0.7807970973051501, -1.3434434469701444, 1.970433126549615, -0.4692844082119644, 2.8459446655590876, 0.2691152359183227, -1.2121050025662892, -1.8583246705739591, -1.6426932709432884, 2.8137928956636893, -1.337422959367666, -0.7159024133805992, -0.14200927498154067, -3.739844105132739, 0.3891615353046607, -0.054049133978148735, 4.039007284686722, 0.18670565757452054, 0.7481062806072726, -1.554825369047917], "4": [1.0380303979534466, -3.504438398670172, -1.3421555274339, -3.0474436278357633, -0.8498598644922559, -2.749676008685271, 0.1444266709681545, 0.12503045310275998, 1.6294797395231742, -0.8541305551582798, 2.3228185738516074, -1.9154323041441437, -1.0561443636039822, 1.2401136813851634, 0.4618500472543098, -0.10179083493260009, 0.5682654257889268, 1.7177507246912809, -1.6864473401464182, 4.348623961530802, -0.3407649116941463, -1.9211836573246162, -0.04226158987832621, 1.49164899345277, 1.6014403393554255, 2.722249975142049], "5": [0.28873799560562863, 0.4605180782261206, 0.1344097470365652, -2.9952750550912803, 0.05384963336125632, 1.4731256066039626, -0.30765734858828886, 5.7516747697833654, -0.8530859147880455, 0.8271379005957453, 1.9134509063223073, -0.18065946357245202, 0.848650943558638, 1.6723183931428374, 0.03970569361666823, 0.0659363861223887, 0.8195085572872787, -0.9325224614635551, 0.019969371747798056, -3.498897593451157, -2.0668597724970414, -2.8525846624231166, -2.0860385460332815, 1.3242885750610802, 0.15751422982324806, -0.07721596998667443], "6": [3.1253030276036857, 0.5657623035342575, 1.850327478353553, 1.382427334590179, -1.458216322526923, -0.6794374175704242, -0.021410056534469025, -2.4588390611240847, 0.3962726288998389, -0.2637797608486676, -1.216854765258539, -1.6131803846664146, -0.31072241840972004, 2.242076766762283, -0.4635499152198385, -3.291918111370024, 2.6079074359105143, -2.1392954087609026, 0.46564893124972595, -2.580620407725625, -0.8990485296276699, -0.30845133088980853, 0.06483562849679839, 1.286553107775286, 0.41323497255968367, 3.3049742747973045], "7": [-0.5198875002930663, 2.3702311047988998, -0.16822438621477445, 0.69858018043637, -0.31681537007656374, -1.273253842477934, -2.31487422383875, -2.495748933572346, 0.4539102661949848, 2.128486859838402, 3.7714545662336785, 0.9532097942719386, 1.0365982057032228, 3.6430423027126393, 0.7916728820947947, -1.051160542996586, -0.2705340195019225, 0.7340262227767683, -1.0023319684781833, 0.7789086026564445, -0.6256275949748814, -0.9532947844804225, -1.1320866457052117, -0.8421618167457717, -2.510899225891733, -1.883220132469994], "8": [0.2108416393191244, -2.5803454672997193, -2.0773508911971197, 1.1500204491635888, 0.5194838374507638, 1.8894865802124796, -1.440735697766208, 0.09896749123653026, -0.18263626891267423, -1.0552060958256246, -0.3922395200259116, 2.8088626934010295, -2.2081291289045537, 3.4808500822959214, 0.5660104623768242, 1.6777087790554845, 0.3338217260558123, -0.955980674655593, -1.7444578975328688, -1.0797026105740024, -1.1989442638648324, 0.6385756523287797, 2.0234232908219028, -1.84594271343655, 0.5471529249153345, 0.8164656213620737], "9": [0.33016382405520417, -2.7201256983283932, 0.719950727380972, -0.5711005351853561, -0.25069814256715905, 2.379333899917536, -0.25475335982746306, -2.00508014744559, 0.9826138487923244, -0.3152718370938284, 2.14513926180278, 0.5532420128871549, -1.5886137485419576, -0.5282270790752855, 0.6781085010286165, -0.14716105812285288, -0.5526387033927396, -0.5827403250810073, 3.320001739481635, -0.3271571199854318, -0.733099342651345, 0.9999552377557454, -1.9424054916933282, 1.871609778139968, 0.058391831432012604, -1.5194380736822175], "cancer": [0, 0, 0, 0, 0, 0, 0, 1, 1, 1, 1, 1, 1, 1, 1, 1, 1, 1, 1, 1, 1, 1, 1, 1, 1, 1], "variance explained": [0.5022182536703136, 0.08262442136343504, 0.0585368346206684, 0.04021763769863644, 0.03500825780966277, 0.0336188063438153, 0.03002877609047463, 0.027897477070268222, 0.024796456910755698, 0.0197640074432895]}