{"0": [-15.65506089285305, 9.279917301314878, 11.574439686811088, -32.72810681073894, 41.40319497997176, -2.14450933954288, 19.461979383854516, -13.769465423156523, 23.52884841543127, 39.80669175481428, -14.028327844829812, 21.977278571887148, -21.663118884990297, -14.833238303704952, 20.15654752722366, 15.193871134365631, -18.76336786939357, -33.37463882679484, -3.01226870021899, 22.53552818520134, -12.0754864146004, 33.4404694171282, 45.81344545699622, 50.10620346872196, 8.043005894209077, 20.081807717231037, -6.18164182747213, 14.334226463090202, 7.0452970897463825, 19.922185357127905, -14.947299904424492, 0.3068737856145791, -19.45874623986254, -27.773490153935597, -42.74769439691486, -15.235435744197947, -5.546965798576787, -11.294270913936431, -20.801104414815974, -35.742781663241104, 0.6823219663106497, -35.37048011230946, 17.728091032065933, -12.876285946448286, -12.398438162157793], "1": [-9.241918041581966, 7.688056365729223, 25.232956843274287, 25.257119167571805, -1.9647068518477173, 4.949378477813487, 8.436178262583214, 18.721850522280143, 2.514505262864452, 7.487874768345419, -13.743243768059488, -14.310594726507395, -5.863832516791157, -26.39638345985324, -21.551028535873222, 5.769098000735513, 2.6532062305648747, -3.1583413821017494, -37.50371363306344, -4.230932387949255, -14.270977393611297, 3.7856630769906783, 44.89597586508297, -3.731931693253503, -4.59539692158727, -12.702264355124404, -3.1612339864128165, -7.503966364673147, -3.09671559812154, -19.210820189953544, -12.222478543017486, 5.070702279817281, 8.074473480529907, 13.283150129438079, 11.267330174337761, 5.973779908259974, -1.345036433581983, 13.891629780914153, -0.19861153673378923, 4.016869855916426, 5.773597918009045, 0.021382246225152533, -7.177500974859443, 6.926528451991231, -4.509677774716248], "2": [-15.408966873869854, -10.211589358195203, -6.192637399330541, 0.7507919007492958, -7.79446691653077, -10.432492246191844, -9.698996779554726, 19.36816969868357, -10.746752842648442, -7.293481272000866, 4.22616008145005, -0.42745844792803406, -11.93025297249181, -1.4174310788010036, 4.934597012104175, -10.80626736703748, -16.50590085214051, -14.919603693016832, -13.128565350979134, -6.51569848996347, 2.7726494707590588, 8.007475605907468, -4.06603735929977, 5.283846234469323, 16.631067494148986, 5.722607615788139, 8.011577804095028, 15.483430923396986, 27.102127935870264, 17.705891825899112, -3.3039119128927847, 11.587416861446242, 17.978585147039396, -15.141519352347936, 0.4643760002652856, 14.19670321851232, -1.7329940937152033, 13.264062392955509, -11.024966814798667, 8.50074725656009, -1.901797374174382, 14.996812920355461, -11.493785336052753, -5.976018046260805, -8.917505170232928], "3": [-20.2772215617536, -0.2230246807712139, -21.209973685585904, 18.69416434367708, 16.934598630532832, 3.758401595162523, 8.426196967680713, 0.8646292684209179, -21.575929313984258, -10.004837269513038, 23.44418660445411, -5.9857679970247215, 3.464710716073709, 2.922409778235524, -3.2189412521489174, 7.456379339311306, 18.439074881289947, 5.335258188863521, 2.4679380745233876, 3.231438549823691, 14.327668597279358, 10.732558488244218, 10.42119262233434, 3.9032490344585433, 16.45357750043837, 10.303383117807094, 0.5867698399050552, -12.524939068951646, -4.497935733863535, -9.914076218122014, -4.292104842088713, -0.9020955870517823, -12.077541566279685, -4.2720206072340074, 2.7065818581139145, 2.9586135867537506, -5.351124818838625, -3.2095014658740046, -7.568440084769478, -4.388298023959281, -12.274369603928637, -6.313052329410921, -8.927842503461353, -6.205609925707893, -2.6183334430607013], "4": [-8.946300032326526, -12.24797812812769, 2.8036007684978985, 7.621310694634238, -6.141974792525535, -5.651265115338298, -3.821316545829481, 15.022011265956522, 14.36836685853506, 12.568173173096413, 0.8879444410550816, -12.453458051875527, -4.9699701090703785, 13.80446672140069, 9.505088997533381, -6.463153890599303, -12.461517894898495, -0.022242121105177776, 24.428854446897486, 4.287868202688504, 4.717747194158593, 13.566663508948482, 5.484726502858544, -1.4616284772597696, -12.0150770997356, 1.0110384918667819, -3.3666975103441867, -8.78693535394959, -4.726206975465374, -7.195078697603974, -21.010804589397246, -8.648826107787647, -8.448918672090675, 2.1883263695456745, 1.6681102448360576, -2.3632508407942368, -3.7568295168111967, 7.804691161038758, -0.06364515514762815, 4.9406176726538975, 0.1913224641311986, 9.863207819153205, -4.034576951259617, -6.607130411552962, 8.930646041409627], "5": [2.360566623037722, 2.6591322697315465, 6.240899634630586, 2.1509602500462943, -12.273769046649, -16.713499145699867, 0.7887688567330273, -6.145438347170338, 5.060899893860891, 2.1205014728726286, -1.3615285460660367, -1.978267791579924, -2.7247148832231494, 9.11215065971079, -6.349820287511228, -8.65749591858798, 1.9571677521890338, 0.12600808932203106, -8.969512691681421, 12.255195503588455, 23.70113357616941, -5.191976171386563, 9.309905179915733, -3.133910133837777, -7.463240116985734, 5.744074872442147, 8.236149438544452, 1.5346589273054339, 2.936221419783285, -1.464772883726267, 2.4348827684328227, 9.991633827293814, 4.431200764677226, 3.396557043944471, 0.8192398461704469, 3.107813437795119, -0.1822330264828435, -11.46294542279074, -7.884767379417761, -10.704719782748752, -19.467513128870245, -0.29667337844646424, 7.250165119543643, -2.5242511549152864, 7.2251620100363745], "6": [7.229697947175613, -5.986598396240787, 1.8004846685383833, 10.002178191843024, 1.5803425226762873, -2.020859027694328, 4.302678771491923, -6.362428867048441, 10.070309796441494, 1.242297744481146, -11.812471304054592, -9.517873192064819, -5.335038307261806, -4.504504593150705, 0.7352052642462777, 6.233739539819395, 15.405864748987852, -3.729328934261945, 11.346784593817798, -1.1996615331406306, -3.970479031039601, -0.015145751358156713, -2.1009101573231015, 2.943366548644009, 3.7370113435464227, -2.354764217946192, 7.472769124451874, -8.681682260171579, 11.967904947876262, -0.2655398838185654, 6.1398661663199094, 2.6098757098142453, 11.210679760976449, -10.814323270067568, -1.7676706469464576, -4.118986026562662, -14.40829019625779, -6.382506163063417, 6.190864914224276, -1.4070231098463317, -3.666479695265078, 3.967078534269172, -10.69454054908639, -3.6264780511903, -1.4454176747805842], "7": [-4.853936829918043, -11.533009418788033, -4.530899974317249, -8.728988602752677, -9.711890064930804, -3.3133732044028608, -4.2284210664528405, 0.8417156703825279, -1.505804254629291, -8.131676593976259, 1.7348942181513745, 20.416401753829973, 4.396127752086523, -0.8927422503890377, 0.2916452178958737, 2.4148931663943065, 1.575139842823566, 7.694154038353286, 1.6891274862772079, 4.436843847885742, -1.0298982982763314, -2.5010351854563657, 15.747439773763931, 12.247200826362686, -0.12951786476498867, -8.028664884110963, 1.9159304908109247, -1.6058005401188968, -0.502348423487168, -6.88090073111861, 1.8269406390483607, -5.816232063266875, 8.79531809134704, 0.025912671800907817, 0.9654510717440767, -7.160854028480495, -0.9456437458404674, 0.09223678621381833, 8.204859839707728, -2.7178652174655826, 0.42331393110762766, 6.290423098583924, -4.7118488973124615, -5.3436899601153565, 2.7790718858002292],