{"0": [-3.8278133118416675, -6.72140134255918, -4.774502251822904, 7.303119386641449, 14.85038568113647, -1.0967168406991994, 2.1191676439541673, 4.611189137460003, 17.593921769898845, -12.768428649536578, -9.85583410151365, -0.2099982493494868, -7.223088871768264], "1": [-4.004294056762772, -4.22460237545956, -4.0174786122309465, -9.345228983797488, 14.407000162940625, -2.0998829005047024, -13.916036772029207, -3.909999336431999, 4.305204775959193, 10.273249948195275, 9.73414744021219, 1.1675586663190227, 1.6303620435903685], "2": [-0.23468895956201424, 2.3828336548333424, -7.6578125255224885, -3.333208415215244, -0.12768994410907386, 4.271744787956451, -1.9774186490031516, 2.4701371429973547, -3.5264430927865855, -5.1992708811330095, -0.7941758186059115, 12.726743816332375, 0.9992488838179506], "3": [-0.5103041966266066, -3.3430371286902405, -1.9721719077581201, 6.507450253914078, 1.5791686118675219, -0.13762336639856343, -5.0043869329541995, 8.130040120846637, -5.964164628487887, 0.6656031213537335, -0.8325621400938927, -2.887948816728967, 3.7699370097565064], "4": [5.2242148353200095, -4.638513436397025, -0.5990347048786372, 2.799117295031627, -5.085032593536937, -4.033059507917455, -3.1489668664852504, -0.6616245945601874, 4.063059987939394, 0.555003812029921, 1.6012591243680985, 3.715440112111079, 0.20813653697536275], "5": [7.096550283600095, 2.3039906571278093, 0.33838390125440515, 1.5755740449493365, 3.50745351495672, 1.3666482430876712, -3.0694726650908617, -4.07508216874984, -2.5878730735577427, -2.348727517129293, -1.3303062054553958, -1.449105348841224, -1.3280336661516778], "6": [2.2094265449331227, -4.54985228185403, -0.7590335865650191, -2.5671724347781684, -1.4689606822129575, 7.021613438269485, 0.28763444094598345, 0.9873948729296582, 1.0980278762362257, 0.8264782096555361, -0.3448117845824208, -2.0829397996863204, -0.6578048132910905], "7": [-1.788703767874576, 1.6015557189089455, 5.10759860742215, -0.02283598035347316, -1.4086790263109588, 1.7824733316211068, -4.73104636506829, 1.4962889152134389, 0.9935724321554658, -0.10598605815399645, -1.7027219779981972, 1.4305276947722345, -2.6520435243338483], "8": [-1.083717721031214, -2.529888404909732, 2.6924319834800605, 0.007902245140306127, 0.8039183981207402, 0.4655003527204752, 0.10129413097478492, -2.5379483528584377, -0.5635848788180353, -1.2902904928506898, -1.6510007487818685, 1.3143120541647513, 4.271071434648855], "9": [0.08725518836883593, -1.0556979068465322, 1.578754416829017, -0.6210581816964177, 0.38119959495214917, -0.2944016117671517, 0.33487009108620486, 0.8498016964160726, -0.8227274328601208, -3.02297503556878, 3.5276679039738887, -0.2089059520835003, -0.7337827708036625], "cancer": [true, true, true, true, true, true, true, true, true, false, false, false, false], "variance explained": [0.35851248450892415, 0.2785412632016981, 0.10941272460459975, 0.07509367798414793, 0.05088832782205847, 0.041475657138539894, 0.03282317041051774, 0.026606497075681145, 0.016694293886032496, 0.009951903367800264]}