{"0": [-21.688060342782727, 22.029512141602428, -19.146345856908862, -17.201449102251487, -18.814038655807202, -9.8692822248215, 6.296254816738737, -14.095579781743151, 10.424411626547803, -21.113039774026756, 19.82005165877415, 20.161753703190083, 37.407215371516564, 18.800276566845206, 21.38605067209486, 35.99536998434158, 17.258333256234465, 14.210029157272904, 18.153751398548764, -4.451266872360143, 21.271802458753555, -8.081939071891615, 12.141386672419543, -6.6332945370442875, 16.38072834267606, 29.005936287295714, 0.36624172109619363, -27.999667280567742, 2.497367466650612, -3.5210956769333817, -0.3341593083185589, 26.457323676182686, -15.406477119322457, -3.8040024369610164, 27.887113686820037, -21.49882050037805, -27.69911328044539, -23.325585762290928, -31.410573455229127, -27.45650431277924, -28.708271262826845, -25.692344049911537], "1": [3.2628779430124495, -28.830178853273313, -3.65895761211882, -3.8080326523786883, -5.426650676570838, -1.7005574150965856, -3.264197771161102, -9.36119567722152, 13.98508635743218, 0.8665533123838615, -3.830690103099842, -27.90028972618243, -30.604394750921283, 9.700613557960851, 19.474860548393373, 28.064796570931897, 31.51274047651977, 8.980267716848967, 16.602749808091076, 8.713245398164085, -10.675585480241232, 0.29349695062963965, 17.95141050259837, 13.805248267532628, -3.418469781997974, -0.7711259422201134, 4.129479996352052, -6.420598360984004, -1.7867719279340393, 8.080632771912544, 5.258164201560251, -11.4814994459597, 2.37360195568705, 6.242089727212368, -26.900256520122124, -2.124939705803835, -1.5914049214135784, 3.791041748448427, -18.24204265637923, -0.16971667126568385, 2.005888728231048, -3.127289887556964], "2": [-0.8449514270663502, -8.779005951508012, -14.683765726556715, -16.223710547703345, -4.658530640099124, -10.818703697533953, 16.915388007418624, 3.106394979959398, -5.86455421054454, 10.854723727578873, 4.492594359013347, -0.8392873464731985, -5.610402746558322, -1.3484443015488996, -13.81622705888308, -16.337148589468395, -19.929570579948635, 3.951626390746463, 8.198065668425466, 7.448574191653943, 5.353844314334457, 11.844750586655305, 14.373787857756943, -6.159301824523638, 2.201780482099254, -0.08852621637431021, 10.209671880392685, -12.090734188551231, 13.1500802224036, 15.981658472146485, 21.23470047596845, -3.618662708617893, 20.785427263058033, 8.609204054095368, -3.838530855585475, -8.48244293348305, -8.847107501416243, -2.8022060030601392, 1.2070116180688852, -4.095710289977807, -5.27081981632605, -4.870939389967169], "3": [-3.43043586614479, -6.145361522566919, 7.472724540376771, 8.05882882598819, 4.842612717290638, 4.637989255415939, -10.434589617227042, 1.2131588169412646, 1.5361129179635493, 2.657185183331876, 4.138561471232571, -8.313368168624352, -6.424005642352799, 2.283252320258936, -4.531072007172879, -6.045697386520523, -14.33387403710103, 8.46929771540783, 0.06979687483262084, -1.0930662268281366, -9.594819025657609, 2.5305109138433832, -5.8354562860632555, 1.4208798468543529, 4.624484135051227, 36.46087762984986, 1.5310533968949152, 3.334983246986972, -1.440926809116366, -2.3631212229856224, 0.8431949361953711, 6.823661919731271, 0.6367797257452513, -0.28527192715508587, -4.265030012513366, -1.57187057579675, 0.7693382248923863, -3.8074773973780687, -6.652275645790883, -3.4835619060930325, -3.7644956031214543, -0.5395077288751985], "4": [-1.6799495499669344, 1.5418464084530379, -3.5693199481249005, -5.375657463743473, -0.821586263390185, -3.7127841655205325, -5.621783036349217, 5.365818909405317, 17.638016053970677, 6.681759697935493, -5.523533523708347, 11.449398178919171, -4.933882000393657, -9.880705195680585, 1.5127968091171784, -6.490971375332553, 20.979915636154654, -2.556123549388108, -10.512631498272798, 1.2247593542838298, 0.8773781646333421, 4.430264346691597, -10.475975442340346, -3.5828655387106867, -5.002067965335672, 12.3336283345166, -0.695636947242282, -2.85114151259199, 1.6606088470532738, -0.13024723329905027, -1.0289770271207843, -8.24494840184258, 10.28360995494116, 5.019295568186188, 1.83589792370323, -3.4325133325863106, -4.095609863546502, -2.3158210306992184, 9.423955521063645, -2.7771980514476087, -3.460379393025209, -3.486640399368851], "5": [-0.012542033475353693, 5.091437970889269, 2.056543584666515, 1.737513355628405, 0.7193145344585528, 0.054701243867887904, -3.529421866188736, -3.8912928492350947, -1.4156429266832955, -2.1866369384671978, -7.683778392678666, 4.86482836781475, 6.26320753571585, -5.712839811627928, 0.19374392686334668, -4.791943170436457, 6.923664712695623, -4.783044758109375, 2.040831465878578, -3.7055036516137605, -15.758780441177663, -1.7872084867846643, 9.744759805236757, -2.240043453597691, -7.522848782022781, 2.223943576804771, 5.233430090591828, 2.4029042380974586, 0.3602304261192864, -0.4359101540255158, 23.172699063613088, 1.6865400574619858, -4.002326806838384, -5.952909047314729, 1.3813045055109316, 1.87535467596743, 2.359560252021592, -0.9658103144313471, -5.422975267795994, 0.5052874030626904, 0.9730019754143034, -0.06334361587626461], "6": [-3.0560111675903743, -7.816450065716334, 1.0462263143978772, 1.4387239686438098, 0.02361898515751776, -0.18794375222486767, -0.12784753741691496, -2.9327558529683713, 2.0061560240075997, -3.946620570796127, 2.3878544698871176, -7.001805294926235, -1.7606961140213482, -1.2925300893690186, 0.2899690620167466, -3.151553742133226, 2.977910153162834, -1.1432046098572757, -5.158465475480743, -5.7761735052976615, 13.218561058054108, -3.1365753300096197, 12.764806637506725, -1.5168723813384841, 3.973697696061087, 4.779895712495948, -2.1827325582728343, 0.5112130568273883, 2.4778669965632307, -4.705216298579057, 7.139184964771814, 1.5088334708675855, -10.63111155198365, -4.603177539650854, -2.0914577945734645, -0.6055772135412493, 0.056079789869307346, -0.27460029869602925, 20.193176792491705, -0.9633416326448929, -1.613689636863435, -1.1173651388303258], "7": [1.7652345090737058, -3.484996276592042, -1.811432182432851, 1.2200202351057488, 1.8517152623829949, 1.8754826803567204, -5.6352323705682235, 3.7930557226655246, 7.917438212659323, 5.570236931540541, 2.8597188120361325, -11.98653868653091, 21.554115688480383, 1.421965862504331, -1.0280511964554908, -0.05153450849332102, 0.0010904437369267201, 0.17448831622628636, -9.333549845227926, 1.4969643928965235, -3.3114884853909197, 3.7481033541151247, 0.2883770951892471, 0.5595142178923793, 3.045889185945276, -5.977266478383907, -6.151774003890295, -1.0265614572038222, 3.813727480513241, -3.1140755359677743, 2.771193672169422, 0.16825951818577592, 3.991240448816362, 1.5330554798040723, -7.977531195368351, -1.0260357804575484, -1.6057532295563175, -0.8364709092529863, -2.7955764848171962, -1.2599120988412493, -2.0391676211623415, -0.9679391757025655], "8": [1.3466972394382912, -7.333829717430602, -1.131524706797455, -1.792527912725152, -0.7047232037442445, -0.4874382556143306, 6.314791834099911, -2.6424621905070107, 3.068690065296908, -2.589700443948785, 2.8823696178606446, -6.0392716046600485, 2.418443682586189, 2.6620352127284663, -3.0733475366950147, -5.356076979731894, 8.166473167512345, -4.894982602028255, 5.410425242154792, -2.846006624615373, 1.7148080126724203, -2.3315940474390686, -14.121112225043268, -8.544855644506796, -1.5204639197553624, -1.2268851941497945, 8.95504100593877, 0.4994890828474311, -2.2862228449310016, 3.2407975194855294, 0.9732486458926075, 16.92463041955596, 1.523127236105636, -3.141463225166896, -3.3506318267790935, 3.433485504152123, 0.18919599182025443, -0.05241000814288631, 0.5519052179218016, 2.5996864821957804, 1.5538374976966902, 1.0383520364498047],