{"0": [-8.426911608231121, -2.2032100259811305, -3.677585171936137, 10.189886888497012, -10.035483567180432, -0.7674780922486083, -1.4535096782608683, -3.0844742274601296, 25.452572706573534, -5.993807223772108], "1": [-6.990073041949965, -0.08790450213511607, 1.3699548163970072, 22.7866947111622, 7.4522919665551255, -3.7516001884994186, -6.826048542415991, -2.4728035489151514, -9.562532608275443, -1.9179790619232608], "2": [-16.790531796181323, 2.0368374799408073, 2.6887212388072186, -9.117771106278173, 18.005515522871345, -1.3384349204667798, 0.42633552204395253, -0.5759244108538483, 5.478055975756604, -0.8128035056397812], "3": [-8.136581713938748, 2.5615986483365827, -1.4214616050605597, 1.4551405847746237, -4.562893893626311, 15.56230229114098, 11.112397931008548, -0.12576670360672784, -6.348184468207859, -10.096551070820535], "4": [-12.53567035588385, 3.492803935557552, 5.693446894690027, -0.011049595277195526, -11.437785063101337, -4.499934167560425, 2.5904718021403137, 6.835168654591225, -3.53318424212584, 13.405732136969531], "5": [1.1245721953709462, -1.8415327012611848, -5.14003337977002, 2.5919167595284343, 2.1041986806257365, -11.471793507773855, 17.441259968127806, -4.96099924278972, -0.5285209789559583, 0.6809322068978271], "6": [1.6514647398202802, 3.716194055298262, 14.57598640586759, -1.2125814650733835, -2.623550154261578, -6.915341714604433, 1.1197230972573942, 0.6171000085701612, -0.17637949083241086, -10.752615482041858], "7": [-0.06959237801686056, 1.9460603556731593, -6.592249095014329, 0.2413896830883179, 0.8326588046061079, -3.8920198567893998, -0.3917655952735709, 13.505421504757653, -0.31769133466513705, -5.262212088365939], "8": [0.4232332952559656, 14.15511275345014, -4.391161950940228, -0.6447579678863943, -1.0474496400665312, -1.5574710814402446, -1.9567090870560429, -4.666890388779758, -0.17976963880739108, -0.13413629372951522], "9": [2.941328424415959e-15, 2.941328424415959e-15, 2.941328424415959e-15, 2.94132842441596e-15, 2.9413284244159584e-15, 2.9413284244159604e-15, 2.941328424415956e-15, 2.9413284244159573e-15, 2.9413284244159573e-15, 2.9413284244159616e-15], "cancer": [1, 1, 1, 1, 1, 0, 0, 0, 0, 0], "variance explained": [0.19244762363336054, 0.1530816338336888, 0.14261975243099972, 0.11774379291833778, 0.11634553355750184, 0.09786074336639951, 0.07824117047471082, 0.05316907483467871, 0.04849067495032245, 1.6819123167816784e-32]}