{"data": {"0": {"controls": [-0.1466590993942723, 0.20007243189277804, 0.09622679991551572, -0.628823343966975, -0.44344213347431594, -0.41323592019826344], "cases": [-0.8044395056778795, -0.7453915495284278, 0.4944341765212784, -0.5394517008030962, 0.9978016571185164, -0.7443900215235273, -0.591843087726414, 0.6236592825882633, 1.1625957546622359, 1.0773617589463405, 0.9587953874635755, -0.8783615935127649, 1.0489062405709566, -0.41576507646308686, -0.979227749436185, -0.7210746819196988, -0.7164703783744542, 0.9990883922918353, 1.1096339600280658]}, "1": {"controls": [0.41563941284838146, 0.8356855242699448, 0.8597329125203157, 0.6100774120288446, 1.0471268431002243, 0.47223824451770224], "cases": [-0.8900297391085285, -0.4264925073355972, -0.28727778002918053, -0.2705513133547137, 0.047926207713489245, 0.0414400349191219, 0.14643707441615458, 0.5076148059767543, -0.2659596975704901, -0.2693760737240227, -0.3932566158514434, -0.5951624506271412, -0.2885465352326811, 0.5941226005681387, -0.6923572627900698, 0.0764080953778288, -0.7310862157013627, -0.2732229683982995, -0.2711300085333696]}, "2": {"controls": [0.049702872647431375, -0.6402541246591081, -0.03968762676834583, 1.1055308943920164, -0.6848902547487092, 0.06621670851411753], "cases": [0.17199270820117757, -0.4272643811873016, -0.6344494988226748, 0.1430473021586976, 0.08994471617962099, -0.2488604528532638, 0.30840106358231484, 0.025095638439409637, 0.24957552972645083, 0.2977977771513608, -0.2413926673556653, -0.031125097868073163, 0.29959040623354494, 0.08322474410102208, -0.22345136465013193, 0.5792999464271286, -0.27309423806993427, -0.04582884209771688, 0.020878241326631155]}, "3": {"controls": [-0.4982575557326097, 0.35159841913267065, -0.3289880910362685, -0.19685755351733736, 0.2849407792851897, -0.0852418608935097], "cases": [0.3627479671213814, -0.2552167156683378, 0.1366754221273696, -0.6434653989832073, 0.04827764899553842, -0.5130128723529436, 0.588793223496096, -0.549197139460678, -0.047318268705937284, 0.15981730062340674, -0.35260847395325073, 0.35488040318939057, 0.11260101231269488, 0.710723011943436, -0.013223877621375038, 0.16142061972127505, -0.21269230062508745, 0.05055371122689297, 0.37305058937519997]}, "4": {"controls": [0.3617640692089136, 0.27068652553935546, -0.31804492781538457, 0.0438107724980741, -0.06433347227036634, 0.6008864085216487], "cases": [-0.23983430433754305, -0.06376333855967925, 0.00704965233150747, -0.46883692721573844, -0.009194497785074775, -0.13913693765461452, -0.1820948281437257, -0.2901598348061123, 0.04735915616617478, 0.12709464456471375, -0.23196057561550842, -0.3327115551239837, 0.19808047969841247, -0.3457559792087274, 0.3285251176462861, 0.29175911941779364, 0.42480356246526524, 0.0035957628121996003, -0.01958809233388764]}, "5": {"controls": [-0.06269077013555031, 0.10308330930283423, -0.3748870296443591, 0.4508508051607609, -0.12318042912082451, 0.3837966480777381], "cases": [0.2227779272754611, -0.06489461561833042, 0.380946521371004, -0.05479466285698547, 0.26030483408751987, 0.014567484140976946, 0.13925467793032173, -0.19637899680436058, -0.03623653605494856, -0.4899847978668697, 0.5095653661001044, -0.07729418972553523, -0.02200236906737564, -0.0018480085708050614, -0.2075193426777607, -0.38211913109756196, -0.12763842451698523, 0.011457584434385954, -0.25513585412285417]}, "6": {"controls": [-0.31534228006848136, -0.156804466571165, -0.08523893323440263, -0.03394059689528826, 0.4006012672278941, 0.49899709169566603], "cases": [-0.03857752266057591, -0.15030876573106464, 0.00015916489536150894, 0.5057845071912777, -0.2623651886155307, -0.20345261529911748, -0.3227254833800066, -0.22514810889279552, 0.0928637056909629, 0.24809539878522963, 0.10362739091527429, 0.10776567223411192, 0.04609650452953358, -0.014539007410385392, -0.04824913554750735, 0.013419405977658642, -0.1353036840320764, -0.041804583871188614, 0.01639026306661623]}, "7": {"controls": [-0.3105577378386117, 0.04810444145463701, 0.012794510379497566, 0.18077447301165028, -0.19296960450282682, 0.015371330347644943], "cases": [-0.258751437166725, 0.11559065808449931, -0.14442568993229046, 0.009935504055659778, 0.31992941544170783, -0.017542953486595507, -0.33938124807489156, 0.0008117839066367269, -0.03482415430238133, 0.08984077125979818, -0.03135779150476339, -0.035874959965494724, -0.06891070667877673, 0.48301458987246315, 0.316644288958041, -0.241474920930651, 0.19180534413840933, -0.07551709462314701, -0.033028811903490135]}, "8": {"controls": [-0.32238670205822256, 0.38211537773901516, -0.06285418439678608, 0.0015264812130011953, -0.2803698435211648, 0.1122789770486786], "cases": [-0.02409392586703995, 0.19121704447117513, 0.0028718576597958918, 0.21612554006871296, -0.055518389052634204, 0.25168024230929775, 0.25943064371670843, -0.011191806712287328, -0.08725589408775772, 0.2056228974245218, -0.09733457425291958, -0.2501003778222175, -0.0830422362876209, -0.2115962214753877, 0.04342287437482345, 0.009846570084161442, -0.24317652864095637, -0.1487427369575168, 0.20152491502262002]}, "9": {"controls": [-0.035703141844906215, -0.03180162616298517, 0.02791380359915806, -0.36519483566894817, -0.13362938341737812, 0.3020346923079798], "cases": [-0.008863190152815186, -0.02259185379425534, -0.22883464634470638, 0.050918239191575274, 0.065932877102586, 0.06730054426221435, 0.19601947999008965, 0.16869035909031296, 0.1580069735028266, -0.21695935602606797, -0.11265800879054262, 0.09150399009199657, 0.4079799514038523, 0.10694786439104766, -0.047391052702755496, -0.13960110338351542, 0.017832509324844432, -0.17627520866119725, -0.14157787730841062]}},