{"data": {"0": {"controls": [-0.5374735300714177, 0.16878688266815212, -0.44422555302775885, -0.6084356177851409, -0.2534136172574455, -0.23999846583446136], "cases": [-0.8656335049225276, -0.5904942908697584, 0.7730942444614058, -0.36826246179540806, 0.5953299247632228, -0.990953909786796, -0.5450410655512049, 0.4652434590183094, 1.1089572752955537, 1.1153265374587715, 0.9459203400546934, -0.8325197371446947, 1.0723607246993319, -0.15879464523861858, -0.8541782612738194, -0.5414248905025832, -0.7525152103774819, 0.9696330812588156, 1.3687122917608625]}, "1": {"controls": [0.6252722751859392, 0.4412911910923077, 0.09927754707768247, 0.6463636960552838, -0.04823522177790294, 0.07497716366572796], "cases": [-0.20546515187167855, -0.6202753693096107, -0.4646504780811412, -0.629443234514912, 0.8144148094388199, -0.031329486524408305, 0.6500933712123812, 0.8902477174381074, 0.021486412808562352, -0.3268844733687337, -0.5658696764630025, -0.5359336030276339, -0.011599270890684186, 0.887964596190421, -0.29723211559030194, -0.24679784075577346, -0.6683397631575685, -0.22190670212110367, -0.2774263927107769]}, "2": {"controls": [-0.04394748599184686, 0.7375580107403199, 0.4624476394865857, -0.7344625254387769, 0.7601992937132053, -0.10833397976119313], "cases": [-0.6074976916802204, 0.10272141765872686, -0.18266286517997665, 0.12096800449275415, -0.06215813706677642, 0.42085857230163676, 0.44184367707822547, -0.2511190588798153, -0.21053705514541135, 0.058393311676429874, 0.5130814914506712, -0.6148384863107764, 0.25149784551838106, -0.1474980532601446, -0.08877673237761194, -0.1372522185541334, 0.042537379829439684, -0.14748986053069102, -0.5755324937690018]}, "3": {"controls": [-0.6661732130068543, -0.1270720378633423, -0.6845814710880137, -0.20684121517590437, 0.28852544614989273, -0.6986037036562155], "cases": [-0.05047488808243726, 0.07174742236425957, -0.1951692998175668, 0.018093943657491344, 0.4286630295045632, -0.00012220734139893445, 0.6966860415864408, 0.0791227708460364, 0.20928484958673652, -0.06532144716110622, -0.07458962135981552, 0.16374951959642348, -0.12413807738856274, 0.1313804417795772, -0.24758097574688157, 0.9284355301245054, 0.1841795351437907, -0.23845885460399324, 0.17925848195237473]}, "4": {"controls": [0.3532341933951054, -0.3683220468765462, -0.4392950109889357, -0.45273348434236804, -0.14526367297074932, -0.22573203372825704], "cases": [-0.38284079700373735, 0.11902058260895276, 0.1591910540591153, 0.6905175270670549, 0.3660961195409236, 0.17975897721274617, -0.27162328865611723, 0.8934217608355021, -0.05356879844213405, -0.4247240162278159, 0.18115393969276422, -0.04496150984010395, -0.08782443890290537, 0.010559897022041274, 0.2372485941580745, -0.45534243316599526, 0.4517101331667401, -0.174702913166008, -0.11497833444734681]}, "5": {"controls": [0.2082226508464706, -0.024207356134222712, -0.07582868747936425, -0.17160686504170944, 0.1045962533452716, -0.5258717465267053], "cases": [0.7992807170443403, 0.10944996027774948, 0.3468496995605107, 0.16059916718656223, 0.16050893504272715, 0.0413927514545287, 0.3602596718308108, -0.4600084342454413, 0.2519504844097, -0.4838692403005418, 0.10191459364193642, -0.01623628833213775, -0.08088661743043739, 0.12697390787534318, -0.3360426085037011, -0.6323496993202538, -0.23237671696849874, 0.3290506498650293, -0.061765182097966706]}, "6": {"controls": [-0.07190712757864229, -0.13235544805056904, -0.1688075855690678, -0.4456586160617963, 0.09854424602365411, -0.04421656777993173], "cases": [-0.13041233005478847, -0.21077715685034168, -0.02316473441996256, -0.3188780176118536, -0.2748847004890319, 0.4806257100173202, 0.1689665922414261, 0.0747671521654045, 0.38103801968651774, 0.5699578181128252, -0.22408254228793473, 0.5068603906715068, -0.31126997520375504, 0.3371826433904186, 0.37117184105367934, -0.4169749559446803, -0.18602825727031067, 0.08208988465145703, -0.1117862828415426]}, "7": {"controls": [-0.04978745652127026, -0.33797590031150304, -0.13191556016641492, 0.5610232181999375, 0.45847891025188253, -0.15435683700487152], "cases": [-0.09178145291840294, -0.2735019165427076, 0.014868294127009468, 0.6124252210823705, -0.5067917906057887, 0.10461509862292015, 0.019740410017504262, 0.13294363767626433, -0.15660269667359558, 0.23673009996989977, 0.1978533394694114, -0.13028398119774756, -0.09279269655989973, 0.1841010199932336, -0.23437901313200035, -0.014402309285484423, -0.35472965161646486, 0.054028248734755875, -0.047506235609038126]}, "8": {"controls": [0.623475663978125, 0.060189242141701696, -0.2200976194408581, -0.00883673814653279, -0.1426582684596583, -0.17091340266505842], "cases": [-0.07762563237031986, -0.4601094114814826, 0.07682074459025007, -0.1982761470546403, -0.1673360086946893, 0.159302738043284, -0.13491446585433114, -0.3497794020239834, 0.05999872430966516, -0.03295211062530765, 0.44276490746005626, 0.14970324125337342, 0.12390413172718386, 0.22986294817716688, -0.15301068326504474, 0.22977048248169502, 0.24154919564401325, -0.3997179234952123, 0.11888579377060467]}, "9": {"controls": [0.3041868263289401, -0.06101005982020923, -0.0019710263611154005, -0.26169120142426117, -0.06745697353036215, -0.15214048785012388], "cases": [0.394578602905298, 0.1502863018961878, -0.10533148797864175, -0.175704733358493, -0.21477588779809823, 0.22701250311353338, 0.011356304613830678, 0.40095544690218976, -0.17638485243867208, 0.17000487624131613, 0.03853346309254707, -0.17204522793292296, 0.033001646282600564, -0.3332853160665547, -0.06810089272503801, 0.25525428911449505, -0.3105439737239842, -0.015406813164944822, 0.13067867368248354]}},