{"data": {"0": {"controls": [0.25103252385395136, -0.3323906366010994, -0.18374792154390726, -0.25709597740050627, -0.39100011786206634, -0.4385070737017349], "cases": [0.6739246501781219, 0.7635027502208099, -0.48318487187156783, 0.554425501566626, -0.3907515148063946, 0.15212548215760485, 0.417713843707708, -0.42720185388174564, -0.6179054628045462, -0.19085782253611, -0.4039860422614992, 0.670276016778179, -0.6638972465624983, -0.22090702705342513, 0.819162478865681, 0.689994709145462, 0.7977384694534375, -0.37972576734645896, -0.40873708969402306]}, "1": {"controls": [0.04161099330172947, 0.13073138884514707, 0.056407433839504216, 0.47175274636123016, 0.7296403484360515, 0.5026962757209514], "cases": [-0.11225322190273741, -0.07269683575028575, 0.12737499328121507, 0.007434492059772423, -0.260081551523178, 0.07081023250184376, 0.2697114574021675, -0.22329915749021612, -0.37350860514855966, -0.3369603913387429, -0.44873491094183343, -0.1619150977118456, -0.07701449024031483, 0.7337031535884332, -0.13913608059618265, -0.0721454579299064, 0.0906150432218611, -0.5919351094622524, -0.3628076485238519]}, "2": {"controls": [0.5082873603021577, 0.2439692921078842, 0.4434214357942628, 0.40662248524177963, -0.33131938626297275, 0.0618056181504597], "cases": [-0.11218960417640197, 0.042199842191328024, -0.3203138626469156, 0.0910338144736453, 0.056232240517844874, 0.479395598374298, -0.08162483749084651, 0.2511515914020107, -0.2431881629762474, -0.17661116515401232, 0.11953006517675385, -0.12114687646925461, -0.23556391591187123, -0.2842110477445359, -0.10446751799725135, -0.1253913665835619, -0.30365548898968503, -0.05408946514330544, -0.20987664618556306]}, "3": {"controls": [0.434644711683723, -0.20250563949303066, 0.01832229790372042, -0.30996190480749336, 0.20416910387524392, -0.15355456249797278], "cases": [0.09291723897919986, -0.010531313324487935, 0.1441327492556148, 0.08652431645107825, -0.06187438584300948, 0.151630946488599, -0.14783992518350478, -0.1077629717043989, 0.08400302655151846, 0.08780857253080503, 0.0775545896339997, 0.02242495550904747, -0.1913668696254616, 0.1310569938645309, -0.2725502667790668, 0.06952232392241763, -0.16385414321828856, -0.16623221295975443, 0.18332236878697028]}, "4": {"controls": [0.076287386035797, 0.201264109020659, -0.07160567487323571, -0.027973044531191676, -0.12363548022313296, -0.21740043238232737], "cases": [0.21166129460405558, -0.2420527236354044, 0.03787883549538644, 0.021834624342642227, 0.02177083292951338, -0.17529802132230402, 0.15342924293001256, 0.3255284564168681, -0.10896319200681627, -0.12027042551740323, -0.13311191679611958, 0.08107056740347797, 0.12459794473803162, 0.10059223419266038, -0.15286010354778265, 0.17327495129338613, -0.08846860626505397, -0.0894998876879796, 0.02194902938625954]}, "5": {"controls": [0.05128090364939713, 0.020810042928085373, -0.2342718891033991, -0.17002389030537732, 0.05036792632583319, 0.26426895067297385], "cases": [0.05575519919978264, 0.180933703857977, -0.029522924347974027, -0.02992214301832513, -0.09519990116829673, 0.02543300246619153, -0.08845809886187192, 0.3045761425011095, 0.05003946478914252, -0.10491753953924059, -0.03097693469036002, -0.07600157628345476, 0.023715096129794222, -0.09636236004649938, 0.12102246492997051, -0.05232233789946755, -0.0642174548182835, -0.12500505835984663, 0.04899921099213674]}, "6": {"controls": [-0.17134072539417458, -0.16720357605116618, 0.23262473615844334, -0.05145496280130638, -0.09412286709618889, 0.05727090569745227], "cases": [0.03770754131827367, -0.03919106539662042, -0.03994505294251498, 0.013320630954285201, 0.002507502256060016, 0.0665210953833139, -0.11769302199866508, 0.16978984216145165, 0.009119297065424732, 0.17067806546106634, -0.16917240424551022, 0.10052075408563661, -0.02786533327297252, 0.14188897531324948, 0.04331052603191004, -0.031283307543645104, -0.0461380657254454, -0.09767382114174493, 0.007824331723386986]}, "7": {"controls": [-0.01854284347599322, 0.07111637644598207, -0.13951690671036385, -0.016819523660127008, -0.18809011972507536, 0.18902118113702318], "cases": [0.06564082629093429, -0.033432320241537625, -0.006182281081672631, -0.043357961631321607, 0.0249256237197046, 0.12187156684215925, 0.17808852258095417, -0.16243232448217376, -0.007863403373139673, 0.20323850309402014, -0.06627997466746383, -0.030991669391080313, -0.009116507668115885, -0.005160158550889467, -0.07192573747836546, 0.06184149672042322, -0.12553682140698177, -0.05342863397970972, 0.06293309069281286]}, "8": {"controls": [0.06109528943436454, 0.015741493770426652, 0.13496446907429416, -0.031269935180524254, 0.007192375628356805, 0.006033836098749802], "cases": [0.020063045535752996, 0.02704236741613871, 0.04580632524981036, 0.05096273371824463, -0.04992632892099303, -0.05891455324352418, -0.016380482925136986, -0.07449593212988444, -0.03834096386762425, 0.030483660048940507, -0.11910763704276203, -0.09953188498115641, 0.1877982544948364, -0.13804049876162922, 0.020363132424198786, 0.0014139897949351312, 0.01848316991718435, -0.061551110165388084, 0.06011518461238866]}, "9": {"controls": [0.05237810193733866, 0.06870532242847158, 0.0025932401688878275, -0.06928131769586421, -0.034780159166411216, -0.017853335118488457], "cases": [-0.10991815557488226, 0.0352445859164481, 0.02756787935158799, 0.11788895992347881, 0.03652516620003571, -0.10969075954102649, 0.0705635871299674, 0.04407728957814005, 0.0019253818994161554, 0.09697852291280705, -0.03853836953121519, -0.08417076231945568, -0.10291464734405274, 0.05528978704282889, 0.036776374738685766, -0.08554604268669064, 0.018069306299526685, 0.01476219624596825, -0.026652152795499713]}},