{"data": {"0": {"controls": [-0.30061260594552824, 0.25018256321913396, -0.06271669580292719, -0.3816047773963332, 0.08371570222430604, -0.44235890542416817], "cases": [-0.618901037525841, -0.7090238265319095, 0.5510611983724428, -0.35672566403022465, 0.5838508801125766, -0.5725695136420944, -0.3801847779234468, 0.3636471386160885, 0.8749479034914962, 0.8271254536556879, 0.6231042045850806, -0.6178070990221745, 0.7842972611063839, -0.05626708723988267, -0.7628494813622195, -0.5951462554495591, -0.5700943630521379, 0.7175403047919506, 0.7673894801733006]}, "1": {"controls": [0.3557154950107768, 0.2759851633847264, 0.47585006851660805, 0.4993368514396887, 0.3931560839706027, 0.235478186786841], "cases": [-0.46595486896156113, -0.1822176941817582, -0.11017182540390716, -8.152742916286743e-05, 0.001824459152489614, 0.15573817969430714, 0.1661293049940015, 0.08959630918943366, -0.1480766832952607, -0.20112040897357428, -0.07893203405600961, -0.47682943316043186, -0.18639774487540128, 0.20790980899000655, -0.4506159337680687, 0.0024751023923063613, -0.28257230809055583, -0.16683007314390144, -0.10939447818219612]}, "2": {"controls": [-0.027557834090213756, -0.0405634722288762, -0.13996024632637344, -0.004667760822318588, -0.011758146443758614, -0.08416259205944437], "cases": [0.48263210816852326, 0.06161863170559752, -0.022917034486107546, 0.009834556463796459, 0.00950427264429529, -0.23381727917343847, 0.32800749892917114, 0.19012756998918318, -0.031844702812070844, 0.1274325626012219, -0.21447043252363135, -0.20829524762661628, 0.16627979052108763, 0.2379882573804505, -0.14004634581748873, 0.14317396962945617, -0.349789078069367, -0.16909304167959963, -0.07765600387347713]}, "3": {"controls": [0.09817895069934049, 0.2382665857137759, 0.17895338312353262, -0.27352457713033196, -0.06001037808321746, -0.02321993212169555], "cases": [0.13574455309615485, -0.07785694625646881, 0.14748631574217005, -0.16877088490881031, 0.10056013421678063, -0.0925263613592578, -0.014680695871330895, 0.34292880893929795, -0.10965144665816502, -0.18205295693875748, -0.006208110964475179, 0.08188360067696328, -0.1405027753896426, 0.0714252072014381, 0.01714818331640176, -0.2244517561948446, 0.11862137876223727, -0.0044255502398115, -0.15331472937128537]}, "4": {"controls": [-0.014305592175818652, 0.06048011956841473, 0.15333462756135838, 0.006577137208247149, -0.13833641182885845, -0.04552665761322216], "cases": [-0.10030830082283697, -0.08428338646112245, -0.14191892175896897, -0.22746744375160938, -0.004011187066572547, -0.11138839805559157, 0.22082561831993144, -0.22441638393939342, 0.04940481549547341, 0.14611818079278627, -0.1584612051630325, 0.16433221841915294, -0.0007329311782592442, 0.24324133504474804, -0.006631292335380357, -0.01589146422639367, 0.12994679110969742, 0.056180817056488516, 0.04323791580076056]}, "5": {"controls": [0.022802699236386326, 0.17895789426007414, -0.10417290928993152, -0.1817164005192458, 0.24833568695024638, 0.09717287057992614], "cases": [-0.04263077480636089, -0.013479457256796971, -0.09353593459633092, -0.03054287411168631, 0.05807095902942095, -0.019410577812875668, -0.1601943794455097, -0.07004434665788353, -0.10787451699368426, 0.1676494906181262, -0.12915820469399622, -0.07265555690565723, 0.14314742158617644, 0.030244561414677695, 0.08321132846290595, 0.06811411264602846, 0.09843337602831928, -0.09112484088453006, -0.07959962683780034]}, "6": {"controls": [0.08873239156415608, 0.08704882875807118, 0.019875692622857898, -0.05427624794559703, -0.20642865617091616, 0.17219883919790652], "cases": [0.05110776908639293, -0.01885556980474521, -0.05881454234999154, -0.005320240044110962, -0.030311664900975234, 0.047832144721411986, 0.0010766835098837216, -0.10809644067265729, 0.029428437599568494, -0.16981942009474466, 0.10815483893836089, -0.0007085324494453463, 0.32258119153763753, -0.030538230190724415, -0.10324306778228297, -0.029029230532380924, 0.00771417831150254, -0.10662460456522427, -0.01368454834395498]}, "7": {"controls": [-0.16527436732665932, -0.0662006941695148, 0.05731839375635965, -0.17362613361515278, 0.03740498135469298, 0.0020080395264502502], "cases": [-0.07087164130348507, 0.13017212990457758, 0.04870587429266172, 0.05331161327445009, -0.12433468011651813, 0.1348298035363967, 0.04182340251983782, -0.013328620860774807, -0.019590689548535538, -0.05219457663675807, 0.04077583873262141, -0.11022646156941386, 0.04016119619162276, 0.22097844153324195, 0.0033599399546851306, -0.06047222241803105, 0.003420514754233507, 0.05469114422037035, -0.012841225987359789]}, "8": {"controls": [0.1260766060254023, 0.04847782981205436, 0.0055314192660576265, -0.09699318033752526, -0.10202675367290218, 0.04102371681089411], "cases": [0.006470062832423669, 0.20394433925402075, -0.02880365443003411, -0.12473669332496924, -0.0011906447303956463, -0.019874392019744877, -0.07723239280263555, -0.03069466350492845, 0.08460179792453656, 0.019329098259728086, 0.02789991339432354, -0.12467321135332071, -0.14230026407331037, -0.0036610723967891567, -0.023320605646795046, 0.14066098914393363, -0.03487570365514953, 0.03433742025501069, 0.0720300389701152]}, "9": {"controls": [-0.059132112473411776, 0.058453666779852115, 0.01532548076168978, 0.04795014293273179, -0.13551926628545533, -0.09795717311097922], "cases": [0.01052558390255094, 0.08337590611219776, -0.04174481752886182, 0.11986832301493075, 0.19217761827113788, 0.11320644956873317, -0.07828718929078927, -0.007994226671271573, -0.023833299634985098, 0.08341081841836723, -0.049832959946297384, -0.02561673949051601, -0.032294195348107006, 0.042116184895118126, -0.09405360148418063, -0.06993000586122931, 0.05428768294117902, -0.09198232709359064, -0.012519943378816229]}},