{"data": {"0": {"controls": [0.7607185711678639, -0.7958349933125867, 0.23470198473896453, 0.7660054854114855, -0.4160096732492356, 1.0697234734960532], "cases": [2.1065288566698266, 1.606406980588233, -1.471277077491497, 0.657151779318081, -1.6543149968226567, 0.7479413719695662, 0.7536389559749656, -0.3651476443644761, -1.888695036765102, -1.9161261552768343, -1.5647529434190277, 1.7916884273956073, -1.3458416991789104, 0.10124206299821084, 1.5067320324913416, 1.6413218172754709, 1.1970819688487602, -1.8475664456713325, -1.6753171027927714]}, "1": {"controls": [-1.1994398341436554, 0.8740692286903785, -0.6127898195368925, -0.6986302382348795, 1.753646491127999, 0.6998893079651882], "cases": [0.1416573650029883, -0.13463715802257398, 0.7603256329316218, -1.250788025871343, -0.24101885183925406, -1.211809938581944, 1.9017286212829176, 0.2548148524803666, -0.4864441836912985, -0.1418762776977637, -0.7251147916851749, -0.10377646212870979, 0.04460782729600689, 1.444263066009612, -0.4771328026190014, 0.41443218982219776, -0.24470623537697148, -0.7234563967025618, -0.037813566477250427]}, "2": {"controls": [-0.5107701483647212, -0.9960191371965645, -0.6504173999381133, -0.18931435578455713, 0.5236807746546419, -1.0902615687231636], "cases": [-0.8222087190424997, 0.20228523871318424, 0.44245821206544733, -0.46672231632173183, 0.8779943950240819, -0.17127672909752767, 0.043779593618971935, -0.9618296673145729, 0.21617630304756014, 0.12067901052443508, 0.11453374853825599, 0.925435303583877, -0.013490082125604194, 0.18604310493691956, 0.8643974406404625, -0.0010917944284026821, 1.733521947385402, 0.26641837982120403, -0.644001534216982]}, "3": {"controls": [0.5302634878962873, -0.7900711591137105, -1.0637447278200982, 0.19695945193115832, -0.26897176803743406, 0.4641891488071917], "cases": [-0.03440376556125654, -0.64727481531649, 0.39476337993567967, 0.7558116727842837, -0.08570155182853464, -0.9874209909086263, 0.3630085071363352, 1.2407087561277383, -0.18833037332853525, 0.10305848791948377, -0.4655940764609315, 0.6029843825244395, 0.2334690210107858, -0.3668994130664969, 0.3809542358200791, -0.966914335683258, 0.27834980144170884, -0.18750082689041636, 0.5083074706806179]}, "4": {"controls": [0.647487583950244, -0.11393453041532588, 0.948920184038245, 0.06643604666519491, -0.5420119128097459, -0.39086889983434564], "cases": [-0.29243489608168577, 0.1918314622031802, -0.5264971714588706, -0.35774289585930746, 0.40493775905431645, -0.4683850556915564, 0.6243888735532267, 0.3332294955386994, 0.1673184324190594, -0.08338843722761265, 0.08799087588506711, 0.7464408196184438, -0.9433028897006016, 0.9125477734703681, -0.820857363502389, -0.7255470895680924, 0.019741522004952477, 0.2055606181365804, -0.09186030438804653]}, "5": {"controls": [0.005306875100866477, -0.2399661962034332, 0.28336072270417534, 1.4773447374167168, 0.08795132836639707, 0.4269821093137396], "cases": [-0.5604709981481335, -0.6947894267636472, 0.209580236535734, 0.17479750343881775, -0.18634496910450474, 0.5127815709817574, 0.196647029688387, -0.7317300279821453, 0.05434734286332019, 0.056484344834681156, -0.5543184305537019, -0.15249370056809924, 0.6235944382489942, 0.5894374687731325, -0.2902437780543991, -0.5210317690799129, -0.025398692297960997, -0.26783675587135425, -0.4739909636394266]}, "6": {"controls": [0.5754873098782095, 0.46715267779166303, 0.739635209964141, -0.8601443974228129, -0.2606330306419716, 0.3288798569563946], "cases": [-0.24040151130191162, -0.41488867221944564, -0.1026189581902821, 0.03505399107810401, 0.1897516022190518, -0.5225982112998836, -0.064657325432724, -0.4473146454002324, -0.43808990939131975, 0.09333146537387885, 0.20097463432411425, 0.1559295399193346, 0.8846893415486804, 0.022267053252686558, 0.539085500584087, -0.17514719659160202, 0.11608194223576061, -0.4785897172487301, -0.34323654998519004]}, "7": {"controls": [-0.3161440559954745, -0.4051217187026377, 0.6072376274592167, 0.02087575880080491, -0.015847421361991094, -0.6299882226387203], "cases": [0.543587604064609, -0.6581445542663868, -0.10722478071826977, -0.06005316269776912, -0.08736920756782937, -0.18719580017283446, -0.04811827393119839, -0.006753894425171547, -0.05900213676645705, -0.24758712179464665, -0.42012386725306405, 0.4270252851528185, 0.6414166093837349, -0.1306204238387862, -0.5188173574895208, 0.5971489985132152, 0.24715206258877456, 0.07503829073434715, 0.7386297629232348]}, "8": {"controls": [0.5700126455540164, -0.053304843504512284, -0.11923193479453145, -0.12647799515583932, -0.04787277086784112, -0.07874103954695691], "cases": [-0.42968482250465606, -0.4912533985685836, 0.6802519449764479, -0.25335232254814083, 0.2596367552124393, 0.44731478387092044, -0.27414407772157584, 0.394650528952341, -0.17712335561900183, -0.42458857619313833, -0.04769481672853626, 0.16422220422819842, -0.23735722814421029, 0.19607089638167316, -0.032863724573323205, 0.6348411544544689, -0.2718128977588657, -0.14803918194839566, -0.13345792745239696]}, "9": {"controls": [-0.35061846640358524, -0.308677992540328, 0.12356608064562036, -0.3018602343930281, 0.018720920822693565, -0.1503124008031175], "cases": [-0.013821706766401588, -0.34688762963057074, -0.07249425487331534, 0.8414299278130846, 0.13507526006824558, 0.13734199785415485, 0.0677846012044324, -0.2134025333017129, -0.2635637480480138, 0.10948152144608783, 0.10121672557017225, -0.24847697631097218, -0.462081963428795, 0.6974559489068457, 0.42485272539424085, 0.037215303235788595, -0.25026459055952444, -0.08594689416646126, 0.3742683782644604]}},