{"data": {"0": {"controls": [0.03357181348149806, -0.49379322524015756, 1.8524704934873568, 1.3664950522972599, 0.802486436498845, 2.045969068591363, -0.21618892396887124, -1.0767625945523767, -1.0235351328821434, 0.4191342708948187, -0.900248337069082, -1.5859248212444998, -1.4663301217684162, 0.9645155030118215, -1.150068224361635, -0.4686425004756892, -1.1000452058044692, 0.6967755169344139, 1.2072596789108778, -0.14251778598931059, 0.6472450919789263, -0.545073179618505, 1.134247282332899, -0.9987289365848899], "cases": [-1.0298380190157699, 0.6927732428183615, 1.5319967735806197, -0.6166268015153725, 1.0288112001664602, 0.7099945031809604, 0.8376749461386965, 0.6883901443888877, -0.6722188601968413, 1.095590784010038, -0.9831120634509878, -0.10255701150958287, 0.27015361724741555, 0.6926155649202407, -0.3024218760647657, -1.3759761077640575, -0.726054971445214, -1.5797941287333002, -1.3168478844353342, 0.3457626047568009, -1.106019520480086, -0.598692694766939, 1.4656269626543708, -0.6171830288539233, 0.04763211294621714, -0.42335722177844537, 1.1862861298494736, -0.13474568530053185, -0.7592300687965851, 1.7490561385891599]}, "1": {"controls": [1.0818906754529085, 0.6304138021401984, -0.30725671287557754, 1.1602553158654358, 1.3850534188778594, 0.09675726346689133, 0.4205577499196257, -0.1702764066127353, -0.670079794558206, -1.2074085222100261, -1.1584425419131885, -0.4252206437182035, -0.38339486823542196, -1.0811026385445186, -0.2772853500350555, 1.0834025887047476, 1.0371542887649008, -1.0695221536745847, -1.128837763863207, -1.4807761264382868, 0.27888358607827185, 1.5788444927123084, 0.580598692796323, 0.334537728527516], "cases": [0.9581741192021271, 0.4892767848326201, -0.5686950015166756, 0.3744290427621159, 0.6839140544290939, 0.6928489633061453, 0.8055966565150693, 0.815963140164006, 0.9573584153845974, -0.41942465096079823, -0.9499444967406167, -1.3398077695030517, -1.4041737597655162, -0.981209347910178, -0.8080177036536565, -0.15481936204324054, -0.9336100937967815, -0.5003656758865676, -0.13271508497975282, -0.061122347668422033, 0.6601381771421242, 0.504595270256585, -1.055207952302052, -0.6175173859454417, 0.3119580901115175, 1.4879729472185759, 0.12732408819561317, -0.528321118350016, 0.5145074918136108, 0.7621484290609907]}, "2": {"controls": [-0.30942787255520976, -0.13301957429949604, -0.27114351475632625, -1.2219559198930985, -1.3261349266847133, -0.2413176402880675, -1.2373086601003362, -0.07694779983265712, -0.5820327298867379, -0.7792143260997668, -0.0943308292752941, -0.47373049731421213, -0.5367816230199209, -1.04230825142451, -0.8901478270591449, 0.1826112354086223, -0.7834436392141946, -0.243777652712001, -0.26825861532175194, 0.09762978517018917, 1.0340281705386232, 0.568004710378245, -0.38282119021569644, -0.48735522856267055], "cases": [0.3457946826974741, -1.0877468626605862, 0.16679060846485336, 0.030914536969591976, 1.0922469575011808, 0.9915024388016991, 0.16305934407031633, -0.5139944090465635, 0.019366864962462663, 0.7821599546906923, 0.317657066536024, -0.2242005649580103, -0.07504391430382627, 0.403601549193374, 1.3167837221493905, 0.1772181619488183, 0.701150445908788, -0.1136270151686046, -0.13882864604762657, 0.9808164694065382, 0.6222714460886218, 0.0740922490015525, 0.5198872756976348, 0.6776955443461857, 1.4557059202616958, 0.8006951268034956, 0.33967891715957443, -0.723871983957414, 0.36109956878226135, 0.03630896172052547]}, "3": {"controls": [0.7012801482851606, 0.12267541345240322, 0.7642792948305465, 0.7417311111723662, 0.31433418809211844, 0.21790538713492402, -0.573056172901004, 0.008850496461087919, -0.18333065947678706, 0.005350743947411589, 0.5773802471119776, 0.3318439768924534, -0.1037177446510307, -0.5184717863678687, -0.3917338370844392, -0.2620021029343607, -0.5221702696481304, -0.6909509393547782, -0.7476687998105886, 0.3464158407746489, -0.5332516364151483, -0.597114946684528, -0.9739728833135183, 0.09215280476154498], "cases": [-0.3489602820205528, -0.8864832295583714, 0.0912301043650333, 1.145205849498677, 0.6098363031856665, 1.3110753219651061, -0.15424675328457585, 1.543716641930615, 0.04895001739851861, -0.6211270351150867, 0.5683571311832548, -0.17486028416298258, 0.6394852360854504, 0.24155519979090048, 0.2103423611933426, 0.2750306269146113, -0.5635168778003885, -0.08947325644322504, 0.36918516810868957, -0.887908864073749, -0.15805475670376082, 0.603234466752941, 0.05304074210132994, 0.3073114740668358, 0.09484411913238387, -0.9638389738962921, -0.9342422417452844, -0.16918696852536202, -0.36019687506790216, 0.07293776044971642]}, "4": {"controls": [-0.8005592583281022, -0.43508830261796566, 0.24142739784042763, 0.14931654077563736, 0.5128424482556064, -0.3026067604902215, 1.2424079610253702, -0.9024470868805409, 0.19446679215147614, -0.01858768571058849, -0.07859365022965631, 0.3975512409299889, 0.23600748825201176, -0.2567472057535662, 0.6551216356665935, -0.9368587154028758, 0.20514617742041744, -0.6891283941843086, -0.09558700050355776, -0.2623871517556988, 1.2843734015095545, 0.7413964708724767, 0.5453104832030476, -0.8019115266858611], "cases": [-0.025215237515132213, -0.8380324180449226, -0.7708500124642342, -0.0049197260829633325, 0.5501964641072057, 0.5651455565340602, -0.21807711060325036, 0.32081607293723075, -1.0730991032042314, -0.9300259147554089, 0.23132992822565832, 0.04990912307267786, 0.003774277754010152, 0.7462401250059864, 0.29790278791178487, 0.6378817335083987, 0.177964405431699, 0.02328695316639341, -0.16597550758120197, 0.027429741157975716, -0.45356160244917676, -0.555629504195347, -0.00010530991289710557, -0.11845929768735057, -0.10474113927160457, 0.5218164171287153, 0.2547201139312029, 1.0143466080541645, -0.7196072538451062, -0.26932646967400437]}, "5": {"controls": [-0.23194080323602917, -1.222902534029118, -0.5248574120939471, 0.3827291913934909, 0.3976872637145409, 0.8835288925261366, -0.6698093876155083, 0.3473095954055677, 0.2474492206400418, 0.6977158327802659, 0.129708551798885, 0.3405161422912108, 0.10774648977420556, 0.5968549621697379, 0.362819529519819, 0.36695708549273887, 0.30703411773388123, -0.8773681612154588, -0.5538180482327636, 0.42587561498436266, 0.22502694841292747, -0.23411334103191525, -0.28386417595383107, -0.03466624711631914], "cases": [-0.6362412060641501, 0.020557409807301898, -0.5753911835743658, -0.1034307044799662, 0.049762867899024676, -0.03405342066121703, -0.25652025490641744, -0.4906493676129522, 0.2253723500754491, -0.23476551687205924, 0.33862738825460353, -0.5870837766387604, -0.5553980626569031, 1.5770683503703482, 0.2079241216860242, -0.5904051747478599, -0.2532898140368877, 0.3080221728156261, 0.4925465657191051, 0.699643451466035, 0.7435498996031308, -0.49839224277322425, -0.336266181110591, -0.6573975392879934, -0.15432658157159673, -0.00868350261771125, 0.0045523912494084585, -0.8097629502580259, 0.12523493354103116, 0.8035762492706725]}, "6": {"controls": [0.900032469489246, -0.7949604065549786, 0.25607290241412506, 0.06196516412494788, -0.23574708542483075, 0.09297164840350734, 0.02908325723238892, 0.41016562439804327, -0.5454040968895303, -0.5646424038889982, -0.5122788342172396, -0.06965813951856616, 0.38095826329340843, -0.3573510226476149, 0.5181629574921085, 0.4617126681474501, -0.06793225407995304, 0.2593195976382592, 0.39973055002470975, -0.15932761217634328, 0.6132397738897509, -0.07898873664188975, -0.5858287866223835, 0.5388417752756786],