{"data": {"0": {"controls": [-0.06960776170219014, -0.3860069239635246, -0.3686557576630007, -0.3385744413978483, -0.46520003826268214, -0.2182157048374673, -0.11317495635439483, 0.5054876213544068, 0.27963959701130664, 0.2889066198390334, 0.5263849343611166, 0.4942431435659214, 0.4497630734688501, -0.04482582017734798, 0.560073288611866, 0.12471301970558576, 0.2513038823714953, -0.011398748736319646, 0.09766981509170083, 0.11364958400736105, -0.2466835974249565, -0.22651923845207642, -0.3974650821166263, 0.17913793926532853], "cases": [-0.2725870489848408, -0.39703245473906273, -0.22226488880234196, 0.05330816846460673, -0.4243512640221807, -0.2976287923824892, -0.5098517207200768, -0.35509289962156665, 0.1814114685712298, -0.2790359657629867, 0.46943407033082357, 0.16986617132529142, 0.0826102586817345, 0.2586319493780417, 0.16495762990478136, 0.4170404797007259, 0.32549073043786075, 0.5594221781397335, 0.346936584990499, 0.08320352514420143, -0.007603691063422354, -0.25425725735758303, -0.06528126930961568, -0.02162195375094771, -0.283814010152358, -0.22695519020343657, -0.37347558557686966, 0.17389905105294584, 0.22461643099044057, -0.5046191522286705]}, "1": {"controls": [0.3719703848037949, 0.1670420238307643, -0.047315806409068926, -0.03817043533631806, 0.10088178599225608, -0.21356113388196904, 0.06971586226538745, 0.058472316165392946, 0.1853573566908236, -0.4305365189864116, -0.06030767761629775, 0.2087608414058716, 0.2704459265166644, -0.25097800139164633, -0.07444852846457274, 0.2930108792699193, 0.2557010362490382, -0.1347149945774614, -0.47493361666377243, -0.2180663522892705, -0.05715265413895089, 0.5322057300437225, -0.257409668356359, 0.3021934137611927], "cases": [0.2711168907387407, 0.10284700844459055, -0.22746072103492815, 0.2200024726832001, -0.21795030844633964, 0.10384908870848056, -0.03615836931362363, 0.1680558237322107, 0.3219343835587355, -0.21859749839121062, -0.0014590218237486247, -0.2380866359092961, -0.4740371409331385, -0.39490310364905534, -0.17536167546138157, 0.04536949342338269, -0.27816224144110613, 0.14013247793655578, 0.16701048146147027, -0.41587149762214737, 0.35754382960163644, 0.17214651363506112, -0.4115460240434612, 0.059381569523565034, 0.06376529242714843, 0.6611688947554546, -0.24343089115408276, -0.17468165742971298, 0.18917974986362737, -0.09395935272336492]}, "2": {"controls": [-0.22115989367492137, -0.15538077380291684, 0.4020604621488762, 0.5374092729399637, 0.4799326455317491, 0.25531691027629655, -0.013609330437533512, -0.13011931084484418, -0.1611393152590496, -0.09948896724425489, -0.07643738109179941, 0.24042794183457786, 0.044217257685042935, -0.07671382766707623, 0.05352333548976001, -0.15330266258090294, -0.08865019263510811, -0.10943156561553416, -0.1035599199839028, 0.01898195449418916, -0.024902078985172264, 0.07091604240446334, 0.0525365748114457, -0.17627292711331544], "cases": [-0.16423161571304026, -0.33189170703838666, -0.18396233688397962, -0.01652342959383366, 0.01087507038984414, 0.13941220927708767, 0.2644438281550262, 0.13798758178262635, -0.026033257922091154, -0.21331620722344244, 0.22878423367219297, -0.21088544687529326, -0.06467200052232082, 0.280507465760365, 0.017442931185561953, 0.1413807426279133, -0.015362460209676396, 0.11658372879068182, 0.21120009935317466, -0.038880177565950885, -0.020759479866883028, -0.14832192992144924, -0.13763654881963658, 0.04162823148129885, -0.19264802125275804, -0.03539633325665186, -0.1979166341206635, 0.07433409077065922, -0.0467736041256764, -0.1845232730147246]}, "3": {"controls": [-0.06277088162822629, 0.011982662142665853, -0.09239106051468599, -0.12991201634010144, -0.09382010464362313, -0.12852779528974353, -0.09751914679462001, -0.09274346769095548, 0.11418358921778812, 0.030205634630435255, 0.020124957401275435, -0.022590560486821426, -0.046906469791597766, -0.011542963566982875, -0.234082981923379, -0.01058624761830222, -0.1730708488237775, -0.28924289883295157, -0.28296655269634235, -0.004271096522212005, -0.01828089757227034, 0.0508332128960437, 0.017261199632268336, -0.21199703604229653], "cases": [0.22999270057264012, 0.03233979017355314, -0.1293008672258169, -0.006889470955359012, 0.058809084569558294, 0.1718501322266074, -0.01298586315681693, -0.08883579154521463, 0.006969354336935228, 0.22538968543774943, 0.07209662163362471, -0.06738911439695643, -0.02106477393084522, 0.2877537554702076, 0.14030157304888177, -0.059007484139042464, 0.036430560008785876, 0.17048233090962595, 0.29678918163946905, 0.37910564700207244, 0.002747394931908519, -0.03180094740813169, -0.10730421176077685, 0.0784067836043855, 0.02646100398305595, -0.005644736156181147, 0.01937889026103792, -0.191403431274887, 0.12039966134876127, 0.12455431164957953]}, "4": {"controls": [-0.008394196990489499, -0.132326104612085, 0.000420905624002632, 0.056759341608056006, 0.08002165144425266, 0.010389230638561826, -0.24034614060669524, -0.013578066383681028, 0.08986532901371572, 0.03399094227749256, -0.007228215572093931, 0.2088878841165175, 0.14174178604402884, 0.21220007951470019, -0.07522744974915073, 0.017269950096657445, 0.0987015492032606, -0.015781436495503568, 0.053530830960316, -0.14803277936421122, -0.09362488238022741, 0.10590475285560556, 0.4207682153417891, -0.0032457542680702253], "cases": [-0.010487119108538626, 0.12509023958600615, 0.010118341980335593, -0.22800018677198497, -0.23683123866937528, -0.2213200002212366, 0.07067422747859096, -0.16136979831167653, 0.1472399247121761, -0.03957087809924396, 0.06370944341521981, -0.00750342031796253, 0.0026673856480398032, -0.06169787075918944, -0.12421904826485708, -0.017582857229015737, 0.00517460765808162, -0.06068063479906216, 0.069960071009845, 0.03878285167478831, 0.11078277548318322, 0.06164691797587045, -0.046027200632443185, -0.11428949036501088, -0.051951751676956114, -0.0872749277542124, 0.18927410640914916, -0.2150995248339665, -0.09368776696793546, 0.089805399434628]}, "5": {"controls": [0.04611323495104051, 0.01849813440628417, 0.06474905626226596, -0.12291524806952632, -0.035588866748880385, 0.1353090574922678, 0.02410204486759571, -0.1381968315883393, -0.07674314522307096, -0.05190055571171816, -0.14801757225242948, 0.0433596845274863, 0.08733158568432067, -0.11693539156731571, 0.03418729276346461, 0.1992236983848479, 0.055428171687120546, 0.11255284254393726, 0.18152738920474173, -0.19893881203715783, 0.030114459602299117, -0.06145586211532106, -0.037101004477484316, 0.1426037254081853], "cases": [-0.04846468010796669, -0.05299948991646344, -0.14464492167640838, -0.16711774266346424, 0.14416585918941519, 0.04008636259963051, -0.1440646000912971, 0.060391261624183665, 0.080527623564304, 0.0936102220403924, -0.19340142276773195, -0.16580181846533354, 0.11670013933562073, 0.048024329664158386, -0.022370003752654303, -0.0777284394889634, -0.17093944425334995, 0.10797038057565263, 0.2423152574926051, 0.09105902863826923, 0.09674640688778754, -0.07798710680117818, 0.16614898467451594, -0.02090961406083837, -0.16528862739582517, -0.035280069082830795, 0.05854549465585638, -0.022011165306302486, -0.014519243080994119, -0.010070050025404087]}, "6": {"controls": [-0.13633133036852826, 0.0204748058316313, -0.058651503517077104, 0.08554053666500057, -0.06319474162415822, 0.045514177628357654, 0.14314753169150127, 0.0432301769628915, 0.30397276715170535, 0.03218058250459264, -0.009916948433310672, -0.11465296221650466, -0.14703372908896745, -0.010730628335110341, 0.11905889518115514, -0.0796513183880005, 0.08541092613779044, 0.10301235252722804, -0.09410322592145795, -0.0908998523229971, 0.03939215359444789, 0.07840804716857794, 0.07186614829918765, -0.18512053228887934],