{"data": {"0": {"controls": [0.20331699689064478, -0.7381082293504352, -1.1841962635759689, -0.8724013016410942, -0.6862496781254991, -0.7718993829129922, -0.36542940893598475, 1.0823220188155902, 0.789859010064517, 0.4663923917159127, 0.830969814546566, 1.078507134889732, 0.8649981173642997, -0.02359523846530989, 0.6213685620426239, 0.7603093285454191, 0.6814058684523261, -0.5566656364841526, 0.009360094958892576, -0.34936675267304607, -0.8844146744263285, 0.26252719946371783, -0.9581372827937813, 0.838360930405941], "cases": [-0.0799979577894842, -0.37270067006135954, -0.45178804224183317, 0.37263069786867425, -1.1011628134117006, -0.34600474780117374, -1.1088267773646003, -0.7995555251427567, 0.8030130790811928, -0.6832140973907824, 1.1429070742461522, 0.5277927856312674, -0.44514841219189044, -0.03256899157098641, -0.3205206398368058, 0.9490005404552447, 0.3721818097596166, 1.2079308235124695, 0.952212926616908, 0.08757509075198043, 0.4645169975388778, -0.6130163511476127, -0.7030127488320692, 0.19185638784228, -0.3224953042474488, 0.16539426202934798, -0.8917240961947448, 0.1679553946936763, 0.6565181170770377, -0.8889824306510675]}, "1": {"controls": [-0.7100059872671209, -0.6012357987720358, -0.30228716975881026, -0.07367226344083994, -0.5028959771835204, -0.21692164253567106, -0.16404822597358076, -0.09809515936496598, 0.10481036319104595, 0.7230617119017672, 0.7702319088794, -0.0108272773534982, -0.5113316605177803, 0.33181435544413884, 0.22740262360723515, -0.6647989093757666, -0.17122546274979356, 0.30011656976732337, 0.7314224639388602, 0.39332159160020264, 0.34626627226565926, -0.8062720743645222, 0.34030346237786974, -0.5767975112417374], "cases": [-0.7559540358799836, -0.7735306163987193, -0.23838336719673023, -0.31923253118116285, 0.2050590887660134, -0.39843996600623083, -0.44849256131877346, -0.4564675421690677, -0.6028808217925556, 0.014237526694298477, 0.10326244231060817, -0.05266874672645699, 1.0081596776211192, 1.075633598729567, 1.0606823798130103, 0.0886931166340187, 0.9044908983147547, 0.11874531235601977, -0.059949144646757165, 0.922376308046518, -0.46307872224524604, -0.4490302490798493, 0.3879952865054072, 0.6572063726661116, 0.6996000795451646, -0.7765910318796625, 0.009319142562803258, 0.23116056451416567, -0.14992971264673507, -0.4003289489855116]}, "2": {"controls": [0.13564281546517779, -0.03639546079272278, 0.4955566864079279, 0.8699782235527747, 0.8720160588701797, 0.5569077664622311, 0.6594684591942578, -0.11477896738374241, 0.029106561793624138, -0.3765375877675247, -0.49070820516544705, 0.26662775071696315, 0.1050850795031412, 0.12370284048174007, 0.7146925817856347, -0.1657543910056929, 0.1784133757681697, 0.1873844296617821, -0.018515252505967184, -0.7571237749099395, -0.5019312407797354, -0.6064029304402281, 0.14171749495917904, -0.08023749931016987], "cases": [-0.07299190374169595, -0.6406192513685612, -0.10186299721462468, -0.25592615816287967, -0.4456674555870886, 0.44432055568076934, -0.05963782574317528, 0.3752713542959239, 0.12958046899707185, -0.7745817711033407, 0.3296105836564165, -0.3676840806539104, 0.45894547198756264, -0.027932055354706352, 0.23941540692181942, 0.1504817285538871, -0.08992580228574605, 0.29169090535780523, -0.030742162223706317, 0.057672305001438794, 0.06526948108089059, -0.5117257886378451, -0.20797531161739535, -0.23876121778173443, -0.3394004538439365, -0.4772247463591635, -0.607608942250291, 0.7700637021588724, -0.29214445274081685, 0.0421755984165472]}, "3": {"controls": [0.5277379672717007, 0.37355152465722813, -0.06124301348539002, -0.3508073705838721, -0.625322546086763, 0.14911265744235228, 0.7573920119905801, -0.16865390942389955, -0.5520437182573913, 0.037703020910176376, -0.21446992267477036, -0.16309818726478353, 0.46923661575934267, -0.611731377735159, 0.3554756736437072, 0.33357325582335745, 0.17912062796180853, 0.13400118645123527, 0.8076449979113965, 0.16414246050947734, -0.025873050999313373, -0.662879977001331, -0.23299971791746235, 0.35287799512988616], "cases": [-0.005497767325846917, 0.004987830623412672, 0.15392691104657438, 0.3506900477425167, 0.04358497006707233, 0.07654077687580334, -0.32285207831452345, -0.36504235745131275, 0.2099904186513999, 0.46413256283341825, -0.05075649567808796, 0.43120413388863466, 0.07336890901277385, -0.4136559749364033, -0.22573090728961662, -0.2151615464398613, -0.20591412589932714, -0.18924109414735993, -0.3082887472837393, 0.29152010282317264, -0.022925191372626542, -0.3402331105765884, 0.9360847439563947, -0.0803141491839609, -0.33959875636150005, -0.5258214065770168, 0.034942278264610736, 0.11403067964487941, -0.32699951913252595, -0.21941834149247955]}, "4": {"controls": [0.2770217594419153, -0.25381480047184296, -0.1075223074144051, -0.021207299165516436, 0.4405637177286116, -0.19939774923868134, -0.3035110114644506, -0.13510666079693787, -0.16236787287394705, 0.17243435130091994, 0.06391724129386563, -0.08094511920152836, 0.044021837471948794, -0.17751270249704112, -0.12533686598851768, 0.13672044691572108, -0.15213546739101041, 0.874413933394532, -0.05330231510435342, -0.10930021199264427, -0.3376992785214095, -0.07708601769098371, 0.6091138386563377, 0.36340147431841313], "cases": [0.5942191901732558, 0.232869220700791, -0.4685857316811017, -0.786856069409429, 0.12375781988680294, -0.4372937279794694, -0.3466083009692746, 0.0220942529631623, 0.40095075783504147, 0.579908402404537, 0.11335811930400402, -0.29113129286051637, 0.1484973063463664, -0.15249699814066514, -0.0864005308091416, -0.08012361974399951, 0.4060867721995582, 0.07466462722655394, -0.1912652994439744, 0.23408483607241884, 0.23238054355845816, -0.1967292480515347, -0.2528184824178952, 0.09711239294244167, -0.4784139460475202, 0.02278516964092895, 0.2836347765946665, -0.1371049973041733, -0.1883634922428473, -0.15757537145644016]}, "5": {"controls": [-0.1302398995980725, 0.6203700499825985, 0.10091237649761918, -0.06414344372775582, -0.45626134471039176, -0.19252296619263262, 0.019159067835947362, -0.022171416171292934, 0.3675295909485608, -0.02526499262540819, -0.004193324667708399, -0.07939633506309463, -0.2423753356556084, 0.28777549739592484, 0.05779320016875374, -0.26430697294950906, 0.21152629972303322, 0.30508794013844415, -0.2192325793013657, -0.2553022618880286, -0.3671596978413101, -0.4488574406975032, 0.2562260069352037, 0.13950018048117735], "cases": [0.3323647043222179, 0.5971425907760531, 0.2535221399200442, 0.08825912325238766, -0.24225278396828545, -0.15288283555559898, -0.026225153847465016, -0.23335234209519184, -0.12622925060656492, -0.16327377158632095, -0.12700011740651326, 0.9634709362012972, 0.2735416500410713, -0.08585063833710913, 0.0321842270646407, -0.187089400604337, 0.47026382910616976, -0.1291139360538038, -0.20441137283107005, -0.2752128117194932, -0.33127392376792303, 0.4746547566960463, -0.62526710837149, -0.039576814087605154, -0.11831457974358979, -0.3079679243145931, -0.16489553916076505, 0.3520319312664914, 0.008878634872803628, 0.0994235815209138]}, "6": {"controls": [0.3349480995569084, -0.023911982501913072, 0.1701704374334638, 0.2709444972855932, 0.004701949905612759, -0.02042269496815951, -0.062370810990042096, 0.03780712221916921, 0.1346964582496708, -0.07293201250569248, 0.15606779870317364, -0.04268525905853825, -0.4550601136103934, 0.1424739268353794, 0.0740621376119341, -0.20791452769110774, 0.2862902607861698, -0.02811177046233148, -0.09969913607703501, 0.29788984239128397, -0.6020326230798961, 0.1604772780574322, 0.6700283033247828, -0.4468060457970801],