{"data": {"0": {"controls": [-0.25408145540301824, 0.5839163432494845, 1.352510722806565, 0.9845279467779691, 1.1233040518871455, 1.0838504331830154, 0.09062593542402814, -1.174319460355667, -0.5818408787617769, -0.6245795803501469, -1.0713181448969304, -1.0715573138774956, -0.9223084740655884, -0.018454033907769465, -0.686831750335194, -0.49236288262965466, -0.7986990534684428, 0.4645916291381773, -0.08354449023244763, -0.07718247907751061, 0.6391020426430358, 0.32224725920668085, 0.7118123615501345, -0.5727157578967197], "cases": [0.2928532940646895, 0.4920732358516365, 0.5143404550148764, -0.287672016170031, 1.0344046904438282, 0.6625611488386467, 1.2103954419338285, 1.0559976649323328, -0.5978944067500123, 0.4743610262323233, -1.239409405671507, -0.41692741688540724, 0.32349973324871295, -0.07067770460894456, -0.031117103227248158, -1.0642869116519755, -0.6178951061530553, -1.340812158516926, -0.9705546242749032, -0.13751997670266689, -0.28553525025201626, 0.9278725982118349, 0.4478973539243147, -0.23805069341865645, 0.2793950011725953, 0.15860127879217695, 0.5598791028995092, -0.18602265116781144, -0.8495273564895024, 0.9730777857714844]}, "1": {"controls": [-0.955183518608007, -0.6073748803104425, -0.14474801224349304, 0.021888456797434973, -0.28190090204635826, -0.12473566921837533, -0.2997559877004053, 0.11049335180980613, -0.33116156726705437, 0.7119553749689385, 0.7970210603680505, -0.3723892708009042, -0.5881726573786037, 0.05056904359061435, -0.16810039286314513, -0.8207858554017791, -0.7439729093618396, 0.08898159557211419, 0.3764780127028857, 0.8744623750163565, 0.8927158469985942, -0.395660381380436, 0.2067776619308958, -0.9537561917201149], "cases": [-0.8636505451356982, -0.8812330929921991, -0.5178820921245079, -0.3682788953269981, 0.7567470691519765, -0.4070753061595922, -0.041637389006437216, -0.04628449343772347, -0.6193872942653773, 0.4801837369413357, 0.3053596185010792, -0.2741391915049279, 0.9342834586154312, 0.9273353675566979, 1.2478715072289437, 0.32045897308145854, 0.9384765489033912, 0.20366441576733446, -0.19631320959768342, 0.8736474778286929, -0.6639107934084486, -0.7007090971883722, 0.49816115400665106, 0.49401102927019414, 0.8031672332038168, -0.5044198997088014, 0.10827772935102646, 0.010319207640200244, -0.11024217773877167, -0.05044563290742601]}, "2": {"controls": [-0.18749728115117462, -0.7323832014242522, 0.4704518381236766, 0.7246937230953742, 0.9570232193516088, 0.5517884452857575, 0.46551931298213084, 0.031562745587456004, 0.10306313093654836, -0.523646071441891, -0.2591594679658121, 0.38328226264484644, 0.18582989727910693, -0.06163537901914356, 0.7795990235566608, -0.10076208449374886, 0.193433972733158, -0.2599772069240183, 0.08055507783334345, -0.20917879398797531, 0.014892472463739958, 0.2468687894555686, -0.47775835521474086, -0.19113835002345453], "cases": [-0.4725191358329936, -0.892749983232411, 0.1469113458702065, 0.09721078043316955, -0.27489870572602343, 0.3042482070611532, 0.12901508484113247, 0.39606587452790065, 0.1858075730502221, -0.900925149284903, 0.18325451691868935, -0.7015811112665249, 0.04629855988007169, 0.6387399913149813, 0.4733776091272453, 0.17617291185997297, -0.37576328586346003, 0.1835172249016512, 0.2861029646584078, -0.3933927526232418, -0.19845399020771332, -0.4184803094582001, -0.14560525560869392, 0.12303888722031164, -0.21718091344051518, 0.056128274916973905, -0.7435353716191424, 0.20209364300031588, -0.14863115395043322, 0.07030594884908721]}, "3": {"controls": [-0.1097256928930265, -0.14257155939673882, -0.06810605419255947, -0.11446716072944689, 0.2229398468540551, -0.028434149330540642, -0.8632154492787396, 0.43854692790414906, 0.39731355749016556, -0.010288649256991614, 0.21729315349666167, -0.1331750765134069, -0.26688729142396006, 0.30783185726746215, -0.6459240609363202, -0.3063031868860506, -0.23912582902795496, -0.49796727762669246, -0.6712200122998633, 0.10174521920192638, -0.35465670813967376, 0.9266263192494943, 0.2965584645036755, -0.2977664153665289], "cases": [0.23608157506010427, -0.015008153856094487, 0.0378613156836877, -0.33267548785765844, 0.11770843448574184, 0.41622504089998225, 0.18281205577314769, -0.09345989433380515, 0.06770286032261587, -0.25130363177177617, 0.03376955008716004, -0.543423742279586, -0.3631039145642122, 0.20109628641304425, 0.08851769432231489, 0.14129423074818892, 0.17219569488414066, 0.04123675299081369, 0.3936461218944324, -0.3777289730600935, 0.29071607986846526, -0.13401662798264483, -0.7051250714096575, 0.5182500726870685, 0.39023950299050025, 0.731418491789286, 0.37318106028508446, -0.5622298673104456, 0.5207712367712768, 0.26433053379982363]}, "4": {"controls": [0.0054175359608537345, -0.06634314760597326, -0.023605798092239998, 0.06562218175036512, 0.24822250533902232, 0.08432010204824668, -0.09848659117832181, -0.16970667115809812, 0.2786317467097363, 0.2859345910428892, -0.06528904561965244, 0.09888561166071642, -0.08283110453872933, 0.7207503302682389, 0.2860458876792804, -0.22014702118574195, 0.04573552868932477, 0.8503110806623696, 0.010001745451070996, -0.5869841353416024, -0.7568064391541066, -0.29746594137856375, 0.8510848905968292, 0.022736848380133616], "cases": [0.380122668940221, -0.03935620784003227, -0.2688105053534546, -0.7055765527005774, -0.4792632434442696, -0.16079020920050094, -0.2558946525679929, -0.03748391873420389, -0.019310126449584995, -0.07331427763837439, -0.04030662967712419, 0.02955447534654018, 0.4985196334699918, 0.32095532866789583, 0.012711228283031926, -0.062275051217940226, 0.4595675357938839, -0.017774123330711204, -0.007803050631851221, -0.007362047223207143, -0.028139206409530795, -0.013474682733885296, -0.6584046889081709, -0.0524713806406522, -0.16108389602192627, -0.2512786644745394, -0.026032642500547196, 0.27098620322715433, -0.431470010626659, 0.33922400361097044]}, "5": {"controls": [-0.1603605779698965, -0.5414011918044179, 0.09811078003886073, -0.4494389643241646, -0.233891485593848, 0.22896188629734937, 0.016815716296011814, -0.37656676016323215, 0.26642005642985017, 0.12582750798913064, 0.07091226615055192, 0.20660663675928806, 0.08090630936630497, -0.022238914192067118, 0.15878076199817703, 0.10196681773636154, 0.1710523415166918, 0.2222224207504543, 0.5218046206008005, 0.42270841356461913, -0.10284756413547094, -0.01404251772026769, 0.3788366453686425, 0.010073179427830233], "cases": [-0.05552442662874014, 0.1614281888601555, 0.6751067398651027, -0.0931908554807408, -0.12289628075271482, -0.22097179585046156, -0.2778560858756902, -0.13759038857169564, 0.05612926146360092, -0.1398604998867977, -0.33444081600583747, -0.24037992686099222, -0.3989444412794307, 0.5989440891498718, -0.1348507732974366, -0.4166650488285763, -0.15167726814477964, -0.36909484496160827, 0.33047355326559236, -0.09372337359902905, -0.015151479635291945, 0.07383595738206498, 0.48929475213748513, 0.6986239691230997, -0.38008169071855014, 0.06914231236270037, 0.47649225743143986, -0.5200147294009096, -0.2618501739021635, -0.44592456574722794]}, "6": {"controls": [-0.35230376795096324, 0.4157168935748859, 0.3405774750498783, -0.07765203940071828, -0.573882588196037, 0.2795242242581255, 0.2234916335311964, 0.03575265404425622, 0.3587945560130008, 0.1541255422280568, -0.1079506733275319, 0.11787613375450647, -0.17449180020753433, 0.33222910705204073, -0.2080713514225359, -0.24686252388912205, -0.18051489705154553, -0.5246287836239008, -0.31947594676839913, 0.2390571237828548, -0.03838768564006422, -0.33919855515904734, -0.15311797507381755, -0.21273563586069685],