{"data": {"0": {"controls": [-0.0959946151786691, -0.2569335204340993, -0.4897902967986514, -0.4858292684050731, -0.45902868302628375, -0.5076062827687553, -0.46108185270769353, 0.5518434155351264, 0.4790562742766275, 0.4899597256394529, 0.8533810127303456, 0.7606131346056554, 0.7494165141640754, 0.08181496996810439, 0.5649992437713988, -0.1213010261443707, 0.2562072245399339, -0.39654938495814956, -0.45054364644180894, 0.4422191557670685, -0.319228639123923, -0.1596842496851628, -0.6658527815443473, 0.21839346114976374], "cases": [-0.14869063151603867, -0.3536481920798112, -0.5731897551792473, 0.2772685228401153, -0.45266273186858647, -0.2678305193040853, -0.6184981014675102, -0.5104585303602981, 0.1456089365765947, -0.37271666044003343, 0.641438973135424, 0.5580563246153754, 0.27141382667219416, 0.06600903706033343, 0.38891996778000554, 0.7639961545557513, 0.35753874464397184, 0.6419307460376524, 0.2581583426646835, 0.08104973177350507, 0.10834746563663927, -0.1864604390679322, -0.473230427578385, 0.005999609532291425, -0.12890930551108093, -0.1898898220709907, -0.5642714291684947, 0.08063822222192168, -0.03412244764388528, -0.3502754974206468]}, "1": {"controls": [0.07720206509532263, 0.7756482668466497, -0.12096739250622061, -0.0897075867871404, -0.13423372008144863, -0.079107633223088, 0.28343433754249564, -0.04130881694041877, 0.6700696313894489, -0.04331028342449566, -0.09274312034473514, 0.07960933055917849, 0.09337208797172845, 0.5362523016303492, 0.7035867563339969, -0.09857552216435979, 0.45113262430578466, 0.469305435762897, -0.3280769927706605, -0.24755208437475956, -0.02979281405656771, 0.1435265384898628, -0.016110460952743284, 0.18267638588741902], "cases": [-0.2982332186634408, 0.6466650000003287, -0.3010195453859509, 0.3615204356865447, -0.10751223218918393, -0.12749927683857853, -0.07501573082042946, -0.010137068538517771, -0.1917910497513355, -0.2590560863613816, -0.4582954286655649, -0.1340985511576717, 0.14312013747954178, 0.02858859470658966, -0.00514814069607015, -0.0045851166702634005, -0.5242079267718942, -0.3564255776296446, -0.5539638724448234, -0.4882325232413926, -0.14113003294806767, 0.7537969895521708, -0.17487639443841105, -0.27890954620684305, -0.4136089383162831, -0.16627068810924295, 0.20372303887059387, 0.2966326700300574, -0.3485636574411396, -0.15979559722819942]}, "2": {"controls": [-0.656511750246345, -0.16168869354780213, 0.4331315548181031, 0.43805589614302354, 0.1620537018755341, 0.45282012223038665, 0.2504684186159414, -0.27047727072184546, 0.17096874266011783, 0.2571207385220659, 0.14859591842916972, 0.12957455988415234, -0.019987195399500984, 0.20433594854185294, 0.36077168838965107, -0.5062021692615531, -0.19756034069458175, 0.25446454251465883, 0.12201979837244055, -0.11091707816190519, -0.09231508957065267, -0.3946196110145691, 0.2496863323806858, -0.5495163144361551], "cases": [-0.4519057116542353, -0.37897678867559925, 0.032544668088395685, -0.11939694194855677, 0.03210786506519486, -0.025613087613521632, 0.16372714616812858, 0.05966077365542775, -0.47677540980861605, -0.3808305277927054, 0.28087502683259885, 0.04211979073718777, 0.0602177562188041, 0.7131888991223385, 0.19671982541531263, 0.1976955763405619, 0.2423799229731033, 0.01143813481504813, 0.17229652287244815, 0.03559634868881662, -0.5030158698871469, -0.24060416446399102, 0.14880366132289413, 0.23110181266688334, -0.1535416823143812, -0.5204416894212884, 0.41701443079131745, 0.10448597583528729, -0.2882130732128548, -0.27693164113972013]}, "3": {"controls": [-0.30341610426681614, 0.23548205160664498, -0.3021943439190497, -0.287601969168973, -0.24466591972946292, -0.280923929412073, -0.01611220004104091, -0.1675689560899281, 0.1530778162572629, 0.18659831561069956, -0.04996149031711622, -0.2802321882686842, -0.3624103724241971, 0.03423071366175857, -0.08079506587785747, -0.27260406363777, -0.3333035640139451, -0.0711215943516653, -0.3520040505004068, 0.22750993728807614, 0.5780478319521752, 0.28221991365166293, 0.024101434718547938, -0.35798508716234867], "cases": [0.22893010907066316, 0.02783213419373963, -0.2718871915897543, 0.13316208923152784, 0.29463867101184843, 0.2523431125704717, -0.009071807871203206, -0.13060110223634946, -0.21415927339331664, 0.12205429592743366, -0.01992669908328538, -0.08483543036854278, -0.08726170504936422, 0.38044791283180224, 0.5808846286355762, 0.1340930253900294, 0.19096709770019837, -0.225617089729736, -0.02065303845767532, 0.2343006568562114, -0.0683736989335058, 0.3489347660742532, -0.19762397909469245, 0.057811042060719214, 0.41794045257508433, 0.1765300460263842, -0.023558991524630805, -0.3271879581666304, 0.1466147963655243, -0.0050939865882675996]}, "4": {"controls": [0.07469990585317103, -0.03809036082861933, -0.117685792545057, -0.14175263979709327, -0.1602031169562411, -0.1315145860973946, -0.18450588529700943, -0.04917767402962242, -0.18884086653031873, 0.4673551443505345, 0.14970640215041772, -0.1064551357914127, -0.18400227477284561, 0.4079590349973748, -0.1041739166717476, 0.023962317347795723, -0.04149985461900756, 0.023088823958303726, 0.2081347163825646, 0.0886298535152514, 0.011046412751622017, -0.3851134402349768, -0.0567876083399767, -0.051499465812157134], "cases": [-0.024614391616577157, 0.2528020926061057, 0.2403382840160858, 0.08592109906952339, 0.13072305318503438, -0.06600957564424202, -0.15406485452486168, -0.09103247007979728, -0.12927688142933183, 0.32374960329634017, -0.07350097554457986, 0.32789390177600714, 0.5109419160017296, -0.1521826625900761, 0.0019109414574892474, -0.1699567135666317, 0.16449429448030117, -0.2459070866055806, -0.32986688253248214, 0.34685973626843886, -0.23133253306453858, -0.15431837997097855, 0.14695338010817172, -0.24548775394664016, -0.06438080708750658, -0.33993637577850877, -0.01684437081164411, 0.17786660959116307, -0.10593493729346788, 0.3709127472474992]}, "5": {"controls": [0.21315516050249791, 0.1410978089386404, -0.07515639443517731, -0.07085854028532826, -0.09530977407404252, -0.07247213477908283, 0.2165169687912302, -0.19370125446540648, -0.08472768015686029, -0.031748433600905186, -0.11073718135954794, -0.11231020208873232, -0.09113571779584025, -0.181384833048058, 0.06695982875931918, 0.10831270175001755, -0.0616349157804004, 0.3395980138386508, 0.04138970215685224, -0.1438661143415751, -0.052286325474694355, -0.26949353463491305, -0.3229371097962661, 0.021836158065142025], "cases": [0.24494343290106801, -0.05969963364398642, -0.008733951274207985, 0.11834779700780529, 0.306868887806378, 0.2113102796691076, -0.08031934131069886, -0.017402323096626364, 0.3448238318314418, 0.00795195467658071, 0.11427922740636033, -0.030614552550662606, -0.07193233802486239, 0.30483680668884966, 0.060802049722789256, 0.023294324458522912, -0.09071048166600909, 0.10933608799046934, 0.09714600598847337, 0.10115940903126444, -0.06515782981813116, -0.09606553828833825, 0.02713023965989302, -0.016567073261720355, -0.2444770080960451, -0.17336749278493582, -0.21072783252187885, 0.12848944792696312, -0.029473293179530093, -0.18457728993385664]}, "6": {"controls": [-0.07780560260038955, -0.14966659317042483, -0.06548213275075938, -0.06494451070549329, 0.01854043844554598, -0.06613168188810907, 0.12381921302330662, -0.19705838550734756, -0.17832478911182134, -0.02467485299563414, -0.11773038592850077, 0.06489181444982159, 0.17918287242412118, -0.016511813678521014, 0.26370675187781906, -0.0010821542479550383, 0.2430293539610293, 0.1302391690522248, 0.03857984789716057, -0.04868800035746053, 0.29903894124857744, 0.01819345601808432, 0.09780797332649636, 0.04291549725494837],