{"data": {"0": {"controls": [0.07260498635062677, -0.624587979468732, -1.9407183913590533, -1.6744526055549807, -1.826933304460581, -2.049941033594863], "cases": [-0.6703660939409982, 1.5311792239877526, 1.5424444884939081, 2.0850603795632994, 1.8230267832733438, 1.7326835467102761]}, "1": {"controls": [0.3175320826461164, -1.3529383799755168, -0.5773059388807839, -0.19706069259810868, 0.24187698648345884, 0.023600148761728695], "cases": [1.800074054878179, 0.760079095598877, -0.2113638041126696, -0.10087186623032929, -0.3296604303131593, -0.3739612562577926]}, "2": {"controls": [-0.7725679912853817, -0.9028937999994936, 0.4072556698335013, 0.6415873143592813, 0.12093517379564292, -0.0014789600269235403], "cases": [-0.065702717235304, -0.3162428732754268, -1.0455283534709496, 0.8188661991544504, -0.1447012177749949, 1.2604715559255981]}, "3": {"controls": [1.0388041921493072, -0.5921534700296275, 0.06432328143707998, 1.1143860115233706, -0.5406761334424878, -0.5347304190879159], "cases": [-0.2799771141079409, -0.2910940437417383, 0.7393737708453791, -0.31412062814238517, -0.7262649310036139, 0.32212948360057186]}, "4": {"controls": [0.9386469190223492, -0.3233433896033433, -0.29337203256841454, -0.2559359320471378, 0.4542785528048444, 0.31976487907009415], "cases": [-0.751706271649577, 0.46226369538662077, -0.7584816368931888, -0.6284406783279308, 0.40801432223485967, 0.4283115725708238]}, "5": {"controls": [-0.6133286076755735, 0.12060058403825086, 0.0842105860488644, 0.3263969298623642, -0.12885947452255503, 0.023565846443392487], "cases": [-0.30934208033111205, 1.1899288358247544, 0.08440666865094867, -0.358351167694893, -0.4789879605247231, 0.059759839880283654]}, "6": {"controls": [0.42628219876105206, 0.12181161909299702, 0.4738196678073572, -0.12727581926444154, -0.21064381560328435, -0.29995527509956493], "cases": [-0.09055543811939201, 0.28887556085682153, -0.4658431039742792, 0.5418643341658821, -0.2402167792120709, -0.4181631494110763]}, "7": {"controls": [-0.004122612756971202, -0.3237760960296436, 0.15687376236785897, -0.42594873135149053, 0.4626702846185887, 0.18916197004593427], "cases": [-0.3080552021261331, -0.01726205036474967, 0.42561856768450335, 0.26240486133411556, -0.4191321144660295, 0.0015673610440170896]}, "8": {"controls": [-0.14480993207174875, -0.4792442964217865, 0.3394036791781205, 0.18549977383448085, -0.03389724132966232, 0.02066573421080252], "cases": [-0.19679416325711477, 0.062054441560410435, 0.15138764454786582, -0.04273646838800596, 0.5495831764947815, -0.4111123483581438]}, "9": {"controls": [0.02614787650083498, -0.019416647514295705, -0.30612638055532093, 0.17349816712739496, -0.1328335623446825, 0.365736710524979], "cases": [-0.11946344249208046, 0.004281191172249841, -0.027688726875777957, 0.24779972265334232, -0.043703567815438285, -0.16823134038120452]}}, "loadings": [[-0.26877503735632313, 0.20177847679697375, 0.1935543139961082, -0.025806035251207962, -0.13444286078808118, -0.01537829603946598, -0.16484090494713563, 0.06886959152710603, 0.3265783654815602, -0.04637438186178588], [0.26519029590253085, -0.2311907605934218, -0.060943789797541545, -0.18729623772892304, -0.12904218362633618, 0.2491854036760307, -0.12596222968342272, -0.08261069626549349, -0.19365066149671895, -0.03717813914193193], [0.28378475615215065, -0.0726088669118542, 0.07514852734233254, -0.0742029303396524, -0.035119001379191564, 0.2105171630927095, -0.1891817306559701, 0.18526426946185487, 0.24305269325465978, 0.02541978515008522], [-0.07292848260188432, -0.31494395349301074, 0.37254152522056416, -0.1839197664826099, 0.13227276859661988, -0.12917197005311992, 0.013853227751560152, -0.010134641023604448, 0.2593999643657458, 0.38061786461107894], [0.23914757934169342, -0.10715530872565535, 0.021159943652774713, 0.22574235028127118, 0.10961764090965796, -0.5426122099843178, -0.11049935364044451, 0.24570361913207342, 0.10895501651273612, 0.08968293220448564], [-9.1966943820844e-18, 5.326527131426963e-18, 3.2905957966392294e-17, 1.7032630690704422e-17, -1.7662026142421743e-17, 3.5187291954953277e-17, -5.797861400612218e-17, -3.678418330080738e-17, 6.473651471585926e-17, 1.7633950293849449e-16], [0.14787730150086947, 0.3466972660837222, -0.11102086386196529, -0.03106663793885743, -0.47292064283838203, 0.25259217310012033, 0.19506035355139142, 0.33533811095525634, -0.02774773573893374, 0.2739963054649214], [-0.05079889633310005, 0.17712401405715777, -0.31769773470450813, -0.0741310907178648, 0.015266873780843009, -0.03131466063907422, -0.4013088211174067, -0.2835853717021037, 0.03564852088181912, 0.4342893678162568], [0.026015669817638244, -0.0035524304518402897, -0.10998044392809715, -0.00766469934266239, -0.2064562080818715, 0.03262863220582834, -0.10058628250160559, 0.041212371879716096, 0.1182860729671981, -0.33929233072947995], [-0.22171543185285045, -0.07513708936999464, -0.27207942730782086, 0.21517467648007302, -0.18430133436953516, -0.09833185762042404, -0.11522809168448213, 0.1539809647737959, -0.08940630600908385, 0.022952016983821173], [-0.26751308314865796, 0.1352172850090607, -0.012311252771153419, 0.13759428489603684, 0.09716891689491829, -0.22621424256705455, 0.153988804188373, -0.051248164827737225, -0.03624248206277053, 0.02460677254520922], [0.21387577108664402, 0.25308335381052005, 0.28318948948816364, -0.2694213111212835, -0.013253246896316438, 0.04197866680617354, 0.0583392610054042, -0.4293470299015395, -0.02754325428086101, -0.188096831593529], [0.0, -0.0, 0.0, -0.0, 0.0, 0.0, 0.0, -0.0, 0.0, 0.0], [0.12644187928676692, 0.027175317470700264, -0.04823926573462564, 0.5705669047501847, 0.2613535548865509, 0.3686559214564769, -0.25446230245542756, -0.13874457714452884, 0.014915148695823506, 0.0008761372111243087], [0.2160880969312584, -0.36534037087579635, -0.002514741273931255, -0.12165960183874445, -0.24654786010833185, -0.23840610047120828, -0.3274551035187047, -0.049294344034018875, -0.2468849024914669, -0.029352032267403905], [0.18769889302010648, -0.03754606383984963, -0.38955285725216265, -0.026420637010551216, -0.06016653137600637, -0.08222574352778422, 0.5198787197769111, -0.09394503764137209, 0.1950172869918014, 0.17717920546736707], [0.22422292062419327, 0.2633528942422557, 0.043225565622785685, 0.29005112201601657, -0.02871622746272318, -0.07092773860690237, -0.04082189223048051, -0.36288400779382524, 0.11999429319156936, 0.14359646664621328], [0.2769762838094375, -0.02975855635937489, 0.09832614560392396, -0.0675202104002638, -0.0013681918501305154, 0.18760265079222402, -0.13804326830976585, 0.1949509851515183, 0.3383855218964618, 0.0782669088545978], [0.22128064224801663, 0.3157722648283766, -0.032783881946642425, 0.016589550046977253, 0.12438759756146686, -0.21806645992811996, -0.08213553924548497, 0.2697699596161816, -0.05909938023867524, -0.4714384685948585], [-0.18058324226305375, -0.1451615172773443, 0.08654545613224306, 0.0949247170229604, 0.32946136628627865, 0.3732374495070632, 0.07736429518254023, 0.15539717288334115, -0.15572456113825367, -0.018207501727645844], [-0.026670049571046756, 0.2110053764008642, -0.3751216810983296, -0.30094059069175816, 0.24209259938478672, -0.06539530766213407, -0.32190004679423556, -0.011368160266203131, 0.04374676040010373, 0.014082185606561236], [-0.04453905780832233, -0.33272068129161314, -0.20242916438197098, 0.20374471814357956, -0.2383783094047774, 0.02019059805611199, 0.07553627403895957, -0.31376374386549216, 0.4693907766112783, -0.33643139337248856], [-0.2892729003529102, -0.006671890968069686, 0.029200181004373386, -0.15199427121167183, -0.2255070905074724, 0.03485585227428145, -0.07853338057522875, -0.22962325998669705, -0.18190485311945684, -0.09718561136237153], [-0.2689282212956815, 0.1991399419437674, 0.20113318442189188, -0.03764060836542095, -0.14866415589455853, -0.0016772486413066915, -0.1810315826773004, 0.0690654232016168, 0.33490351122686207, -0.05010619592900829], [-0.22937858070688416, -0.15109466531587395, -0.1439352630164771, 