{"data": {"0": {"controls": [0.23692042930842627, -0.5094382099773379, -0.5628248646020476, -0.5028924916998945, -0.4429472723114899, -0.584523379611159], "cases": [-0.29631713694286727, 0.6378616545058248, 0.5427216375190612, 0.4977140515830931, 0.386152284227031, 0.5975732980013597]}, "1": {"controls": [0.5542224153738688, 0.4237952721523043, -0.08442088470342737, 0.17257740515538822, -0.3044281739474313, -0.26631320351498605], "cases": [-0.09730394179979274, -0.1904523765936274, 0.3050519516840568, -0.1665411699008806, -0.23746924607182884, -0.10871804783364386]}, "2": {"controls": [0.4557653958896944, -0.09536506006356309, -0.009754433165784827, -0.28847197949470377, 0.10385099326667316, -0.03968888976229861], "cases": [0.2707965525847749, 0.05220501639415694, -0.38828098053985605, -0.02121562882816902, -0.036496174144313165, -0.0033448121366104985]}, "3": {"controls": [0.02918902118698506, -0.20586233068486257, -0.10422778724528364, 0.2949702744584419, -0.11628257704491185, -0.05027133953715298], "cases": [0.19645793305287892, -0.020651433813064238, -0.03135903743153297, 0.004316737793252572, 0.0897311375225883, -0.08601059825733928]}, "4": {"controls": [0.03839398456994267, -0.12496044223440124, 0.06759910282853654, 0.0725580983548668, -0.036940408122409014, 0.07095821149080257], "cases": [-0.04061851614827833, -0.017187070058621624, -0.009638961931751905, -0.0703033052916398, -0.1706586836731827, 0.22079799021613714]}, "5": {"controls": [0.007117481927199878, -0.03209511938332152, -0.10903731663088018, -0.06147669770026214, 0.022216133715505872, 0.11502120505375828], "cases": [0.07299340265778874, -0.1143592806744025, 0.09657917837780366, 0.10985912537574218, -0.08543865652157732, -0.02137945619735432]}, "6": {"controls": [0.020980533349448063, 0.003578936066390666, 0.020455141155960567, 0.06474771347128994, 0.023193010115204606, -0.04664830051304688], "cases": [-0.08823664072883612, -0.02298660809192556, -0.08325271386671679, 0.16913665788246515, -0.04674502684947523, -0.014222701990757997]}, "7": {"controls": [-0.05338607332476023, 0.02627585032251672, 0.0728946742395083, -0.031214284141104404, -0.06369774984691914, -0.06214966514117456], "cases": [0.09177367905815753, -0.015070966646940378, 0.004335007732725035, 0.04118086269432937, -0.034611324804172894, 0.023669989857835364]}, "8": {"controls": [0.0025943035076393954, 0.0013185452638842293, 0.01038117086858447, -0.0033639857380460647, -0.06036585113404709, 0.05786136581472968], "cases": [-0.005164901106583513, 0.08672603119210281, -0.005187140462557261, 0.013715457403061937, -0.04398632592298023, -0.05452866968578973]}, "9": {"controls": [-0.010764874291804352, 0.04010745728873928, -0.037383305725540134, 0.004727766287736017, -0.03398001264549985, 0.02387241432876711], "cases": [0.0027313770060083432, -0.0074149266684986025, -0.037854455257207154, 0.003992288488027765, 0.01766412174050177, 0.03430214944877085]}}, "loadings": [[0.062334023275156185, 0.17188601608510898, -0.17574196446428733, 0.024240672631843627, 0.23281260648285126, -0.6440486931770366, -0.34364454370277764, -0.31938488510816504, 0.06969843370005374, 0.06988724833399135], [-0.3338012175319879, 0.09847768072652828, 0.1973190739968908, -0.8548599518453825, 0.09903305407959455, 0.062099719934511556, -0.03793673248771469, -0.10214423116941831, -0.018907889327852763, 0.09377942621135686], [0.12449818482674761, -0.323682353718682, 0.01481327923823974, -0.07471061705511944, -0.5136650864298472, 0.20865424491044468, -0.13543604359467099, -0.21150311887004633, 0.49491174708133856, 0.02339059202560485], [-0.04106325112173439, -0.49109255239769756, -0.1678894494023226, -0.01629223171792525, 0.09506991973292846, -0.04031737931032931, 0.17191492826462068, 0.13945020334908426, -0.28167923900115527, 0.5081200949883701], [0.1765932560533056, 0.22242782622265742, 0.16202020706761283, -0.0008156083546777694, 0.04448275885056074, 0.22997769885018243, -0.07102623924093637, -0.11138376872118783, -0.28620712861514647, -0.15805720386699543], [-5.45045705764914e-18, -6.423321532039525e-18, -2.906343725518751e-17, 1.886481051626253e-17, -4.723639784409588e-19, -6.3306352017487374e-18, 6.6497206950119526e-18, 1.0028295625422417e-17, 1.6474409288475623e-17, 1.1796600663191394e-16], [-0.253992523735402, 0.3713843717113298, -0.7623138751203997, 0.034063049133878066, -0.10048108165668883, 0.3608615853960836, -0.0037846465331839545, -0.13605885666033365, -0.09417323420400896, 0.13190882592154488], [-0.18396318869791797, -0.2403116037259381, 0.031471027191061915, 0.14681983041861624, -0.04333316291352567, -0.0259701807133415, -0.6623826959579662, -0.07228989902917655, -0.15181564204718795, 0.23473408816955296], [0.02660716798995005, 0.03764820332367521, -0.06405929386221826, -0.03991699089056848, 0.06442036690838496, 0.06339173254777085, -0.2596758507930252, 0.23899303396766217, -0.0425175927629431, -0.19432342922801557], [-0.17153524363144565, 0.19787918152973827, 0.021839063220484886, 0.1492732408341972, 0.08997285893740725, -0.063485803570624, -0.02910503436847521, 0.14264334082195249, 0.4296609931581294, 0.10896752700172056], [0.059950444578604864, 0.22678116451677907, 0.20614802913395341, 0.2117382437771883, 0.06421132728833501, -0.04790098789718851, 0.2913977969859862, -0.21226120924889627, 0.1406255101073814, 0.20689468503066194], [0.16954716668990646, 0.12969578856562894, -0.06434868851673008, -0.11681896170275897, 0.06536614200152924, 0.07832682987980198, -0.30050939172336133, 0.06975241265387573, 0.13723201320249978, -0.18714942293212827], [0.0, 0.0, -0.0, -0.0, -0.0, -0.0, 0.0, 0.0, 0.0, 0.0], [-0.002573127290497757, -0.26951920495915205, -0.1376258052562711, -0.05427341866799146, -0.03491467141414343, -0.08176917630137971, 0.03334051273338951, -0.25931827208606795, -0.15363076167324424, -0.362733334392784], [-0.011755514182039722, -0.07432504570851786, -0.010317393037003113, 0.006967318823950406, -0.009074044772770589, -0.004184233760746733, 0.01146897774667193, -0.08876217251888757, -0.11355453766506882, -0.08936975468742761], [0.1813943628607895, 0.3031536556716347, 0.09898883310969793, -0.029099973985517693, -0.6011215175409826, -0.22484120007315625, 0.06139817474294892, -0.18138682667519548, -0.25446551062179384, 0.14142934419931913], [-0.0838952810320213, -0.12035153887938546, -0.02636623968462831, -0.05123399183969371, 0.015157976148225753, -0.002600922040072, 0.10307396156128296, -0.48527067650060396, -0.01581128155153139, -0.22279213050487895], [0.5877729106517093, -0.1407435781317525, -0.3180299318794174, -0.2065313693743094, 0.006320020686805278, 0.05493940886081785, -0.03798501871713809, 0.05017132383902993, 0.10467816778558738, -0.0013033292551329176], [-0.1155867903731364, -0.04023771919393147, -0.19174251191786568, -0.15990114225883303, -0.048572023611181604, -0.25025781099757444, 0.18302866121287484, 0.15013311701122298, 0.3849983492391789, 0.032347550267248254], [0.06978822503948331, -0.09346552055385458, -0.14580656928746494, -0.11552587262520811, 0.009851731198474978, -0.21058362696706842, 0.13603133865221734, -0.23755111610675647, -0.04149588230510611, 0.11948637080669774], [0.12506665766152436, 0.05404405055879402, 0.13570774600345117, -0.02341982677087628, -0.03557919135489683, 0.10107855447856218, -0.1902847834132965, 0.05190254343552159, -0.047318094000077145, 0.08728021113576576], [0.03477511588813138, 0.06902434200420357, -0.1292364280318605, -0.1593471223731543, -0.3166010410773017, -0.3733965859730216, 0.04784634741044345, 0.4779072384191926, -0.2123343952283319, -0.1846880745605029], [-0.4856045152302433, -0.08307929630659436, 0.04144836943993295, 0.16055000543703057, -0.36751844024310654, -0.07413145723975631, -0.05073382646053619, 0.0396177661592659, -0.014146894221481264, -0.16252057691545438], [0.01150322457548184, -0.0023678392232040803, 0.018382642205443004, 0.03424881641464076, -0.016747095621616546, 0.027097843794521903, -0.06583056253140693, 0.03037616348963994, 0.016966493376883756, 