{"data": {"0": {"controls": [0.5157049500755604, -0.6697057119054441, -1.159922529500535, -1.082247482635628, -1.0138121427769047, -0.7357350078441492], "cases": [0.03079711569406682, 1.1960606644130656, 0.36065589975045487, 1.0710554818383, 1.072922197267329, 0.4142265656238847]}, "1": {"controls": [-0.0249593198711226, 1.4123338759212536, -0.4093914359555767, -0.3261954303286253, -0.6874480705040471, -0.34315174092581613], "cases": [0.6620639379678012, -0.18908723876373698, 0.1867072758477013, -0.43507971918190536, -0.4220890039221076, 0.5762968697161813]}, "2": {"controls": [0.3792797857975409, -0.18858116820618875, 0.4856778911605981, 0.6420078873734631, -0.5695075172529009, -0.6839079902196422], "cases": [-0.9331390980978409, -0.22860385310234244, 0.9539767876927602, -0.01215522216542321, -0.3603192232086606, 0.5152717202286365]}, "3": {"controls": [0.8960362776394946, -0.45126841625783976, -0.2153605038157255, -0.3505538998112958, 0.4686439415800354, 0.018074999155901772], "cases": [0.18639765776033096, -0.06124593425048957, 0.08657638898559411, -0.8048405627916527, -0.15335581857192757, 0.3808958703775746]}, "4": {"controls": [0.2595848501557494, 0.49593008350907125, -0.08255735542713337, -0.3708717736939, 0.5276123978931093, -0.30499352412477876], "cases": [-0.4503535545418204, -0.23637717141740125, 0.13058568542883817, 0.2311271961492515, 0.1461803387602443, -0.3458671726912304]}, "5": {"controls": [0.5655999000038409, 0.13013884461817402, 0.2128483095167016, -0.0770733126272085, -0.4301666584779607, 0.3291046954505972], "cases": [-0.1351509293593904, 0.038097199846025144, -0.3228454616351927, 0.1305842974809892, -0.1778176655072417, -0.26331921930933394]}, "6": {"controls": [0.03325353479053638, 0.10452557457210426, 0.2422909525482489, 0.12854018602372036, 0.09246128705616405, -0.4763451243281654], "cases": [0.00041189168871162316, 0.5053974993184325, -0.33407087889724174, -0.2068333526845309, -0.013782338140070865, -0.07584923194790896]}, "7": {"controls": [0.08133569013560218, -0.10068952435569463, 0.3537433410230313, -0.07827050467668101, -0.15426168623975617, -0.25832385309694766], "cases": [0.3293228360771374, -0.3823052401793943, -0.012783388746718097, -0.038519014948670445, 0.38675421592231385, -0.1260028709142222]}, "8": {"controls": [0.05105551109191296, -0.0684571010245078, 0.014748449239324465, 0.0050392377571026005, 0.1271338148041965, -0.15613664148170472], "cases": [0.04404398989062553, -0.2046274918472183, -0.35434730246671287, 0.3591881733403357, -0.1892542700459227, 0.3716136307425682]}, "9": {"controls": [-0.12528242574530504, 0.08123126702512017, 0.1609123268501288, -0.18505185736492077, -0.04703112144994321, 0.1555243422699257], "cases": [-0.2901033445912554, 0.0002442082193136148, -0.15225276023210124, -0.16586692004304465, 0.2705147875625625, 0.2971614974995184]}}, "loadings": [[-1.41435144354126e-17, 1.016711048137452e-17, 7.81539373071147e-18, -7.331013891711558e-18, -4.8413812442738594e-17, 9.19529240686932e-18, -1.1504837483302688e-20, -1.773472646885961e-17, 4.7500640862290713e-17, 9.390613859157234e-18], [0.13666483673544264, 0.13727905830345108, -0.2592434936705234, -0.46946095037997604, -0.015152007372700296, -0.0011945457668142583, -0.32934291733030385, -0.20742763967058747, -0.38762837613257095, 0.31862212153411595], [0.0864573786202699, -0.48607608198510055, -0.20601405218132854, 0.04484173977093232, 0.42601860982335676, 0.4205160807933965, -0.15776546797352295, 0.2683342109422798, 0.11967119302972211, 0.21439481947887756], [-0.007980064113146135, 0.1815354773936871, -0.07426215898681716, 0.3839629650557058, 0.08034707973031875, -0.11874670757969488, -0.09944622284224806, 0.021548100820982363, -0.24583459667393573, 0.2755095208722273], [-0.25135148563694343, -0.04632471568566167, -0.33993139697963964, -0.4394190530897605, -0.051436777158564546, 0.004707352677139714, 0.16112306832034579, 0.2858421647576054, -0.19855396315930507, -0.07451410313801654], [2.341161094892199e-17, 2.2466749884453763e-17, 2.4149291490813556e-17, -2.3398222586492918e-20, 2.0832702222312223e-17, -6.342230690241225e-17, 6.619930434225178e-17, 7.080117506848522e-18, 3.655573551600368e-17, -1.1138014106293413e-16], [-0.13564512311109847, 0.3380443998586129, -0.24630570434739607, 0.25025421401717796, 0.08521878139200913, 0.20839675567871285, -0.3786073428315982, -0.11510148889239026, -0.1644531464431928, -0.26785825586275597], [-0.15402490295058985, 0.2083392672462588, 0.527920995148276, -0.3231017155220214, 0.05233115129813742, -0.03040069186930708, 0.08560672162327984, -0.08141730723044664, 0.13015634301800627, 0.04460958074520451], [0.3916558653722314, 0.3713757344463403, 0.024335562857262856, 0.02790693176589366, 0.15607949057079337, -0.03752137787623011, 0.005284583560997432, 0.17136220563434962, 0.017703178393981663, -0.18395349845092376], [0.13803217292257502, -0.26585599573303537, 0.11700086974224744, 0.028044847518545506, -0.13540419052743102, -0.3031663034755801, -0.1659016137238289, -0.15386279677295894, -0.09466711115525314, 0.09564007789388825], [0.46061203499998066, -0.11484693695467614, 0.16097203165393317, -0.037685564270342364, 0.08259441703265584, -0.07193215656840572, -0.004025362144536817, 0.029674875603230226, -0.19861118724683935, -0.06743513013277394], [0.08603913799175025, 0.03985018246418182, 0.09312115885982276, 0.1175027564935478, 0.12273305209640445, 0.16721736762286257, -0.09352200317275297, 0.10052478294151543, 0.2555160522169438, 0.2100401716157174], [-0.0, -0.0, -0.0, -0.0, -0.0, 0.0, 0.0, 0.0, -0.0, -0.0], [0.3393303352853005, -0.051684676988286445, 0.005446422863273403, -0.16341282276862035, 0.19555301767258584, -0.0585799346473178, 0.1316815489256421, -0.015119672992964676, -0.21987367570237742, 0.041717810151877935], [0.17773068185815816, 0.2956945487306133, 0.11821431047143499, -0.00036668817589639136, 0.1772798152312917, -0.15406234427737436, -0.077388397613779, 0.5666753440897806, -0.05811271826372994, -0.044369884819830264], [0.023133835338609392, -0.28315815146406115, 0.028499759455980177, 0.316742060259245, -0.43717733252247654, -0.07237404356457507, 0.05452253185754071, 0.23909290906705277, -0.3304268282937305, -0.14296304353773118], [-0.01290536244467148, 0.01891730136185364, -0.014972895613427909, -0.06627581500467702, -0.05646709197634688, 0.017409985169475263, -0.043307952155333486, 0.07631821271578204, 0.07878421583654824, 0.0861834068891051], [-0.006007956956475285, -0.198898634639955, -0.1544515628197456, 0.11291352128424122, 0.3633855433830631, -0.46446599081086176, 0.23492398983966148, -0.24335514208927436, -0.03284226751498151, 0.02113515393556055], [-0.16251542870061592, -0.26307594750472074, 0.14967437736296804, -0.13215913980221017, 0.11501644719663096, -0.34991988611867725, -0.509957675940086, 0.2557937444886848, 0.14550229187009694, -0.29969623961255526], [-0.32072995199674054, 0.04073886602467555, 0.25912168617502845, 0.1640690458684205, 0.31184363288365513, 0.08576259954209257, -0.09569293518755245, -0.18122304621308108, -0.14552010964305595, 0.12553363407501816], [0.1554886449280747, 0.0554675816013234, -0.38832098590286085, -0.05292719965965661, 0.049497487531496916, -0.04918115055216117, 0.16332015737929634, -0.1713626714613026, 0.4161774013114503, -0.34586711229277706], [-0.27848477966867763, 0.0426359858985773, -0.08778474190033324, -0.022212883159717218, 0.028649242247456068, 0.007207658748319795, 0.011042063926027827, 0.13703467097847927, -0.21134184475902934, -0.2626807288985465], [0.13267006604962797, 0.030466660262279267, -0.11890973438283255, 0.1370657808440147, 0.05789840677383561, -0.15774229168207685, -0.2555470030964655, -0.238410023810139, 0.029241690594251007, -0.18181206375230385], [-0.1822266182790119, 0.19351335503882527, -0.2794641760215934, 0.09616303779123397, -0.038000700678242114, -0.45516505583887673, 0.022042419177979534, 0.24332774261982393, 0.24247157697872831, 0.4576333038933341], [-0.04237347132482154, -0.06286470419711047, 0.01769462530074832, 