{"data": {"0": {"controls": [0.019313224111744194, 0.17791038562117834, 0.5634519133515284, 0.4936816089789761, 0.6785502147994291, 0.6608843980672088], "cases": [0.23331441910762207, -0.5241504619128581, -0.5524223959993113, -0.551005801457534, -0.5274113762939546, -0.672116128374029]}, "1": {"controls": [0.4568355488123244, 0.13662870232019697, -0.04322769195651418, 0.01513374998818745, -0.18534811067650162, -0.238872180561753], "cases": [0.24021355098198233, -0.11677558337914581, 0.02084049122012861, -0.13059364937239987, -0.0993444451921642, -0.055490382184340645]}, "2": {"controls": [-0.04947395291508349, 0.21759117938509653, 0.10494192850128747, 0.11018348398093121, -0.10527051574116171, -0.06624831114576782], "cases": [-0.18862764632467288, 0.11658607507950747, -0.01810440092897828, -0.1586451943745294, -0.02385305383634736, 0.06092040831971869]}, "3": {"controls": [-0.09271334029985791, -0.055991249752199136, 0.011707817626543675, 0.09959261930137213, -0.029927836276425684, -0.014608725922666684], "cases": [0.051455131333114565, -0.07454067497166453, 0.21507315474218464, -0.05645582516112804, -0.09288593076371016, 0.03929486014443647]}, "4": {"controls": [-0.014717616881000003, -0.10718696119224946, 0.06782285761438793, 0.12215971608518532, -0.04254721397303496, -0.08074320943509428], "cases": [0.04337875172506565, 0.0635696628880989, -0.0946502886635775, 0.06537781878251553, -0.03523693019939948, 0.012773413249102097]}, "5": {"controls": [-0.11345114334299931, 0.09237282509457045, -0.024518967883101008, -0.005025188640094733, 0.026314193217943337, -0.07727134088318527], "cases": [0.11464932224464652, -0.019993792239475266, -0.03549085261868615, 0.0009396883936963321, 0.04715790213507455, -0.005682645478388931]}, "6": {"controls": [0.011130782977355853, -0.038552664514040894, -0.013566505845714193, -0.05362078120836615, 0.1065406096522781, -0.0446067784516522], "cases": [0.027302268121281455, 0.0963288926691326, 0.0004471698140911209, -0.08630848261325057, -0.05988983904030179, 0.05479532843918635]}, "7": {"controls": [0.011920194630298824, -0.030869000916004825, -0.007479709524288048, 0.025125031156582753, 0.008523073102422106, 0.0056728475859681125], "cases": [-0.007414341921939667, -0.07625638103156704, -0.045199515222899, -0.050740834433160624, 0.05823292651331076, 0.10848571006127711]}, "8": {"controls": [0.004739190061318894, -0.03110231055892404, -0.050015587354835266, 0.04989841326316515, -0.004520452027789053, 0.010782984709247179], "cases": [0.008229861679420103, 0.04083978182743198, 0.012419023692658038, -0.057828594788720454, 0.07285028676662507, -0.05629259726959838]}, "9": {"controls": [0.018163840680535538, 0.005122072826492697, -0.010618144646394136, 0.033305365453127116, 0.07145661143802987, -0.06872071624887369], "cases": [-0.05574779029397454, -0.03162703461683774, 0.019060965792843634, 0.02926049037505571, 0.012440247360832882, -0.022095908120836852]}}, "loadings": [[-0.24280265490873382, 0.1526753571306744, 0.09078949628485841, -0.02767544654399362, -0.23708576543652227, 0.11011422550362317, 0.1772815586196275, -0.03553544796368293, 0.3366230975980378, -0.20097278562149018], [0.3225503823517959, -0.2518544771470821, 0.5182449116306729, -0.13201072694855848, 0.10105841094985724, -0.18397820899884906, 0.2961765320736227, 0.2892244701161522, 0.38128214779265857, -0.047667798225791536], [-0.1009491099789316, -0.27799057807547367, -0.16074729679374566, -0.24945757598992663, -0.46178134786469766, -0.3587701915988193, -0.1439783435587291, -0.07988926945060697, -0.05857311456557562, -0.47229341463439223], [0.07162889398471739, -0.06954502090429891, -0.11734613921845613, 0.00833637140956093, -0.343191694783074, -0.14631662787325259, 0.02221827393670601, 0.4800048381002602, -0.08774636332227678, 0.19004558693963583], [-0.23579357107339846, 0.20666980807538665, -0.13975045612266823, 0.07191618573713089, -0.24839646325824066, -0.14979484984438343, 0.4519152988284747, 0.10537438582382824, -0.24519459416505604, 0.2814762634100589], [-5.567839294604109e-18, 1.4214157268481605e-17, -1.7297633172854786e-17, -1.2918157452233749e-17, 1.759528901076923e-18, -4.62652685853723e-17, 2.1346190176923707e-18, 2.624494403208271e-18, -2.4059907570317544e-18, -4.655750485781328e-17], [-0.0064300847563023246, -0.03329681933111468, 0.12466412585186006, 0.08467872369932297, -0.10663088748307227, 0.13053182849988307, -0.1776456684467668, 0.291637782008685, -0.222932963251883, -0.20374431241791724], [-0.16940840557050948, -0.12669587528617016, 0.16610253457080157, 0.24067214181207935, 0.17555739445204388, -0.29568360172817804, -0.26126718807312527, -0.32761384420781237, 0.07883085644180203, 0.08788584098107902], [-0.022884611328514142, 0.28620129564702373, -0.04096107585541155, 0.07855060716559402, -0.05828873344825501, -0.061379057242687815, -0.30746294744139574, 0.17549802636452239, 0.30339912769878147, 0.21815088120879167], [0.11670803454010745, 0.003348684236808428, -0.10143968701651826, 0.18598849754056188, -0.006761171787784153, -0.2259237925951567, 0.1601764740414121, -0.12275023291453371, 0.38101511615825884, 0.13758470453803964], [-0.10958237704413536, 0.11085932897871212, -0.2469382984074502, 0.0058813786517163714, 0.3487788415657454, -0.12813669037748504, -0.11347870268564414, 0.01948990139184818, -0.04246503061308427, -0.04915922848557531], [-0.06973222011635459, 0.01696123898705496, 0.2451998415799988, 0.20470570540130048, -0.054623514755216394, -0.24159694689467864, 0.19951948707495212, -0.15985390727594814, -0.1327992511409837, -0.19527352374090412], [-0.0, -0.0, 0.0, 0.0, -0.0, 0.0, -0.0, 0.0, 0.0, 0.0], [0.017744386491132184, 0.17365415842267296, -0.030483333146176992, -0.37009412813599063, 0.1683460882224675, -0.17787446330114448, 0.09187876590909694, -0.07824391772154483, 0.0011236052468430301, -0.16078144605524528], [-0.06943202449087764, -0.030178571026677915, -0.0653018270200491, -0.028221234902017174, 0.02001639930562267, -0.2310553505700312, -0.053801632164001044, -0.24561043754613482, 0.08819675837563122, -0.1372848408436247], [0.14041134356348411, 0.3566685940902136, 0.39027934216381877, -0.0033879634554252218, -0.4295926817482211, 0.021379164999042095, -0.2527895163897631, -0.2860370855173108, 0.0034230468888262924, 0.12489261360259885], [-0.24511060451010966, 0.057581868929711726, 0.0670465926440961, -0.35608838952874045, 0.1660514383084797, -0.1809547934455354, -0.1124156052159477, 0.29156597745166274, 0.09940425223219725, -0.04507743331263234], [-0.5082850536496119, -0.3625323848892945, 0.019745252333375946, -0.16665613407808938, -0.1059912900985772, 0.33330587828330044, 0.12243700013454699, -0.19447034424814844, 0.17387964426460537, 0.2485300978445825], [-0.12958003678129706, 0.5096139242219487, -0.1417954163842449, 0.03638701951746791, 0.12890921435285813, -0.09251113000040101, 0.22083309095084291, 0.04861177459932704, 0.17560291065610428, -0.20402514123886215], [-0.06681402257642467, 0.02666026721896301, 0.027758554316817133, -0.08266852889574954, 0.04629835821829701, -0.3431363304789388, -0.2433886175759389, 0.0968040918416067, -0.1937855660872978, 0.17148185833824675], [0.02235500388789416, 0.0831764787290132, -0.2528997042700224, 0.04963678462323218, -0.26423369383387174, -0.024081910741306986, 0.06906588327291924, -0.021447729516887115, 0.2736912963213933, -0.12511096215811], [-0.16249859137448555, 0.29295962920852525, 0.26410917899661734, -0.33483627653492803, -0.030592618471951525, 0.24173367847234326, -0.2096310375665443, 0.05518271080565106, 0.032448688561663726, -0.06029007703302798], [0.43196077626722057, 0.07322503520465763, -0.17400884006898093, -0.01741052415198137, 0.0003705520368728077, 0.29751818188711326, 0.05667421594462429, -0.14694763388781967, -0.09745945705934908, -0.2769357815600773], [-0.04428947167090794, -0.15693567397105446, -0.26845870377384606, 0.08054105142457003, 0.025136859447946025, 0.1779407894410245, -0.25578168732995693, 0.18031074806278385, 0.3389638496425807, -0.13833465520157068], 