{"data": {"0": {"controls": [0.2715704935137421, -1.1587247201791984, -1.2596190520211534, -0.7355972672824985, -1.080772385914532, -0.9992013280893663], "cases": [-0.4644900344432573, 1.1353935207789982, 0.6479809494207726, 1.216835863644897, 1.3457313281331993, 1.080892632438395]}, "1": {"controls": [0.7784767884844955, -0.5707386929308963, -0.13359328432155188, 0.7724053280194078, -0.34971221256168966, -0.298644426808159], "cases": [0.3776424512363796, -0.5052716072490608, 0.5305821453527212, -0.21503844521306692, -0.24508877495249107, -0.1410192690560886]}, "2": {"controls": [-0.558583906743056, 0.2750406352811307, 0.4463239694151781, 0.3199547655910566, -0.23597324805175976, -0.3542155319216564], "cases": [-0.5417485569360168, -0.338849282873023, 0.5592611146832978, 0.008006428503185817, -0.13171479144291678, 0.5524984044945803]}, "3": {"controls": [0.1926836162518921, 0.7204461378359929, -0.049133601640490784, -0.2750281196881587, -0.43356048808075764, -0.41722206604818945], "cases": [0.43669541929184197, -0.11000952782177048, -0.057554464569830294, -0.10191836377916223, 0.07402935606894659, 0.0205721021796862]}, "4": {"controls": [-0.14987398565342586, 0.0953439598547838, 0.012331500728150932, 0.623428315211658, -0.3123212299771705, -0.07052046675398832], "cases": [-0.08128783785274574, 0.1515200207188954, -0.4955038091006163, 0.20289273391847693, 0.21053480883702366, -0.18654400993104184]}, "5": {"controls": [-0.4453003783437932, -0.2890734701035811, 0.08177580980513492, 0.025924224749317402, -0.10079486841915555, 0.02941407169206221], "cases": [0.6056071271121617, 0.06261885858507878, -0.09230730176818434, -0.10099415572456744, -0.07463884996148125, 0.2977689323770077]}, "6": {"controls": [-0.1408184223483802, 0.11134633407160055, -0.10739995465924196, 0.03317946608342098, -0.28021727639497546, 0.21005024403763062], "cases": [0.012416789463728177, 0.3991940777972517, 0.34254384160594314, -0.019722624332090447, -0.28735212084169937, -0.2732203544831876]}, "7": {"controls": [0.11406840040440061, -0.05994377717971289, 0.17283409692203536, -0.09689415480846698, -0.3061284155407007, 0.3067815366987267], "cases": [-0.08260231709762199, -0.07215954241782777, -0.05887499456733332, -0.12394650535959119, 0.11557921379266986, 0.09128645915342277]}, "8": {"controls": [-0.03877927895770479, -0.09259314764212873, 0.2527179431980137, -0.09767413905932362, -0.026292490447470597, -0.09164909280362672], "cases": [0.053738781566471085, -0.026077530680866684, 0.06697047379572307, 0.13814711690009732, 0.08500701370040407, -0.2235156495695887]}, "9": {"controls": [0.10409514886147929, -0.045869498453088124, 0.15471919589230348, -0.003597379028644958, 0.01507422067338952, -0.1394508682617564], "cases": [-0.05073862918995988, 0.20856928841567177, -0.07314923981974143, -0.1385964218571947, -0.08679000258017214, 0.05573418534771311]}}, "loadings": [[0.0020442669211444974, 0.12537536602620658, -0.14836679325171284, 0.20042793597809866, -0.08519018031947052, -0.0514527606485421, -0.05271179949677019, 0.0597471729555772, -0.01554443704391338, 0.16796042327686475], [-0.1512656205249638, -0.31945456288768487, 0.2488593216690302, -0.3283575195489721, 0.13421044517264813, -0.37819402116670997, 0.08812590192799045, 0.02314324066891878, -0.38608121783811394, -0.05918107296303102], [0.14553578450017518, -0.28241239742582896, -0.2664443571183802, -0.24152399569247532, -0.4122046824383519, 0.08299148637863438, -0.1484311745274324, 0.06530296433338202, 0.18695742383441744, -0.3097430656744175], [0.011365195063632967, -0.047614618376988674, 0.00043059338607637427, -0.0435599420714805, 0.056493199926844484, -0.09257389018588552, 0.005984206748159473, -0.0566694015694394, -0.3788560858581416, -0.11223577422336692], [0.05773548892722834, 0.22213286886228908, -0.12669956400301619, -0.03684842142056888, -0.16300820417705, 0.028849279053518077, 0.03834571476163735, -0.5173991244448594, -0.21066764438354318, 0.2761935040483292], [-4.0842003491964605e-18, 2.1726122595268937e-17, 6.714990373807347e-17, 8.977497720937554e-17, 1.201562256902333e-16, -4.5237467174204575e-19, 6.44860277239489e-17, 7.06435365071479e-17, 1.7139315448916628e-17, 3.5330901743540284e-17], [-0.06873650312265485, 0.16247073509089938, 0.37775708385880813, 0.21393029178494904, 0.3213398111415189, 0.21485821906731667, 0.1075200012415455, -0.24749432603815386, 0.03858966349730143, -0.3697806779820461], [0.3146475814537969, 0.2778756620295451, -0.14123578135770246, -0.08573879614387632, 0.05994761618923089, 0.1329165375133225, 0.2921473575774939, 0.3938170477095446, -0.40261238808846905, -0.3961952851780616], [-0.34803106103185144, 0.3776281683572041, -0.040079351745669206, 0.08161718951496538, -0.3451328652597354, -0.20290606514203205, 0.2542525999443722, -0.02616985273771812, 0.13618350875726482, -0.22703898212280185], [0.2807973397886609, 0.19274886320916557, -0.19345332246693092, -0.006375466723431876, -0.09227530718276238, 0.09464831438684454, 0.07678454305862094, -0.0843332554652339, 0.07088226515280391, -0.047817357293286206], [0.2715763126984937, 0.2828038288589101, -0.13126659988457673, -0.180897790529576, 0.4554566633296209, -0.5242658254853487, 0.09685921504581577, -0.007269875700408346, 0.3723243936595845, 0.09859423153422558], [0.27207611274923427, -0.019306145424001435, -0.009205937504977273, 0.05208568519189988, -0.042725014213553576, -0.12398122884469497, -0.2606586117663313, 0.2821692411954946, -0.22840202282749522, 0.315536236115548], [0.0, -0.0, -0.0, -0.0, 0.0, 0.0, -0.0, -0.0, 0.0, 0.0], [-0.29664513703810846, 0.1187367481002331, -0.11903219505015902, -0.43279486402594425, 0.22513889846355428, 0.11756807190338814, -0.18507319336022302, 0.19036870813774895, 0.2428500887898206, -0.12085687389499293], [0.0796111281267716, -0.1829401917026558, -0.39798212912508885, 0.38064977458717475, 0.10254533017819073, -0.2042238436494026, 0.10632490617244146, -0.021417891465792194, -0.019556045808016925, -0.27312415929961387], [-0.031141553368972105, -0.05634655646935368, 0.07135863248655948, 0.19561865099311765, 0.15467342788899976, -0.18272879434074202, 0.046910592295696364, -0.06697587843027504, -0.12720196923999494, -0.04408892833720069], [0.037094357144621115, -0.029797778458291, 0.06162110419725642, -0.01979096351912594, -0.012284149299364118, 0.023929756907050004, 0.00966607492620077, 0.045327431722249484, 0.17848255031298013, 0.09411310303320035], [0.42152778133872487, -0.23250848561271423, 0.2002966041328807, -0.1068400387491061, 0.005534249098735127, 0.05053381159459437, 0.1204158728881355, -0.08021879262129071, 0.1640214903120119, -0.014296396041161362], [0.14286235182987714, 0.3587664700735606, 0.06435954154709432, 0.10182548229835048, 0.13532949913361925, 0.17960747551450423, -0.4275332460937122, 0.199649698379306, -0.11577144153737187, -0.012265922264687574], [0.11968109665211604, 0.1596261542055696, 0.2760532702053222, 0.06258837694342836, -0.2975358528827726, -0.47219627439259404, -0.5172341092781065, -0.11104266655370557, 0.019165780795258464, -0.3562297747300101], [-0.02032651892062979, -0.199944732463971, -0.32016542336208786, 0.11621954609656861, 0.3519720292413282, 0.1579828350464836, -0.4129891714595425, -0.32702331747917535, -0.03936272758367851, -0.19756238905533513], [0.14966649828102946, -0.07087545362012818, 0.08684570729408192, 0.29722991531311155, -0.09913695552752909, -0.011971021302041725, 0.12117258735665733, -0.03173082624553279, 0.039486923862686506, 0.05190505987341397], [-0.29859149295413273, 0.16509158365208454, -0.19477018615719843, 0.08815230198126159, 0.02721935059593675, -0.07304736997337727, -0.11048972226543798, 0.09348959646107736, -0.19073132101852178, 0.20990973277474936], [0.20554398901226162, 0.20391513236787503, -0.08994867081522506, -0.3940324818536937, -0.047653844652390705, 0.04351515018463087, 0.03242928362710427, -0.4404623598104034, -0.1874973245249182, 0.009562745746999932], [-0.12216704419803245, 0.08859549768986119, 0.10723862697935671, -0.17147586375217438,