{"data": {"0": {"controls": [0.1635049032729672, -0.030665020873546178, 0.16621437541962922, -0.015934049099943413, 0.11937610368332006, 0.7824289822901196, 0.10060223225449585, 0.05786623800927991, -0.14945067499057949, -0.15999441960022678, -0.20586905989230714, 0.008998565620849953, 0.13903344625928243, -0.04881637334443101, -0.020287169220797818, 0.22184313018365273], "cases": [-0.03920506241242459, -0.21098840181026324, -0.0721736692204018, -0.25263935895644085, -0.018498034278993384, 0.04708365808000229, -0.17250927591025908, 0.7996010242476715, 0.6847562624776403, 0.058778909786395564, 0.7826119948352968, -0.14643059012972084, -0.16871434680893296, -0.132388014540402, -0.1467262345069158, -0.15268928235294257, -0.2794824905819175, -0.19379117868271858, 0.01143838179032632, 0.9410205335235614, -0.177221636839675, -0.285468547269791, -0.11088112982781552, -0.03338579624057162, 0.07702595051815386, -0.12141136178384365, -0.15720429519492773, -0.045212601758219145, -0.24729808159583797, -0.2870666708489299, -0.23923186667297006, -0.11252819013471281, -0.12951903127982495, -0.1067944564045203, -0.1603676357066681, -0.07892562179314445, -0.12459021945548995, -0.12782484223154342]}, "1": {"controls": [0.1973232958651115, 0.09687250725014665, 0.3025630002167246, 0.012187931176154474, 0.15108120136668082, -0.04089703487210125, 0.1226593007783504, 0.19786115941056184, 0.139134226727354, 0.04100901356991271, -0.0514035832770521, 0.09826091481363003, -0.0340793354763556, 0.21571488462779312, 0.20107002213306968, 0.33540439069582145], "cases": [0.07406641712801412, -0.08916502937391478, -0.1075231736253702, -0.08325725621434105, -0.11504858970734759, -0.04986421332149441, -0.06009500400443135, -0.12449389599346199, 0.05613191020599919, 0.0019205358230779373, -0.22996191831206722, -0.03537312490898575, -0.07913998811684614, -0.003988622885162524, 0.0022931874266134055, -0.13839918594397557, -0.060104907025818874, -0.07373958746460221, -0.14937369928358574, -0.21443426352516362, -0.150480633453037, -0.21125358920231865, 0.003961650389303631, 0.14284410518985824, 0.09417422230646301, -0.053211758415380346, -0.1042433933048509, 0.03062829528479664, -0.08501409524242529, -0.09809382278066082, -0.10800790172583306, -0.03712493253551713, 0.09594104445194943, -0.12252924943501099, -0.09436125586966586, 0.18877138306072289, 0.019318970608512443, -0.0165305252098403]}, "2": {"controls": [-0.1932721382540882, 0.05525967352500218, 0.03180019377580921, -0.017690655519111222, -0.01914027501776148, -0.12197989178194046, -0.012836258336156833, -0.18284943736403456, -0.11054779785760652, -0.03827461667474706, 0.025641583864638124, -0.043392954654029585, 0.1766955474343894, -0.17346807716984255, -0.06453346858538249, 0.017339701755534283], "cases": [0.048417108529980116, -0.17536316145961633, 0.018754789035923872, -0.0721092950118614, 0.06794996642779305, 0.12742604011389932, 0.0967012675601893, -0.06840292094524272, 0.2342910632972367, 0.3206488892440231, -0.03681415711684356, -0.04603362661927009, -0.028144425372939305, 0.06919226569052152, 0.02165164286426867, -0.09700419524164836, -0.08929574506610738, -0.04507315173908712, 0.04816855755312731, -0.1455775672630584, -0.006173941558063762, -0.14690971290678848, 0.009840209138109391, 0.15513809197297587, 0.11749435250060548, 0.07572084349986301, 0.026497687905651046, -0.030220404110458395, -0.11451821220449329, -0.06639820409089478, -0.03874670677997654, 0.1269870427467874, 0.10425144310767608, 0.15082469796125364, 0.009419185553251075, -0.0781681402522196, 0.0394503867175729, 0.08737690717718667]}, "3": {"controls": [-0.14979282241276878, -0.040420509977697035, 0.15967329344914769, 0.028796034992456327, -0.07985553501501311, -0.00025955330997332575, 0.038293340310761946, -0.009459768397455501, 0.18847329743668054, -0.10468023649864391, -0.05780176080667364, -0.0326927364245346, -0.16498113148043334, -0.058093721161027685, -0.024484750817217786, 0.11789077863526895], "cases": [-0.14463001639972176, 0.08892007259928472, -0.024227256290755745, 0.163005667372179, -0.12352814881209179, 0.01671823153530754, 0.091367036829991, -0.042488508164569665, 0.09359627224920743, 0.05964959844704775, 0.13421706865639163, -0.08181811236942814, 0.23796329272458638, 0.018699811516714047, 0.029367832680497558, -0.058309969939270664, -0.057855396290329174, -0.012823497956972539, -0.15727631825568975, -0.026472948744774124, 0.0659042807298024, 0.04349346222349126, -0.09228651877651932, -0.14603555484001987, -0.13068166207181836, -0.05743645210699346, 0.10092975735550996, -0.024957815782101923, 0.018485647050172943, 0.01625890245800127, -0.14428646106527052, 0.09667013494883414, 0.09281896715418539, -0.010111100622521298, -0.006407537020301908, 0.008192417634409368, 0.08797100759433037, 0.06679959522632224]}, "4": {"controls": [0.0017268322757513107, 0.07998420365176324, 0.0831412783213862, -0.06746046995031825, -0.050414528986092805, -0.008421484707213493, -0.10196181401933799, 0.07010756325627705, -0.027626184964819143, -0.0033543510322997096, 0.010763096963083205, -0.02444061200079609, -0.125385687778625, -0.14248436067132458, 0.15044435133667136, -0.027719043435249988], "cases": [-0.053387854922050525, -0.15374270325084016, -0.14177216601526285, -0.022949394638338155, 0.06937551922556504, -0.04360774497524974, -0.18679026159144926, -0.10010862089418131, 0.08156887699620051, 0.03506993232527584, 0.052367914846854255, 0.14867957309026195, 0.01263864048355446, -0.10680358038670236, 0.03271008815632889, -0.07436128026285443, 0.10577855349593351, 0.0696184248483, 0.21403032109534892, 0.03348086307454283, 0.0622988121887924, 0.043347076924340595, 0.10052010329565886, -0.04637168382155803, -0.06178109276200178, -0.010367596000765669, -0.10961683235513353, -0.05492293592201259, 0.08377025898667419, -0.018175139093230194, -0.04160920145885874, -0.0166033099635055, 0.13847567822256018, -0.10654065753651422, 0.0993417801245618, -0.014501784069608316, 0.10147386966726402, 0.06256876461324024]}, "5": {"controls": [0.01812985649509631, 0.10223978394375875, 0.050298696694241266, 0.17226738552154375, -0.07045148161594052, -0.0012855353355643955, 0.1415975297380296, 0.03759557979221098, 0.0389840454850694, -0.06053076989477083, -0.04694234770043374, 0.11233099612588776, 0.14376274512065898, -0.08042556352388716, 0.08826682483321693, -0.07767604559494538], "cases": [-0.006064196329143154, 0.13969926980365993, -0.061148110756839694, -0.0024678457704468146, 0.057886600333937124, 0.1127859707794283, -0.07052607983424918, -0.09070724135896217, -0.027830430980054895, 0.05611700857558747, 0.06699882100580885, 0.10918742900739055, 0.05732998783513197, -0.1118761812344575, -0.0370757514564033, 0.10497164706115406, -0.02851152336858752, -0.05728401689559188, -0.04037882406416324, -0.07470365337571117, -0.04955292812126367, -0.01591703826003783, -0.10268115863320473, 0.0068088399979497165, 0.014346924778799371, -0.030380768094764154, -0.05334956277702879, -0.11502094854874338, -0.035581909458386025, -0.012653394901026117, -0.0530926155991622, -0.08416107915539196, -0.10684386231098143, 0.019810003661065792, 0.17344759500850235, -0.08885891789025295, -0.06689308757315279, -0.06399067118458235]}, "6": {"controls": [0.00310658196302245, -0.10380202620074631, -0.042086050578488854, 0.05046546634996028, -0.16181169915777135, 0.030661557444191443, -0.029990333248799662, -0.060956420620168594, -0.1280637590313355, -0.057491199220237356, -0.03086108256196636, 0.10953819099408907, -0.1552260363863727, -0.013222889338423366, 0.005100903142797925, 0.0685887893890148],