{"data": {"0": {"controls": [0.4863037224570734, -0.1724017096827914, 0.11716022288020812, -0.17448690548091664, -0.05974600542974237, 0.9183156949782467, -0.041160970950542115, 0.09766812195678355, -0.8555657534800644, -0.4794216599828811, -0.4852612489124318, 0.1394351476400999, 0.391091531216128, -0.5600986608255114, 0.20544540627340885, -0.04077951385714844], "cases": [0.19496854538927896, -0.3510200753011658, 0.07593317949380601, -0.5402968827001982, 0.4459033528896995, 0.42111648000596663, -0.605368953125858, 0.8413855967851449, 0.6465080329837025, 0.3503165068728, 0.9370042577178329, -0.28355178786016655, -0.29133604012564984, -0.042455997558990384, -0.34034871661653127, -0.23895267332003736, 0.04907385831686648, -0.5767065176476505, 0.4812488583180894, 0.8553662205429919, -0.5528295838824304, -0.5225913925013381, 0.05574615380066651, 0.2409514797621759, 0.29056031805747234, 0.07260481215280012, -0.17321864345684396, -0.15008681572783406, -0.302109234691425, -0.17400122014309718, -0.23963700720029887, -0.024783909559120194, -0.07312638923164919, 0.41490145832699626, -0.26454303977989546, 0.12174752775378003, -0.3549221363741585, 0.12005295883435789]}, "1": {"controls": [-0.3280559039842377, 0.2783869326544637, -0.4013396773364535, 0.7412907882286139, -0.1371462692712108, 0.06357162171941633, 0.24247205965779237, 0.41036123054234, 0.28710013356763675, -0.18813101002203844, 0.3517019289463917, 0.12669807922302426, 0.31739856570906727, 0.22136185855613755, -0.4335810640488655, 0.01879149989241058], "cases": [-0.1920781732551781, -0.048199850737100564, -0.29014966246615953, 0.09296504562027474, 0.29270374457019566, 0.45339025637233865, -0.041278728327274, 0.17155327469721926, 0.24568498922288387, 0.3758912525451688, 0.16748059858882694, -0.1027731806375185, -0.07112347684269248, 0.21814585901719435, -0.1390744087754201, 0.09741373466951284, -0.5230871472715859, 0.27019100142799335, 0.4605405672608524, 0.12385428681251262, 0.24404873582794176, 0.09896074121113693, -0.5349511524647521, -0.44226703530608596, -0.1860332649329282, -0.5542643579551488, -0.19509225873902852, -0.17298747028965109, -0.07771576225726305, -0.16622357592866036, -0.19820141374437847, 0.4368327597830971, -0.30626880933039674, -0.14375591269011878, -0.004391293124479878, -0.26736790908455843, -0.09670589783673343, -0.5665468796645232]}, "2": {"controls": [0.15877027423884216, 0.48740329725556025, -0.06958006064174355, 0.12230620582056591, 0.6238772061366439, 0.40652502020609904, 0.30322184722064977, 0.051342499885618245, 0.14099365726474902, 0.4812769186217952, -0.060110730421669034, -0.15220125233073276, -0.040514454190449155, 0.5541839255178127, -0.07658854172894894, 0.37053738710855666], "cases": [-0.13753207621173122, -0.23907708642181158, -0.15512008207733904, -0.33305241169713373, -0.39121551322720605, -0.46173411798756486, 0.2814816007582894, 0.402935090060597, 0.13917884887340767, -0.4336924857091864, 0.5284585778894458, 0.007181655903681323, -0.20416715130435903, -0.4732939981549859, 0.13777127725624067, -0.30896621493303794, -0.1306249356113139, -0.17248850617586348, -0.4550578811818104, 0.3447236617685069, 0.0807654438702537, 0.23304928247369427, -0.07550823030991435, -0.11439295583473585, -0.2640398058518525, -0.12109648628675328, 0.1198269200684199, 0.10421615646339817, 0.1037837709036153, -0.2564560375311501, 0.09346108401386145, -0.44302714125978443, -0.35839504580949355, -0.060286521360396327, -0.07908096371390105, -0.095931221166854, 0.003955808978623104, -0.11799550942720059]}, "3": {"controls": [0.16843214032276269, 0.2617191398411312, 0.039346162203345816, 0.4244724527350611, -0.07933651490838378, -0.09538957680582955, -0.2462387018025028, 0.07448874776873088, 0.21513018646622853, 0.23719472237549752, 0.09722441973257746, 0.2719292296774012, 0.22085397930749154, -0.15939103782299896, 0.3496866909642969, 0.45746770830061745], "cases": [-0.1415737502888912, -0.08382540712076149, -0.1897293635999059, -0.23506296717704306, -0.2602511220715691, 0.20273760664854112, -0.2270828371433829, -0.25141431173738416, 0.12907171268184112, -0.17604663782498156, -0.2625554347567018, -0.2682079733336817, 0.02572878697043981, -0.30966818174322736, -0.10975488362089393, -0.2090243440437995, -0.21420812023552513, 0.05542530144203781, 0.13078717041077076, -0.23417801428832172, -0.3235753613103042, -0.2997080542066605, 0.28704989940144454, -0.12801283826901255, 0.17878440229394219, 0.1993709318323629, 0.1970403817364031, 0.24210395548662814, 0.23240956838378846, -0.36014206265264714, -0.2738474690837484, 0.15186772843875904, 0.19677056168913207, 0.08905193031943906, 0.26963862504462355, -0.16179342073758535, -0.23570043448473582, 0.12993467859518992]}, "4": {"controls": [0.0983332256708988, -0.27791091962124603, 0.3519102308810929, 0.0007107707422604432, 0.19391487306042712, -0.015168378454403404, 0.2218177393168569, 0.37908778200284415, 0.31471770848263037, -0.28627604473925694, -0.20533888780984644, 0.07928244073144074, 0.01788834546063986, 0.5824873791259774, 0.0742624783243055, 0.368339723109707], "cases": [0.05460151751288286, 0.2520499479169875, 0.09857056325152608, 0.015611853960954221, -0.03860085216745552, -0.03338484409701737, -0.2334250793500757, -0.07820293299748476, -0.05391393421542442, 0.0392213697735302, -0.21714729738543712, -0.129597030468677, 0.07500620547671254, 0.13016358174322304, -0.11232394431562878, 0.09055240575872214, 0.035671381779231494, -0.12496020954368095, -0.0724061308326313, -0.05179341373533597, -0.1893768461886022, -0.21973020167743607, -0.06695049478323187, 0.05029252164860325, 0.018750931369786623, 0.0510202128534004, -0.1382613306299899, -0.08301835213300748, -0.2953208127504907, 0.011024905366071206, -0.05543283295471916, -0.11819641658858449, -0.10001799697449962, -0.09379730593022459, -0.16211878144011696, 0.08431474497331799, -0.14637455026645052, -0.09055901824307022]}, "5": {"controls": [-0.23832460346511766, 0.3960285703787746, 0.10599228706749753, 0.08611419728227658, -0.007381949999767903, -0.05964153755971253, 0.21993009269404373, -0.026475715601180488, -0.008596490759733491, 0.020079767716389127, -0.12306660880514575, -0.20862705701508236, 0.21555858719254659, 0.08981706403187457, -0.10782142771029081, -0.16414807589538935], "cases": [-0.037975230756966696, -0.06850848581061438, -0.0019211178313446133, 0.019760240644668938, 0.1350244623557527, 0.007904548292156158, 0.11336126982232889, -0.13644606399108108, -0.024489118929485933, 0.21848005113280788, -0.1845126053071655, -0.12631763600579782, -0.1278485904823759, -0.10001376678213753, 0.0376789044402933, -0.13837822184583107, 0.1762742207111367, -0.19369536501087958, -0.060607891425636294, -0.08226630441971797, -0.14312821311705476, -0.05470385212152393, 0.05558548814779212, 0.10092022929766443, -0.2500924305357655, 0.2959058266502327, 0.05774204939284673, -0.025204289339604065, -0.1145779172396718, -0.003421355235618784, 0.07190864419418136, 0.23477996211543956, -0.0638206152803474, 0.4122893114591594, -0.17892313596891388, -0.0035063092950890964, -0.004250611540913211, -0.002443179934911021]}, "6": {"controls": [-0.27490539331726466, -0.0879871960821717, 0.053905360930419005, -0.16639760057743846, -0.12791661838082824, 0.06656177568585606, 0.14019067374752958, 0.1592669471154208, 0.252015857819067, 0.0004695711420070953, 0.10464519037621543, -0.03046889144084562, -0.16406869073338212, -0.10966598542859879, -0.03482849661359963, -0.025490985805627968],