{"data": {"0": {"controls": [0.13134979617897805, -0.09031181700928505, 0.19686380231854111, 0.43564846219169934, 0.24332385658615294, 1.4104832175483561, -0.25357626210559486, -0.198611678809018, -0.5489167970170499, -0.3410148615479265, -0.5340235448860405, 0.5914333335050522, 0.44611630719812395, -0.22192917187515696, 0.030377380308900546, 0.3315084780312959], "cases": [0.26774372086206516, -0.4997655031910402, 0.16503904711717055, -0.6289731963239457, 0.7522702927947009, 0.26012754540037314, -0.35834903512206423, 1.836555944386429, 1.4767183882425599, 0.3790357530721459, 1.6625283675087927, -0.5053127405748808, -0.45717854586819756, -0.20919765804534227, -0.43636020385835445, -0.13828427555578965, -0.7496090573072981, -0.6290074931725208, -0.15531259812510328, 1.8944803660044591, -0.578318310275692, -0.7331224097702206, -0.693677992371179, 0.26050363582957003, 0.41799818412671175, -0.6620928715220599, -0.29649418795483123, -0.11896546879903505, -0.7433105288700093, -0.502924249169264, -0.3476832108505957, -0.11645116485999804, -0.293178145222287, 0.10926191724415953, -0.027658870227477306, -0.19629261534901377, -0.39449483218765585, -0.638968498632311]}, "1": {"controls": [-0.4397500581028099, -0.08150487587089156, -0.42278424624618716, 0.44302946926321785, -0.7322408234337917, -0.37737726011365086, 0.31133300542089626, -0.6164466704435707, -0.3144086877335797, -0.14030432778110566, 0.2613435951916101, 0.3901937111667766, 0.7468442944574126, -0.22521342497750324, -0.323910849193824, -0.061300394157501305], "cases": [-0.09464137272288276, -0.052997298840511804, -0.17491953521389683, 0.13251013218055455, 0.07785800374575028, 0.8844921792162994, 0.48157966509348665, 0.006693415901520597, 0.03939503826266735, 0.7569133014399445, -0.0433963308212128, -0.1015726858119308, -0.0756019856523652, 0.48396277772601476, 0.0061466254335074836, -0.15406814772990046, -0.23218917525226646, -0.24808123942942265, 0.4628327554854485, -0.4255239031483948, 0.2817656568666567, -0.06975052895362753, -0.34305273130298375, -0.6291824808470606, -0.31728897846863663, -0.17096846978809277, -0.25640298066120043, -0.5232661846619834, -0.05663847111094867, -0.298616160583341, 0.2632025802179617, 0.7389272366041177, -0.0578582394564396, 0.8133551916800936, 0.5045263189384624, -0.021922706317272268, 0.012352140555701599, -0.016075870019317203]}, "2": {"controls": [0.4791368114824065, 0.2940621031678361, 0.10276102474140975, 0.4163045393190268, 0.10274350021589954, -0.3905127312651438, 0.19331195460030232, 0.016076156635424808, -0.1740614968143518, -0.16092630759901586, -0.2848997614772706, 0.27215691235362227, 0.3565806499491897, 0.2765508855530881, -0.12441713062521674, 0.9329201177940362], "cases": [0.4425782726800265, -0.08376087352129528, 0.3141048548388054, -0.21402693287693944, -0.5072340322759433, 0.33087768490302555, 0.42787781239046085, 0.04871821144096014, -0.21698620891215606, 0.07284732543362038, -0.6879713158497702, 0.057084784903489165, -0.04873322739038856, -0.20615426940187834, 0.17198629675548785, -0.7323873269495977, -0.3348240627440403, -0.12378044712133424, -0.493473794900722, -0.4240226620822437, -0.2578220543073423, -0.1479885380982638, -0.3175815872092207, 0.4796590728351319, 0.4206323612099869, -0.4394218083459718, 0.45631284677531714, 0.2838251177860756, -0.18563742282024737, -0.40025676061797, -0.2831090786390576, -0.31756102625740756, 0.16716666056098153, 0.037470730836751086, -0.13147089456269132, 0.5451886713065208, 0.09899681293699002, -0.1089104207403944]}, "3": {"controls": [-0.4405007446117329, -0.16261974731109918, -0.4979497749703885, -0.151541248179264, -0.08514865738411163, 0.3999351624429803, -0.022834308976735763, 0.06720119704281885, 0.3067574560995217, -0.28420612463366246, 0.32840816186026356, -0.32852518236071804, 0.12176752737429762, -0.1672565066187858, -0.6048730515415555, -0.2104014870633654], "cases": [0.8798232818214388, 0.2202886885807792, 0.6249766697968551, -0.1482777341779344, -0.31197484830202815, 0.28081450127004814, 0.32396252195619296, 0.18038370141498827, 0.12106092467535573, -0.1255372540272125, -0.17840789756902367, 0.2602946374197683, 0.3624207275092978, -0.04658792159993908, -0.14162322392889434, 0.2403978351217086, 0.04901427422748225, 0.4132956796746984, -0.09178354886493698, 0.18356407743740924, 0.4547404804041803, 0.2442931846804884, -0.03044057520169503, -0.07661381066715515, -0.289577254641165, -0.14673023355111825, 0.3558114361456043, -0.10693496875599515, -0.2207314997509467, 0.11962645672066717, -0.22185223319593417, -0.46201318090181953, -0.4954773497724735, -0.07603999075559666, 0.05238555826084913, 0.08737491318972279, -0.22738134265045226, -0.32475735316167476]}, "4": {"controls": [-0.08029970060234815, 0.3390121595191874, -0.6056143313918212, -0.22258551799011453, 0.2809260805737961, -0.29322425011464254, 0.4312573615978318, 0.35428643477311295, -0.061987932726021155, -0.08558344433613162, 0.06941240292410228, 0.3270714008716012, 0.4823455437581621, 0.22783690901113965, 0.2843760227607088, -0.3604145872714755], "cases": [0.36626414327574325, -0.6425718428812814, 0.15811362007667257, -0.05479835444244353, 0.6867959086927958, -0.06453298606953535, -0.33931371732567595, 0.08551430371215732, -0.09395521664149878, -0.279934257239391, -0.5201755710699493, 0.11353722892882541, -0.5850726034273614, 0.1914516813787216, 0.14566776694560876, 0.4376452833667816, -0.1970900283447697, -0.10108520825607527, 0.2382694162924644, -0.07771964422717087, 0.17565886392459062, 0.10085856804391798, -0.07383837790877441, 0.14902099888154383, -0.17175728103829782, -0.10656905565170542, -0.07469118952305025, 0.5139708442892171, -0.1781723415094563, -0.2506699826940123, 0.10207393618746426, 0.1767342191350031, 0.10800170270139361, -0.4120526547249144, 0.03207005196351488, -0.17004767463110138, -0.19789519457367866, -0.2765199069733604]}, "5": {"controls": [-0.18459410124559805, -0.1609423686274972, 0.08207542968829327, 0.3626577498576512, 0.04618815900324658, 0.22964537726971232, 0.4780079248933839, -0.1480512475634661, -0.1849363148486884, 0.3095201971820921, 0.13743089807823616, 0.3756019148263722, -0.34810701828557983, 0.5877898358740005, 0.16969807877571003, 0.5158780988593727], "cases": [-0.16072860203952452, -0.06146572209208092, 0.07713137989984128, 0.021131949528265474, -0.4722438753107296, -0.31713458530632577, -0.1148303242077904, 0.12471693234983545, -0.34907249236145405, -0.24298346441461863, 0.3734427554239678, 0.37775952182778133, -0.07444296914000376, 0.2795433673150731, -0.0067476498946367515, 0.013168534831679828, -0.31660670319178585, -0.045189405616166814, -0.06236518414004199, 0.0118822759213578, 0.2529049120120167, 0.3695898672695467, -0.18806981662922345, -0.5189002610596412, -0.5303542223854766, -0.20972078293090368, -0.18845710945358363, 0.22972146457397763, 0.15205648438423966, 0.013930646253209892, -0.38029351938114514, -0.2810375291890014, -0.09004225383933875, -0.19014175546995016, 0.5201150137356972, -0.2523307233779005, 0.04373901369842814, -0.07553778133083779]}, "6": {"controls": [0.2767475283225894, 0.49804261571423664, -0.045921664757330956, 0.3267617715634009, -0.3427104825463399, -0.0483166168889898, -0.07932876027442462, 0.1541092263583888, 0.009171016252647156, 0.6462313641668325, -0.08476703894820921, 0.013541064527137969, 0.4558826718294159, 0.20000149303137413, -0.04687039154809184, -0.15205859317481635],