{"data": {"0": {"controls": [0.044026459931829465, 0.6142813872050209, 0.6807010755229003, 0.998787716165525, 0.7397329563596614, 0.03838129644431672, 0.7109217161518905, -0.03347445348935833, 0.2633666504110335, 0.4373623260783527, 0.23847744939070392, 1.1823693586628505, 1.2218832446633996, 0.38606051159640886, 0.6643277316200722, 0.5773753837536727], "cases": [-0.5866461735520025, -0.052945311838948184, -0.9426988509112766, -0.33821661072821524, -0.6917201878531296, -0.02853977317539208, -0.7271885820419022, 0.4817773908216147, 0.6021295968578259, 0.568277520358469, 0.8499373733697531, -0.16203134490474866, 0.3305125315562636, -0.47421928217321024, -0.22124779016376558, -0.6238294334518121, -0.49326332081604995, -0.8616542334524713, 0.010602188733310203, 0.40041814224880573, -0.5719851378798877, -0.8215529714645621, -0.4558219258194556, -0.12843490515643038, -0.04049713828281448, 0.13726441760370384, -0.8162998920795236, -0.4065276381361354, -0.42889257150626003, 0.04749165921617068, -0.5738341877495723, 0.47797697710113507, -0.27090534032546, 0.16443991471335098, -0.6898356306172592, -0.7316348389174389, -0.45017681821911826, -0.2448086318318416]}, "1": {"controls": [-0.1470413414203365, -0.49176178735254794, 0.04643646299713831, -0.5088765432365053, 0.25191571295396914, 1.3425855915790779, -0.3581452568977157, -0.2737738749110524, -0.3522985143050641, -0.46125191947974803, 0.10204802087855525, -0.03769221911813963, -0.12698765395561676, -0.36844211812014654, -0.41598664399294466, -0.12678833945929616], "cases": [0.09842894514874062, 0.5532826999171566, 0.7071461383689953, -0.4192252345621535, 0.6233167812002727, 0.11721268163282142, -0.2523231113784578, 1.297760273096708, 0.8773519845977141, -0.0637562101016945, 1.1642118455425114, -0.3160745492756396, 0.26577693460925034, 0.013475776483347536, -0.17369506333044582, 0.2230395603221951, -0.1939979139640568, 0.31314195492965524, -0.23394206376302992, 1.2427445377523165, -0.3771463979903892, 0.47392865190500455, -0.3992006203506231, -0.20686701737119012, -0.35817349255589814, 0.13885008748059835, -0.13375099516799313, -0.0988136056795634, -0.22319464475169498, -0.7273036527877424, -0.22263523744535685, -0.42547832487651543, -0.30600847863536684, -0.6166991143026685, 0.6648344262997757, -0.19887614734240414, -0.31760497341621335, -0.5836760063975899]}, "2": {"controls": [0.6626858106805671, 0.6683233901870456, 0.23627377087903229, -0.2049614738084468, 0.09835799954647467, 0.08516518496334777, -0.03426167344118058, 0.7085106029268987, -0.39670135056646366, 0.8494412838193057, 0.09502637984691283, -0.12643654128364845, -0.6374023997699132, -0.12824055653436325, 0.6225883727909972, 0.1963782703300291], "cases": [-0.15148756092890514, -0.21600603559793624, 0.11895070113862369, -0.47195943807137225, -0.17482354467241457, -0.5552896874882911, -0.31937733939045876, 0.1476279459025697, -0.0996979957068659, -0.5456137246390763, 0.20138979595475798, 0.16800002531724198, -0.4394199032591113, -0.5722324710470919, -0.582799167824139, -0.43041308636608117, 0.2743802139947861, 0.5339174165557501, -0.8206305755979053, 0.20006733668583357, 0.2402660680950184, 0.549340658457237, 0.24090405886026883, -0.31794541527246944, -0.8338889996394652, 0.4945029051600888, -0.050083654974803486, -0.5180732647871157, -0.09949170461129826, 0.345632038818267, 0.04923912341388137, -0.1661869281762592, 0.03527084256659981, 0.2970281968807722, 0.0735142097802802, 0.07296107324515826, 0.255087121314802, 0.3725936953425289]}, "3": {"controls": [-0.04528582357373058, 0.13591732743761267, 0.17935388563407206, -0.19408605033468057, 0.34913402816365174, -0.5112438770668842, 0.7775125893022738, 0.10356567866075506, -0.09605395775115483, 0.02845213994969727, 0.4582157195944971, 0.1815818235508888, -0.5125257513552702, 0.174085790628246, 0.7209834958937178, -0.6241857553863002], "cases": [-0.12629229081202464, -0.014327261697955125, 0.12137863126031453, -0.27437719475722594, -0.26630263892252953, -0.041550630747596545, -0.2993979659618093, -0.1125729988985249, -0.836816974408723, -0.10220112445617699, 0.48537830217894123, 0.894859220814293, 0.2604691760173909, 0.5314341153067853, 0.19340547080366793, 0.2927392456557452, -0.21772227875172162, 0.04725386731671233, 0.04476236334969193, 0.15270152590680142, -0.22616419498783943, 0.08359412607037411, -0.5105024640967243, 0.33140610276683247, -0.037982720804023457, -0.5948993644256146, 0.0675644984450759, 0.3836475627046986, 0.2201098569877525, -0.3680260468071966, -0.23460367325548798, -0.578970149860626, -0.0262488630028868, -0.6310182374502195, 0.2611765252617551, -0.10251644073586295, -0.04385554269476064, 0.1490472033413061]}, "4": {"controls": [-0.6204771655095352, 0.10990222339319507, 0.715932704255589, 0.39179539539867014, -0.1643776444983963, -0.354586119594403, -0.10330961821917833, -0.612940789128095, -0.06093135125169607, -0.0856436302759412, 0.6665382068443992, -0.41807327481078504, -0.05624013490763794, -0.09473485137588944, 0.13976553073747822, -0.4356094326016756], "cases": [-0.5178603462888126, 0.6151227582184865, 0.3364781249828738, -0.12603384004943247, 0.270177330724546, -0.4604791800887935, 0.18929939853349356, -0.5202334046022159, 0.11640722570308824, -0.14099589024757717, -0.06684071103102475, 0.1378790156335144, 0.5677561681158968, -0.4114505649892591, -0.13772278733160934, -0.14704100310584328, -0.34145401699471534, 0.2377010272027176, 0.18917433081694568, -0.18078456161339596, -0.07831672177594298, 0.31764002730000074, 0.33954466956479734, -0.16490837782700735, 0.14104064482975365, 0.8814438735786474, -0.20048822093470925, 0.04410664712408737, 0.20036054701374195, 0.2183578732381772, -0.20296852844409044, 0.3838532958179601, -0.14457307484720364, -0.2101289285272254, 0.22437626950893635, -0.10420505404204082, -0.24522454168528254, -0.026019521937578814]}, "5": {"controls": [0.027623534264308074, -0.10262300472786624, -0.4719901988151109, 0.41799200325171565, -0.41002382386464925, -0.0309191509716109, -0.013447805297347674, -0.21248542271780158, -0.253114565925294, 0.11278193255144592, -0.39578471808931576, 0.6342055673160063, 0.2631293657015807, -0.13256118063351352, 0.5270492266787126, 0.8273664411144827], "cases": [0.07444293878485922, -0.026924384214208626, 0.24977470578023234, -0.51088594567787, 0.16781684443691527, -0.41881980733848195, -0.050854458862263884, -0.4173707447746901, 0.12916845537840055, -0.2579198983224769, 0.07016798545807365, 0.1222010245868084, -0.3362708642263323, 0.08504715672641078, 0.13958757228577298, 0.11124450434630871, 0.20087738075612407, 0.09239877820358787, -0.1290525970362452, -0.04804972966182506, 0.10466650104361759, 0.14004085159003216, 0.38265183552449034, -0.24347410097116012, 0.3456112899635766, 0.16936039291945856, -0.06887944396103599, 0.4513523269031122, 0.6300850910065351, -0.7338934701035909, -0.1516673444928098, -0.0662014865211404, -0.21993257514601555, -0.43596997590241926, -0.1228317961454042, 0.15507939797647285, -0.124223119807692, -0.24555149034086882]}, "6": {"controls": [-0.4789617064868767, -0.18632199233591673, -0.4522360273268741, 0.17675406390547568, -0.3039826656364196, -0.10175625553488737, 0.2399626625220379, -0.4073570051098303, -0.27440760195598296, 0.3994765511999828, -0.4489825373296681, -0.2947824551481498, -0.07795051171464884, -0.297531997160845, 0.2723225452296848, 0.21331770580660261],