{"data": {"0": {"controls": [-0.46506936583549463, -0.6161512980669575, -0.38368314794125424, -0.4637082258916558, -0.618254960323035, -0.5531103328781349, -0.5120924167513464, 0.027299957777714216, -0.19584100634575102, -0.39100877768112197, -0.31418796450021624, -0.08508779696179448], "cases": [0.30574094623768167, 0.5359670830998822, 0.6651867768303795, -0.05013310282257975, 0.5049516625176406, 0.392175640167794, 0.5989949605355545, 0.3812441979870342, 0.3712652832059428, 0.3733367638476729, 0.4986253077124874, 0.27237551640163643, 0.625836665446571, -0.11085914062455343, -0.342103257140731, -0.061004084934106244, 0.4357443697297408, -0.28704372227617053, -0.0697214505743999, -0.17107291006401576, -0.028399322270715007, -0.21038479990482492, 0.10977671879839165, 0.4752489404599282, -0.3802562046376606, -0.264597502329538]}, "1": {"controls": [-0.3282469025797718, -0.32655507142209655, -0.32293911160679084, -0.2613401151669577, -0.23548775388233173, -0.2509363428515507, -0.15294731654963384, 0.5189183944676896, 0.7978211638238523, 0.5938255988334495, 0.22633660023856478, 0.7900760848501752], "cases": [0.5573953079354703, -0.19676725935764527, 0.40186885897795627, 0.009355374669072719, -0.09238841176747739, -0.339159158465253, -0.16702577310829134, -0.257362989004883, -0.21621123290741084, -0.38839329231463005, -0.11444590202591798, -0.10413416489850545, 0.12130797677667707, 0.01102012634624313, 0.024847431595465045, -0.04647768802455123, -0.3535296581587977, 0.032234067557490524, 0.5005524243723504, -0.08152345238476139, -0.2656088828230911, 0.018570155030126743, -0.2157944328948097, 0.10097216261749116, 0.015789616338926053, -0.003616432235840452]}, "2": {"controls": [-0.49619772781428007, -0.46766817401063443, -0.6256093447267296, -0.4011732078975465, -0.012370103337746068, 0.08511703339050153, 0.10404402983161307, -0.03564221219355659, -0.31623902006657445, -0.3628171146084523, -0.22550501513132945, -0.2852071830401476], "cases": [0.3211465499906806, 0.05177215941312647, -0.1686719800058936, 0.6541136063955915, -0.20210651830269655, -0.12088304703566143, -0.1374621433429024, 0.14854513390748725, 0.10066907150598248, -0.22605524862811524, -0.38079104416292536, 0.04671983578482386, -0.18153217037127906, 0.17343005464659808, 0.33452002822635657, 0.6158734996029034, -0.05118298405784694, 0.49863508760029074, 0.1144925312459938, 0.31774016742974026, 0.22695346138617384, 0.3492000625701466, 0.2283143130323788, -0.0691244956121303, 0.2334712214412323, 0.16148088694482768]}, "3": {"controls": [0.03698484975586888, -0.051069163393604095, 0.09673632015363223, -0.08002722545165243, -0.007202391772299215, -0.06886651967043929, 0.0990246008227044, -0.19146098136497955, 0.04760637985202783, 0.19305505851961482, 0.3116955430411152, 0.023281043191536295], "cases": [0.2860921645254082, 0.17415051808017032, -0.1931808596270616, 0.2334681962366414, 0.020680303496890304, -0.014391390652785243, -0.022085499472093754, 0.17184717846142, 0.1356864901739636, 0.2105264602753111, 0.09546300931625357, 0.5063003162690353, -0.14211513293602543, -0.15763122709604743, -0.07035660808761755, 0.31060324511498577, -0.2918730938158647, 0.028592231575938883, -0.26333656671647854, -0.17925490443393213, -0.21436133284520104, -0.18273255056856869, -0.26941880362482223, -0.36843540686367293, -0.24138586832150577, 0.027391617852133388]}, "4": {"controls": [-0.042831711658651336, 0.05337301295429598, -0.15731281018546983, -0.01985225095695917, 0.2801382482790343, 0.3572451635201378, 0.30941170988678207, -0.03325148662271973, -0.003594934248093827, -0.16620739225368825, -0.17683008614139442, 0.06769055895720881], "cases": [0.22132456484952065, 0.02471733822880719, 0.1394179532782396, -0.08003217874668193, -0.037816939443641125, -0.06340402830231502, 0.018609500900750066, 0.06271653927505408, 0.09358840422080747, -0.09102307707058176, -0.14825406118490397, 0.16562344963772158, 0.07760613745526246, 0.0557583919721783, -0.2886492419730749, -0.1514719412474391, -0.08996719308504333, -0.2190298267336509, 0.03991784279954709, 0.00876162472327289, 0.017640992821386595, -0.12308827773753246, -0.060190003695546876, 0.018639000413650634, -0.03654128447098532, -0.022831708415283473]}, "5": {"controls": [0.06505508861381823, 0.17948886669320227, 0.015107849855725594, 0.10763992107321824, -0.07651589127093937, -0.04978582469200827, -0.14036163854848047, 0.014919593868450537, -0.01771512367596125, -0.050649960670766374, -0.03524269117735756, -0.032319659079502884], "cases": [0.22624328121960635, -0.15936866130974753, 0.03414696503871807, 0.09283994070756214, 0.002714013043586605, 0.0767453798734428, -0.0910549259796497, -0.030339890442177667, -0.15527624041518961, -0.005289936227147394, 0.10771481245069184, -0.059259531188586546, -0.08758539422255071, 0.30229795570823564, -0.22783483441001598, 0.25742180800791825, -0.06217468683114243, 0.016815965448667983, 0.025009384394457147, -0.16107033218811714, 0.3501220208119178, -0.18033704267994738, -0.012586351588629547, 0.016623499780396057, 0.024912602915342287, -0.2810503329070391]}, "6": {"controls": [0.08668149731163165, -0.08673157842181817, 0.06446144456188109, 0.002826195234380907, -0.04175404774923157, -0.04660593404986718, 0.058900900487247276, -0.16239244510722586, 0.03888998951867615, -0.030489795387955793, -0.02699271144040891, -0.08314214692404484], "cases": [0.1064524422595339, 0.05163402542361854, -0.04535042568748342, -0.042084539252998696, -0.030507563941461244, -0.17354128316186135, -0.13560673909430224, -0.1588664780774133, -0.17252501882039212, -0.012602362497910156, 0.08474062286789606, 0.1714070789200416, -0.04731719974318735, 0.024819302789835348, 0.011469420052812887, 0.0698393867134715, 0.23634666685870656, -0.11886369535622517, 0.12796445905577244, 0.017873256016423675, 0.01525623640704224, 0.0053289137730110625, -0.01690156445530866, 0.17117014126676167, -0.08010413005790043, 0.16631767970825315]}, "7": {"controls": [0.09981675528765442, -0.03276961170784292, 0.16296963246436258, -0.016250251649948283, -0.0800597819123075, -0.08347927732546585, -0.05032259106297708, 0.1307398913275743, -0.02235705498898018, -0.14553295509169242, 0.05924004648492189, -0.037968209124289956], "cases": [0.07969818204540481, -0.02939672761571319, -0.013207529980919496, -0.06745355775347463, -0.020308403340479304, 0.09410889847422191, -0.021427705595816426, 0.08180496291208537, 0.06190424719550701, -0.13033431541162677, -0.09316733946477235, 0.01970052394935718, -0.02668745625495138, 0.07595355184664473, -0.05224321619842956, -0.009027437382710878, -0.11988428631579769, -0.06642978729761119, 0.013673892453742571, 0.09714581352893074, -0.0022268804457089625, 0.05457363677671839, 0.014103700931545539, 0.008166142463792934, -0.08652677394830162, 0.1534612717273581]}, "8": {"controls": [0.013581352412493175, 0.0964415482523765, 0.0405838160552006, -0.006080526320825606, -0.012285257137013485, -0.026082815079503708, -0.04253224833696385, -0.10888611712993301, -0.03878895940164703, 0.026830810674548657, -0.08406303656777932, -0.08733299165144229], "cases": [0.07225692556706188, -0.060956343968849525, 0.07686023404685288, -0.10329358576145879, -0.06559112207195034, 0.015267661974669805, 0.03562248407106478, 0.02943579537796546, 0.07244663145383018, -0.06424082839529528, 0.057113612353328784, -0.017769284715676046, 0.06190799280854284, -0.06108555454766361, 0.025577083226054734, 0.16396400640878633, -0.038179920572794415, -0.038481576541778854, 0.0891672625005813, 0.047101615744505096, -0.17584051922021993, -0.016399959712051878, -0.06912481942829846, -0.005474226396097132, 0.2046277816021235, -0.006296921572747594]}, "9": {"controls": [-0.012374874126710489, -0.04860965489601872, 0.021746827261672225, -0.04127615055973371, 0.055511066711397425, 0.03817021065633609, -0.001042141564773576, 0.004055870053507708, 0.006201406726467587, 0.053888344028502386, -0.028863082811235275, -0.07890917761767764],