{"data": {"0": {"controls": [1.6525111794262923, 1.3820192300061231, 0.8647972714853861, 1.868873046356052, 1.3034818577472005, 1.2214791561025893, 1.2569785764023598, -1.212852034512462, -1.0507922453489706, -0.46291084245933545, -0.8845595297074507, -0.9282073258167081], "cases": [-1.142279920279621, -1.439305106709939, -0.8360639813736995, -0.8175759808147093, -0.5694217058969108, -1.0548343298910752, -0.7924591205425394, -1.1895718880508659, -1.0232464576802418, -0.7855528081654507, -0.327915558437575, -1.3267216474539956, -1.0918911966104177, 0.2600400596646207, 0.6851576117764114, -1.0651725808430896, 0.7648982121350211, 0.08255376369402732, 0.20263369263471448, 0.46747286391285664, 1.052989349559524, 0.6956815605547421, 0.3701694954572252, 0.8610239694423167, 1.5177008972826667, 1.4908724669549271]}, "1": {"controls": [0.704392832881074, 0.8168576144175873, 0.6429857226081738, 1.0932076861534568, 1.525838355522328, 1.4367214503616819, 1.3914168824284385, 0.898992534722702, 1.2116898353992693, 1.7336351996181179, 1.210276269959965, 0.826738880946804], "cases": [-0.7358725641064012, -0.08135818831933336, -0.42603774608958217, -0.23742752129785621, -0.4447294792644726, 0.24118839667169842, 0.13712430585324434, 0.8721339589178718, -0.0025404804621336568, 0.09657188361023869, -0.694469651741797, -0.18020359235993968, -0.3236342456205048, -1.1537721581982143, -0.27999032108988015, -0.6876272767823908, -1.2450874716714402, -0.7611497913355065, -1.173231487223514, -0.5840416600245883, -1.1509525816981714, -0.7261481868405327, -1.3144192119044433, -1.522655414111126, -1.0008507403190556, -0.11357203961177349]}, "2": {"controls": [1.156070103469702, 1.1337021079665668, 1.625468955533869, 0.8302026397797578, -0.3406318095323051, -0.2821526035240869, -0.4025724582458915, 0.1598469701701659, -0.751009170604621, -1.1743246135736187, -0.9570414898417944, -0.9248110873772961], "cases": [0.1735667812258959, 0.07361069587851712, 0.20211370878035423, -0.3845466405247421, 0.889110412118018, 0.9964803674501908, 0.5178760261352038, 1.006030649999193, 0.8015231271205339, 0.49849413947144816, 1.0740780578708942, -0.025256835564474497, 0.2007826909518095, -0.5525168503385242, -1.1203212182600284, -0.7699490132456674, 1.1311943575572274, -1.0332876078831439, -0.9479189309390115, -1.1462603826915863, 0.43152025558246027, -1.0270275548972045, 0.7790613292129791, 0.20622478771394692, -0.9339876270504301, -1.11334226989431]}, "3": {"controls": [0.5779097611954845, 0.7777853289194725, 0.31882084175265674, 0.5583606486625222, -0.9796548059273466, -1.0493929137930609, -0.8823558168740516, 0.7682827808905771, 1.2637304825000415, 0.2571799923481165, 0.28299485996454216, -0.15028157336079628], "cases": [0.47705835567516325, -0.44197256298263043, -1.0265764834030011, 0.7748826390782876, -0.17402554047492902, 0.47570843098817894, -0.8132777350827041, 0.5102915174138323, 0.2404689130651867, -1.1561387187513392, -0.5429718301543709, -0.23374291486403945, -0.9828509691431772, 0.6944721323062925, 0.4786116629829059, -0.27501467603900664, -0.11925907633466626, 0.07278846760440393, 0.1411219277821658, 0.08961045432041434, 0.05489987255835039, 0.3566886677361193, -0.24532161979171352, 0.3611141256772224, 0.26404124129366, -0.723985867738765]}, "4": {"controls": [-0.18086447555846227, -0.02822329613676532, -0.03512198038598592, -0.11505551291169376, 0.28032666445660537, 0.4899279094170028, 0.2248307440908659, -0.4295899147693957, -0.25236319029450255, -0.6020941968069733, -1.0004239262384969, -1.1260141226542197], "cases": [0.2956123134449998, 0.43842858650771066, 0.29120304064169006, 0.8458133617192601, -0.1345853194097678, 0.6052481555448279, -0.29347102553586396, 0.48958878921866156, 1.148843118235871, -0.14990911898946122, 0.37803630123959026, 0.019684650763796722, -0.4897298157695486, -0.11409832440662418, 0.6924527053695237, -0.18614004190852693, -0.7640449709805667, 0.7682719339211821, -0.6740579962047945, 0.18598469150437552, -0.6200280322199074, 0.8336654328183375, -0.592866178502433, -0.5531964165410859, -0.04305510171094728, 0.3970145590417249]}, "5": {"controls": [-0.1457857671132777, -0.02551695060606591, -0.5178060887245363, 0.03771704106068626, 0.1842506011485846, 0.061774452118448696, 0.03245231396266481, -0.23897260833677086, 0.2037077577503365, -0.2887947297605926, 0.40709711272295007, 0.0008254516681113704], "cases": [-0.7014389139509373, -0.1088001894827146, -0.6022671398960533, 0.09164689922355301, -0.543868651258453, 0.49410531953556164, -0.726111452865109, 0.483245545070189, 0.35968676381826037, 0.13448994040309498, 0.541123524060519, -0.4329306409559162, -0.06721433005341886, -0.6981618114984273, 0.4303857028404045, 0.8905434092027339, 0.5338166610327097, 0.7449875340395421, 0.47046075608929866, -0.715129369340327, 0.5152664730448194, -0.796695498702166, 0.14697130382239323, -0.11550246646152736, -0.13224144418807693, 0.09268349057950687]}, "6": {"controls": [-0.007738932574788506, 0.8116270621926375, 0.04978572629776297, 0.23738386711585652, -0.40858779364157993, -0.35706107682450366, -0.6553371726659994, -0.2495171949909077, -0.5139079968094669, 0.0969850278413937, 0.21047567699480255, 0.062201732727898904], "cases": [-0.7661037080834284, -0.2740922932217723, 0.2523048970018704, -0.15998317254974376, 0.005625965294595463, 0.6115762926275045, 0.32695747328024927, -0.1808460777154069, -0.17761609046009838, 0.11743162415669589, -0.4736625401908063, 0.6529806963721639, 0.1838869240434046, -0.4324975752137865, 0.4765071612353365, 0.045014589506343274, 0.007600446340357524, 0.5077963387031544, -0.2277351369713963, 1.006213664417417, 0.03224710837784451, -0.19107898701209697, -0.08523879785986911, -0.4199750893231766, -0.31049434810139004, 0.19687170968293335]}, "7": {"controls": [-0.3263416056070931, 0.4011196472563607, 0.47415667124674005, -0.2973920162813991, 0.036939690017157384, -0.03519756975178734, -0.05189839975318708, -0.38560482100413523, 0.2478317218879334, -0.16742459137319793, 0.17682002639958486, 0.09314703805956692], "cases": [0.12350809782158277, -0.429594905432277, 0.2635286222842609, 1.0471022044358362, -0.18197661368548337, 0.1578561259758926, -0.40873674925800024, -0.3230770433266945, -0.6953517348144047, 0.354185590660515, 0.15392651634555896, -0.16394846296228993, 0.2764315607231435, 0.16913387811070826, 0.4599396371656376, 0.22455008120257852, 0.31153194782498494, -0.7446710678169972, -0.3421754521530289, -0.3279278246711632, -0.40273124694243134, 0.13187073009611897, 0.4969320557177366, -0.5549135945876494, 0.028257455859900447, 0.21019440032942388]}, "8": {"controls": [-0.3363344094263386, -0.06004554349233607, -0.4466198326368021, 0.22044243508491262, 0.14328924056987632, 0.32501320841115405, -0.024915488288256387, -0.1938886236653476, -0.11700388123683367, -0.058569927196225655, 0.09402247206106717, -0.01811617416937802], "cases": [0.3307131321285263, 0.16875588276863795, -0.5019725134365812, 0.6987460656175849, -0.16944741685690243, -0.047645057702297676, 0.2019190532906373, 0.3765061097667885, -0.047174938139897066, 0.2108871540728925, -0.5030986615844603, -0.1808200576743991, -0.14022433426158332, -0.6257496071362778, -0.6506676463886638, -0.15851650937101666, 0.31079267737292166, -0.20268937538531556, -0.1628411654812389, 0.6912629011082092, 0.707059588450112, 0.39555990260330953, 0.406582781975948, -0.37186985939334194, 0.21085129516017725, -0.4741928775192623]}, "9": {"controls": [-0.5010619341059321, 0.42267780491737267, 0.04810184796515918, 0.050078524666549766, -0.12220017191927066, 0.03329829112650994, -0.022106781505911017, 0.22996014246422875, -0.03524641479367895, 0.08927130078158557, 0.20951468946607008, 0.45907586129399125],