{"data": {"0": {"controls": [1.0876922229723613, 1.1937594416845503, 0.478439506027547, 1.2101232925567307, 1.2476869913262731, 1.3223401930856067, 1.1586142134901511, -0.6451305403207407, -0.42208550963566427, -0.26471235772536317, -0.20491477812404288, -0.9153932202494637], "cases": [-0.7563122677378445, -0.7746508754620176, -1.064096999919102, -0.46185893783818893, -0.8085908344872418, -0.42312037068414937, -0.9308269077853032, -0.5836960767833816, -0.4404359737858579, -0.3614792186389527, -0.46457396322676026, -0.9333825876845242, -0.3933415351864743, -0.066177551370824, 0.2640200556007487, -0.16682548308953377, 0.4047507185528282, -0.19773286591672956, 0.03769477567662203, 0.38410728914712333, 0.656849672699974, 0.5351850324329913, 0.15654142499482215, 0.16294489320071034, 0.013983380125287765, 0.9646057520778322]}, "1": {"controls": [-0.42814385080762196, -0.24206307630365004, -0.8674233338458897, -0.19539933373395665, 0.0012832347730728838, 0.03628555884276875, -0.2128611331760773, 0.7246662208506595, 0.9871075262081468, 1.055565821288314, 0.5450054869719537, -0.0690057887319766], "cases": [0.05201505616354948, -0.05430170722139557, -0.5474479036519628, 0.2282806241560329, -0.11956594254578397, -0.13951377410231003, -0.2872281010045633, -0.7936635359342457, -0.7608489924433943, -0.7303893467358893, -0.3809494214461202, -0.07972434025678847, -0.15207545204252101, 0.7174134866822208, 0.7523676642277805, -0.05491273423833444, -0.7237238386712292, 0.21764565385398107, 0.1797914278506502, 0.2027953176794486, -0.03299354367317897, 0.5215984842449388, -0.25367311565331163, -0.33619231385517084, 0.7675532142132906, 0.4727258020685632]}, "2": {"controls": [-0.6195234973343817, -0.701529434848977, -0.5217151132325981, -0.3926416499746634, -0.45452955531030825, -0.44365608147306324, -0.14669932220275872, -0.31740999204770676, -0.3980036903545523, -0.4657032801971751, -0.22895612278368888, -0.2928834228513604], "cases": [-0.035752663681528254, 0.1413747169488245, 0.04255577769608613, -0.14116528716750826, -0.33121172302002044, 0.176664362398027, -0.1366392522886588, -0.23576733198150665, -0.4594845319474314, -0.07059074442286437, 0.18535344918812738, -0.3128065696150695, 0.07620904471401421, 0.32851366542792915, -0.1223297483062246, 0.12679553934883317, 0.7578360667675904, 0.2240371676551449, 0.46932637715558523, 0.7617654317956299, 0.9830581394715685, 0.4105540398804683, 1.0766657947098424, 0.7180193001923939, 0.03863462246285538, 0.3116355192291258]}, "3": {"controls": [-0.20297584089889514, 0.11088694719968538, -0.3718191593426929, -0.018473692184189254, 0.3895331053899021, 0.3579781195874396, 0.11858519014691914, 0.2828172964633365, -0.16910960324836602, -0.09349493284377046, -0.6240909696366521, -0.4169769862634251], "cases": [1.194244696902396, 0.7386850969231529, 0.3114217325889903, 0.7340373029568725, -0.031008647020719773, -0.021657525523547674, -0.24011840843586377, -0.15080926929993727, -0.00026017444972605095, -0.18538315360425883, -0.10218615986514883, -0.707380421642875, 0.03306492504272311, -0.48864498413606855, 0.054047220363663266, 0.5437931112488386, -0.28823346654144033, 0.032300704279812374, -0.23968109679721117, -0.02735299032936485, 0.05213073712712438, -0.3884271317124044, 0.3445795307429705, -0.4406011636392821, -0.28538190419143933, 0.195961964643452]}, "4": {"controls": [0.027840710271068304, 0.1356737695520418, 0.0482688400322199, 0.15597105658020935, -0.36728199512374954, -0.38856273702955063, -0.28682443518240514, -0.15535870259448556, -0.17074115038337978, -0.18333479632262722, 0.1294617032190162, -0.24329165586898432], "cases": [-0.12316752393216224, -0.6237117709113407, -0.43352193759034746, 0.36929794015738315, -0.3052670119160245, 0.6046054744953874, -0.19502605554245667, 0.4197055854215906, 0.5531077904347554, 0.2580657596922457, -0.16310390951826162, -0.09015437408380764, -0.5306954821394101, -0.10835414343086194, 0.3891960418198145, 0.8544200109753389, -0.3256290429471126, 0.762085451129816, 0.40871923690316425, 0.3884493888557044, -0.12243407302049729, 0.2023646346860246, 0.02722212961280076, -0.6688129846217494, -0.13105499056496972, -0.1181267511143969]}, "5": {"controls": [-0.4997891486221238, 0.062054779004059354, -0.33179665917332263, 0.2810577993117261, 0.10528452151107437, 0.09471759273131107, -0.4494195811234108, 0.27569677242841484, -0.14821248241614973, 0.09638667103320758, -0.48518379366691455, -0.1066782952392311], "cases": [-0.3734095076334989, 0.14877319141994275, -0.2588935191823949, -0.14755701341143493, 0.34483831670531834, 0.04614639387273797, 0.15265924641540274, 0.2482080893036993, 0.36220114333208664, -0.0782592137765143, 0.002063702106710753, 0.08493400426001002, -0.12587348680726343, -0.38658526616452304, 0.5379354447892829, -0.11021413145625934, 0.23021926640051246, 0.13393437220300325, -0.10123378590840802, 0.011292560014708932, -0.2802491270091189, -0.028053620783483953, -0.2818830239592022, 0.5570015874424484, -0.24052254542521934, 0.6584087474728154]}, "6": {"controls": [0.11464272618532666, 0.639331868410792, -0.18058665287343104, 0.8251830046570887, -0.6430659563241987, -0.3474681404007085, -0.23402078747037608, 0.08087512953599618, -0.05402410812139418, 0.04535973086011832, -0.21968789083801785, 0.023804631869634937], "cases": [0.08085209971917524, 0.11847754729810865, 0.3592618990091663, -0.323865106160621, -0.2025817933585269, -0.0040546190256477805, 0.1003883200645562, -0.06676096936951559, -0.16327642591438168, -0.27007389879550164, -0.018796552512543505, 0.0968557154811022, 0.22344536412607138, -0.015359494850155427, -0.40938488185816957, 0.13308698826986745, -0.17318027172306888, 0.07592369812664639, -0.332072685756444, 0.2594331724423551, -0.03959688026177159, 0.08795783352389394, 0.01818903635605857, -0.043545010251428345, 0.3219315649229728, 0.13640179500697047]}, "7": {"controls": [-0.28507481714318583, 0.09620432156204933, -0.42619808619285965, 0.13578789795987542, 0.18706593144605693, 0.16331619377605272, 0.3270685028180839, 0.3286926373538792, -0.0677275582096441, -0.24803884964031914, -0.08554627783679393, -0.12206095668248737], "cases": [-0.3283436464536312, -0.059427218476785205, -0.24056948329769381, -0.037722111906374624, -0.10547718709964658, 0.22418624511177018, 0.018614687532408823, 0.004089269462383847, 0.07224871443730062, 0.02921395303838052, 0.27011973776084514, 0.11134021728480645, 0.7130400900052601, 0.3874494021214717, -0.21332052113452088, 0.1029362180025342, -0.3238563238673948, 0.13047356424145393, 0.11751798999880433, -0.09134501879775975, 0.06227349079824977, -0.12006142539267643, -0.08768753201561508, -0.03822927059709, -0.3350255387470983, -0.265927241220091]}, "8": {"controls": [0.01694688732614581, -0.07259991634108579, -0.2537414287406723, -0.0358546364547581, 0.21481271324046497, 0.19218222265442503, -0.05281634382120798, -0.056294700951790004, 0.256651131555786, -0.09156638716801117, 0.11222255448114321, -0.2572460600505947], "cases": [0.12236453309804679, 0.09890998565861182, 0.0429357322560109, -0.22607923654941675, -0.12650465379329373, -0.038240840316627604, 0.07099363070157354, 0.2848766625249042, 0.4362199853521274, -0.28200825962585346, -0.2963862543831961, 0.33204297479293304, -0.2183511893116047, 0.19729880783300643, -0.14815429059806934, 0.001470169246645995, -0.01331246210369585, -0.40680285779756115, -0.09520778074965813, 0.5690369177580273, -0.1207492676878711, 0.010011020310484588, 0.13547052810743615, -0.009666609127680432, -0.11300225866325617, -0.17986102266186935]}, "9": {"controls": [-0.18858625129246548, 0.15577448840484395, -0.4296818747508243, 0.0405208654395094, 0.08138134054230942, -0.06360890343907658, 0.18754389267030264, -0.20690582720318185, -0.004302461845836207, -0.030738237383206767, -0.027096892274205024, 0.205136351870587],