{"data": {"0": {"controls": [1.1755370693950469, 1.3536285611625847, 0.6456715524747395, 1.1674235209112098, 1.2942726332873422, 1.246295568814166, 1.1886439120450303, -0.4580371414815143, -0.45475150907672196, -0.09663286995776896, -0.1306753208951863, -0.8022009264171277], "cases": [-0.9394158178646169, -0.9725082887878367, -1.2105008725700153, -0.4865217538790625, -0.8784387187513341, -0.450661469530463, -0.9475959241696438, -0.4337514310601504, -0.503811510022992, -0.34721064602256496, -0.7937687140294305, -0.8112662571280227, -0.7407290920901113, -0.3678256086229337, 0.38672884499696414, -0.13592906236126667, 0.4328763401184914, -0.04998716253811306, 0.3325594970323675, 0.4277477962396942, 0.45146719347480463, 0.2768798670412121, 0.5023812987232106, 0.10433808157100964, 0.4158218165781238, 0.6099465433908793]}, "1": {"controls": [-0.49183714475458473, -0.12513163529119145, -0.9723378128431908, -0.016992244900353077, 0.03139938273531582, -0.21327221743215122, -0.36425600661518015, 0.7719979237133379, 0.9149465095992095, 1.000718723725512, 0.6205304662292334, -0.12703590150375363], "cases": [-0.08240571928711954, 0.08288327131675301, -0.4122913759556351, 0.4824272692737461, -0.28735315313981474, -0.3674626102113736, -0.01593647014526767, -0.7743988112444495, -0.7577058912998739, -0.7212344636081014, -0.4220694815092231, -0.14759452087353445, -0.20776213017429324, 0.5519117910158269, 0.7408761252819929, -0.08784457577578758, -0.7069559734047782, 0.3971579970651804, 0.32743941184102093, 0.359244596279727, -0.28749605443051235, 0.7078783842434101, -0.3350849405137571, -0.5290213485533023, 0.7208089230452669, 0.7432597081016985]}, "2": {"controls": [0.35380122222135435, 0.44983624788428217, -0.007960653785543736, 0.45163086427696075, -0.0015868099721942446, 0.012535501549606065, -0.3249949840176714, -0.1693079211637737, -0.08346935518924226, -0.03242207306773883, 0.18597292425346712, -0.195720160293434], "cases": [-0.3456403415592918, -0.21863082285173482, -0.40954553362188695, 0.37800769940754064, -0.260364426002413, 0.5172884206967773, 0.14111566506707468, 0.7627400060356712, 1.146799321899196, 0.3463356570308569, -0.2307466269290188, 0.268837201871628, -0.42537992067095215, 0.3689458891902797, 0.1487658838762487, 0.6132150891538317, -0.6377361233371864, -0.0043502528202785514, -0.27429127635172684, -0.18373074647183613, -0.7356053646242477, 0.18530449860144557, -0.7533961207923224, -0.9028052170844627, -0.27919796607623504, 0.14575060366697049]}, "3": {"controls": [0.5220609319079073, 0.17827755630821263, 0.7734481207312874, -0.05660385994324979, -0.15119796208797853, -0.018230730458440935, -0.22708011396707295, 0.2875821389430305, 0.5726439767802134, 0.35025346670810426, 0.8029941260787175, 0.9589046681002155], "cases": [-0.6394047120030304, -0.42290957495780296, -0.05288624625272233, -0.7533631112112487, 0.11152182981199386, -0.09395373082315028, 0.09196958542187038, -0.011913882255569356, -0.20315471223372789, 0.06782177607340543, 0.03463649555185935, 0.3976222205875853, -0.09554091548912841, 0.21849762057416655, -0.4001070695423123, -0.7695224892156743, -0.09317159493191868, -0.4260346817904994, 0.17835184023185133, -0.43333115929267735, 0.0659475460878418, -0.08780150741778545, -0.4377694389706812, -0.12732603105505128, 0.17039879505191577, -0.2816291710504559]}, "4": {"controls": [-0.23940531348681027, -0.20070060564234457, 0.05653997458782848, -0.12465030381366626, -0.49139872630457615, -0.5610506052384975, -0.20600763731957092, -0.17898892271233657, -0.10607968311253181, -0.4975608725673171, 0.248000735498786, 0.008609847462727553], "cases": [-0.6578206865713032, -0.6055416370076511, -0.019900508512141167, -0.17770433159812132, -0.4122669870899805, 0.43256339560449925, -0.17916900808879205, 0.0568158403512991, -0.12360965597223515, 0.2297130285244846, 0.4133780027588936, -0.12987935824379315, -0.042830259955993946, 0.3904397673828493, 0.02032114447142268, 0.2127477664058719, 0.2520861095656562, 0.7077101682642577, 0.6240288774516782, 0.45436520290306404, 0.493811696664511, 0.47113243614547773, 0.23981496718621945, -0.11829612673826526, -0.2855503757466788, 0.046332644493081054]}, "5": {"controls": [-0.07049304312595377, 0.3695342551390499, -0.3889897381124746, 0.4535072569836117, -0.510334054765033, -0.33949445482961255, 0.014393967054503036, -0.018884166918130833, -0.32784198073457244, 0.05707928011724941, -0.0625853867446425, 0.12362341005291505], "cases": [-0.5740358807265301, 0.15746673859474122, 0.02619357053315155, -0.32491168646426033, -0.022602535115419285, -0.16636122108843468, 0.40041393685854776, 0.18133078394916552, -0.021082832400788912, -0.23283324190917834, -0.11842155980964239, 0.42555147192105214, -0.0572908829016983, -0.13878940207852672, -0.015606166634767351, 0.004567025073855264, 0.25472819177684475, 0.0613451872830614, -0.4511928026279958, 0.24563883141991977, -0.46369797035245797, 0.296157124252286, 0.049135687405205866, 0.7794910533964318, 0.28192458448682034, 0.12336665104170699]}, "6": {"controls": [0.10783829504119104, 0.07506822328594669, -0.17129929540649788, 0.09751719749301087, -0.11018492093145768, -0.07191104738854562, 0.328525664192706, -0.20902103899916588, 0.044392911577864555, -0.11331180994919203, -0.02303735354916012, 0.04028905860536239], "cases": [-0.0036914844015236512, 0.3986283294694604, 0.10923693850589025, -0.263375242864491, -0.4314993011163548, 0.22519176851919215, 0.2289460578877223, -0.003435245011386053, -0.1662146423205997, -0.1746736955487439, -0.3452174409260191, -0.03284941639285832, 0.33518427996894307, 0.6275817365820439, -0.5561477311611043, 0.2997390480491297, -0.4120367652112616, -0.3170255640695477, 0.10023571664210286, -0.05001216151486993, 0.2449520097461503, -0.2322661175555415, 0.27246924653134746, -0.11929265899586401, 0.08380298017128618, 0.18690347104483462]}, "7": {"controls": [0.4218292241796998, 0.09916200771736902, 0.0399879211726997, -0.36888157142527855, 0.03495501775800665, 0.25181495726328895, -0.24501309956620201, -0.1655248383285941, -0.1455661959996753, -0.08835025152619795, -0.30516882990947736, 0.006833071598143515], "cases": [-0.07832174770779007, -0.16551834961784914, 0.10663810667360117, -0.35548248897837165, 0.40642081160250887, -0.14467549007377453, 0.038654173687694963, -0.01534303087991367, -0.30707960593605876, -0.08864856061271495, 0.13924939934226266, -0.01352231166964176, 0.44813646778357796, 0.04936702892405486, 0.10489105921033212, 0.388228339684773, -0.35761478337498526, 0.3173902415582673, -0.17601084843791528, 0.195185437403406, 0.02213135164160655, 0.0702072032114933, -0.39132204994759434, -0.03871627889799283, 0.15598728757967842, 0.15369122489756154]}, "8": {"controls": [0.029232068183741116, 0.1632316160511061, -0.012564583422292478, 0.1654779754836844, -0.10374855711433024, 0.03869111405936868, -0.35303529036638304, 0.12624329451882293, 0.0931878312980149, -0.1109438327467999, -0.0024800725367063754, 0.13181910061775132], "cases": [0.1442632290396558, 0.2461286406547962, 0.1863660401564829, -0.34396800278208417, 0.02245074430952652, 0.07345801017342028, 0.11347396309262932, 0.1284291707594915, -0.11964150221128536, 0.3497464514170666, -0.20910636035257385, -0.2974339197762681, -0.03746854647399187, -0.3539021934949733, 0.04696752387882799, -0.3527740954818983, -0.05556093925712392, 0.03013528813568755, -0.19317938092772804, 0.32370890539296426, 0.005065876915039197, 0.031493344797513964, 0.2904326385726996, -0.380985808953078, -0.3063634359437306, 0.49315369433295697]}, "9": {"controls": [0.018962611909570843, -0.19233736822750447, 0.02539362783857871, -0.4348337470136972, 0.0527034701045018, -0.09535881375776994, 0.15607078894374918, -0.3207014672982756, -0.1689515117761263, -0.00484897815701782, 0.013756723355767851, 0.4648067145816813],