{"data": {"0": {"controls": [-0.02896120170657997, 0.03169147925864871, -0.295408531372602, 0.07292743067602733, 0.2499811247292998, 0.22022460652245, 0.20745237390380458, -0.018179978788292007, 0.0497804305489073, 0.26312388378645823, -0.013468267553000152, -0.17731885670642272], "cases": [-0.09691353580555796, -0.3360595971141514, -0.23380705213505587, 0.22246756754950195, -0.3646371277156188, -0.3540988755280382, -0.48093899396393475, -0.426863970779083, -0.3885231938920595, -0.4170395726645538, -0.26070881463697027, -0.38608207775842296, -0.3763970452022266, 0.1513195684228959, 0.4677941628458081, 0.23048358091256144, -0.12239557113217783, 0.2913088038236172, 0.31616277049876024, 0.39493174921737156, 0.07199343012371195, 0.36642515418770594, 0.3516763687905511, -0.07556615236710505, 0.40039354624361506, 0.493230384780158]}, "1": {"controls": [-0.3255005645347843, -0.3927920395828079, -0.3548383644663558, -0.3561193350146996, -0.35397949528861256, -0.37938447913573614, -0.28683756390575216, 0.437109863731735, 0.4592382210050917, 0.39561394506273967, 0.19909334879653864, 0.30786407259820886], "cases": [0.2207646943468717, 0.09631850379079451, 0.1379693945465818, 0.1504934147872593, 0.1305223145945489, -0.15957218370020154, 0.0768827557274808, -0.17860070987110557, -0.12503912960222316, -0.211487124254779, 0.26775807207548774, 0.041955674758515325, 0.10900753057657822, 0.04370966070096806, 0.237287005285795, -0.07786892900746502, -0.07195953448899646, 0.09106978085174008, 0.09095357685189397, -0.11672716408030438, -0.2980956312125336, -0.006132182449113482, 0.0046616571365819285, 0.18009719431901014, 0.016741407427610613, -0.0001776583765630801]}, "2": {"controls": [-0.11737619728309599, -0.20949593081858456, -0.14293052018799884, -0.2089731226895535, -0.23690328008235595, -0.15682885182383913, -0.20781644498085722, -0.1519587766416424, -0.2448482577260621, -0.0977156967752964, -0.11716421046404427, -0.33374057150510333], "cases": [0.04098384039628236, 0.0688186899129684, -0.10520082409329501, 0.28150366738742316, 0.0016275851660626547, 0.15687819298758632, 0.09962367121471924, 0.06775369518928197, 0.10301696915089807, 0.13277631308681653, 0.11442574005026966, -0.00273142117280144, 0.04867045953705629, 0.09311502268962292, 0.04603324801161464, 0.3846168456301788, 0.09228471457682695, 0.2664077066285726, 0.053235401183697593, 0.201586325144217, 0.24577503698015732, 0.07372841448516426, -0.06044022268172236, -0.12352733013320844, -0.11065065767405109, 0.05544077732409408]}, "3": {"controls": [-0.06878398180364911, -0.18804197510870171, -0.03135370547202972, 0.06114450352957477, -0.10985558636855401, -0.08484428761347582, 0.017444201879439892, -0.11029053762248568, -0.09822744445164454, -0.22665532677294106, -0.07000147175729596, -0.037732168841258205], "cases": [0.022381312744776925, 0.07737383317521104, -0.033031659497607974, -0.2332116477113029, 0.0403338576225668, -0.08390608225251854, 0.03703645100638288, -0.08429686792202162, -0.07438798077099315, -0.06534979702754569, 0.02219397341840012, 0.04511723188842167, 0.07890986824242684, -0.025761734610007178, -0.08579821301613061, -0.1364581560828305, 0.22506785118107406, -0.036070768736105034, 0.15259319624198203, 0.027947324161191684, 0.16559613622637853, -0.07460922493253404, 0.3649409775168622, 0.4058596194144754, 0.111334564244034, 0.10339371587842769]}, "4": {"controls": [-0.05557297468692423, -0.08598837517480319, -0.1592497929659566, -0.18363964355723802, 0.1730454289535431, 0.2037092234451393, 0.19623411441939898, 0.030002802867636232, -0.02461444707195012, -0.06483789039265792, -0.09518882290613663, -0.0914344143072895], "cases": [0.1598753014645713, 0.1290525492915726, 0.1986532658693984, 0.06585376810549444, -0.02141145463703726, -0.005565394041178176, 0.08837045101742828, 0.042979577314799455, -0.00888441585885919, -0.00874999347585632, -0.09383113118553893, -0.031802191771181536, -0.02620142846624586, -0.12247949481536771, 0.06961209179490918, -0.048502841343119114, 0.010824924854893869, 0.033767173579284826, -0.060676233346485496, -0.02405685072730794, -0.07744905886460104, -0.04943337750145682, 0.1108152396156524, 0.005881297959377618, -0.2027324568604397, 0.02362547340453053]}, "5": {"controls": [0.06666668365717196, 0.03973443175354664, 0.08343274112990252, 0.12227221557381679, 0.0003553308218211928, -0.06429338786427391, 0.023697227691599435, -0.09307237416599752, -0.01298281851894125, 0.08036490211522647, -0.0904762600407898, -0.0579824784967697], "cases": [0.1803029595786266, 0.06273336089216627, 0.1079676182900226, 0.10390069357964618, -0.03246311529880515, -0.05441193953189774, -0.12209565505129633, -0.13056979072620706, -0.09431635363956818, -0.04486318669258557, 0.09197537014868713, -0.07416488087202924, 0.06522555132563533, 0.03277257577739618, -0.06753416827863036, 0.21094487086165084, 0.023208955314030416, -0.0018896464366444693, -0.15524427425928486, -0.12093922272741996, -0.05040748709163844, -0.05469285869566444, 0.056997736197054984, 0.08931927846277897, 0.009886070771900249, -0.1293586755542318]}, "6": {"controls": [-0.09543327786655098, -0.07641415268037792, -0.08871784034403965, 0.0025443783332269143, 0.05370939270914939, -0.009749284823268492, 0.047647903318154654, 0.016343908067388994, 0.024253404640118603, 0.05207991029543554, -0.07739899941854439, 0.03506827251660318], "cases": [0.037042942311547984, -0.06392202207399944, -0.002111801552724578, 0.04710393336318985, -0.04274490969702706, -0.07174468461426427, 0.052676261317817934, 0.06437651496211888, 0.08089005780502141, 0.11126282880337807, -0.06162365513940087, 0.05932206099750776, -0.18209543069368073, 0.18624033175220486, -0.12216908863421823, 0.08093768247151588, -8.72641859793511e-05, -0.17222497941221365, -0.013506743899574862, -0.025461105365369423, 0.03070624636051215, 0.012075726840602869, -0.009015678869182982, 0.06895670718044851, 0.07489491703200765, -0.023712461807533496]}, "7": {"controls": [-0.12553207789297094, -0.02212802980007744, 0.025134688628393787, 0.08033135838655923, 0.016662893286878144, -0.009423975559438193, 0.04070688489594465, -0.0018540744222466268, -0.016231888851184057, 0.07186202351645825, 0.0063775166240110735, -0.02431699397729711], "cases": [-0.048994446966359614, 0.010274745118743947, -0.07814041755671669, -0.04982900911162737, -0.05491015569552844, -0.06154763434612246, 0.16189545402205024, -0.01825674265618713, 0.1536008829093278, -0.07521632116807071, 0.014007488821580785, -0.026287996937478197, 0.12589330543665908, 0.04398172857535363, 0.007762018664494457, -0.005841801839267975, -0.11397459087470202, 0.04184620949281959, -0.14603512008139216, -0.014763640335189886, 0.009841900895141323, 0.014681577409878148, 0.16740114311074547, -0.09967937633578793, 0.013021626535973264, -0.012319151923361055]}, "8": {"controls": [0.03213387830898871, 0.05458353948121516, -0.003756111533325899, 0.07085605982720761, -0.0817782519496358, -0.03882990327552166, -0.01310566829647128, -0.05979448979230225, 0.06570415550826895, 0.10021935229176866, -0.0676587099091385, -0.14017457869486724], "cases": [0.011381460120600139, -0.02986509301366979, -0.007553094813855494, 0.1250027295790441, -0.035720499977037905, 0.008076275691057153, 0.05524142062406205, 0.056319721849044574, 0.03450035247375751, -0.033377440076745396, -0.12335747824559212, 0.10953050147332377, 0.005813859397350311, -0.10837822946044792, 0.03348660457109823, -0.10202736884960448, -0.06628896901642016, 0.004472681589880913, -0.01809935587027278, 0.0396309995245705, -0.014542606260639149, 0.005668682188827774, -0.038292701982552836, 0.14542743130253147, 0.020478095024796725, 0.004072750190712486]}, "9": {"controls": [0.01993409359064857, 0.019928786872267703, 0.043125410724336816, -0.07250763739087945, 0.034481927955512824, 0.01031972656555247, -0.029000318004926706, -0.0042543911909812375, -0.0069213635727985836, -0.01381091249859371, -0.03681157181297644, -0.05362397897664978],