{"data": {"0": {"controls": [-0.34202667349106236, -0.3860288887949207, -0.30228264255424026, -0.5393858490920246, 0.7386849520992262, 0.26380175158263225, 1.0804578438188843, 0.770111750513623, 0.3991198413042061, 0.8292856620874415, 1.0226178117106661, 1.4863731186746276, 0.8889574200189021, 0.5950188577508878, 0.5225550119920425, -0.04719881093483833, 0.3080225131993682, 0.6907433494633106, 0.24945952326262882], "cases": [0.04877094167438406, -0.9206509129002645, -0.4911812259250849, -1.0562347573213051, -0.9637454120053203, -0.5523781906394556, -0.6332572420387452, -0.4193818082737955, -0.30431716229831124, 0.02903740815990186, -0.5847799683611741, -0.5524937148132368, -0.5088695185874249, -0.22792053791768857, -0.604013604633572, 0.10230234515263976, -0.5891731818829075]}, "1": {"controls": [-0.044773324961571326, 0.3562290591520506, -0.004288605356994568, 0.4772853971236444, 0.3751036276045819, 0.4728400375559235, -0.8733114470276406, -0.5481917008466105, -0.19750389952075495, -0.5834860960670577, -0.5822979257700808, -0.514250848963062, 1.145864348700581, 0.9739532645457414, 0.6967159614629724, 1.2065705340772648, 1.187531614302831, -0.08663257434827636, 0.30639570972479513], "cases": [-0.3174757201188821, 0.3725138664488669, 0.11584135371234239, 0.010287504339170363, 0.2409039525396944, -0.11874725438071254, -0.7357298332851389, -0.09687481311480191, -0.1091263679587706, -0.7956756240419806, 0.012267938403006454, -0.736333560932499, -0.08405552358974996, -0.6236237817001514, -0.07826914313385382, -0.0888588527879501, -0.730797271786928]}, "2": {"controls": [0.6393158705401825, 0.7511740848267554, -0.4563437304877365, 0.6276624259966151, -0.1541995227306218, 0.021386917566778747, 0.4429192278429351, 0.1846274861892448, -0.5953438838427212, 0.12679327830425333, 0.22107294286520796, 0.3024954948629231, -0.2827415405383018, -0.29356102421114333, -0.1676060807763659, -0.015836584645979555, -0.587621518164046, -0.0061745058911091754, 0.3677230835867851], "cases": [1.3131046711357606, 0.37778531909849855, 0.724268879936908, 0.5489036344663235, 0.5854979773665551, -0.3598750439560147, -0.4144114587470291, -0.2989379606900428, -0.49590969503469184, -0.10431497597123118, -0.2305531290124644, -0.6031564595433675, -0.47217617569257614, -0.7259541302094704, -0.6271691508643332, -0.21055946369473316, -0.13228525988174683]}, "3": {"controls": [-0.809188450522798, -0.3510727485987746, -0.38267899580745607, -0.3232414170381619, 0.38682030024369923, 0.22817078192734896, 0.5422367354601016, -2.7745916544074766e-05, 0.2184758282703718, -0.4622041886089858, 0.48010381534323165, -0.27891140065021586, 0.2946484926189852, 0.09024468996929601, -0.7145374052368323, 0.1796472580532322, 0.23235537917660734, -0.7017524214271283, 0.3769984440208365], "cases": [0.26012715620759286, 0.012479325867447204, -0.48734234565063533, 0.3213163207725554, 0.5039968589490593, 0.9364673415659837, 0.5329000023772247, 0.12599273165776634, -0.09240735256482899, 0.07851732360221864, 0.03974195028639557, -0.45846232222672684, -0.2617147323277311, -0.35917710351087384, -0.3740351893067365, -0.16104306267318166, 0.3765561456976555]}, "4": {"controls": [0.13672531233463528, 0.24178041741723627, 0.63847649022455, 0.17317653270559913, 0.5083368912020959, -0.30422271975331533, -0.2649340779728608, 0.8447262335517883, 0.7710853704274467, -0.17031326668894828, -0.7389214193476208, -0.12527235665997052, 0.3634060499481413, -0.5350032961907132, -0.3520502952732598, 0.0236101757495215, -0.4328247081644778, -0.21223119876165566, 0.2642922331640968], "cases": [-0.09840564019333493, -0.12440654917668675, 0.1652578178319488, -0.14592085835115065, -0.06207403725095569, 0.548523655151908, -0.15804470979236906, -0.17947466412648913, -0.010603079373047134, 0.2840657332715232, -0.2892951474469151, 0.22407716699823502, -0.2930143383724022, -0.36566732714741806, -0.22538826693102726, 0.48842376376575636, -0.5878958867698634]}, "5": {"controls": [-0.08013703835632015, -0.20580830606370867, 0.21223955358488156, -0.1561105767779439, -0.4926118691178342, 0.21607478064493643, -0.07507121227944723, -0.1107935753249212, -0.49983030268773176, -0.36020025016885754, 0.17768952171439242, 0.018112998584308964, 0.7154811500562217, 0.12923803343066131, -0.30529368590326467, 0.24889000694879684, -0.49652407626737816, 0.17514759048758946, 0.07644654370837387], "cases": [0.21468090278505023, 0.02975566833371853, 0.08341252388810602, -0.21482572234513225, -0.22318482125388822, 0.11446798017974465, -0.3447263006744603, 0.09333639033661636, -0.2709803393280632, 0.9009177216388731, 0.7611353964114314, 0.3979473228744165, -0.0302301391827997, -0.04464447878507862, 0.027135386849288012, -0.3571360013433348, -0.32400077659724225]}, "6": {"controls": [0.03554491375985293, -0.020140403526357306, 0.041794678585044466, -0.1336043190703808, 0.17891971840118256, -0.224017607090109, -0.2689163430258462, 0.2881357769220254, -0.06400780562531828, -0.07359213394055912, -0.07471808192358947, -0.03883643361032338, 0.26854305282833885, -0.1400306973874995, 0.16762630456944388, 0.415115406116412, 0.4606037174481488, 0.18460272120185073, -0.6787578506857022], "cases": [0.3316863618684858, -0.17073288351984917, -0.0064007978444820075, 0.17475952128471292, 0.1862024395226191, -0.17415158829416677, 0.4274100624881008, -0.3282296302405473, -0.38685249016335926, 0.1649234838468976, -0.4168351942190764, 0.6813162857016279, -0.2992653070699523, 0.10514823066187338, -0.3541137315310608, -0.6111736931662862, 0.3520443167278483]}, "7": {"controls": [-0.25045313399954583, -0.16162384153540962, 0.14621168480727512, -0.2458775329581287, 0.09939895505378889, 0.5997668869685452, -0.13103557981402128, -0.055861198343435337, -0.008100587511046618, -0.5080457160922072, 0.23089587089589655, -0.08035297218105864, -0.28576254141668883, -0.2945061574742968, 0.6027084362145428, -0.39277571413094853, -0.010016097781497557, 0.3900306592949099, -0.015442040545970537], "cases": [0.162416121975936, 0.4188791472646038, -0.08601659418054722, 0.13389332571427554, 0.08967549621752628, 0.24514501364097813, -0.3226410911811993, 0.06872911407962964, 0.1493787333318149, 0.21948835624510618, -0.5316759136922525, 0.16277587817327288, 0.09554085238326296, -0.09270042060966664, -0.16884565643799584, 0.03246474429461942, -0.20566648667006684]}, "8": {"controls": [-0.09167803550492948, -0.023003452639107032, 0.09544229318968314, 0.12479866866615726, -0.1915600862183747, 0.25940778643927676, -0.0981640370771218, 0.1507009980636164, -0.46275818218058407, 0.09553388605594912, -0.32908783155912114, 0.01025423542599916, -0.23250575428865242, -0.32882109329953846, -0.1834584554574117, 0.6203446027210527, 0.03698849669477216, 0.38563326349913846, 0.5786309303368186], "cases": [0.0740440842274781, 0.08111837901135822, -0.3248351331387456, -0.2779548311300845, -0.3646714190067106, 0.10248805278145111, 0.22330040211076796, 0.07407267881901135, -0.09851768135672383, 0.004634744708164409, -0.32610999003207897, -0.18851221608988153, -0.005025629481182363, 0.22674489994605557, -0.08736179727259734, 0.1372971794270873, 0.3325900436090075]}, "9": {"controls": [-0.0829404756687481, -0.3327735309706416, -0.15529424088340985, -0.23600753910346473, -0.4317710695364782, -0.2678579250813894, 0.45611666745961627, 0.14231989707570122, -0.14446013411237668, 0.04231903416448455, -0.4032047434203767, 0.010994545565446137, 0.024985777887084257, -0.29617606884169895, 0.2994195697003453, 0.061064857201568075, 0.5395792186219506, -0.2553966332580888, -0.03371251566969035], "cases": [0.2548728270901292, 0.12471225539542191, 0.12307313367626331, -0.1535141863185543, 0.20763694029048577, 0.1419766631177188, -0.38532508453557696, -0.21610524254544417, 0.08988505182467166, 0.003926465637507207, 0.2701727056427785, 0.13119902154878313, 0.00913154494938099, 0.14179250970812982, -0.15212989989645423, 0.46116972668189193, 0.010320876603035822]}},