{"data": {"0": {"controls": [0.8430917400348086, 0.8660063348356113, -0.34408943276630777, 0.8185491087146134, 0.7193652445493252, 1.332293919400306, 0.8689089067578231, 0.7075160229999109, 0.9805757017457123, 1.2374741531628, 1.6162648729572022, 0.5401032610302466, 1.1755912121516365, 0.3421643294395208, 1.3196247015383533, 1.0750602351629535, 0.14072483412718997, -0.518493278732955, -0.8470797615934371], "cases": [0.8503886951365913, 0.7616756391612378, -0.30089570670690124, 0.3654811693159112, 0.13537836300890194, -1.182954639621857, -0.7684411191321828, -1.5816523376798064, -1.6019101965928744, -1.395084911157561, -1.4504315571210442, -1.5408474702389043, -0.6547402813038689, -1.4072853973396104, -1.4424152135204327, -1.068462752689986, -0.5914543890329308]}, "1": {"controls": [0.2539806340012393, 1.3719733909878038, -0.460580153763425, 1.117627950064674, -1.0429558036987847, -0.7699929332150661, -0.30684622478683715, -0.5067816250796128, -1.0127761468353433, -0.32692886701042995, 0.1298382298613927, -0.9685865957417025, -0.6436765411133554, -1.2321621589209162, 0.042537281509724065, -1.560211990925415, -0.5347786550703107, 0.3866905748757219, -0.5595819895925762], "cases": [0.7907230452810466, 1.453040123993572, 1.6895981240759952, 1.494307910595626, 1.4126200113162966, 0.4107413498539723, 1.1081358181773713, -0.0011884789787287495, -0.7290998916075769, -0.6043998965298557, -0.5654840342738483, -0.406648573239578, -0.06918242566290174, -0.14241367051581835, -0.3935725057340959, 0.02192749783324361, 1.1541072198685018]}, "2": {"controls": [-0.41297297668908606, -0.5093005549644642, -0.5132533235214285, -0.7685812946034458, 0.38474833166115663, -0.3312125479167555, 0.44657717363749955, 1.5166604919539324, 1.1332082522373517, 1.283957990944876, 0.8416206418943376, 1.124756004174129, -1.1862201878298972, -0.9540109424838878, -0.7592595442754367, -1.0600742572966408, -1.336231783453538, -0.3287519560428645, -0.16916789395521092], "cases": [0.3510438348141324, -0.1026663690840203, 0.4591378618127365, -0.25278562389537085, 0.8441014676744965, 0.373425155427155, -0.3465009822881395, 0.3172702389741047, -0.19327293296791775, 0.3827376677421025, 0.627145948453097, -0.3142966935945246, -0.1480328567085228, 0.21556971718833254, 0.326593982146764, -0.7493747039347272, -0.1925873352303216]}, "3": {"controls": [0.631625287573611, 0.4565444409436471, 1.3395090818209583, 0.9367316046137675, 0.7434103981630849, 0.011797638200875498, -1.127118331631745, 0.3858700895575826, -0.3571986420446046, 0.6478777117854994, 0.12862692156964503, -0.33145530529533, -0.7886298803366005, -0.7272931192332707, -0.19206054498515596, 0.003826901763705664, -0.36508201563973647, 0.1398929012301727, -0.6564246572818503], "cases": [-0.643476063938079, 0.7958534945980025, -0.1538907224480213, -0.1447699123801634, -0.7912972679522015, -1.1063834733336262, -0.9281279802090818, 0.4287955127840799, 0.3531859967804939, -0.17898360443749475, -0.08421363690517901, -0.8361598491526466, 0.8360060786437008, 0.9179359931814907, 0.5533742756579936, 0.5263696757515669, -0.4246689974150928]}, "4": {"controls": [-0.31747474113968527, -0.08575081643408047, -0.2598980093588805, 0.14401754255573584, -0.34709062121234857, 0.8170153945186257, 1.3350437561418214, 0.3674656096560331, -1.2200214708959152, -0.10324498077432195, -0.019749888708553938, 0.36477598034890707, -0.5509170782818883, -0.22989437418117342, -0.28430236810700854, -0.46935258198485375, 0.245038867740971, 0.43391809457105845, 0.5538116338955898], "cases": [1.0883662842511057, -0.6537791313419037, -0.2755714799587651, 0.1932539425898324, -0.02345982224078028, -1.201765611964943, -0.5647525341553851, -0.09715905370558708, -0.09231435916418239, 0.10034990071073457, -0.48684218773236, 0.02919428336176976, -0.06151253430631482, 0.4460668045316695, 0.21265085605065354, 0.9684039163646512, 0.04548077835977349]}, "5": {"controls": [0.017881044298093566, -0.014320678388714307, -0.18291534471608234, -0.16005416614499698, -0.4586381474116335, 1.0838458367192765, -0.090587838540131, -0.0008137859272532132, -0.8588764070566074, 0.7338875779656113, 0.36600084166353547, 0.0784512629453423, -0.7499041586457862, -0.008808815305493323, -0.15359271335182967, -0.2193215895254893, 1.3226595687561655, -0.4822660413885157, -0.3047995144538213], "cases": [-0.6896772100912439, 0.11440535375900421, 0.39784670764137664, -0.16417665655263378, 0.19633101057609653, 0.3570506048572044, 0.6649277114073447, -0.09820309688342563, -0.005743449787310616, -0.08260635589773146, 0.465693298053478, 0.25834804051039967, 0.5934875878301782, -0.1479404203479777, -0.4309527632695484, -0.2123707873274809, -1.1342465059694047]}, "6": {"controls": [-0.40393579735660473, -0.26787443860078936, -0.2682524458112885, -0.012573883119261232, -0.17671627924438105, -0.2749261201481392, -0.5174854074234849, 0.25396661398698983, -0.03174896485829222, 0.6300480510426651, 0.5527462377375432, 0.11077389388932811, -0.8017558937684026, 0.6083948826311749, 0.9282233774564327, -0.0027335633544930808, -0.3822131723056425, 1.1033586193573686, 0.4239328754872691], "cases": [-0.25356845084234514, -0.3953059391572796, -0.32024788362065887, 0.1676931905439916, -0.7898165023543001, -0.21983504577638002, 0.9710981228676436, 0.48285131116547725, -0.1907449013881248, -0.7869859033584449, 0.18126453827316685, -0.1161726336723429, -0.2760490441271829, -0.00454640165733053, -0.5505829619951045, 0.3417533167153658, 0.28796660278585956]}, "7": {"controls": [1.1593673487646237, 0.4855168273784401, 0.5240577426326648, 0.35400600101903734, -1.0528970921074592, -0.19627408086852813, -0.08634170510894672, -0.12570687841528516, 0.35816561777507755, -0.260423062629866, -0.16328551920904383, 1.14875691510024, -0.22003809355568435, 0.02028889121037707, -0.0007524997365346617, -0.6134358737596566, -0.021880552213040496, 0.2361408966147159, 0.581290021359166], "cases": [-0.035592858229576314, 0.0939818921373595, -0.15383286154482195, -0.20176912345982043, -0.5271390172439413, 0.034013203614940875, -0.038888468922769745, -0.1280640468920625, -0.3094877037670118, 0.016221028375919103, -0.11166511599327206, 0.5302445559114184, -0.45459730874132354, -0.16473871968932574, 0.29505067368671384, -0.39749234925391785, -0.5727986842388025]}, "8": {"controls": [0.5145990524734402, -0.20893088050737893, 0.02417131221105673, -0.41147064686312895, -0.4451079321316451, -0.20108466368080716, -0.2700742324857699, 0.1971498456485144, 0.21533381929467652, 0.17091370251675644, -0.10734846532257475, -0.8552128570082126, 0.29017101074661533, -0.6671153053346173, 0.4591981665111042, 0.07421886713105197, 0.11169763715825978, 0.6809099597860719, 0.23520991247294293], "cases": [0.9726246665366474, -0.31338387323011624, -0.14781509244236812, -0.3038941072310721, 0.1701781070908742, -0.327047619960413, 0.06210656992697882, 0.4382868566382345, 0.08317142111668446, 0.5388857966220841, 0.006027336573777741, -0.0574552755953887, 0.8692601163912842, -0.38209354572141696, -0.3662312369858343, -0.4672096896844357, -0.582638732661874]}, "9": {"controls": [0.3520072441351718, -0.17354780053900556, 0.13721534920931758, -0.1582103864176157, -0.9026819624908511, -0.31239399249754723, 0.12466605940911901, 0.2757695803700036, -0.23439446451595236, 0.08406194764735803, 1.0571788780385023, -0.4144900772002125, 0.4480255468337903, 0.34379858519782625, -0.6186690144346307, 0.32724895419859157, -0.2755140291198392, -0.05111418996297002, 0.229992187789248], "cases": [-0.6587497979466367, -0.15253386851714384, -0.017158725372327644, 0.3074887113343122, 0.24407895070612182, -0.2512016516218164, 0.0791316039618583, -0.11429640575218915, 0.11284890285006066, 0.3962047004856573, -0.12197334333820838, -0.36277820329379235, -0.09175718858109555, 0.11983341135850714, 0.12540953731426074, 0.11928475315041766, 0.027220197611711777]}},