{"data": {"0": {"controls": [0.09828781907521757, 0.08794887634573209, -0.2237298074261671, 0.1337655666165377, 0.16105243030387192, 0.20802919687594953, 0.5439641361282941, 0.33289521041922243, 0.14381039710597024, 0.4329840879490048, 0.5134520431119491, 0.42523376819711967, 0.23999446622536552, 0.15266179496760468, 0.12508941720633632, 0.17928164148789152, 0.2893824668437895, -0.022878278824430835, -0.16091166817350933], "cases": [0.3437533680566506, 0.053768901635847625, -0.044028879789544874, 0.06071880737312086, 0.001900336061358049, -0.40242971181058246, -0.3456173785602951, -0.3471339803425856, -0.3107819875209462, -0.38656198911257095, -0.22540784534910788, -0.485550163944145, -0.2943434165309492, -0.3524843023079988, -0.3672537760227853, -0.24773940502588343, -0.3111221412453283]}, "1": {"controls": [0.006174275662920957, 0.04075109578554182, -0.1254033760646597, 0.15398134969513075, -0.17153151755961088, -0.04212575039424176, 0.12089755573120979, -0.019764466060693188, 0.10112802925855613, -0.35305919941213987, 0.007236582213704437, -0.28598510005900674, 0.06014554061989805, -0.025110134083832204, 0.023370402634242945, -0.18870402315276624, -0.2389656858257977, -0.33501133725224835, -0.42029272159412345], "cases": [0.24949513877328092, 0.40194581647684857, 0.5429933295870031, 0.4034495222767727, 0.6618285593847636, 0.43682232715627684, 0.18587824293900437, -0.22385832207879172, -0.3045909458249873, -0.026818330514449915, -0.15829027927666411, 0.172986181965628, -0.24701462396900503, -0.1790885900831168, -0.18121727841446209, -0.3849823946954587, 0.342730126155277]}, "2": {"controls": [-0.1389376364140328, -0.23906058733518645, 0.22589426569093016, -0.18598773292479898, 0.17672788547595875, -0.22491911866523676, 0.23395420431238906, 0.3883022393992554, 0.5070827932202245, -0.024474029120753863, 0.014398491411917791, 0.18653433702593739, 0.39641026619464775, -0.002458417947646837, 0.11430221262141513, -0.11701016718026327, -0.18240318723993085, -0.07437123179125808, -0.01944246862140654], "cases": [-0.30792439735893024, -0.23785630499468557, -0.17583762539973435, -0.24276346759039724, -0.2246111112608401, 0.3820860524138815, 0.022650578135508682, -0.1375249643834642, -0.18328778215094982, 0.4105435086747049, -0.1817802810796961, 0.41268298219026983, -0.147536582520133, -0.13301356863418917, -0.15293830987182494, -0.08593260329665554, -0.05149824098502767]}, "3": {"controls": [0.18064179528352053, 0.1265247851329194, 0.07923252101896086, 0.11669123132068993, -0.02457850519300568, -0.10844468036199736, -0.20418591101110378, -0.1005686189178359, -0.05775645494393424, -0.17491278807058702, -0.2770431071611673, -0.2759741785777912, 0.44553354008996526, 0.3141038909998097, 0.13533128648776346, 0.27917177096803064, 0.14297299363936036, 0.03735715318279598, 0.14280209331703014], "cases": [0.06184047887327392, -0.04237794575049387, -0.03867211972913089, -0.09172529482015859, 0.037166847663625706, 0.024402300881465975, -0.15283464834131102, -0.10855255052519573, -0.042197927432183514, -0.03926041650012515, -0.10458673693581291, -0.0002263053298199156, -0.03829669547893162, -0.12341138494067405, -0.09954398474144696, 0.056471371528976494, -0.0750938056254753]}, "4": {"controls": [-0.14251647596214595, 0.0015260661029180072, -0.08237679003084297, -0.01766828909314678, -0.040720465426157135, 0.023905665050254925, -0.006727694684171255, -0.14321107204959355, -0.07335158868296436, -0.0010849953569114048, 0.01705886143866582, 0.11863128807415114, 0.04289572601867533, 0.07376283178081516, 0.057264392642118904, 0.15325036586825644, 0.35556143313380134, -0.08701849696765131, -0.2976888594551027], "cases": [-0.2048325147451617, -0.10412244595229175, -0.07690925937186185, -0.00025440997733698964, 0.060117854351094735, 0.06794941157665055, 0.26659858708831913, -0.04172890516400517, 0.1489886863631956, 0.0424890337012899, 0.024753021669307488, -0.004172240400581247, -0.1003506052580401, -0.0245262433610119, 0.012891817131590922, -0.028408555829463514, 0.010024865777326974]}, "5": {"controls": [0.18921521023870586, 0.21729355537709943, 0.08651674239217291, 0.2354672419070174, 0.03548883313217799, -0.1521746931503446, -0.048351296902672494, 0.08472902965735757, -0.00389657149068528, 0.0022069903038173296, -0.13497672559760998, 0.21612765089277078, -0.11084308462825547, -0.05784567958842069, -0.04998779548109472, 0.10122637670596384, -0.17916928442287275, -0.10296057146476384, -0.1548714199184181], "cases": [-0.13165831446088008, 0.029055234953513868, 0.008975210568635759, -0.026223372214392512, 0.09888205362578405, -0.14495882818903835, -0.000583722464113412, -0.06428670907742587, 0.07737411547594085, 0.060789185195387056, 0.0010440065863703406, 0.07901570581073253, -0.029058704144160022, 0.010073156999935436, 0.003532114006356193, 0.01924599128806619, -0.16441163192266192]}, "6": {"controls": [-0.10799865819679742, -0.1182809871954155, 0.1086894891940942, -0.10699905336795186, 0.2720082356227292, 0.12382019409721069, -0.04246806273108417, -0.022036983199844887, -0.11023764987878489, 0.02558162848039793, -0.061767329768522124, 0.006721097729455229, -0.07523828061605521, 0.09973375948430921, 0.16773600132330502, 0.04929570012961378, -0.1237450442186212, 0.010100627275556433, 0.024074343252210164], "cases": [-0.14172612771438423, 0.037388672405558446, 0.14335427756133537, 0.11903639303505562, 0.03829751152145799, -0.05480405234622597, 0.055052151834638, -0.0971135362245301, 0.00573891128042055, -0.08213863042876746, -0.08235982990405477, 0.018647499970824325, 0.051908390891740756, -0.07301947037249182, -0.06007336080563266, 0.07788968494221608, -0.07506751306295897]}, "7": {"controls": [0.06924703393280326, -0.032078849441847544, 0.05258009497275933, -0.014046891409080739, -0.09507472493703002, 0.034786799986612646, -0.09224533976665646, -0.056885067726777254, -0.028162243194838343, -0.11382440189142996, 0.012253873679477672, 0.22876634419378875, -0.010562848623510734, 0.007881508275319412, 0.07563941890993837, -0.07747923886848307, 0.015601010141283489, 0.25089855962407964, -0.05709243674929399], "cases": [-0.040826389303643844, 0.011854414518053264, 0.03041568677713872, -0.03224532214185323, 0.01254888530043607, 0.007262829179423893, -0.09707110069480601, -0.09525558839647237, -0.04844121046788175, 0.013541203543077897, -0.06659441609194704, -0.02481054305235618, -0.014121554390028162, 0.027208399157011686, -0.01342438661091103, 0.011318590358080562, 0.14843790120956193]}, "8": {"controls": [0.06968207122195164, -0.03544742836946203, -0.10522691666432309, -0.024253197124251953, -0.08860039410355486, 0.011797299411245936, 0.06812144347225682, 0.07633419045612441, -0.08545008336462794, -0.01691961462489687, -0.08582840047731567, 0.04353123540579434, 0.0199922195968778, -0.09949386102102467, 0.048001675361076114, 0.09221130404043387, -0.1144889692575344, 0.07126566228607874, 0.05830890916335514], "cases": [0.08773667558495522, -0.10298797662043152, 0.0326023240520389, 0.039688356931406286, -0.044666810307809855, 0.0225018753482063, 0.15358197249763345, 0.052185061981153295, 0.12719946517814323, 0.05231976859005669, -0.07654104025834398, -0.06664703321237711, -0.03109819177586039, -0.13111518539673364, -0.08150936874514803, 0.027369147473272314, 0.03584381327163097]}, "9": {"controls": [-0.03362108054782336, 0.12182983305156536, 0.004058274430409052, -0.012700143972237999, 0.029745753860404837, 0.011420454906812096, -0.009849566073004887, -0.042916950343787355, 0.08786222817909912, 0.04135697999800432, 0.05201146600654412, -0.08361479380472733, 0.04607807666002078, 0.032196737635306484, -0.15128825528881554, 0.07522265345966189, -0.09238445153041214, 0.16274044095473486, -0.12390688822928467],