{"data": {"0": {"controls": [0.28151674132855165, -0.08716510470412418, -0.6270823026545965, 0.07332527906343984, 0.8880230670930078, 0.48393527734988906, 1.2696862126351063, 0.92887805055209, 0.024730330422642225, 0.5703962018695506, 1.3430725604745233, 1.394514545217626, 0.528635891589058, 0.584998495497516, 0.24771242515698907, -0.00127862618296923, 0.289079444146189, 0.272474319168082, -0.04977234300651226], "cases": [0.5480862104534335, -0.35645261884750207, -0.30473248750204973, -0.09645995106662397, -0.38402443814706766, -0.5851880360761393, -0.4460288574190997, -0.7756888038587821, -0.9095031016537254, -0.2749693638165012, -0.795885864823429, -0.8170199715270049, -0.9234806941337271, -0.779093953463057, -0.9307379280807571, -0.5447592314629429, -0.03974137359108455]}, "1": {"controls": [-0.3037554059597832, -0.2672970413914785, 0.1402347706867461, -0.0862976272875507, 0.18639964585236157, 0.5566265389600588, -0.5681355496190437, -0.6756152408313909, -0.19249306203669325, -0.4180997876343909, -0.2729915935490841, -0.26283541175589853, 1.3661713579653116, 1.0228299565820307, 0.9158738904786181, 0.9477871806373817, 1.1774577923643612, 0.04416040251878058, 0.6230344682992597], "cases": [-0.592757067932032, -0.17936715985756546, -0.5855136543529222, -0.5956577786809562, -0.5415010890104924, 0.14087619499164689, -0.8045065983871568, -0.019422910197037895, 0.20012813554217385, -0.34804193969262237, 0.05480257235486621, -0.25851107341537755, 0.29593047136795453, -0.22156626348307046, 0.24065308550579945, 0.158878238307179, -0.8774784473399829]}, "2": {"controls": [0.8734664438692049, 1.0002879499480766, -0.09632763359730077, 0.9439315654711834, -0.21845045921991865, -0.1716378718261882, -0.5153144869523263, -0.280297455234759, -0.36935464745033997, 0.03826921297274091, -0.46480684772890396, -0.28884769525296944, -0.02920325656293414, 0.3512954170602522, 0.2089445174002974, 0.16908060410575498, -0.13067590632750417, -0.2691303426907202, -0.15046800926167742], "cases": [0.571708883674023, 0.9180731915315847, 0.8662739258861625, 0.8294502268715077, 0.8122552903695062, -0.49295139285861633, -0.8493818549798612, -0.12263380252796736, -0.12053791831525186, -0.8115302227084463, 0.06490045634659669, -0.9799132795169064, -0.05835521466960285, -0.4053648799295934, -0.0670490960893504, -0.28367301693571173, -0.4720323948700396]}, "3": {"controls": [-0.3140504474414442, -0.23410448642580423, -0.4826024279687019, -0.27436820221498104, 0.3050375181353824, 0.03236645515551495, 0.1840598105682213, -0.6705178818967082, -0.40739080809019795, -0.5266992830296386, 0.35542159014294006, -0.32773618195312787, -0.22086391466043967, 0.21934707898608982, 0.021921598774677267, 0.6332808910006074, 0.9099459755533574, -0.408345303297637, -0.6871941080065762], "cases": [-0.07088790962391049, 0.23895842828229158, 0.1672054036986904, 0.18040357199243548, 0.717462632417298, 0.35106742782114203, 0.7077040027670991, -0.25705428825267557, -0.22727015825511998, -0.5497530393056185, -0.024820679640147284, -0.008671541002783268, -0.23911998698873588, -0.23161916318668857, -0.05594697209606979, 0.04924812930423771, 1.145586268737021]}, "4": {"controls": [0.026819602336578364, 0.20009634701961398, 0.33297327605429816, 0.17005661432841437, 0.7971894372793477, -0.34904166740347087, 0.033585548265081755, 0.44145482583997897, 0.7540213833600379, -0.12028418028124786, -0.24078358568939548, -0.20989651287550226, 0.2070793583739375, -0.1395631757869676, -0.4275508667020074, 0.36455017811120594, -0.2566845885841473, -0.7710269653316252, -0.06914559605645704], "cases": [-0.37940297603715367, 0.03691070228178405, -0.08443806471942546, -0.08868137716932419, 0.25022197422201614, 0.7503932411059351, 0.1269127547906072, -0.11192175278973363, -0.123463829159485, 0.057233451774884786, -0.12896002612028482, -0.2145913717884683, -0.30516523393768147, -0.5202884186848821, -0.22169254124562499, 0.6490216044386673, -0.4359375692195045]}, "5": {"controls": [-0.10405403643587138, 0.11872031206153971, -0.11801113909745667, 0.17302587109396877, 0.3832544493641306, 0.6946128453873881, 0.16228875368402756, -0.39738854456777695, -0.1028858509586122, -0.16810610538810472, 0.3427709396352036, 0.03252655572539086, -0.6866780336999063, -0.25148942633555565, -0.2957606581220235, -0.3091510986430904, -0.0599851868482516, 0.40092280810504954, 0.5420879571202011], "cases": [-0.33826903478550613, -0.09314961637384811, -0.11337585266371998, 0.03335954708842317, 0.08390463114478022, 0.26108220857730446, 0.014366274120077904, 0.3756972452426099, 0.37849021126881977, -0.39492308002781684, -0.09288749388256173, -0.6531930192335574, 0.1875027446961105, -0.12403898892010329, -0.015777117983377182, 0.2985247745969438, -0.16401384494482832]}, "6": {"controls": [-0.14463500947234365, -0.2226368701504879, -0.40273436650377714, -0.14487343509287523, -0.21309848958880281, -0.119869531495731, 0.3897220151710896, -0.20334980369088254, -0.04483334392786096, -0.33631914626962456, 0.2044514086702748, -0.22691609564599663, 0.4294629152915514, 0.2151416970094779, -0.050251308840077884, -0.5171161302208922, -0.1501944033517394, -0.46094215396966526, 0.43850132562679905], "cases": [0.4786001809966283, -0.22809494147198753, 0.2151832025240946, 0.22507397238539292, 0.06566721306516735, 0.3808102852637325, -0.08106848949517026, 0.24512110291567094, 0.046586867247274164, 0.4614211887099873, 0.6167580512553548, -0.28799548821156773, -0.05491848902870722, -0.3871963096776429, 0.07444668992328596, -0.16695701545824015, -0.0429472944917077]}, "7": {"controls": [0.07547975034354414, 0.04780437892907802, -0.061824807992063815, 0.2247531257224165, -0.23133633069926815, -0.12602076240655205, 0.17198249888022843, 0.19506395753467076, -0.10839717429601357, 0.6524823975967935, -0.03714621328831427, -0.1396252520765924, 0.03864648672209649, -0.09241579671943749, -0.2066976554732249, 0.37954524205250595, 0.31100909362793994, -0.3721683634897351, 0.14212787413651012], "cases": [-0.48267394300561656, -0.39219227241301013, -0.059150999309069426, 0.13997714694869792, -0.1289882150433966, -0.1979717226468231, 0.5512743255633664, 0.2921894469543721, 0.15194826948229234, -0.11488088796014082, 0.328922441541705, -0.4922211192061943, -0.26389754598460585, 0.2651770655629934, 0.15446740618750282, -0.49375789608296383, -0.1214839496936909]}, "8": {"controls": [0.1632594296928791, -0.09727068203461543, 0.02480838773172652, -0.06621262384146762, -0.31669291684929934, -0.26458572106314787, 0.32587182940143106, -0.054953963570844415, 0.22888579911129905, 0.46782651308072365, -0.2050727015992523, -0.042666519485321276, -0.4538271922821526, 0.18053938139384887, 0.4256286628156117, -0.25561650764890387, 0.21563610196332794, -0.43283677699258344, 0.3536054181659378], "cases": [0.19911118620637358, -0.0033187705803515407, -0.18658905067872497, -0.2688464243215166, -0.031194321238110084, 0.21340617869794692, -0.12838113330695422, -0.13270696558573858, -0.13719141838236334, -0.3017457549105617, -0.3176172798329499, -0.13110637596647304, 0.2278264555102276, 0.012039864219572, 0.24879180017158187, 0.313893299600082, 0.2273027924087626]}, "9": {"controls": [-0.12779735507125503, -0.010806407932100031, 0.007736850966680872, -0.3355357538700748, 0.0617743690602964, -0.06928995864115334, -0.33397344788241384, 0.14343577812706362, 0.2523695626828772, 0.06260711868225248, 0.025529141423372464, 0.025087267224906284, -0.1950196145458678, -0.062080752405597295, 0.6756902136164301, -0.31116618785529204, 0.23898120983730528, 0.14101919768405038, -0.1435202095815608], "cases": [-0.22740286798447534, -0.12562363185926106, 0.3150270618520081, 0.3763380200996532, 0.11159924158197028, 0.30641774018681, 0.07259939758520939, 0.03232528619220946, 0.2560389403106891, 0.15773035423027032, -0.2816435365947978, -0.10399057465454244, -0.28063653103500275, -0.12386921600460364, -0.0017264527600014646, -0.31755045350032945, -0.21067379916572568]}},