{"data": {"0": {"controls": [-0.627707222303862, -0.6548677699490265, 0.07327896929915022, -0.6297396995351779, -0.15977749738207475, -0.44261600525304184, -0.34627117945638247, -0.13280674317579227, -0.24711220595198188, -0.2197724038342551, -0.3541737371735301, 0.11015577943455677, -0.4237493679014037, -0.3858192612137766, -0.22468950885975228, -0.3868534266646631, -0.1840843107502507, 0.16169555496082902, 0.3790144473177423], "cases": [-0.42036809331357894, -0.6550622611526694, -0.5323128261646374, -0.36654812694053296, -0.1918599106718246, 0.4754865197643883, 0.6513866539505577, 0.8324992560745763, 0.8628266196891501, 0.7939540665159026, 0.736852991161005, 0.594467426069688, 0.34475645545913614, 0.36835312448394836, 0.6622682242564094, 0.458053309933291, 0.08114215927789158]}, "1": {"controls": [-0.04517132879180406, 0.038975119504383135, -0.4966264915476906, 0.08879232371032447, -0.1509196239153557, -0.06897889481576458, -0.2174879200005931, -0.3959278932662704, -0.211473947517332, -0.4724742458931658, -0.14591938720897454, -0.46880908955633954, 0.05259793054595813, -0.07626995810577289, -0.36288227947165075, -0.07756031907356424, 0.16865642468946856, -0.3623862917403747, -0.4245235071715665], "cases": [-0.03809087130009488, 0.4136070652105235, 0.5557368866707698, 0.3027214631557337, 0.723376972484718, 0.8292432014368974, 0.6051805443738318, 0.07129196356838449, -0.0738179362181785, -0.016761657679120273, 0.1184545949195723, 0.261708687599685, -0.19736849335862058, -0.1753466807244345, -0.22540514273577425, -0.23102351587695788, 0.7048822980991493]}, "2": {"controls": [-0.08062663776527398, -0.12284442788457514, -0.22303128793694008, -0.08667275355977215, -0.00446292358136902, 0.18857724131381365, 0.07652567645183371, -0.07376330230902123, 0.018111369270878773, -0.02718979749892355, 0.1257461659499967, 0.11585278720777031, 0.42410196550525847, 0.06328239550992262, 0.10222351963108578, 0.29951319339598387, 0.5988769886876176, -0.3833201090232712, -0.16625282883549958], "cases": [0.15855229852573136, -0.22890163520978676, -0.29080625497669305, -0.46962317569365036, 0.29603470910743335, 0.154969744615413, 0.09907589606966806, -0.053706901533178295, 0.20222297500010547, 0.0350732535548652, 0.2758451759859968, -0.3100691792118616, -0.1730821381091597, -0.3745109450228951, -0.03335365317503769, 0.26765339996648013, -0.4000208044229442]}, "3": {"controls": [0.33785576334644646, 0.16005391260725732, 0.20204505696271746, 0.08935341227282025, -0.156521428057022, 0.01618272260307703, -0.211849289195954, -0.3806964632734075, -0.21922730236299517, -0.21837572452008883, -0.22408203063185306, -0.36916667050414587, 0.07673204034599393, 0.07783075480074954, -0.13725209115430853, 0.15574164511722943, 0.03307821039721997, -0.09463044331177765, 0.2652095989635811], "cases": [0.03422850159528808, 0.044129663423835196, 0.11429760442048216, -0.12243345940819778, 0.04519740219632826, 0.09016294915498914, -0.40306851485543127, -0.03136777607794157, -0.05094148732547735, 0.02278447150273002, -0.09998438243777767, 0.03646870623155431, 0.2938386241408545, 0.07551796588568666, 0.2014395078468091, 0.5025529483849281, -0.15510439908420237]}, "4": {"controls": [0.09900187523202128, -0.027538856103910894, 0.306696390483701, -0.04699616919585961, 0.09417381908013571, -0.270093344169586, -0.16299063088556232, 0.15543246592153226, 0.12973352351260184, -0.18682978833742397, -0.05707957953952288, 0.06435721020898726, 0.5132511429862138, -0.11873419609489208, 0.13479860756470952, -0.01593796199217006, 0.011413513203846832, 0.06333412969390154, 0.01322824828817486], "cases": [-0.14438586885822627, -0.1280348052508848, -0.13411117969474368, -0.17047097859929078, -0.037584144741879856, 0.14828363028101146, 0.03863174919815607, -0.17659246073650736, -0.16710194065136036, 0.02278150835752707, -0.218999659135232, 0.08971466159538699, -0.05234672080445548, -0.10580105969904233, 0.08339165313355851, -0.055357434220407814, 0.3087626499694909]}, "5": {"controls": [0.014282286376502236, -0.034252070719437026, -0.055217358481801954, -0.06284887666162596, -0.0946774553495262, 0.16234132558783007, -0.17399354084363947, -0.08140580471686619, -0.11218400370202092, 0.15056675254443486, -0.03865359120441346, 0.09881003888141633, 0.028556645785401912, 0.11515873983162855, -0.21576819038844083, 0.07196468347043358, 0.28767387499862385, 0.29313150838607566, 0.011717955783949498], "cases": [-0.14092299562527721, 0.006882900897979139, -0.025499917664722715, -0.14061194880232636, -0.24165316751693852, -0.0012929385008688978, 0.1319340965735552, -0.15908500293493508, 0.036873172631131636, -0.22962148344208083, 0.09654669669384601, -0.18189196087952475, 0.3084982168528531, 0.09221440752328541, -0.20689834029245868, -0.010406901189534131, 0.29973224609748966]}, "6": {"controls": [0.06204887767222336, 0.06944945838745983, -0.22368746627089553, 0.010098199507138163, 0.2552193756458614, 0.08829064600557096, -0.1529769567893125, 0.14189562131734895, 0.1829593809374033, -0.03488432413025018, 0.025999741705322866, 0.11303311733898387, -0.2082647942192603, 0.12664648860833927, -0.10543460700103875, 0.265218161479417, -0.1256831202777876, -0.06484653292262944, -0.12872536948642477], "cases": [-0.12813311112821044, 0.010692438730193057, -0.009831481764421604, -0.1877519427811007, -0.19836078477118704, 0.3256225850511595, -0.17401195612854498, 0.0437827631503972, -0.0024931903980070723, 0.03245777851885265, -0.11294025870365981, 0.15515415983837558, 0.02622660810032879, -0.06221923019822723, 0.01512742912885057, -0.0010456546185564272, -0.02863204953371369]}, "7": {"controls": [-0.002771291913926206, 0.05840821021134863, -0.18615896206319282, -0.01178907632415669, 0.021565334746528195, -0.04639681451155254, -0.017691303069138156, 0.020457453225952545, -0.031082805916344443, 0.05724937325061162, -0.04909588909632717, 0.11884161428063834, -0.07352234708113477, -0.15586305878100729, 0.07976176789381269, -0.11113280196456439, 0.05147557807195656, 0.10027049061442958, 0.10737662298575004], "cases": [0.026796379378611655, 0.06709158571351721, -0.0288942583069661, 0.13189662847365646, -0.03304549066953109, 0.07546093784088205, 0.17855322486143818, -0.1416939900890167, -0.08520759086303857, -0.06421577970314883, -0.1565474811360083, 0.06261004355716916, 0.07974710252667927, -0.22589077133026292, 0.05304871757298252, 0.2470184015652205, -0.11662975395187233]}, "8": {"controls": [-0.027183958934203903, 0.025544443758462935, -0.1548111526925958, 0.0037521576218010203, 0.06475643677899201, 0.045597439621253504, -0.16555311456361282, 0.028744113870542046, 0.0014717691805000317, -0.009975944696674264, 0.03440352090088253, -0.14301251471890725, 0.22737723169382917, 0.07172048298740052, -0.05490592108997631, 0.08267715199816608, -0.17949086905780787, 0.10517785764221127, 0.09552855133691429], "cases": [0.020476239932309043, -0.06171937553879728, -0.02049911353040565, 0.03177824854361178, 0.041690168011441604, -0.05604870217440615, 0.17974381226842875, -0.010826650738285738, -0.0646622837602399, -0.02798166160874537, 0.04484264096410136, 0.0553648867284457, 0.0531064687727823, 0.09664983658055222, -0.014169870590452712, -0.0985195364541364, -0.22104278904338084]}, "9": {"controls": [0.16938564193980485, 0.03233211816294362, -0.07657971325824123, -0.07720201835095347, -0.15088220146536885, 0.03468518200612579, 0.055425487081767685, 0.028897704968737555, -0.0338998443583, 0.15652728709548253, 0.02711657673055053, 0.004550357036399053, -0.01584399350363786, -0.02526602050163308, 0.0035663141084657356, -0.07470790950646532, 0.013768129096144738, -0.1351557231167926, -0.01776031149176078],