{"data": {"0": {"controls": [-1.0241116893549866, -0.41649811082126476, -0.3898807495943412, -0.5141837395964045, 0.45043773760149086, 0.6291233600798284, 0.07328272387581845, 0.9641707301682988, 0.6835655405531542, -0.6277763455771731, -0.7565133074637572, 1.654523062853735, 1.5928614892030533, 1.9469421170148982, 1.7622910130145, 1.8431233402493725, 1.7560523366427758, 0.5450500851433647, 0.35652330723797776], "cases": [-0.24392425066105153, -0.38259076732799363, 1.05891730167638, -0.19913724337931207, -1.0514013395322834, -1.6497714513667527, -1.1136299871013318, -1.141515458535064, -0.6116874812373541, -1.70500871700375, -0.6595244288752786, -1.3927272243540338, -1.2346246807634462, -1.5261655368782214, -0.9038045725866428, -0.7816364559565512, -0.946609675101594, -0.6538938891031332, 0.18576291531067762, 0.5086452907521302, 0.6676017027423539, 0.5463792335581522, 1.9430591936989225, 1.179303049462154, 1.761320939221757, -0.11149161544711629, -0.7757226562701482, -1.2951050961718114]}, "1": {"controls": [-0.5615381734646279, -0.5701797521848564, -1.2209798926090047, 1.0357358285791864, 0.26009187265521416, 1.6618013681378443, 1.479008723963858, -0.006197795105328794, 0.3999907398807468, -0.6113904692398058, 1.1454597095180916, 0.5096297662533239, 0.7130257557278544, -0.16208140364329587, -0.09539817075237901, -0.16149632752869342, 0.670609391475626, 0.2228051781606017, -0.8365486435810338], "cases": [-0.04166032505652236, -0.7872287892587302, -1.419235278636821, -1.1573408749327423, 1.066794197445312, 0.4067943975915059, 0.819526623594031, 0.467800184878332, 0.26093775029550054, 0.6020253974417498, -0.8088867324514291, -1.124752218584936, -0.5219760600469483, -0.7426640979396786, -0.7333683310670105, -0.17944641658986477, 0.0226966021860948, 0.1846774365111771, 0.4294746198619026, -1.2134019337312334, -0.7923748156782162, 1.079135460458149, -0.4981273102858369, 0.20492837512163053, -0.4913896620714243, 0.11345300117452137, 0.3651250249689485, 0.6161360685592178]}, "2": {"controls": [-1.2057026227765772, -1.043215471004216, 0.7318375338286596, -0.4961529550998142, 0.6199256932869786, -0.7556258772174476, -1.2903656144467803, -0.7658449400030806, -1.1145656772797645, -0.23533742204940158, -0.5867756035798325, 0.3761458816300769, 1.0543903913586858, -0.14352709468118963, -0.09484681519263108, 0.3653217741030814, 0.6083300289141975, 0.6920060523725159, 0.7252661115837712], "cases": [-0.31854708465955356, -0.3763823479132541, -0.26677256621602213, -1.2910385082912255, 0.21563806083216583, -0.11230496951386738, 0.4113336452462053, 0.7101143727918002, -0.6494364095698759, -0.19509451975597802, 0.02011866057447292, 0.09596936732615614, 0.9240470782418563, 0.5605891730355229, 0.6055364201515684, -0.45042836047898543, -0.9558233225519441, 0.04751851731386198, -0.016936563337852813, 0.24090867254323853, 0.1701999066299368, 0.7512488060698882, -0.4937721547369212, 0.04926459280929622, -0.0004398261147812814, 0.5999527779804862, 0.8838175189780726, 1.3994556888685032]}, "3": {"controls": [0.13154873347883722, -0.16637471929473308, -0.5011037895896151, -0.3781225506446624, -0.5994991922637667, -0.508645098547936, 0.38456587865186154, -0.5629997189077478, -0.38563756040836955, -0.3906719955167094, 0.0964462924847303, 0.6098683864453985, 0.12808351968617984, 0.617560137292005, -0.13252890080167326, 0.7874697557874514, 0.14009282561080766, 0.01980982889440665, 0.8053675975420507], "cases": [-1.2885080349069984, -0.07181074727922539, -0.10539384601064052, 0.3903406379644699, 0.5155961454448698, 0.9092558723983907, 0.9822291703505109, -0.09320962311736553, -0.07731263108864767, -0.1136136931485983, 0.8945990708615547, -0.004119260950953797, -0.47417224498014837, -0.13409507485236916, -0.1764646308597959, -0.07668108514442443, -0.4280670219613339, 0.9913897063830334, 1.783421934215332, 0.22163544768369178, 0.3235134053483916, -0.6243095798420624, -0.1995513736124795, -1.1869236934924852, -0.04012585761726534, -1.3703122711615017, -0.5723405649760794, -0.07019958554638478]}, "4": {"controls": [0.2579301797857498, -0.5201391701713666, 0.39024303915260317, -0.11455258082067561, -0.20263155511816916, 0.19551234604292098, -0.130590279910487, 1.1025588748309927, -0.034111043843300104, -0.5678728682130892, 0.8688250293034354, 0.5441237939690774, -0.30322549302457746, -0.1625962233121831, -0.4379299890965006, 0.2367221624391068, 0.41482036575591635, -1.1299036657246124, 0.4954552913626746], "cases": [-0.2612774430509189, -0.711974609749782, 0.11880157988680977, -0.19413328029126792, 0.8551887876211659, -0.1395059353021525, -0.6801980003922544, -0.6611271820848336, -0.8552026971148251, -0.05504455605269441, 0.8886683580893302, -0.35591443596804734, 0.5294414248578968, -0.1814833426656166, 0.5590224230576459, -0.3976143472289093, 0.9578289363377179, 0.06528380519816285, -0.7312133364722833, -0.7462183933536849, 1.2676429811696648, -0.20202347759341194, 0.44760859816769744, -0.19544009488162792, -0.704886658801054, -0.20095084596577192, 0.41991311051761465, 0.2621704186579176]}, "5": {"controls": [0.07250851393855122, 0.19961368570314617, 0.37911359381714566, 0.6601551740713683, -1.2731092668624495, -0.04269975975997031, 0.33747181516822633, -0.48176771048058614, -0.5319390777656541, -0.23219406715322233, 0.27257697228170236, -0.5962576736516066, 0.044106065720900256, -0.02181619396926877, 0.3057127450502338, -0.5471465781451812, 0.5339393791377173, 0.6314360922642528, 0.3750259222760186], "cases": [-1.0258257708095844, -0.30643408235651537, -0.19370548789121153, 0.1518055928917712, -0.37997137804687503, -0.3271519689473764, -0.021466050508870533, 0.24643365951585092, -0.3097617308327936, -0.2948364913385343, -0.29630859171649243, -0.21573483484964084, -0.42836526401003805, -0.3297638096529808, 0.08181953696998645, 1.2949967099419453, 0.5680796687053395, -0.9818124531178817, 0.3394661568036774, 0.19984312210890653, 0.7316973504856673, -0.2721256008204939, 0.1387269502246344, 0.1630172687799434, 0.0007664088049029035, 0.40976858078375644, 0.7827264788003911, 0.18938639844119085]}, "6": {"controls": [-0.17371897887687981, -0.624953772765035, 0.7764333831793151, 0.30521125164990653, -0.18036505629659824, 0.004044428614900729, -0.11240495781877406, 0.2851163979143392, -0.46480327790731873, 0.5245685794316265, 0.24555058743234084, 0.10888434556781766, 0.2533087805896632, -0.06564029995421548, 0.7769678858650497, -0.8427873554064351, 0.1631960520502078, 0.08068525793467993, 0.12651803167303888], "cases": [0.18238436991776114, -1.0036579148936613, 0.312076531757101, 0.4582688590812927, -0.014179822394041159, -0.016410915104868855, -0.19724135216003938, -0.41933815988177264, 1.0264034513003764, 0.5976195660045804, 0.07715199322570086, -0.5926208517103904, 0.03555810930026873, -0.5273969702769975, -0.07389288857618706, -0.3407488899377368, -0.15561039059122306, 0.5756675024980863, -0.2865588005638333, 0.5719528140708833, -0.4246412280023062, -0.5277279177085081, -0.46823863645995134, -0.3742927730597651, 0.3844961048989341, -0.3789649051654874, 0.35333352186859046, 0.04079830968557114]}, "7": {"controls": [0.9778234282316133, -0.36943377226573815, 0.15953097002940075, -0.6578508477528444, -0.04860295484097735, -0.12302453128016758, -0.3553545223800647, 0.2803447725853649, 0.4551191982571461, 0.6325207208108278, -0.18682157410280303, 0.34634258599253726, -0.6026019530365558, 0.2213463208046388, 0.041866287673822646, 0.08761656994061016, 0.2515326634179778, 0.2339335021402674, 0.5168968174906615],