{"data": {"0": {"controls": [-0.10377419127713988, 0.018210488711203933, -0.02028904147333627, 0.18508230333726977, 0.05824839645045955, 0.5047514417069131, 0.5675101495712093, 0.17716627821765019, 0.5112864855454643, -0.010158856026975579, -0.04254968038802428, 0.3078491630353503, 0.5030965417513458, 0.4413596494799822, 0.28890756528773287, 0.30211192472016907, 0.3419066949295858, 0.02262740561282499, -0.3074801182738275], "cases": [0.050139056122382133, -0.09086751100675167, 0.14137204970306327, 0.07658130511220952, -0.13149582607211807, -0.4731852870999659, -0.28708587186869666, -0.2695002604212138, -0.008198078951598247, -0.26815054660243515, -0.3585739024214233, -0.4905241368552541, -0.3156122023929196, -0.49446440459331586, -0.24102827651475808, -0.1611220504012802, -0.3418000935013412, -0.32193852839884585, -0.11460004287507343, 0.028418675311349548, -0.11480765196320177, 0.27634047362113284, 0.1788208630351103, 0.35223226623735576, 0.21126177581716143, -0.07965272975245137, -0.17620882995821588, -0.3222128342267563]}, "1": {"controls": [0.47489517926251235, 0.4098038941857103, -0.13560275294143762, -0.1061000050813591, 0.027975290964424703, 0.12488915726464292, 0.021606434709266393, 0.25774544542595096, 0.20273816365329056, 0.037580261976465905, 0.032765602129634294, -0.286450184333252, -0.05102737900142695, -0.20591044084621682, -0.42808102933569697, 0.06269269775661866, -0.3464566442932846, -0.2892075862041391, -0.24490702726829416], "cases": [-0.08038711049829404, 0.3146125381213258, 0.4593979445622013, 0.522291249149916, 0.10889340108683841, -0.2479757147472727, -0.10071756656953167, -0.2982187029084125, 0.04290222374868043, -0.1549533815560582, 0.08081643246539857, 0.04364771630618526, -0.04486401884643317, -0.041988918679987115, 0.30326951975849537, 0.2855913111490271, 0.045585265736467255, 0.15368181473288553, -0.031479201771434706, 0.06065239031358726, -0.13807200568147204, 0.2827157080558942, -0.33795079229722175, -0.003092409818917121, -0.2674413128318187, -0.26882626592601117, -0.10337516695202448, -0.1436640241254277]}, "2": {"controls": [0.2514134083251416, 0.1543224414128417, 0.1775910360909149, -0.13877865908695305, -0.08022225188587956, -0.2106296187918479, -0.22567030123367654, -0.19621970557517812, -0.20284197215413466, -0.17960609186288576, -0.19992659455800435, 0.11544408514327811, 0.05312905985458819, 0.2188574341802589, 0.08679411516915582, 0.21648271755749793, 0.0001862555522714638, 0.05916806561800475, 0.22319707711665127], "cases": [-0.003186242419524862, 0.29775954642176, 0.16598480995249207, 0.21093905752805095, -0.17742740177403352, 0.043504561526053025, 0.016209231208296978, -0.10349561550437963, -0.08698937860497302, -0.1949561815862156, -0.11680713880052876, 0.11993579742558183, 0.027533033593639303, -0.12926542313419084, -0.1494302867251025, -0.07254745575043137, 0.28945211284577477, -0.18120207760394083, -0.20831884378936202, 0.19798314744428397, 0.3362424866440639, -0.2741996570427365, 0.17907547455622416, 0.2006625175659156, -0.03273269040313878, -0.11947809919363912, -0.23882403927469883, -0.11911174597728173]}, "3": {"controls": [-0.010621450862796648, -0.10900797909641598, 0.27595073896248107, -0.056180854258595196, 0.17176698792259484, -0.030611073513867555, -0.21233437077001582, 0.04143565508230146, -0.18259399788218753, -0.09473723307586641, 0.09984461105806874, -0.16670768111102527, -0.05399553049037711, 0.06407475331251093, -0.22072206506133504, -0.04597209162354833, -0.08138747995219456, 0.15185130396346738, -0.2756618197627349], "cases": [0.03587719373245409, 0.019614024328689767, 0.09988136615317218, 0.08989867483110918, 0.003556683874839101, -0.0973007049559912, 0.03720127507373876, 0.15559115237760043, 0.196982866370532, 0.004609341202643724, -0.19411417353414306, -0.12038900103500673, -0.24475057603213107, -0.027036097532914027, -0.009479913532295308, 0.08815453601013892, -0.18485288430505745, 0.016371763444382775, 0.03669796234451222, 0.1471256710587372, -0.03983518799435472, -0.08917990891786606, 0.17758096905683893, 0.19366392614338546, 0.057960713093363585, 0.1412155641430981, 0.13606797945866947, 0.1044963623013905]}, "4": {"controls": [0.0871772719029024, 0.15318433793766412, 0.09899582752667366, -0.04501015943622826, -0.10044920949982147, 0.03515093421097209, 0.0832377025126303, -0.06236205912209167, 0.008633438878938736, -0.07720869753820601, -0.12625520856093206, -0.10775689699600782, 0.04002028507367856, -0.09566453453079478, 0.11268476935974801, -0.0321990133600069, 0.029795666037634613, 0.35624847528980197, 0.17780895457105572], "cases": [-0.10836414943177797, 0.07260899665156549, -0.12097121117387082, 0.04275567609738408, -0.10103591247998574, -0.06731142567921182, 0.14725100922378254, 0.11285480957187027, 0.24106938781261877, 0.004375758942672256, -8.506040018055576e-05, -0.10126341982859992, -0.17113111795107747, -0.10333891679687103, 0.1297166125703101, -0.02623741490983743, 0.08755328824048678, -0.14137641937636072, 0.10957180971632278, 0.09120620059354831, -0.22088347475602418, 0.01272416795127522, -0.149334205736797, -0.2507791823611369, 0.068538257379212, -0.07283268189525327, 0.06149306898783035, -0.08280633521950681]}, "5": {"controls": [0.023989068674809065, 0.14387463452542543, 0.05203370820825453, -0.0562285852050854, -0.042759760801406296, 0.04471886314642277, -0.16962674295390995, -0.005463444470410853, -0.08435709298187433, -0.01460811337643872, 0.13477126493942823, -0.006531080607773651, 0.15005436313029588, 0.04785710309559983, 0.1226172567508538, 0.2116832369224703, 0.17705355668255088, -0.0052040073841512925, -0.16826604695200487], "cases": [-0.10791525229320374, -0.00315416418659153, -0.06628559412582262, -0.14628040582155025, 0.0781121138780042, -0.09719619815695003, 0.019791015477282816, -0.15670610178416994, 0.14187709313807806, 0.02662696735891153, 0.07963228418864217, 0.07334174707602298, -0.03715136505957294, 0.1428472183678447, 0.05083722953375864, 0.011066205611311756, -0.1811031533291332, 0.06374314054102094, -0.0071738606901066105, -0.006451329439245252, 0.10113114795358807, -0.09289472122488988, 0.00028438547073673286, -0.19148629073775322, -0.1443670997928803, -0.008116378656772328, -0.06162017652581421, -0.03699663811380248]}, "6": {"controls": [-0.06200052983623923, 0.04037296313526704, 0.06769678148678725, -0.0576610619131561, -0.025951693420060307, -0.182942382167069, 0.009784472971807708, 0.08621610006453205, 0.1613895195329672, 0.12277255718236196, 0.028860531055732483, -0.04365562790811132, -0.02781791042410724, -0.11840274870521826, -0.035257232765092614, -0.009213904964709366, 0.09482807028110676, 0.14323198669963005, -0.043239691041565304], "cases": [-0.133433677349757, -0.05272888956051631, 0.03919974911986569, -0.14190370695744958, -0.1853036867475273, -0.17531965393142532, -0.06348760450631198, -0.06613314054219543, -0.06344020179137455, -0.009538168803650136, 0.12951139892083421, 0.10709420230870462, 0.03578201702382706, -0.09342172607778058, 0.04506366261388949, 0.20016918916789, 0.08382428437363573, -0.09293497481933724, 0.08119796165011144, -0.04845849540418651, 0.04959230397608807, -0.0858338510844681, 0.010436657309749962, 0.15874046380429505, 0.013019290565012429, 0.10872548382227094, -0.022868060437643917, 0.02343897409258295]}, "7": {"controls": [0.07026060494816459, -0.10177543060136413, 0.007653927469425577, -0.11563384302605653, 0.13194982754565338, -0.04357627861501559, -0.17114469985315675, 0.27107045410244324, -0.015708508557246204, 0.05706436339264307, -0.15954981183384317, 0.09303067585307183, -0.07743523962507169, 0.043825529171575076, -0.008803226132246152, 0.09392179108609844, 0.0612078930888064, -0.1210939253602962, 0.15717704320091566],