{"data": {"0": {"controls": [-0.16931288177981288, -0.15937138478282917, 0.04550965187469021, 0.7824539052966216, -0.11626791634614154, 0.10438659129013961, 0.4407786576092906, -0.057959133134650835, 0.3104202178105205, -0.39430985974761573, -0.4549001151373112, 0.793338830137175, 0.8674395506930237, 1.0574887230183236, 0.8033965953410235, 0.3134287165097419, 0.6585846623457827, 0.0593803183311339, 0.37581806207438695], "cases": [0.3366829727046697, -0.10309277797718476, 0.3858388635445748, 0.4168352795774132, -0.5688262945015576, -0.468793497465148, -0.38134521414411876, -0.4354466915987452, -0.4161789874890413, -0.1279616826955163, -0.5396268255532689, -0.8078263210757373, -0.4706879737625531, -0.9102684265828633, -0.8657018638826369, -0.5556846149105688, -0.05431813636386944, -0.6572561738283313, -0.12602320395556432, 0.15315272724969467, 0.17412064230140054, 0.4392365792669431, 0.3030171131481526, 0.5126697004641146, 1.0349147243275991, -0.31916846763909834, -0.3913031886294797, -0.8172614519327709]}, "1": {"controls": [1.069111370097858, 1.0955782986668678, 0.01646807432453573, -0.4519349518460046, -0.1433354570689277, -0.4314528383688781, -0.35761538585344216, -0.205795094418197, -0.3470250211234521, -0.5559700946193522, -0.3186737487157519, -0.5001248258816158, -0.4350868779029608, 0.17500479236968638, 0.17596207701225128, -0.35153476446015947, -0.24601062839550358, -0.15569645410626115, 0.6993793552037468], "cases": [-0.4405891449282694, 0.8896163145701838, 0.9228149243055199, 0.659390365071048, -0.13700652595667046, 0.3746145226547282, 0.3102721940157558, -0.20673885945241247, -0.17737721007309343, -0.37045457256937386, -0.28669958549758295, 0.5563019843526895, 0.21234335716455977, -0.5801931032514795, -0.04303938300922357, 0.15205612959063158, 1.2487975463366394, -0.18412827608579194, 0.14028866176627064, -0.001810432416027701, 0.5801851963482144, -0.5148832342677582, -0.06296846743514911, 0.16873735821009073, -0.22737695287537713, -0.6679036829228284, -0.4454594664336824, -0.6000374821260505]}, "2": {"controls": [-0.2793554541046371, -0.39463056219055215, 0.18925354316910858, -0.6810176677257201, -0.6505082773095211, -0.9059461575439105, -0.33611624477701424, -0.7390446509237145, -0.3588545164215513, -0.38082646968579315, -0.5846262722867656, 0.5053211377797878, 0.502845881263929, 0.2596960784019417, 0.6109216733491034, 0.27167207961967615, 0.7313199935881965, 0.42998083578024915, 1.0551310451975815], "cases": [-0.4730487735774009, 0.009400989770693325, -0.45767119315310456, 0.18483780516006665, -0.5966520600630005, 0.47123062529082305, 0.477343044719831, 0.4091829041207085, 0.19065559571429905, 0.037810031889184054, 0.4866207589264379, -0.05412736745780146, 0.026962147228879147, 0.32915981205078326, 0.16951143229756996, -0.15527977223417558, -0.6671017878155785, 0.07844944925420458, 0.7159786372865347, 0.7102227389478424, 0.018747655861834887, -0.5573440798826553, -0.2994216869045586, -0.5627345138669867, -0.22082411721226258, -0.015719917624165504, 0.15990122874744733, 0.3386944173441562]}, "3": {"controls": [0.6083978590044884, 0.4845879173488651, 0.36046874956818087, 0.17719880277438135, -1.0092268925142167, 0.3861596135544768, 1.0677372913848655, -0.4526134052643755, 0.4178391302090525, -0.3798964664449602, 0.00792631858505571, 0.11251043772958762, 0.18371700030250268, -0.34324180664095844, 0.31763201455202233, -0.1524117900968521, -0.3222617130797031, 0.3507162551247962, -0.1655482105405487], "cases": [-0.5753616522725312, -0.3064292097441039, -0.5958849017037597, 0.26476308754348826, -0.05523153966552788, 0.22992909040693357, -0.5534043898863639, -0.18525726534314443, 0.3248633557343699, -0.04230593553927446, -0.1675026343777675, -0.039574039802548415, -0.13860825829344717, 0.06206963681280537, 0.21295460796017748, 0.31018094029495225, -0.15184727577011473, 0.06526005529248434, 0.41496507237461916, -0.3100375408483658, -0.019202018656897853, 0.8226181500466833, -0.642149746890564, 0.3143642710961166, -0.6699584832460513, 0.01984439642632424, -0.019946847121667267, -0.2188020303834849]}, "4": {"controls": [0.1299772161383931, 0.09424307491763739, 0.23832914517287443, 0.011292528795498493, -0.4190903619276102, -0.15527284647125314, 0.02367286877445785, -0.7098370148275557, -0.1807838684846671, 0.11206878650875947, -0.20715429241518737, 0.38879916322055286, -0.022061425547967306, -0.43157644937183887, -0.13887714387938793, 0.5884482509846692, 0.1592110739876921, 0.4781153701358863, -0.5293615995979188], "cases": [0.251819438122342, 0.39999494716913286, 0.14702559746256552, -0.6466868173890408, -0.37374141699576013, 0.04192186596534812, -0.27286854646674713, 0.21975688813709168, -0.3403206723070807, -0.5161941021038036, 0.055754975351845724, 0.25603553009146507, -0.1063519366097215, 0.023295755292299384, -0.07414689391725707, -0.1225288803279443, -0.0844087987361994, 0.1541391193590045, -0.46461169109746614, -0.20545976859945553, 0.6961380284106042, -0.359493093750567, 0.8686641891387578, 0.8359643271760844, -0.34356436357242626, 0.4075525610035239, -0.1518056944541857, 0.27397697753455424]}, "5": {"controls": [-0.33285543704131293, -0.6442698706314431, 0.4969697293463315, 0.46764238042972445, 0.04406285135004987, -0.32776680659000224, 0.12638830174800153, -0.7166621462273953, -0.67977356455338, 0.17090229767726953, 0.11369033228617864, -0.1116007936805352, -0.20547561992168126, -0.13360561484484035, 0.10479590828901753, -0.4073817905587801, -0.2904421080694378, -0.14863387337265044, 0.27553812869575034], "cases": [0.29703349563308623, -0.0004449879041765568, -0.28705995725952854, -0.05164305724771731, 0.4125341743238601, 0.20362583313296737, -0.14197053842031648, -0.008272064603624958, -0.5918834422160423, 0.5067062313149453, -0.4375388486699786, 0.05053907769149473, 0.8730639794415119, 0.254206331627918, -0.5939906957100088, -0.03942238172830341, 0.494515421801951, -0.22077699527204922, 0.2657041073227236, 0.3322434198185064, 0.23729980397369643, 0.27050867209696433, -0.22713431055046376, 0.43279966438600925, -0.10781347644516669, 0.1362572967159565, 0.2980528567013275, -0.15866191428640447]}, "6": {"controls": [0.03430784008005007, -0.02095363285960412, 0.7727251662489852, -0.19637452930881596, 0.41575187096162164, -0.18715823409095358, 0.2601085228097928, -0.1644872281407244, -0.10754979795560776, -0.4433044582323222, -0.264301486085052, -0.3904638953847278, -0.1811417008469325, -0.46558009677444245, -0.14746914059365973, 0.006214716895718851, 0.37708315138352877, 0.0723860360293058, -0.3544418911049084], "cases": [0.009828608239405592, 0.838401410170827, 0.6076976817862704, 0.39696175034198294, 0.1690872072777521, -0.42297025758123613, 0.20210185398996935, 0.3558940260496223, 0.34957565556084985, 0.41638182620197595, -0.20528948804005312, -0.4847460790357713, -0.0654267803017826, -0.11198550013726877, -0.13477842779825677, 0.19156929205319645, -0.8354253709688191, 0.030172735636724075, -0.31205599535540013, 0.14517330143233081, -0.1322630226823843, 0.1763754969269791, -0.2457057734038007, -0.005260419525754931, -0.06932261150547338, 0.28132858991988174, 0.21534920718419961, -0.37602012946721697]}, "7": {"controls": [0.14527382962747873, -0.023653230453235367, 0.08772255258089173, 0.04818221125854896, -0.275648022138307, 0.1281435684861496, 0.3485617356564838, -0.39161935016624144, 0.36676510353394476, -0.44521659963087656, -0.3375664815081815, 0.02525573118324911, -0.15932948904760874, -0.048604008530676306, -0.4660442894500759, -0.11676373069060002, -0.08535791624124257, -0.0007225966389392038, -0.08612588611158468],