{"data": {"0": {"controls": [1.2173855825116169, 1.3274431747310216, -0.48465295150071336, -0.20313245626534723, -0.37549247741269254, -0.27576065953112655, -0.3185775720095093, -0.12680983248333602, -0.2418364140910511, 0.07480764809752447, -0.1725996440226938, -0.22488627813567372, -0.4150848098699329, 0.40949552727844946, -0.1482293876861006, 0.15349503526360403, -0.3211337881560465, -0.41527609100876794, 0.25762201094956383], "cases": [-0.043621905771754545, 0.9714099757748978, 0.9492724903615499, 0.7389878579184864, -0.5692163551757388, 0.4320773980348829, 0.26683787923320273, -0.7300987916208227, -0.22081361265509275, -0.4141672601308403, -0.2659711276076029, 0.7850198886827897, -0.06691125223735106, -0.4199039600281883, -0.014100868140347781, -0.1419577376974221, 1.3473763647767423, -0.22625931411201122, 0.18823376647663478, -0.03779655362371428, 0.5797464454200104, -0.6117428387215027, 0.0681031160878644, 0.05929247168443731, -0.10929312098966351, -0.7195706442056166, -0.9367955091774234, -0.5749134192151942]}, "1": {"controls": [-0.12679893927461147, -0.2252550027641383, -0.0066484842291037426, 0.37896553340418565, -0.17557236291889453, 0.8461358742993109, 0.9537442135978075, -0.08832855825584866, 0.9536771346838213, -0.4698779712465033, -0.4864373462411666, 0.47832088894123465, 0.854200977584557, 0.6617047411313886, 0.5803468411294337, 0.2643788765458831, 0.3687433169607902, 0.10049565588328876, -0.15911767491451212], "cases": [0.5711974669698934, 0.02715547551218331, 0.38186261900153906, 0.33850552411839757, -0.36019398849540957, -0.9461177742238221, -0.7352965327728176, -0.4041304072363891, -0.17433363227841106, -0.5875435206262941, -0.3008385365049434, -0.7326770595691929, -0.6531887633678559, -0.8142174176977269, -0.6907764633132016, -0.3179606480034347, 0.08187862312297062, -0.648788818996889, -0.6476454699369706, -0.12391222641338007, 0.5312986501430557, 0.5131786410882512, 0.46406530212807523, 0.8707852079268882, 0.6168039094354182, 0.01328709067224509, -0.4686298266339447, -0.5064451383651593]}, "2": {"controls": [-0.2561159110799558, -0.17104740440672753, -0.5518403953197216, 0.7794043580818577, 0.8444960058238492, 0.6031087550902672, -0.1604725475752138, 0.6981775078890167, 0.14717224394663203, 0.3956662319590514, 0.7246719207344707, -0.3149912969802914, -0.5159118407312497, 0.34009485845292564, -0.09959972454434193, -0.59535893768101, -0.5157356362267911, -0.8027693500557112, -0.5038688872665167], "cases": [0.4219386653649437, 0.21422229420451153, 0.672169527473009, 0.24734019828434137, 0.5217095596612713, -0.13784251938145178, 0.3515714564855353, 0.010610027393820045, 0.4959699434462332, 0.4285223776601471, -0.4252083237711829, -0.05587731233973699, -0.126622958463477, -0.18816234933927822, -0.23643415341386123, -0.4448790063721317, -0.2672151547676534, -0.07282981021910198, -0.1584402356391224, -0.3662838548524855, -0.8490325229656824, -0.5049795020490471, 0.09848477797082089, -0.14991879016240944, 0.9445377846057867, -0.3496052170873907, -0.04668620419077344, -0.07213864764617668]}, "3": {"controls": [-0.4073450941773928, -0.1754524913185623, 0.40256746522464987, -0.32206185605619775, 0.48636002692262026, -0.7371608024804722, -0.7565740393830339, -0.5304411170072408, -0.6492330129939861, -0.39338575773676854, -0.47900117171621603, -0.07871716696449395, 0.1628838189044509, 0.6399873133928486, -0.19583411352475227, 0.5875156740073915, 0.050251871341139585, -0.26702593140709374, 0.09581522668271811], "cases": [0.50855011854086, 0.3465588659643273, 0.29773406716119305, 0.07507033092140016, 0.32261256602842736, -0.2605702521108649, 0.29957496460673744, 0.4683479706473756, -0.40284855564365873, 0.3454669393174564, -0.16802173815305715, -0.22277114793915526, 0.18200598307245694, 0.21477657681440804, -0.4923641581762596, -0.5832731080711789, -0.16974010238848988, -0.26418772839715926, -0.018503869423886814, 0.8881501430541273, 0.022065997773064682, -0.33821289946836014, 0.7262994843117732, 0.5812895829831665, 0.11781366777967175, -0.33844049461504694, 0.3048726958431859, 0.12459525785787878]}, "4": {"controls": [-0.08874609482042725, -0.013658325871769073, -0.15283429367486637, 0.6963551870669095, -0.5830076335832727, -0.35261278102704396, -0.1568049949664569, -0.1863548699125071, 0.004047144828493177, 0.2437963468105558, 0.16384739617637528, 0.23863443162539438, 0.4682015695865445, 0.2145058772530225, 0.707601186716733, 0.31534000458501965, 0.15413349119106046, 0.03741442504227743, 0.5678557614276853], "cases": [-0.19633562553643508, -0.6289360675033498, -0.5393036098312193, -0.430139122889466, -0.4752170411937729, 0.5503553468221811, 0.3230973893456306, -0.12824501764140742, 0.21447866104850438, 0.5037097642898178, -0.17653573395656125, -0.08519090865317727, -0.10892898069724455, -0.21541457915250614, -0.5621198952683042, -0.5250421136494251, 0.34837037546786387, -0.3052488530788911, 0.5947360858257029, 0.07364991255745369, -0.246111480365892, -0.4849892525745849, 0.04312907228745613, -0.4041470201072026, 0.6340946404670603, 0.03825388291469803, -0.15104570623558625, 0.06136204885492841]}, "5": {"controls": [0.08728170245534624, 0.5188879847067319, -0.14929344957932342, -0.16749098886455707, 0.09036588812438925, 0.1265600617366983, -0.30505226960509413, 0.2497529949961216, 0.33864380625412344, 0.5602338333010217, 0.14600804345920668, 0.3231972546817245, -0.29611169021253597, 0.012967594780710167, -0.34333876360656235, 0.5698723786813712, 0.2938725100507121, -0.15106129413997407, -0.6992624460938446], "cases": [0.05937126252086208, -0.42841480743698085, -0.2245472000021252, -0.7340901181673841, 0.004560089141029917, -0.465549801272046, -0.42148570078004977, -0.025010489092219836, -0.053776017000829526, -0.14740793603802435, 0.11333375753623458, 0.30960886387496145, -0.25498621103549, -0.09646797150600131, 0.05130299323526194, -0.16635552697592956, 0.1862016138558799, 0.13397748950780844, -0.13894304184014014, -0.06817121567687083, 0.24815774007001212, -0.5664097517817743, 1.161544270634513, -0.2817114602860016, -0.20905267244853248, 0.3722107022833025, -0.10211450183943915, 0.5381924893937085]}, "6": {"controls": [0.3711467486723979, -0.1883787961766955, 0.16582494561671093, 0.14549743841220067, -0.1779038368974315, -0.04964312109454826, 0.013598603628424223, -0.45000728252249467, -0.1530520379262769, 0.10426361188743247, 0.021616597965809954, 0.12353939614219837, 0.0776441141546912, -0.3711144107607241, 0.002636121610154609, -0.5266934971690262, 0.4904795252986077, 0.008018294688904798, -0.29919650254082175], "cases": [-0.27028516086997145, 0.3171743503867334, 0.033590779208455275, -0.4710722288792451, 0.8130688689205917, 0.1822938539628401, -0.02339769873116811, 0.47539654801757814, 0.10161152341102955, 0.22460751565030984, -0.28717257398637314, 0.41823010271795663, 0.05001318330114039, -0.0999509776886137, -0.33136339010658894, -0.29296546079415536, 0.3801358894677425, -0.5429148772888889, -0.3017854248602014, -0.7079385896936671, 0.5433055814057999, -0.15265029714073744, -0.04897352123445431, 0.314703990488211, 0.02879615379010673, 0.15594838870127817, 0.5066138593128436, -0.32329630045806584]}, "7": {"controls": [-0.32271129308253077, -0.49335078741872257, -0.36167571436290685, 0.24483869586415002, -0.09190849955183016, -0.12447166729172397, -0.009060293393974172, 0.013333553303126229, -0.051049583080502205, 0.21597214122677966, 0.02885337852978928, -0.12786500143837976, -0.4476220039827574, 0.3103975064591873, -0.07550482392126248, -0.5528649027066719, -0.3098324665424581, 0.2204071051528647, 0.23718091672764596],