{"data": {"0": {"controls": [-0.35491966550315707, -0.9155626789464731, -0.4999984256450391], "cases": [-0.03259972593150509, 0.20278324750693152, 0.3554533511817778, 1.0343554348711825, -0.8802942470048235, 1.0907827094711064]}, "1": {"controls": [-0.40712402886458177, -0.37909409652054754, 1.3096727003136017], "cases": [-0.7166236108673838, -0.7346365798062675, -0.554765381103509, 0.17172329499331151, 0.5689356259103069, 0.7419120759450691]}, "2": {"controls": [-0.4621067035195003, -0.23990436669033888, -0.6499167559668746], "cases": [-0.5609453940130206, 0.3285915486213389, 0.46910488231994624, -0.06264069795831595, 1.1061111654801536, 0.07170632172661114]}, "3": {"controls": [0.9524991395887265, 0.2901770228879549, -0.3447874798057624], "cases": [-0.835068628626739, -0.3277307669420116, 0.083884955929959, -0.0018317082949570386, -0.12338316812065978, 0.3062406333834891]}, "4": {"controls": [0.2728182697789731, -0.3480361835904024, 0.1962969399682527], "cases": [-0.28085696110038116, 0.9355162011002526, -0.48341356381924, -0.2511943787007674, -0.07812196449356781, 0.03699164085688002]}, "5": {"controls": [0.17807759009490207, -0.42378285374872504, 0.23375175531350267], "cases": [0.06855307962863735, -0.08695731875301299, 0.5445259394232529, -0.4578163381218629, -0.07782859894495539, 0.021476745108261093]}, "6": {"controls": [-0.2627860653943198, 0.2926357904250518, 0.1705119235863], "cases": [-0.286638256311706, 0.1606427137048356, 0.24100569351422266, -0.033819010513572736, -0.24069161165705494, -0.0408611773537564]}, "7": {"controls": [-0.09412294787946518, 0.149296362971322, -0.1071184371729362], "cases": [0.10768818211878185, 0.0009957304214942965, -0.083258971852133, -0.2934941983833205, -0.01884233244570257, 0.3388566122219598]}, "8": {"controls": [7.188080087255704e-17, -3.5672054638005e-17, 2.1321060062359916e-16], "cases": [1.8376436378886292e-16, 6.483404592549535e-17, -1.499195368030562e-17, 9.630088233744856e-17, 1.3255207930002991e-16, 1.700954134431191e-16]}}, "loadings": [[3.042452252886786e-17, 9.276306699573819e-17, -1.4431853720985707e-16, 1.6219823665775407e-17, -2.2201447455187573e-17, -2.099772092306756e-18, 1.6887769398313632e-16, -5.2173038743432364e-17, 0.32847236568850313], [0.4565935133796476, -0.028440207100241147, 0.44650814520647564, 0.03166171006864677, 0.02561639525861587, 0.06543665321503483, 0.5484222349283797, -0.0458897532960751, -0.03983906639156141], [0.25243970231307694, 0.39734183366518866, -0.14660282045278836, 0.29872250496259, 0.16778987751942914, 0.07276193438872103, -0.26992997504678057, -0.6298192456007913, 0.18943750290348937], [0.12630989394768097, 0.21281825479665337, -0.25172707720418486, -0.025332001212928827, 0.15607485339428098, -0.2846512475654701, 0.23457526567084405, 0.07841760728507519, 0.17137815395899933], [-0.06508103208216426, -0.015353284376440623, -0.4512273674723696, 0.044731224850498436, -0.36615620240656, 0.10710603954035623, 0.18659602503629688, -0.03240956880271952, -0.42042865711865013], [-0.327690926254893, 0.04931893252207828, 0.019054546900367172, 0.13006758196924786, 0.3876819436551002, -0.1321508106201159, 0.17328031084837234, -0.15723205927849687, 0.05216511092334431], [-0.22120052194821793, 0.3597097530556523, 0.2117544149490531, -0.02329868181771748, -0.04733056630409166, 0.439688315936865, 0.19163143379345687, -0.046313815080850876, 0.034739283000968485], [0.1517042310182533, -0.20943758605988289, -0.27234007456411063, 0.07288265267321116, 0.021044234899904115, 0.042609028764883726, 0.40361510050722266, -0.032446250717183246, 0.2782054079900688], [0.2421914610607474, 0.16551596287767723, 0.24041521726126425, -0.525070124880822, 0.03594768817751255, 0.24808119926924532, -0.05568131824558199, -0.17116507730188682, -0.1638845122867428], [-0.2715509350126273, 0.00481024820961919, -0.11136886338372934, -0.18979146852182116, 0.3824994330602815, 0.00034857955328683395, 0.27465136418325414, -0.11893857955941257, 0.05450717627960827], [-0.2361617672231639, 0.32868837782566784, -0.06707819866758731, -0.1919171403237456, 0.04687506073547023, 0.004250385786929597, 0.29014592087294777, 0.08684876051503435, -0.1266959252244118], [0.03267186538058793, 0.00029898619495255117, 0.003775248868965008, -0.0063396528873992325, 0.0032995452211318473, -0.07708647210158337, 0.0015023158709348047, -0.1110579361550218, 0.008566457647866482], [0.0, -0.0, 0.0, -0.0, 0.0, -0.0, -0.0, 0.0, 0.0], [-0.04893440907049729, 0.3746619756783614, 0.12975792381306628, 0.23283722008233848, -0.15341066988788896, -0.454125411442684, 0.06887854946499965, 0.06595327422180329, -0.24054112293857888], [-0.18480101977417268, 0.2079963986615932, 0.06107990541870874, 0.22947751832826532, 0.08884620348051016, 0.3068316053225244, -7.990857561963211e-05, 0.44774047279286067, 0.2951966519890064], [-0.19057772548100996, 0.16997184419256034, -0.03955714125670456, -0.4405490430785308, -0.5405792773172435, -0.18477463859579732, 0.03752662163394436, -0.1875245622608325, 0.4793423580073705], [0.0, -0.0, 0.0, -0.0, 0.0, -0.0, -0.0, 0.0, 0.0], [0.0, -0.0, 0.0, -0.0, 0.0, -0.0, -0.0, 0.0, 0.0], [0.19453487644092765, -0.06073226196091623, -0.4038377254652182, 0.04090575669573205, -0.06025203195729202, 0.2571743416632281, 0.2433309604934715, -0.1308216038145885, -0.00496898586757406], [0.0384008204782396, 0.09694377636809494, 0.10776192515609742, 0.17681109690118033, -0.19514941255937276, -0.08159224251693785, 0.17596301712798518, -0.05284910338839807, -0.08298609845578217], [-0.24299824930272682, -0.14922190001020122, 0.21815863050050743, 0.41088474115361656, -0.3403933642211135, 0.2583931075605651, 0.07418560454330132, -0.22538664406793277, 0.08482331171237116], [-0.10902902605858422, 0.1609598176975886, 0.012139856270768988, 0.13658127354897573, -0.09690252165725832, -0.08035534141220795, 0.13335886989313428, -0.09797455768546522, -0.08622184424373167], [-0.3569627676033915, -0.169831217093643, -0.022712169549959357, -0.11991564875233468, 0.13335424328388237, 0.15211441291968175, -0.023418008428931155, -0.3179806559174084, -0.27713424221813504], [-0.1599615544036765, -0.3487858182795389, 0.2699875644617529, -0.0006560157989394891, 0.00492211925655102, -0.3232417101894047, 0.15487202114167792, -0.2826537628831354, 0.06148113239805158], [-0.05399351140031133, -0.24568364730654638, 0.009858752193021618, -0.0016705191044040194, -0.03925213999069425, 0.09825798446444528, -0.002329700136089568, 0.03853451935760497, 0.2105390528458053], [0.0, -0.0, 0.0, -0.0, 0.0, -0.0, -0.0, 0.0, 0.0]], "studies": ["Asakura2020", "Bianchi2011", "Boeri2011", "Chen2019", "Duan2021", "Fehlmann2020", "Halvorsen2016", "Jin2017", "Keller2009", "Keller2014", "Keller2020", "Leidinger2011", "Leidinger2014", "Leidinger2016", "Nigita2018", "Patnaik2012", "Patnaik2017", "Qu2017", "Reis2020", "Wozniak2015", "Yao2019"]}