{"data": {"0": {"controls": [-0.14949586548086927, -0.49750945417661074, 0.5323401902733065], "cases": [-0.29451849096728083, -0.34989505841422885, -0.31000752601203313, 0.7158307888388398, -0.4702220686263971, 0.8234774845652747]}, "1": {"controls": [-0.23339656532970585, 0.006461457254793905, 0.6739771751778725], "cases": [0.1918179782916097, -0.15181490225716843, -0.5290237340653241, -0.27782583194384125, 0.47581717135369955, -0.15601274848193616]}, "2": {"controls": [0.47547531437518387, -0.0703698151913848, 0.23614443044254774], "cases": [0.04154516403491535, 0.2366768551374303, -0.2085252526028727, -0.09175885690779138, -0.3991168704345524, -0.22007096885347524]}, "3": {"controls": [-0.06368641206246109, 0.06345897697466323, 0.2052244177621288], "cases": [0.11075840206875416, -0.2543597444065109, 0.3024688436658916, -0.06769771291324322, -0.1874754862101964, -0.10869128487902621]}, "4": {"controls": [0.26035657092803205, 0.07343625095692721, -0.0037370527371248935], "cases": [-0.21199516422744863, -0.2396612316507836, -0.0014106507836296183, -0.012765975014160526, 0.13291685650843343, 0.0028603960197553426]}, "5": {"controls": [0.08621060290267418, -0.1000874821441188, -0.10243285982476441], "cases": [0.22616805503316414, -0.12453382387919353, -0.05307093151197282, 0.03104490857441424, 0.021827696349243114, 0.014873834500553872]}, "6": {"controls": [-0.00862971598194887, 0.13277467953308855, -0.028040887847235657], "cases": [0.029424578579404104, -0.02509761718880877, -0.06386563842591049, -0.06298038429183728, -0.06424267271806312, 0.09065765834131094]}, "7": {"controls": [-0.017467059810708913, 0.05999538321068983, -0.009005970851666274], "cases": [0.004493859854187231, -0.016299226370915132, -0.03595234301970039, 0.0928595095549452, -0.011424437677602232, -0.0671997148892298]}, "8": {"controls": [2.4726789571253413e-16, 2.540132717986558e-16, 2.076249672274172e-16], "cases": [2.244455655799358e-16, 1.7542407897245e-16, 3.0741787740091583e-16, 1.984247134402837e-16, 2.356127642243888e-16, 2.307804159494794e-16]}}, "loadings": [[-4.5725377922646164e-17, 7.656433481946895e-17, 5.320608545076906e-17, -1.6343384527828276e-16, 1.208436242991664e-16, 4.7554396323324456e-17, -1.5252460085888814e-17, -5.686466984704969e-16, 0.02261961649874059], [-0.2004286063010889, -0.0996039345405148, -0.16049965805548125, -0.26249123926113505, -0.0869282095514325, -0.028527153350626083, 0.001096110373216436, 0.10569406777520182, -0.28324932536098796], [0.6393253257383157, -0.03567600317720453, 0.45497924467104994, -0.39682140817892025, 0.1090302702798304, 0.11708318759783992, -0.2032168805340417, -0.11900734386064589, -0.03378186391666644], [0.060304777444231385, 0.09608898262110721, 0.5570766851467044, 0.05824337456260235, -0.1434551429834739, -0.21117733148385928, 0.48586308115218513, 0.12588808398712392, 0.2562203611206357], [0.11515918163431436, -0.0018744705420607548, 0.10107480632403826, 0.4861572272784954, 0.07730592985196012, 0.29849081227547786, -0.08412061359821116, 0.2044661593511804, 0.16367075216299493], [0.024242451589949567, 0.04871586529946824, 0.029327312157172998, -0.22166186743042027, 0.22498559636606918, -0.2366765577078505, 0.13422813422310165, 0.38631376920020327, -0.46037743144282656], [-0.044636241842243234, 0.18563500524110882, -0.14296619371480124, 0.07706746861653196, 0.18431919030839414, -0.05686182940079732, 0.19333505340048304, -0.14684422043650788, 0.05641786495501517], [0.1943977698311675, -0.08273851592348444, -0.06717890304420879, 0.44287702744152246, 0.08077121630800828, -0.33119627517284217, -0.2786438272529035, 0.09446545676982822, -0.03719567764740232], [-0.16834676495165568, 0.25025748040382906, -0.020309035895266597, -0.24222770561141918, -0.28368097290640554, -0.08219101725704334, -0.3336321472182851, 0.12830225460032973, 0.2618935598184159], [0.07308769383445474, 0.3581345463990987, -0.007978938187878369, 0.026254432444594977, -0.3900787019742261, -0.08255395688288886, -0.3648659405973079, 0.06636816026794974, -0.024300336381170788], [0.14710863404455898, 0.31716671812380864, -0.08829189732349381, 0.08585761084638606, -0.04021638183535096, -0.24003307537623247, 0.14859247396013073, 0.5520627607193155, 0.032264287455098135], [-0.04405254564067656, 0.10068446504964786, -0.014247648546707034, -0.1330530117746607, -0.2873855505341043, -0.1971020636833833, 0.055828280252258486, -0.11196515086592983, 0.10886480852465562], [0.0, 0.0, -0.0, -0.0, -0.0, 0.0, 0.0, 0.0, 0.0], [0.021483722092125464, 0.06484871847876701, -0.084747167767068, -0.09212037671903239, 0.5724107278706612, -0.2557389917525199, -0.21688857913498172, -0.03360977643138552, 0.37953790854708935], [-0.00513304344040803, 0.092641506922886, -0.08561221926374551, -0.07894864592546315, 0.17263332002383414, -0.29377159971707445, -0.020036999036326553, -0.004225602075188437, 0.13243082826822153], [0.09520168416882956, 0.5480864153122369, -0.18112158887634033, 0.003702924430309999, 0.22319242845413845, 0.4458517058044613, 0.15473502567342187, -0.061530263905663705, -0.15408058394033392], [0.0, 0.0, -0.0, -0.0, -0.0, 0.0, 0.0, 0.0, 0.0], [0.0, 0.0, -0.0, -0.0, -0.0, 0.0, 0.0, 0.0, 0.0], [0.06689344800038909, 0.11438537817284529, -0.0038174482282832627, 0.2340362627885237, -0.17970133367029167, -0.2072254528666463, 0.3181213814158965, -0.4282860842298585, -0.10031792911435229], [0.08833463037004846, 0.15740007879877319, -0.08972983810112393, 0.03889223704749243, 0.04624382909631475, 0.11830517827242451, 0.07490646268899329, 0.11820247867808335, -0.07063350366543264], [-0.06496217612433176, -0.015422229510482076, -0.006425252359701588, 0.07750005773952981, 0.158077485870174, -0.10030533183714516, 0.031900615005208834, -0.07641414625476223, 0.19277304537477372], [0.023036170374075637, 0.2003109281750311, -0.09680745951167975, -0.09511048732408518, 0.07421217416188083, -0.30493897103138357, -0.0200945415329625, -0.3985754708551972, -0.1147191148172416], [-0.4943177218161141, 0.26964511978052713, 0.3802854325121532, 0.009167966485248933, 0.10715636837884422, 0.1786147314579752, -0.16826784413936766, -0.04125154117211131, 0.11190775792641762], [-0.15292731909512425, -0.08463157509159558, -0.08806869875987806, -0.30688172409058073, 0.10048753025494621, 0.08694381318776044, 0.2966497719201619, 0.14276013170810614, 0.3246071119110188], [-0.13230048237729244, 0.33649472450565326, 0.3211852499585481, 0.06482567145866323, 0.17828115147305382, -0.10984244390813654, -0.07220354275613827, -0.08529778084246115, -0.27710159091433245], [0.35318359542530825, 0.22307362355934304, -0.3034263885325559, -0.11706806283868335, -0.1430998449672337, 0.1039531927821827, 0.10836596436250215, -0.05212682793308088, 0.2858564881862084]], "variance explained": [0.4858429978443391, 0.25176400905907015, 0.12929844519210495, 0.057825689281039615, 0.04139257821843582, 0.021204563519713674, 0.008641155607743584, 0.004030561277553143, 1.1826779659227012e-31], "studies": ["Asakura2020", "Bianchi2011", "Boeri2011", "Chen2019", "Duan2021", "Fehlmann2020", "Halvorsen2016", "Jin2017", "Keller2009", "Keller2014", "Keller2020", "Leidinger2011", "Leidinger2014", "Leidinger2016", "Nigita2018", "Patnaik2012", "Patnaik2017", "Qu2017", "Reis2020", "Wozniak2015", "Yao2019", "Zaporozhchenko2018"]}