{"data": {"0": {"controls": [-0.9715897063751034, -1.9006825223810797, 1.1820859511041775], "cases": [-1.6574771850377974, -1.5998602966707738, 0.8077170457719616, 1.7464919056226984, 0.1930090606748104, 2.200305747291106]}, "1": {"controls": [-1.1366371895252612, 0.28738419935104653, -0.8032079898118871], "cases": [0.4728768650173301, 0.7109913314264953, 0.7367487442409261, 1.5402718491662555, -1.497809824146263, -0.31061798571864174]}, "2": {"controls": [0.8219425351831, -0.06872427758228122, -1.2079969922814018], "cases": [0.3197798386463388, -0.9303576088274575, 1.6007301171968342, -0.6872222236109736, -0.3540520021862473, 0.5059006134620896]}, "3": {"controls": [-0.13788770914370793, -0.4024509498670508, -0.6819795564184865], "cases": [-0.7114665954515955, 0.7025615731309238, 0.530985338115255, 0.15420989118269107, 1.0200900594533326, -0.4740620510013608]}, "4": {"controls": [0.6195663269595716, -0.5906763156474334, 0.25212513140936016], "cases": [-0.2993111829496616, 0.6908165720361709, 0.06969618955166759, -0.17158092778610104, -0.642303758747097, 0.0716679651735225]}, "5": {"controls": [-0.23365766355359266, 0.0711227884299648, 0.6323912894213881], "cases": [-0.07461671018389174, -0.12525686099483646, 0.5950233673889953, -0.24259165396132473, -0.07429335101394595, -0.5481212055327567]}, "6": {"controls": [-0.40895671539231565, 0.2560277563663601, -0.005800578226162825], "cases": [-0.17681577324340272, 0.29685895320269995, 0.08284409419158485, -0.43768904287365007, -0.054614478068776263, 0.4481457840436619]}, "7": {"controls": [-0.1910719218094968, -0.37956237969364903, 0.021551145322623255], "cases": [0.42501527554501267, 0.08417754036533026, 0.018455507641271487, -0.125793994535453, 0.10590265177162653, 0.04132617539273439]}, "8": {"controls": [2.120283715654586e-16, 3.0570343926820617e-16, 1.4610887947833994e-16], "cases": [2.9876454536429894e-16, 2.363145002291339e-16, 1.0800448352148979e-17, 2.848867575564845e-16, 2.606006288928092e-16, 3.577451435475104e-16]}}, "loadings": [[1.3115817772758815e-17, -3.66898160310251e-18, -5.2247133823299535e-17, -1.0045396592995246e-16, 1.0071535789121423e-16, -1.0045337479726669e-16, 2.2201669800975167e-16, 6.455561615987431e-17, 0.010501407926625125], [0.23616300760079162, 0.18490205782822783, 0.18020612556061474, 0.05288666539501617, -0.021857698879056055, -0.13336530388466084, 0.053106355607787335, -0.16649206515411188, -0.242541226829046], [0.25020147112610613, -0.0018703007613445097, -0.15063659622556824, -0.17355968913180048, -0.04562047000235149, -0.03975803111445651, -0.0306507804454632, 0.0951728664954943, 0.30406211833780344], [-0.2779025552108188, 0.11192912722623657, 0.20882038116868357, -0.04498148529513657, 0.2608574536041197, 0.07583395189125382, 0.04006734881445242, -0.11908369439769485, 0.15315064578618906], [-0.30892204980821925, 0.041806248810028715, 0.021866330662765308, -0.17073704884921492, 0.2316061274718617, -0.30208510022992374, -0.04358787884656764, -0.15443288994088455, -0.09963213787665605], [-0.134167350663408, 0.4202964460555189, 0.02234488850323899, 0.06896921980374435, -0.11227484826874376, 0.09878313438197982, -0.0896535753379537, 0.046855835828724685, 0.5643527839315369], [0.22724187020216668, 0.2413221313572203, 0.20861592646040605, 0.05556437987168193, -0.013516109741186366, -0.16785707976408845, 0.1136702704655377, -0.12702451154737304, 0.022240065767731004], [0.2991947180539583, 0.14532751223078597, 0.03240870202273278, -0.1463665424971872, 0.12225470647148438, 0.3640122201591258, 0.11597567106932018, -0.11175290122951637, -0.13069134763133902], [-0.23982044262088428, -0.20451751330002432, -0.18174395578266397, 0.014954009329265595, -0.031999891896349844, 0.06786157751429914, -0.035730013904767495, 0.09945667645122702, -0.21439779324241215], [0.25786745374127157, 0.052368219429644924, -0.2119510982042245, -0.3118354984797562, 0.08399484411239351, -0.13027603813970198, 0.009133267089105983, -0.153946747669914, -0.06315000032454256], [0.07186079023481826, -0.01677963066241945, -0.48164400347351044, 0.3688075454073206, 0.07628981933973707, 0.16968217469463945, -0.23489202733649323, 0.23310771390012078, 0.03081505872486542], [-0.02685692761958057, 0.2761287625254879, -0.2560217830279661, 0.24837025736514604, 0.12798046704333918, -0.28966667307534766, -0.07001221993276813, -0.4358033866081939, 0.1458502862308965], [0.0, 0.0, 0.0, 0.0, 0.0, -0.0, -0.0, -0.0, 0.0], [0.26821446527522497, -0.13385437075499154, -0.26725313965282155, 0.0056757605842198125, -0.2700034661347819, -0.19389587210068351, -0.0662163722099585, 0.10804505682045965, 0.04221149181980597], [0.24934690027799902, 0.05854517706283826, 0.16331574595779785, 0.382736168361917, -0.3705080404529652, -0.2250438560615341, 0.05127615348001728, 0.100264185822143, -0.04254549148991924], [-0.17193529489466672, 0.3762546636281542, -0.20948380164808117, -0.07993603656556367, -0.20425628148351402, -0.3095320165944027, -0.0816706381680766, 0.009642878426668599, -0.030412513244889153], [0.0, 0.0, 0.0, 0.0, 0.0, -0.0, -0.0, -0.0, 0.0], [0.0, 0.0, 0.0, 0.0, 0.0, -0.0, -0.0, -0.0, 0.0], [-0.11235972750399985, 0.2759028310420786, -0.3946659077421513, -0.2919341954602775, -0.06535347631118295, 0.21759660488602556, -0.08936044478025022, 0.06381597494909713, -0.09785112422561641], [0.11942113172446053, 0.1185982963456416, 0.2917090473302582, -0.24278814292309794, 0.2400892038238803, -0.23440869931377892, -0.6059519260225089, 0.47767921377115424, 2.7582902171968266e-05], [-0.07526399049137837, 0.32058063629210637, 0.20703115990225, -0.13927941436435193, -0.5281356517210751, 0.3465812799460325, -0.20295673757276794, -0.05977091543618368, -0.2585959142081545], [0.1327505490532548, 0.3005266156697303, 0.0022888285067039315, 0.10587225139469526, 0.2745875375140085, -0.07431400501508398, 0.4016138440200648, 0.4758497647280374, -0.13341942022164235], [-0.2602077983430753, -0.057147552550427666, 0.20240857529619471, 0.3041922337059809, -0.0851832338195271, 0.11066167855784106, -0.010742199727018372, 0.15543416066891563, 0.22295114325364604], [-0.2613481160454699, -0.038408536789945505, -0.014278304978412789, 0.16094877548333952, -0.11650286555348532, -0.2796600274247956, -0.1689390998377736, 0.016007886387156785, -0.40088668813042666], [-0.04975632747469495, -0.29951674098087333, 0.04978389533199083, -0.38599105610191853, -0.3416615884171705, -0.25485547033197714, 0.16865042188163953, 0.04317698165252042, 0.30406961547342864], [0.2599555580017848, -0.18381574586960073, 0.10413483200681331, 0.12787348695241188, 0.10972814393770229, 0.10732005147433732, -0.4984566239837416, -0.3258255020389627, 0.07309537104503458]], "variance explained": [0.4752191921082399, 0.1916966525237995, 0.15623450649349319, 0.07704551380943854, 0.043472835469344946, 0.028732873619330333, 0.01806976300443736, 0.009528662971916221, 1.977497692887378e-32], "studies": ["Asakura2020", "Bianchi2011", "Boeri2011", "Chen2019", "Duan2021", "Fehlmann2020", "Halvorsen2016", "Jin2017", "Keller2009", "Keller2014", "Keller2020", "Leidinger2011", "Leidinger2014", "Leidinger2016", "Nigita2018", "Patnaik2012", "Patnaik2017", "Qu2017", "Reis2020", "Wozniak2015", "Yao2019", "Zaporozhchenko2018"]}