{"data": {"0": {"controls": [-0.32358352433378346, -0.6948305139432159, 0.9038653112858027], "cases": [-0.07779212514688479, -0.3083409449420119, -0.07003213393306501, 0.4560869497743116, -0.6287037271064593, 0.7433307083453056]}, "1": {"controls": [-0.4538735928883103, 0.03697151578315718, 0.15931592770341568], "cases": [-0.41167231857512354, -0.4709076556623174, 0.2132494015181685, -0.039500240490425866, 0.8220054231149664, 0.1444115394964694]}, "2": {"controls": [0.14876228040250336, 0.00673030394823731, -0.49858322119949416], "cases": [-0.3963008074201751, -0.11926240612557933, 0.5968786285524539, 0.30049158235595347, -0.26922969418513587, 0.23051333367123614]}, "3": {"controls": [-0.30774030784872247, -0.25812222443057325, 0.022302437808880547], "cases": [0.3969078014892216, 0.07304499182623071, 0.5498317565028961, -0.27053401589445936, -0.05036223262774993, -0.15532820682572535]}, "4": {"controls": [-0.27532035988683456, 0.03825960551202409, -0.09677737000233182], "cases": [-0.0582412807704318, 0.28655801474150405, -0.06601441581770058, 0.06817593309989693, 0.0027349742090053463, 0.10062489891486831]}, "5": {"controls": [-0.052144815335035316, -0.027576243560510312, -0.12975481633409985], "cases": [0.17541174495035, -0.11225985631861975, -0.06513664970719607, 0.151597222966801, 0.04221707884976199, 0.01764633448854826]}, "6": {"controls": [-0.04883271759001566, 0.15070713578214145, -0.004809184210619516], "cases": [0.043928182697999966, -0.0714467015577292, -0.0025129862432824385, -0.08924480740669072, -0.07191208519792713, 0.09412316372612316]}, "7": {"controls": [0.03854934852326804, -0.05880153207175149, -0.041062198235476216], "cases": [0.011525787498092029, 0.014310784346367834, -0.018648574797969903, -0.062239892375059995, 0.03307284035561958, 0.08329343675690949]}, "8": {"controls": [1.788667398572548e-16, 2.0824498115361357e-16, 1.7664752258621207e-16], "cases": [2.1844051645388846e-16, 3.021016076245707e-16, 2.12955412252262e-16, 1.9873389499614475e-16, 1.9653282361338768e-16, 2.446476457926588e-16]}}, "loadings": [[-6.54457438562991e-17, 2.878553896951003e-17, 1.6267733683681134e-16, -1.895386064957703e-16, -3.910468708865164e-16, 6.090069017578662e-16, 2.2268005446803775e-16, -2.9640758440416474e-16, 0.04498387079125758], [-0.31443460523073963, 0.35137414511213433, 0.5567507814531908, -0.21414848576947695, -0.08178242947149675, 0.20690267160386794, -0.1703075011719803, -0.4209128429886634, 0.194594046433158], [0.2798923777113629, -0.0530086071449315, 0.05254651781769929, -0.6204122677774485, -0.09368756265455636, -0.36201592718162384, -0.28316747313799484, -0.10842241138474884, -0.020442740069340118], [0.011613328959833408, -0.053358660426162455, -0.020416692157518304, -0.03780106940747444, -0.012023806486313755, 0.022229913718634434, 0.05744454344786513, -0.018259913586957607, 0.05790475450307619], [-0.0010039906347847133, 0.004074327611357903, -0.017094449642835966, 0.06894929725345626, -0.058654243700263745, 0.07343870309112482, 0.05419360073393634, -0.07493374016239661, 0.13599306619394771], [0.13368268764702357, 0.030886814013647602, 0.07587971101818543, 0.041080712303526175, 0.2494506583514606, 0.2605615671440862, 0.06222764276690192, -0.3288180816587734, -0.3955697137929906], [-0.38422752363985435, 0.5487314108733183, -0.253855480251937, -0.33348376122766704, 0.21937443030161027, 0.010386843298382492, 0.32974932129090356, 0.22899926986252986, -0.13204811009438883], [0.1664423023961554, -0.3007107233325896, -0.17877671924468, -0.2972324668025882, -0.03170934752445822, 0.5332835521839211, 0.38231321315316974, -0.063358366903719, 0.1495165555688405], [-0.11495548461032822, -0.003815817347295421, -0.32293308644109125, -0.1141635983821624, 0.19888215182660401, -0.21701783421236107, -0.036304021286921034, -0.18408243468202615, 0.46152676952248134], [0.050895770686406466, -0.0028096007836827465, -0.18785722864240342, 0.17071130305557797, -0.21602552960601867, 0.06675440446249396, -0.055835439319926, -0.14900078637971703, 0.03654494497336948], [0.35104671098983836, 0.2561589977438871, -0.3968589928872947, -0.10324058220887437, -0.1223403447587607, 0.037692018850947744, -0.13221773340797308, -0.1285678845317841, -0.12778259997059047], [-0.07462490349383988, -0.1573131597685986, -0.09793632513342122, 0.2081442250931331, 0.3600948616088358, 0.004313617710271221, -0.01212888756473921, -0.2656346505378685, 0.19400404795999407], [0.0, -0.0, 0.0, -0.0, 0.0, -0.0, -0.0, 0.0, 0.0], [0.2527478317364724, -0.03055466296927674, 0.06685799907051085, -0.3656806612138925, 0.14350751042934248, 0.17766650866569497, -0.12502062998838043, 0.18851403434681446, -0.07455696561784518], [-0.048939364134986216, -0.030841961616380694, 0.014077583893245125, -0.021221345031131083, 0.01116814019250655, 0.0456007986083508, -0.05976160848696791, 0.04149719127824878, -0.2232719500613919], [0.272532385834741, 0.5230589781857616, -0.18639164103591638, 0.2886681421691623, -0.02262063616458303, 0.1428886437420277, -0.3412474338693104, 0.02998336246288452, 0.17520282935165907], [0.0, -0.0, 0.0, -0.0, 0.0, -0.0, -0.0, 0.0, 0.0], [0.0, -0.0, 0.0, -0.0, 0.0, -0.0, -0.0, 0.0, 0.0], [-0.007454659028054358, 0.03633457024745377, 0.091145040799862, -0.06200227776714512, -0.3641755384195201, 0.3306616737572325, -0.020449808964390442, 0.400034616589571, 0.43713572123847544], [0.22720098421258064, 0.11182077993776075, 0.00762904545795293, -0.0017741300531884663, 0.20631784403858153, 0.35031707809676094, -0.008303023951664724, -0.23449621745434662, 0.0541794608647178], [-0.0022420183763826253, 0.06644373541858516, 0.1434916064585891, 0.01892226902179557, -0.1291824681045858, 0.07915097972283837, 0.09563404716796697, -0.056262338989063604, -0.21989303177358765], [0.021408180533643597, 0.03281552112828487, 0.013071284096519697, -0.0849995741648476, 0.5299112020275041, 0.013394352024352926, -0.012681569584010796, 0.14748557953838326, 0.2142022443015935], [-0.5193458579128061, -0.258094035108149, -0.3847967893716661, -0.1478222139764976, -0.090001379980874, 0.27971546573411793, -0.519524489374186, -0.11677163734650632, -0.13336321873832177], [-0.0969213103562844, -0.011564747354986266, 0.013890711675619265, 0.07918787485397137, -0.010485363773999116, 0.013672385919891708, 0.09421095254579738, 0.0660454404513105, -0.041642086134762106], [0.0598900339775276, -0.13990717707598113, 0.23160331485422347, 0.06860697770039116, 0.3696034191216479, 0.13894825883415338, -0.40659754655321123, 0.3690678097094223, -0.00799184246266482], [-0.09722269959690355, 0.08292539486419387, -0.08540647973876878, 0.06229109418158146, 0.001986650324289249, 0.15673170181021473, -0.11913018190152598, 0.2550927353660466, -0.28164064625198215]], "variance explained": [0.4347764604903391, 0.22299751131733497, 0.16538077079335767, 0.11852449838543094, 0.031190083744998612, 0.015165694088094586, 0.008830827475494813, 0.0031341537049494952, 7.98044096869778e-32], "studies": ["Asakura2020", "Bianchi2011", "Boeri2011", "Chen2019", "Duan2021", "Fehlmann2020", "Halvorsen2016", "Jin2017", "Keller2009", "Keller2014", "Keller2020", "Leidinger2011", "Leidinger2014", "Leidinger2016", "Nigita2018", "Patnaik2012", "Patnaik2017", "Qu2017", "Reis2020", "Wozniak2015", "Yao2019", "Zaporozhchenko2018"]}