{"data": {"0": {"controls": [-0.32441967826826124, -0.8435583615712287, 1.1085995191121234], "cases": [-0.20938670700579487, -0.62140047834416, -0.6654106340848406, 0.9742572441159821, -0.8083562763367623, 1.3896753723829425]}, "1": {"controls": [-0.05445254448920217, 0.24436449322884493, 1.2049901714107927], "cases": [0.559884193409033, -0.4188914735191065, -0.9438089701303947, -0.7183528973931809, 0.6342395182749113, -0.5079724907916977]}, "2": {"controls": [-0.7868773915554436, 0.009961757847053776, -0.1994518106906608], "cases": [-0.6300489101815602, -0.1919476781129034, -0.000981354907828947, 0.14817651871771043, 1.2359089621329016, 0.4152599067507306]}, "3": {"controls": [0.2085296475813135, -0.1403849062072577, 0.23433128450394464], "cases": [-0.6606993879853248, 0.9417703387460437, -0.4704656270453425, -0.03767638976305537, 0.016029951036886564, -0.09143491086720844]}, "4": {"controls": [-0.46833093703088585, -0.6058211593567852, -0.07827021033376592], "cases": [0.6162478585938994, 0.4711808551893079, 0.022785442220001246, -0.021860104784615864, 0.09415691366579641, -0.03008865816295218]}, "5": {"controls": [0.4436385673411257, -0.29132456633212206, -0.25164492519280324], "cases": [0.0908539353347441, -0.12308320780867, -0.22820292713469031, 0.030484609022828384, 0.23632501194545838, 0.09295350282412858]}, "6": {"controls": [0.10301634735639383, -0.2786977731988922, 0.2123432175487821], "cases": [-0.14235133950859516, -0.07492807687621617, 0.3166276954247198, -0.08631346468633844, 0.06806390312740966, -0.11776050918726359]}, "7": {"controls": [-0.016407963563226564, -0.011342379016602984, 0.015181605651353403], "cases": [1.6418714255078488e-05, -0.03531374818818922, -0.0411686983892434, 0.3079451350215667, 0.03496737904646501, -0.25387774927637763]}, "8": {"controls": [3.531793209082961e-18, 5.356944069624065e-17, -1.1399425652430028e-17], "cases": [9.082913957036909e-17, -1.0537443897145669e-17, 1.3665093533419717e-16, 1.2164779477278392e-17, 1.0163451388536559e-16, 7.848749895195951e-17]}}, "loadings": [[1.0907406324621171e-17, -1.0222765493765461e-17, -4.0567460436810994e-17, 4.242616777282578e-17, -3.2560198988380343e-17, -3.451898350612834e-17, -2.2017020647047794e-16, -2.1640396550746294e-17, 0.03234733957785596], [0.06346137324312302, -0.4868898240101258, 0.3135401397622871, 0.059542226902362175, 0.2459495482438788, -0.3110183015810161, 0.22562993507073664, -0.05495036313041951, 0.1554563170792755], [0.42215353155141244, -0.06666406374175006, -0.11910320129255837, 0.39648645239053115, -0.13753682528845151, 0.3306191609959231, 0.19964649560655268, 0.22022466301929858, -0.07155608465703855], [0.06687244176512605, 0.19989067368155392, -0.2895904387578529, 0.2220792799970324, -0.05268237630580645, -0.10113746848879103, -0.5284897032631489, -0.015512629424439716, 0.2748065727962887], [0.09938864166716505, 0.08684917167888713, -0.3782527045539859, -0.40300184847848397, -0.30337800042454793, -0.22219061430389192, 0.03284258776472606, 0.17222225339475564, -0.2700595260031058], [-0.13646805666213882, 0.23390520890699473, 0.014199999312420556, 0.44545638037258534, -0.2880875123335573, 0.016928435687628893, 0.061724924086686735, -0.04654446632723722, 0.03790613976391889], [-0.049375765105703, 0.052667498675323075, 0.1296181878021889, -0.022340805171292874, -0.20831157417935206, -0.14802854787842248, -0.4237955281149495, -0.253473214530053, 0.05388336748583184], [0.1620229159577639, -0.13805061958644796, -0.28275350513066916, -0.10562652164136885, 0.019997895737633706, -0.2862851819228247, -0.04009434562261438, -0.031105021713950062, 0.06479985288516148], [-0.460250232496571, 0.004482233615356208, -0.11058981225900116, -0.053788387822293816, 0.09241637835966156, 0.2256442226023253, -0.024773974946167277, -0.36093950432508615, -0.3738792871514223], [-0.11107181715382414, 0.24483323301058046, -0.10442800591432132, 0.3253645020007016, 0.16440025781639314, -0.3466875963232792, 0.25976926147324786, -0.01595425861483987, -0.39115019870102335], [0.1689703271731342, 0.32157188302319983, 0.14396670639703493, 0.049489254569904315, -0.05547543738554094, -0.37284945220241916, 0.1581762646153715, -0.2568096695799548, 0.23350104973384084], [-0.03707465781757371, -0.03859815265452873, -0.014273571734294365, 0.188438778544256, 0.13174139769740706, -0.10409219375978183, -0.13474780045393991, -0.061884534039674796, -0.1350174692550596], [0.0, 0.0, 0.0, 0.0, 0.0, -0.0, -0.0, -0.0, 0.0], [0.06391926677570252, 0.07841996314668392, 0.34200381369540017, -0.0029122302099957556, -0.3731554589993117, 0.04096241079631084, -0.019384923130506906, 0.10150020208044834, 0.10019270644070398], [0.15859881901944795, 0.20173876209130392, 0.36836659897847307, -0.19125518760004168, -0.02878392117590976, -0.27741633293589857, -0.15730438333685384, 0.10509118242574883, -0.24982932969783114], [0.03264575706243772, 0.5314963838164807, 0.1586726267987257, -0.2655076252053943, 0.3981475220929866, 0.11729712418875099, 0.15572468488039526, 0.0865531555425703, 0.10272028331235951], [0.0, 0.0, 0.0, 0.0, 0.0, -0.0, -0.0, -0.0, 0.0], [0.0, 0.0, 0.0, 0.0, 0.0, -0.0, -0.0, -0.0, 0.0], [0.16033678761357728, -0.10854989486151503, -0.4038050808500538, -0.15440883022520305, -0.029763136595783977, -0.2034641776546662, 0.19534855208582386, -0.048506136696794835, 0.07700130953147921], [0.04062251207659123, -0.07820063086410325, 0.16751908971436227, -0.08289079794434151, -0.26371298220018125, -0.043489766846143495, 0.1138347023584757, 0.08740763337428856, -0.05699712409379757], [-0.35688073327862063, 0.03527914268249636, -0.05987462641351618, -0.26812129219500497, -0.2884982881304077, 0.10740295312544854, 0.27913203575456336, -0.15267147645594553, 0.3564659362751494], [0.02292719043719326, 0.11573664211794094, 0.09685408738879811, -0.013927405499901522, -0.29093019557295785, -0.012701706135317669, 0.12418118263278527, 0.10356514562538333, -0.3576635190736764], [-0.25011562100026125, 0.22779792087035033, -0.14524799454310833, 0.1069714751189864, 0.028303620187565263, -0.06701752564222142, 0.22834189543777017, 0.38212148063297846, 0.31457716352902143], [-0.3701958105324186, -0.13342904052471247, 0.055381795560141625, -0.024120461473124095, 0.09345644308960616, -0.13876872303479068, -0.26260603396437004, 0.6553495040883168, -0.013057169262506062], [0.0004771472416583032, 0.12518937645038256, -0.10987505221956785, 0.0870627856672497, 0.2214122841552083, -0.1421207489624079, -0.018119819928065068, -0.0313635751683703, 0.025359464294157988], [0.3418300668464894, 0.14949162996119708, -0.037291679212244945, -0.20307764534644188, 0.21802206231357898, 0.34338734434857754, -0.1315513572105319, 0.039197389913235556, -0.013921073177115995]], "variance explained": [0.3762057764917973, 0.23734264297670618, 0.16411229123105875, 0.09754003478056619, 0.07025844351153983, 0.028330881666665697, 0.016643447808240723, 0.009566481533425436, 2.74379797416209e-33], "studies": ["Asakura2020", "Bianchi2011", "Boeri2011", "Chen2019", "Duan2021", "Fehlmann2020", "Halvorsen2016", "Jin2017", "Keller2009", "Keller2014", "Keller2020", "Leidinger2011", "Leidinger2014", "Leidinger2016", "Nigita2018", "Patnaik2012", "Patnaik2017", "Qu2017", "Reis2020", "Wozniak2015", "Yao2019", "Zaporozhchenko2018"]}