{"data": {"0": {"controls": [0.022391754117452024, -0.05406009936403631, 0.8650260071451129, -1.1575324436214294, 0.9884779053123306, 1.1711744205454215, -0.4024212636244179], "cases": [-1.0086351828316171, 0.08997214694318724, 1.171617269110633, -1.013843066351129, 1.3305919841722704, 1.0241448861014548, -1.1338193267950616, -0.173326734538048, 0.06228809085999893, 0.9590204334032506, 0.8120888393696741, -1.0153992373394973, -0.1864011543485624, -0.7014128961346688, -0.9002195351467328, -0.4923234425322043, -0.10651479176992588, -0.660645023486287, 0.5097604608028322]}, "1": {"controls": [0.13372316279667967, -0.8494486494783672, 0.32144386006411557, -0.2826488067982473, -0.7915304468088558, -0.027192859172471235, -0.12431773766195164], "cases": [-0.3035711904364165, -0.5438961947351062, -0.5636874142595506, 0.022218721009459756, 0.026606944177741648, 0.48066059260326716, -0.36289092397524203, 0.9411906233181873, -0.15059349657118834, -0.6738588104378124, 0.4919551913892696, -0.43190605750053485, 0.4419414595228007, 0.10043724837356333, 0.004480914498906855, 0.8390227709934268, 0.7999255101096784, 0.019982385877312304, 0.4819532031013336]}, "2": {"controls": [1.2958074786129758, 0.35539795314240813, 0.11530953660615921, -0.45547619208375445, -0.06151777026692832, -0.36169004253373943, -0.44015584648246076], "cases": [0.3511461985636663, 0.009670616954369623, 0.5532914460916398, -0.04152726190822452, -0.2530924324595918, 0.21331655192114862, -0.1881724827850537, -0.4792662385245796, 0.13828871028856166, -0.6434434934268788, 0.009353111089898536, -0.21062036819142424, -0.08986292686427692, -0.5059309238772983, 0.30133778311743753, 0.4944009814426509, -0.21142576555774992, 0.3337085791675676, -0.2288472020365225]}, "3": {"controls": [0.8815917703628869, -0.0096850687532763, -0.40673520235323374, -0.10589752440106606, -0.31433554387470886, 0.20412713077679218, 0.5822008693945463], "cases": [-0.004219131822156152, 0.3329164722921003, -0.3758103481207554, -0.10834545652773, 0.0434363518003915, -0.6716857469955481, -0.11533011538711606, -0.669841645467654, 0.12680108665571954, 0.058432738317825625, 0.21942927945482515, -0.014189951626956923, 0.4905495375668278, 0.07834740631766132, -0.2834695758998502, -0.3320449820729904, 0.5537762406736233, -0.6887975453322711, 0.5287789550221146]}, "4": {"controls": [-0.3126236097183681, 0.8870113472658728, 0.876196709581257, -0.15976580281115194, -0.6053763307791662, -0.31978872381242107, 0.4398507556391023], "cases": [-0.2541151826987843, 0.09193109278378435, -0.06701403325508438, 0.07271805415789191, -0.1591435491226888, 0.28863655504317964, -0.14569070384754085, -0.06924532789993366, 0.727930048125173, -0.33955867704946496, -0.37476005835344117, -0.14659149421220324, 0.001133910421930484, 0.2926371765923506, -0.3051636751114442, -0.21980126373535863, 0.004049574554152245, -0.21455794571438813, 0.011101153956744145]}, "5": {"controls": [-0.2977881419240672, -0.45341803542545467, 0.25096740155979275, -0.05485641084935588, 0.14237772965121173, -0.11916380482904584, -0.37402557911539425], "cases": [0.05060471398610529, 0.8494009103680129, -0.4524086849307597, 0.023427504632819708, -0.2827101784645607, -0.007369107096617667, 0.06788013293582196, -0.22650101165985473, 0.4413776063195448, 0.03026738469106076, -0.007490971481736358, -0.14931852882673474, 0.5438115129009229, -0.36473654334443, 0.008913491973902432, 0.13592493145701706, -0.6315322363451058, 0.2527849142082589, 0.6235809996086472]}, "6": {"controls": [-0.13222924360570534, 0.025559061698130933, -0.552865616792508, -0.11323684420619307, -0.19748796307818425, -0.08533588314343275, 0.0997774989996711], "cases": [0.07778756271443535, -0.02588886423641229, 0.22353838422469663, -0.25048720750784204, -0.14236778419066695, -0.13923984518727717, -0.023684230381424982, 0.42204439233973967, 0.7490042356763031, 0.04535477871009694, 0.3343734506524651, -0.15802481940675708, -0.07830725067188546, -0.3562894549880069, 0.022004207339494496, -0.4295465551506666, 0.23370031361887972, 0.4730638829617784, -0.021216206388728814]}, "7": {"controls": [0.05347797300092668, -0.031831279754929734, -0.05201702130670859, -0.0003041797486700136, -0.03052737823275518, 0.051588075371100474, 0.5644038959201411], "cases": [-0.39141261084486484, -0.18432707937326911, -0.0514355166372941, -0.11320060101849119, 0.04585055558573352, -0.33100375560841505, -0.18150725298009693, -0.17923913106917513, 0.08788282028293541, 0.3219858290875873, -0.1073054201373477, -0.34054308476377293, -0.1711304956353454, 0.15887083657504056, 0.14160543153320487, 0.5543992470067362, -0.3211958153115323, 0.46014129245589824, 0.046774665603364574]}, "8": {"controls": [0.07275913093323415, -0.42684007389892425, 0.09769543733824215, -0.10213846580451208, 0.12840182107027853, -0.04280418075559388, 0.03125502544014794], "cases": [0.5286193185106947, -0.11868792753112112, -0.015295825179371251, 0.3107843935965696, 0.16760753658594338, -0.054065752374878574, -0.02187351473246176, -0.07659691706263333, 0.3209100157309497, -0.01099572290957128, -0.07938322821749595, -0.17108515782511172, -0.3696284760889121, 0.27978241754176564, -0.4465624190315704, -0.0016644546475393178, -0.020618428793235236, 0.023319824152009724, -0.0028943760469031287]}, "9": {"controls": [0.13208578721155292, 0.0011842004270478574, 0.12663696472154695, 0.024068313903493586, -0.317176883609254, 0.08314704668670739, -0.3852650439991772], "cases": [-0.06803749771731295, -0.34580406103102274, 0.1533334559560376, -0.09886184531236748, 0.1072204896072462, -0.24757908169547585, 0.023760330002791166, 0.02724554348533217, 0.08457010467153593, 0.1036295090086603, -0.06757255365497769, 0.34595355773942355, -0.036300531003111675, 0.18567909876655186, 0.01661381450418935, -0.14886812603420033, -0.23437503524904857, 0.11039835028915247, 0.42431409232468004]}},