{"data": {"0": {"controls": [0.1439359376037196, 0.2663261248017419, 0.841797040418907, -1.2116119774840635, 1.2632684525780726, 1.6890315218429282, 0.18248287661567802], "cases": [-2.0005095101014554, -0.33744438175018066, 1.7754962103672254, -1.2743177624081823, 1.533412028028652, 0.517245835676253, -1.6792359562780423, -0.7611746057931924, -0.40642690013556676, 2.1015097958426625, 1.2697674070283127, -1.660077984032919, 0.6790199953195148, -0.6487566760150197, -1.5180464102103637, -0.23838359045411792, -0.2010659337150895, -0.8605691869416193, 0.5343276491961453]}, "1": {"controls": [0.2395450122915023, -0.6198016100825021, -0.049790035739837535, -1.2262159599742821, 0.33879507665662323, -0.8682202158598964, 0.2691457049603519], "cases": [-0.15026621367903162, -1.2185916861577955, -0.3921493457396069, 0.555351630480874, 0.3269481993689338, 0.8231194267365016, 0.035477124883425484, 0.46204661216885273, -0.6736250060393372, -0.6868391408910227, 1.041014216147521, 0.10803249636634901, 0.4056069723635121, 1.487379969129233, 0.05015237835467035, -0.4414400815463172, 1.585613913840492, -1.1524676373344653, -0.24882180070474727]}, "2": {"controls": [-0.8209114692695506, -1.2372238917414735, 1.1542482445237163, 0.4462637433768179, -0.6077970845965518, 0.30835739741817075, 1.6350184098164742], "cases": [0.6510255853093747, 0.8084958317887926, 0.2287953624110411, 0.3242827334981224, -0.35365325950136894, -0.019649420139470852, -0.06478207754067516, -0.4235278837499864, -1.106264506348722, -0.2904746371436024, 0.09247556152260479, -0.6416958376149243, 0.018149494127702892, 0.029508829057243648, -0.3091351616423515, 1.278885574324448, -0.010406441029365377, -0.766874506073562, -0.3231105907829016]}, "3": {"controls": [-0.3886688354070322, -0.9153597356660722, -0.347759431899229, 0.25971397120764345, -1.0268081538065623, 0.49703610242577384, -0.24100399246614923], "cases": [-0.17100285148904526, 0.2560725755664772, -0.4384759963922932, 0.15611252293075273, 0.12108314914983118, -0.6002463374609187, 0.5532805490621998, -0.09553116233065259, 0.8539141719534933, 0.09480970060506866, 0.31583977733469326, 0.2969559825858669, 1.3873571388195818, -0.20524267763953313, -0.5805200409947849, -0.6072207567749309, 0.2779493110106961, -0.7265421904015898, 1.2742572100767158]}, "4": {"controls": [-1.0204743944847339, 0.5508620054504926, 1.030928756964633, 0.32025499872269436, 0.17771103428908575, -0.9406952266895621, -0.29622172986227646], "cases": [0.032561263987351145, 0.6472425535548945, -0.15833221833620215, -0.3702120295087932, 0.6550605452860654, -0.0555536706809213, -0.26708552176900735, 1.0571465257965336, -0.3103380151163698, -0.2714580945448287, -0.3405824538135431, -0.5633031342033588, 0.6031162187356975, -0.003934697698149108, 0.3365339510014922, -0.8010046279759262, -0.10546352424204504, -0.13665040622813754, 0.22989189136491595]}, "5": {"controls": [0.08254278640650135, 0.8377719140683879, -0.09665299357907062, -1.1152055741444609, -0.33753070480740555, -0.2107380693990864, 0.36078091341951074], "cases": [0.06288283049792066, 1.1917991223919049, -0.4363301388089209, 0.39274165522919724, -0.1790740146996215, 0.03854754213627571, -0.39648283016987335, -0.835079999275183, 0.18443976076264806, -0.3052487499475322, 0.6287803335409077, 0.009537391418124631, 0.45034831417726734, -0.1468905743239693, 0.17504719645395, -0.22756812794149664, -0.1054623924054044, 0.21266397107281337, -0.2356195620733869]}, "6": {"controls": [-0.4424702172733756, -0.49425244400885027, -0.20916128212744942, -0.19198968425549578, 1.0249545733958394, 0.18234412567446343, -0.7245269779233501], "cases": [0.40605105545359194, 0.43094121819124603, 0.4861845529630128, 0.5237931336338405, 0.21908376497965856, -0.5516944586318295, 0.5777567368866103, 0.011519738578975425, -0.08788284794570418, -0.10017853346514574, 0.5605974270962454, 0.2415348766607158, 0.08668586083558175, -0.16032922147433207, -0.03882131653595856, -0.16858699006083275, -0.4845791420547314, -0.32205461181030937, -0.774919336782415]}, "7": {"controls": [0.8405398014196845, 0.04326403754278884, 0.45018295003297243, 0.2803899504833301, 0.0031644812343259066, -0.08287597828627019, 0.13180763000180767], "cases": [-0.1348762198241003, -0.20286830357703645, -0.5515226914057573, -0.5613269829394165, 0.5179396514806585, -0.6515353120797776, -0.21049178731865464, 0.1315776185779447, 0.47526508232887804, -0.3951997051339246, 0.3331625513193793, 0.2182464738966432, 0.3042851216455083, -0.14179959293017466, 0.15255909292028494, 0.5127896449076121, -0.3346485388455223, -0.5082234961398144, -0.6198054793113704]}, "8": {"controls": [-0.29710801450361585, -0.30455316825901935, -0.3099868933230878, -0.5224205551321445, 0.2901636848635, 0.03425706159833789, -0.17057689858008437], "cases": [0.14259328424900813, -0.054556186625414664, -0.3445901501576487, -0.2689360869888491, -0.18783327168712835, -0.31949697964103224, -0.18789440236144667, 0.42328613615689403, 0.24484779993023642, 0.023631031455113864, -0.09182153917014424, -0.5749405398998285, 0.588523098813336, 0.5195760083980777, -0.2584150066685881, 0.832238802529777, -0.027932987252972205, 0.8135096164990693, 0.008436155757655998]}, "9": {"controls": [-0.4646577099180786, 0.2538841983223092, 0.02761091019404867, -0.18237426385424174, -0.04035303528856456, 0.8641802405856347, 0.022131876624147184], "cases": [-0.15105618441975582, -0.29537641440677537, -0.5802682349655027, -0.2637957047147784, -0.2843206410403964, 0.04051219080378244, 0.2596838939109787, 0.2240647878301197, -0.4956194338446645, 0.2989596611124326, 0.04651281935035139, 0.22627699852624647, 0.3172563046186842, -0.4157127273855268, 0.743444656447331, -0.00406046565004782, 0.25455252544405943, -0.03679939867904058, -0.3646768496027518]}},