{"data": {"0": {"controls": [0.4018282183320143, -0.32582814253399117, -0.019304724224309823, -0.4124863409848514, 0.8088615146506979, 0.9393409599045077, -0.24332943422137815], "cases": [-0.19350633142131474, -0.1752675069760917, 0.8816233243928243, -0.2960214996770626, 0.9008372805377378, 0.2567405169396911, -0.32917622513677286, -0.4441916168318089, -0.11794216097044448, 0.622074638931956, 0.7006967041735258, -0.4247704150010718, -0.35364624076678375, -0.5270099075982713, -0.5185252088340357, -0.2745889033980488, -0.10349531086849502, -0.5855206189906553, -0.16739256942756825]}, "1": {"controls": [0.5071761795969585, 0.6192556586774105, -0.1559743347642766, -0.2949969830398095, -0.06119911541975811, -0.08476741969927475, 0.29154471249864167], "cases": [-0.4335363830944626, 0.13258485353413457, 0.39010561763610496, -0.24856469864470426, -0.39033840076307785, 0.2142430617071085, -0.5608256240882442, 0.2019653288649066, 0.6702346055403582, -0.490896362314836, -0.011992989037329328, -0.4147437511186033, -0.1306641107665543, -0.32494277311611874, -0.3089041400022663, 0.2987815296969366, 0.014380995020993999, 0.44189681385836116, 0.13017772923739723]}, "2": {"controls": [-0.10750046975519409, 0.6584753531777582, -0.17082170026371293, 0.3602782012265643, -0.13610492212948916, 0.21050558572009137, -0.48664593221967567], "cases": [0.16165784400493174, -0.01189065374456517, 0.4826822943995288, -0.11605888721588098, -0.07324171765539572, -0.2592689201021, 0.1637574666008628, -0.37419613105094196, 0.23249328393193835, 0.2014940973073879, -0.38124713442260133, 0.15921627995439744, -0.025687253974394517, -0.07959155325642309, 0.1432648399757891, -0.36139191980628854, -0.23540682061905743, 0.16596805460915423, -0.12073928469268246]}, "3": {"controls": [-0.025075108719236187, 0.20198518691776154, 0.46830283964594827, 0.006954252070526132, -0.21507010608959473, 0.051025247921154405, 0.15037974824226658], "cases": [-0.1188867515392282, -0.31395134724957524, 0.25842544939602496, -0.18853709228997573, -0.0762595228144024, 0.4210719359655811, -0.006549925503984901, -0.17912930757469145, -0.3567590420025347, -0.3360410648733605, -0.032338765454252696, 0.05591875735283872, 0.03289414807740378, 0.1633029613404065, 0.11202658957895362, -0.3212980135409512, 0.2234959571915435, -0.18108479858476326, 0.20519777253614319]}, "4": {"controls": [-0.2578310915288664, 0.020701960700505118, 0.18226021155725378, 0.06145045291613212, 0.06608480234633349, -0.005361413908438074, -0.3434270064170132], "cases": [-0.15547508155993264, -0.010547993466955452, 0.10657720671932967, -0.02737586089273393, 0.11413892344514731, -0.24191587979034965, -0.1997238311038606, 0.42176901801007943, -0.04337226529961273, -0.007954079502218499, -0.02576320138499534, -0.015498577887328308, 0.04399778489167377, 0.04747254210854104, -0.15680512682968367, -0.030905329856040095, 0.1689128773225975, 0.04305017529011857, 0.24554078412031727]}, "5": {"controls": [-0.0976950474228348, 0.1612617275128524, 0.1448999780827833, -0.19158629352241885, -0.14649928851715777, -0.18962078706645633, -0.049004908758777256], "cases": [-0.11678382118825797, -0.03248379205645709, -0.14531204165753178, -0.02047437709258283, 0.0856746946456808, 0.2078593882737913, -0.13706752120330776, -0.11574630913745658, -0.020450702295573244, 0.4865192816467626, -0.05131270301392566, -0.12660741036797377, 0.2422344608039832, -0.024969910763793367, 0.011391016617348617, 0.07157701230123405, -0.10782641699335382, 0.10024751138754055, 0.061776259785880555]}, "6": {"controls": [-0.2565685790972043, 0.002975898077459749, 0.1521833047587728, -0.0758441005614842, 0.3515678014408606, 0.04480740642129029, 0.012245026570254697], "cases": [0.07182048346765565, 0.27798789526062234, -0.1460818563999801, -0.2185604678957365, -0.040117448113884666, 0.059694109267387316, 0.0708782498885011, -0.1850173392679551, 0.12333971907355792, -0.1741897632305473, -0.0406865777143966, -0.05929272214238366, 0.13461966860515048, 0.0364865498349216, -0.08477693236866767, -0.08689713328987726, -0.11116839212880328, 0.05216846710188049, 0.08842673244260496]}, "7": {"controls": [-0.16039255346715844, 0.0672489135202447, 0.08823291017704704, 0.04876197894193609, -0.1732213113867502, 0.14874688641849254, 0.4071471182749654], "cases": [0.06760220019944274, -0.09230137894885673, -0.055444893279743654, -0.05782010615581992, 0.06916037282613732, -0.26031505588735193, 0.008261015407410916, -0.018627436491488118, 0.1375718797136079, 0.12612491185631827, 0.0012297110891326968, -0.08260936673240163, -0.061152557526090244, 0.06392577132703313, -0.23242251800709518, -0.07659839109359465, 0.05970921808595654, -0.023848313838822296, 0.001030994977449247]}, "8": {"controls": [-0.09491014108634029, 0.1839217851322325, -0.031019131302074853, 0.02943088992197391, 0.0592974016385475, -0.05554131206177831, -0.01515756582689633], "cases": [-0.005864906595099987, -0.11977671294702394, -0.10273141165801897, -0.027246109969556422, 0.04201922614898501, 0.024443615266818198, -0.06212048729390206, 0.06691999996773326, 0.026858802791419334, -0.0609935449297405, 0.2840208271839699, 0.07756915693477698, 0.01114717999220981, 0.03927664827302606, 0.026878359434518915, -0.05395232890568907, -0.06090960129486368, 0.005341298904007684, -0.18690193771923355]}, "9": {"controls": [-0.056687196525483353, -0.0651298448964859, 0.026222370054216924, -0.09134700982434785, -0.11721030745549338, 0.06923402949638058, -0.07345408712918329], "cases": [0.14271403756085743, -0.07792903341528333, 0.10151701663478717, 0.06688716984721096, -0.014949199327010809, -0.06477165906253199, -0.038273993619145734, -0.08402992443206071, 0.05569636648770935, -0.12008117282093865, 0.08214567310492418, -0.033220291769673775, 0.24054722780921556, -0.02205799425868416, -0.013836053309754546, 0.13297953409971175, -0.004458626207678237, -0.013999373647182761, -0.02650765739407699]}},