{"data": {"0": {"controls": [0.2100918238989496, -0.07501923599850412, 0.7734081094535856, -1.0721339659569833, 0.9150073931598903, 0.9276867760490777, -0.032396076879968816], "cases": [-0.9994332786426345, 0.05863593646526701, 1.3378204544682657, -0.8120563104631958, 1.2239088685730903, 0.9215955031839838, -1.0261406233821526, -0.3205175969787964, 0.035343272421764445, 0.9371086450055918, 0.6885713652930585, -0.893551895874122, -0.029823598336395685, -0.7555691395847344, -0.8505439392379328, -0.5377786007037288, 0.081971789084466, -0.6728975763041787, -0.03328809871366323]}, "1": {"controls": [-0.7105624675355805, -0.502877532705597, -0.6780843910418127, 0.6187618317141961, 0.9108555617836452, 0.4562275268406438, -0.2989238146751011], "cases": [-0.06896227719247054, -0.5645697294372407, -0.08527306357291256, 0.28142502598787356, 0.5455078594310934, -0.3576236746487758, 0.2759981936574225, 0.002908289024992448, -0.6436197873750271, 1.0369799384128582, 0.12207049445121279, 0.6906080272185842, -0.6545724856914454, 0.4762735792248418, 0.38118029134700326, -0.3881193019969853, -0.06532077572724648, -0.47705699160451687, -0.30323032588965515]}, "2": {"controls": [0.5340635151479675, -0.8542894288576105, -0.4556474021583677, -0.06012412657579628, -0.19821586022384033, -0.2581368553608142, 0.34872925122290616], "cases": [-0.2851532050140123, -0.7658847631975758, 0.14084127441403035, 0.2580442381804418, -0.04574026082266925, 0.37860469712840666, -0.04507354104225594, 0.6540291163326682, -0.7387654808064477, -0.39109218677287644, 0.6447233250092326, -0.3656197633919154, 0.10450710795348607, 0.07745309304909556, 0.0791517629721324, 0.7185331099766835, 0.9054806353891622, -0.3841707690983396, 0.003752516546308371]}, "3": {"controls": [-0.6524869102104781, 0.4135095934314225, 0.45760338212628154, 0.48654488170950927, -0.5595121548373967, -0.13392453074169539, 0.46886583406981575], "cases": [-0.5218237969898277, -0.010376442635020067, 0.16915851307113916, 0.10518574887792423, 0.12486371777833569, 0.6017355129986935, 0.2140512663483833, 0.27341390476850547, -0.1099644375787948, -0.13724432863130215, -0.26105298317780107, -0.06051076918756808, -0.5653413330986942, 0.7689375927358592, -0.6980832677935453, -0.07282248863214451, 0.10520531286457944, -0.14473234206721805, -0.2611994751989624]}, "4": {"controls": [-0.16167168730566378, -0.037158287291773805, 0.021182087634148413, 0.05552420362092733, -0.2854726471262809, 0.14411058319498035, 0.5237178437894495], "cases": [-0.5683033265451549, 0.10104629779731153, -0.5210693063489223, -0.27140551039194843, -0.07082737041933396, -0.5354420186353861, -0.038754855624672305, 0.04014862383295427, 0.36063258382154323, 0.15936866146362175, 0.23091005979932716, 0.3261024649774931, 0.3481023374171056, 0.0005118965708850506, -0.045308126831378484, -0.32625430363511226, 0.3790404533164168, -0.6512778361385154, 0.8225471790579787]}, "5": {"controls": [0.6646913373558807, 0.8097311008870711, -0.28561099427220177, 0.20961280897882448, -0.09322700620415938, -0.1886857699253989, -0.06296758453004475], "cases": [0.07378420137134875, -0.3587692944116345, 0.1598998235631435, -0.2084563060231432, 0.08910300419999719, -0.08172803883648476, -0.20928873786865293, -0.3568957930623504, 0.02087442871680446, -0.106416694369193, -0.003100712625073664, 0.23596784981871316, 0.1633889807648144, 0.22269835686307304, 0.1140044902484711, -0.5752320333728762, 0.5995244897587372, -0.2651397273769925, -0.5677621796486723]}, "6": {"controls": [-0.5322581536824103, -0.12379860191330945, 0.06765833217484248, -0.14427446248790457, -0.10854652850253638, -0.12597476855735684, -0.5603157434792035], "cases": [0.08046116918872538, 0.06831152350197249, 0.23045073218197623, -0.28179391600489956, 0.05265550796090013, 0.016131377053644962, -0.141596466849884, 0.8567516490456369, 0.4321481312878771, -0.22852054816401218, 0.12180886328786492, 0.1564603563828516, 0.09930161970952066, -0.030712413326169224, 0.3462621108885955, -0.31904696459044773, 0.31667185869806136, -0.009546725772081812, -0.23868793803225402]}, "7": {"controls": [-0.36382225977930865, 0.13482432578612144, -0.054407914750928904, -0.08364059600897071, 0.3708202695990476, -0.1821601086818306, 0.3573803469009996], "cases": [0.23705450774586653, 0.6388798945031813, 0.012794946253266885, 0.16931760201695073, -0.32076529804059506, -0.0020826459660435873, 0.03930189769232222, -0.0011936403143163901, -0.27160108023524865, 0.03932863833920956, 0.000761035754459842, -0.13077760549427156, 0.3086283430621834, -0.18902422434032717, -0.015678051873379856, 0.07041239003617372, 0.20245640855888028, -0.5190793005648385, -0.4477278801986031]}, "8": {"controls": [0.12637511833824236, -0.2155183956623718, -0.36510850695855507, -0.06887485960852187, 0.02646720416939571, -0.07600843781925032, 0.37234087585882775], "cases": [0.31267544745271164, 0.12156757687143983, -0.24439596597486, -0.28892569042702126, 0.024032527633989394, -0.06734579855974203, -0.1332835576699596, 0.13590228627320539, 0.5010140022376596, 0.37877023855514763, -0.028366299155818023, -0.24602286007332097, -0.39904557286347114, 0.125244091424194, -0.2603348706416743, 0.05054185541369302, 0.22718986482398576, 0.22212497936839162, -0.231015253006317]}, "9": {"controls": [0.29445452659889615, -0.3028236850960914, -0.025186918903961908, 0.14086133329412076, -0.013724630435280126, 0.06789036952691181, -0.12267337642968582], "cases": [-0.40467406699301606, 0.18849179344380693, 0.08408411881025157, 0.36205566034749603, 0.16498331758247153, -0.2123254540687525, 0.2101324058967669, -0.02498344506184802, 0.48051378706847037, -0.122711896152652, -0.09875803642119829, -0.11664823733552067, 0.12187878586751746, 0.09735611952045167, -0.011071317296290456, 0.07320775447622437, -0.18013499372392647, -0.2516704362280769, -0.398523478287085]}},