{"data": {"0": {"controls": [1.6991469120515499, 2.373464773221048, 1.894772537098267, -0.20037155048733507, 1.9604903003914607, -0.2616866148680058, 2.094838249334547, 0.43294594725242647, 2.1425502995393817, -1.0960109571326995, 0.9470326039383095, -0.7530788549212079], "cases": [-0.24459081125247908, -0.35288129727043294, 0.4378231058073323, 1.8670472441813462, -1.373885885271752, -0.30521822974180696, -1.4054603258986942, 2.0766218903559004, -1.0991011320809871, -1.048522657838093, 0.22689591576766868, -1.473042790639498, 0.5066574786582535, -0.37380157109286866, -1.5604325387452507, -1.476023825888047, -0.300619360970012, 0.9074605170533397, -1.42886149203195, -1.3488389316189273, -0.30730439900029444, -1.276275514594782, -0.20162023220447223, -1.1590095454200469, -0.7397552007853895, -1.0811665700040047, 0.6933089944569044, -0.13108136480873286, 0.5618996170547437, -1.2524087578624583, -0.5597841235333971, 0.8593922794334724, 1.1284858703676761]}, "1": {"controls": [0.9269599551643731, -0.7134189321945583, 0.11818700119057679, -1.0467950856684296, 0.7330337253013506, -1.3918332149412869, -0.7786551293890034, 1.3433593318212833, -0.33509711668288966, -0.5314267889951724, 0.5625095715317033, -0.8959173298439471], "cases": [-1.270944307249904, -0.027611334912905284, 0.5457632878722039, 0.03914965530794495, -0.2036301757163837, -0.768419701898009, 0.3509720206081497, 0.34208938855748133, 0.557626361291174, 0.723003232963223, -1.3693500401837877, -0.20475988148983407, -1.523563386417852, -1.4468036504179933, -0.5159614028253715, 0.20554341307838164, -0.6352015893015046, -1.7547974039576708, -0.7742422952702699, -0.24169665990373418, -0.8332095210778558, 0.9903296997700933, 1.4621339701744593, 1.10317286344019, 1.3607359052780348, 0.18414656275107863, 1.6028354538695349, 1.6128265622539588, 1.7609425609264497, 0.48824790578384275, -0.13169409078728347, 1.55952017921923, -1.1780595690290743]}, "2": {"controls": [0.348014404532015, 0.26524743317902894, -0.0484164056994631, -0.20530023177802872, 0.027966722430105572, -0.179554502366087, -0.09047055040860172, 0.7676583770306012, -0.6953646333517733, 0.0893841274518071, 0.8994779616129008, 0.14129533696160101], "cases": [-0.14954484816388278, 0.6101905159802055, 1.3699846170272705, 0.5726212603773023, 0.7503544765695505, 0.637189633106229, -0.1878036573466028, 0.01214393803927185, -0.39272617012953703, -0.09086394929321727, -0.013788323106344117, 0.4810343379860964, -1.041311844264999, -0.7162332205658538, 0.49442759132037156, 0.46476294165224735, 1.0293391386037292, -0.9630359180978927, 0.26594801992438694, -0.334194847065072, -0.3535704204777703, -0.8399831393727234, 0.4450200432996672, -0.8998842629417495, 0.17494682168561373, -0.2636373413449922, -0.6717791592898731, -0.7688537653903172, -0.599827179542118, -0.908841119611259, 0.9544338434306605, -0.4936828322901565, 0.10722677969765188]}, "3": {"controls": [0.3052772385330051, 0.3773862141145793, -0.5351028621939126, -0.37414525068322774, 0.31421128902922324, -0.5757610294533213, -0.2735768175910836, 0.08198790082423282, 0.45153315150678325, -0.9308584646044605, -0.6376742127037615, 0.049190084878204414], "cases": [-0.8751450667721008, 0.8530012263195064, -0.7809759360660441, 0.32982131002410964, -0.04838050095527247, 0.6120812560663498, -0.7320919078880399, 0.6147764928524839, -0.954434955552468, -0.2822447848821965, 1.4406523800744713, -0.19254114075412124, -0.564890506060717, 0.1648836818919857, 0.43472812722296944, 0.42280793331579497, -0.29829316440268566, 0.26589941108115756, 0.12440693614474554, 0.13205194266706463, 0.8467946876211248, 0.2512652872205371, 0.06905446055489406, -0.3272091740325289, 0.5855305981966863, 1.105445509049163, -0.4408560609470204, -0.20244662379915493, -0.12024652779758639, 0.6485480012763625, 0.1318303890671377, -0.10264257702396262, -1.363647945368912]}, "4": {"controls": [0.1570680688835547, -0.08400575383426624, 0.2311765102640557, -0.20685229441891426, 0.27486765698246635, 1.0678297952166167, 0.2959727830923109, -0.10792502236967212, -0.09523862255190069, -0.5892743047685284, -0.743450750978095, 0.6015707333998898], "cases": [1.0063027316299975, -1.1395160148010643, -1.0067439116256298, 0.30595244821641354, -0.11474403068683055, 0.10639649122409785, -0.28638822419593857, -0.3068546752334546, -0.4502167278749918, -0.5587281518478687, 0.23545618816077554, 0.20806068480920786, 0.21463201566508452, -0.7180550259361189, -0.08862821373479128, 0.3519172653533002, 1.285171479566886, -0.5764351561229489, 0.35168705956186674, -0.3694431542867553, -0.465107639636931, 0.6990348558080594, 0.9938942990202172, -0.2661463251382091, 0.6263106523033583, -0.6579709437413382, -0.2948076803520604, -0.04675395881870717, 0.370408421493988, 0.19647498721691112, -0.23745456680328084, 0.2367089279357046, -0.4061529060464685]}, "5": {"controls": [0.18143718822406119, -0.12895444308515075, 0.8314667481129098, -0.6476028924332183, -0.07608332470705288, 0.3282149232652853, 0.28603643531061756, -0.450366971502802, 0.10595621797185534, 0.020665446675446668, 0.5987745283381771, 0.3412322323749105], "cases": [0.7443742121795024, -0.22565210536885646, -0.16658995778955007, -1.0292110299319204, -0.5213357331786672, -0.923514851165559, 0.2682021744967283, 0.19291139926134732, -0.3532108503348537, 0.22725701274767618, -0.17299178587346323, 0.17092336788620002, -0.9345630445909195, 0.4563016215364188, 0.27130133415687385, -0.5987991103866782, 0.3049399169625875, -0.08744413183070672, 0.10459161302144669, -0.2791594843038568, 0.7702164636220644, -0.21177938752311415, -0.736041957669739, -0.3475697903007759, 0.2867976511715669, 0.3191206856816473, 0.1844063095234294, -0.031331571870765094, 0.2622840941930431, -0.02920274541209661, 1.2605461876012476, 0.17035504920670905, -0.7369076442620037]}, "6": {"controls": [-0.6427744810139185, -0.06447147327325903, 0.16156133866164188, 0.6637607745937292, 0.4993423138982358, -0.010497547295396125, -0.5833261380018259, 0.5359197689712304, 0.029000382426834486, -0.946964205296181, 0.2703510171516969, -0.09539543510041988], "cases": [-0.2864074559393271, -0.4860890040795271, -0.5781774703778347, 0.5387749344029091, 0.20364787393240688, -0.7698989515521295, -0.7040958545487774, -0.22518238586816525, 0.5112381150082896, -0.06991659931120857, -0.20811004405161915, 0.6564270073481598, 0.09882569690313012, 0.3380461911603349, 0.28668819150036995, 0.4419954770372259, -0.6063824583251524, -0.10021247218781201, 1.0944808275875595, -0.6170823640389688, 0.49490784855536213, -0.29005096086861715, -0.44468645921556554, -0.0453552852971714, 0.5043201198061259, -0.024369083841068968, 0.15028010203181333, 0.014560725440889875, 0.12014705861119067, -0.6531217089736475, 0.24331001303449562, 0.13646660533746977, 0.45851545505649527]}, "7": {"controls": [-0.4976941034201647, -0.13164059228887728, 0.5550751206665879, -0.5390275146131983, 1.0974623950198208, -0.5676848698642534, -0.08180002471275835, -0.3646104502160077, 0.11719324215694542, 0.08326153371289266, 0.19421463407442244, -0.39832345880182707], "cases": [0.14527159217099675, -0.5489879555770679, 0.24849201466618764, -0.5825730299775272, 0.5948064162289516, -0.16486286373633416, 0.3027001039439345, 1.0047401408556016, -0.06137958063881278, -0.18931151860766296, 0.031980775673814445, 0.6372601835870848, 0.3166179639181026, -0.18120964929866593, 0.08770486187330372, 0.2195749042425343, 0.018907924958955453, 0.5668810983291752, -0.00377945400715472, -0.1687110713405443, -0.3603144821221424, 0.1548222354547731, 0.24916578312809545, 0.7631921277949021, 0.28484850170559173, 0.04622204675715541, -0.4086886607003011, -0.16793917563580413, -0.5277685500401331, -0.2318649258853537, -0.31707814361980974, -0.8241011331150855, -0.4010443927003454]},