{"data": {"0": {"controls": [0.407183285136062, 1.1665735771022605, 0.18245574181167074, 0.5303406148945333, -0.34938988423639705, 0.8776631891485825, 0.4800624577709971, 0.07800907442107027, 0.02911053879316875, -0.46012071277313216, 0.6182769942747344, 0.5623987950299306], "cases": [1.0476151921418455, -0.3037436489416284, -0.6215180259113717, 0.9338838778558214, -0.8566035618390407, -0.5080094575411226, -0.8134563692045589, 0.0248293826542048, -0.8373464039612416, -0.636732919616609, 0.2909848402893687, -0.34210908034228626, 0.686399820431318, 0.7463257091232313, -0.5112373817570188, 0.37227781728806164, -0.21052837709494326, 1.1054903014115776, 0.4711847455439023, -0.9502543124334931, 0.9300071753549419, -1.1320914950741199, -0.8849438569406077, -0.8208869591388244, -0.2732159423185526, -0.8830162834370648, 0.05393841360826416, -0.41982791906613703, -0.3142817608398925, -0.8657191477210899, 0.5513168157989404, -0.03756922256959561, 0.8862743628742372]}, "1": {"controls": [-0.14512995550710991, 0.337179150695139, 1.0039040907245238, -0.4052260378312625, 0.8618229111249085, -0.7223072994377969, 0.6493130939455795, 0.19996471005356187, 0.8443583790425543, -0.1935078931949817, 0.46560285927923595, -0.17790579890114203], "cases": [-0.9390930315262319, -0.26848528523265247, 0.7537808951169543, 0.34930249679884295, -0.47584312209219964, -0.3976521061715699, -0.146328847259656, 0.6985859336516094, -0.1021093837490929, 0.36656444338447036, 0.5091056642664988, -0.904519589056672, -0.762112972064328, 0.9181923920331442, 0.3865418493550742, -0.5731548473624496, -0.7044471080342598, -0.5864122179784844, -0.8353139138640775, -0.0886262899205959, 0.7486394712081577, 0.4896381820127875, 0.14620691955750786, -0.16387905362585092, -0.514667344117454, -0.19229085742002847, 0.5245975473478454, -0.35998629576590746, -0.09753210505795316, -0.6243641888435766, -0.3568093658794503, 0.42199474859043684, 0.06240917170595359]}, "2": {"controls": [1.1770308709167339, 0.09169531911567987, 0.0022685511611285937, -0.061813037614950515, -0.16662680927768006, -0.2763814815005626, -0.2409974484299028, -0.010866202281971042, 1.0498789923204987, -0.042514719034157884, 0.39362219149075933, -0.20661989328923], "cases": [-0.2969001790516262, -0.3635830322690183, -0.14301013975292567, -0.39816651752995946, -0.7508980650213187, -0.1775357860931082, -0.021786039147197907, -0.38790817450459325, -0.5106849587351601, -0.5607289370934136, -0.11094021715458269, 0.3770192865007714, -0.15965114041346495, 0.06578369934375394, -0.5705847953759988, -0.6202325765240821, -0.16163094952762475, -0.22718207635138363, -0.23980186575970364, -0.3069731912088741, -0.2737315541690518, -0.029390238553426363, -0.27699563955705225, -0.020519158143204673, 0.3262296819906937, 0.04234071355991116, 0.6316240946636598, 1.121992852130513, 0.8752151993322231, 0.8316258236768873, 0.8753945904437822, 0.020907587207110542, -0.2679746304888818]}, "3": {"controls": [0.34606943105110555, 0.03939630059129982, -0.29850623435839657, 0.40437168038772775, -0.25453030832163326, -0.4563148002048752, -0.31898851052006066, 0.6752879641839963, -0.5414687749018137, 0.5106413310451735, 0.7780222088498312, -0.2106838323405778], "cases": [-0.020876480425234694, 0.5147525467278791, 0.21317088097657994, 0.4856837058315045, -0.4086122792109775, -0.3865888358238885, 0.2851227445041682, 0.17747663568421884, -0.46126958922238764, 0.5393523378516102, -0.5127864734385065, -0.5185344203294822, 0.07361722988781037, -0.5438308596114604, -0.26967964777585096, 0.44176150569080386, -0.2675620339553913, -0.21176489195987572, -0.5385044072052804, -0.18592184182428903, 0.08969974882689304, -0.023198720178781825, 0.3813260509982696, 0.17907389919482627, 0.2806434382667709, -0.20427378723382653, -0.6698984331600698, 0.3426591351723797, 0.2324524589610029, -0.029324911542811548, -0.19755066263891036, 0.15434490387566188, 0.38574459762486923]}, "4": {"controls": [0.17969378630040908, 0.2872350623879021, -0.18954960946904648, -0.24249700731751034, 0.6278287142988093, 0.19737408440478352, -0.11196606385122508, 0.709490166520058, 0.39110748289716474, -0.3079664952815873, -0.5222720786707289, -0.8562091344405337], "cases": [-0.14197763040863928, -0.20190201911912858, -0.1714475751502014, 0.14037757812430757, -0.0017399254869398277, -0.19482379841161307, 0.3625115113517735, -0.3860372749101024, -0.049555475035721684, -0.07839483591726186, 0.8795004443082415, 0.25195951072012096, -0.06604228541978366, -0.6047234694391651, 0.09129791991037511, 0.5099721333197377, 0.02623367581989298, -0.21092049067470847, -0.2535167240540823, -0.18927159584341835, -0.06991774744626221, -0.13719804027992655, 0.12572106152114, 0.2607653205597258, 0.3512351278309242, 0.03594156887777367, 0.016314406162022312, -0.14787443660783453, -0.4963736613992714, -0.2035191459726722, 0.27706384182310995, -0.5292450972366106, 0.6433182207057042]}, "5": {"controls": [0.46942474433184456, -0.10794749110729979, 0.20517502801988213, -0.32585353999137756, -0.13004696528623472, 0.22802812900017486, -0.3852736181528823, -0.6709092538444413, 0.32853075801879933, 0.4026263454798611, -0.44440851775758206, -0.11687370253224731], "cases": [0.10069873727873531, 0.5607980657852485, -0.3065396149527956, 0.15987982375215565, 0.19804803616246897, -0.25687935070808743, -0.07971718596874221, 0.6912444579233912, 0.1131864262886425, 0.004607266206283612, -0.15401447562971787, -0.24842794796034653, 0.08357800781486194, -0.23070576408338953, 0.08580293083875555, -0.10607444706184162, -0.29952783102403346, 0.18474321498591378, -0.15344791596561155, 0.0005837633529232847, 0.43474559299499893, -0.030207168632509777, 0.29930663326307283, 0.20022916603067384, 0.6887340111550951, -0.4507742180686725, 0.3153469642513364, -0.37637706889164113, 0.25196508064090406, -0.23309176080440608, 0.07011433137298902, -0.6776368879266681, -0.29266278859848227]}, "6": {"controls": [-0.22425139248750697, -0.1248821765486626, -0.5621791064447554, -0.26548597666695223, -0.3517051695648123, 0.09066522243118451, -0.013878793988824687, 0.04072965977776444, 0.21278301949084316, 0.004638124592872296, 0.4697115366396325, -0.07123533020881219], "cases": [-0.06351630266522898, -0.2633571392760443, -0.24416862826415275, -0.19715900338543157, 0.32358446547696107, -0.2745447224493781, 0.05005428712631062, -0.45482855569870945, -0.10191011368821372, -0.11318858301753103, 0.12949078468863748, -0.2850675059357326, 0.6479161134818436, 0.003338729206379679, 0.26975211882267514, 0.16690820620661387, -0.43202740019406255, -0.05737189586368522, 0.17211369633683568, -0.17404268842478288, 0.2843950701586782, 0.6227814926858456, 0.36355686838201934, 0.4072239643520896, -0.10969831971454143, -0.41645912325025297, 0.2612276068732221, -0.399360007658428, -0.1093606490822478, 0.20076331459186525, 0.30287603679389746, 0.5040087190876027, -0.21884045272502542]}, "7": {"controls": [-0.03356364018626016, 0.045953285111505954, -0.16558707961585947, -0.24833723444370776, -0.4940803378666221, -0.15452545607891816, -0.029984773742975864, 0.4056960046190497, -7.369069535807407e-05, -0.3717766090452424, -0.11994414857830532, 0.24549071325681146], "cases": [0.26625366338538026, -0.13018815950246512, -0.2586222538383535, 0.28858484050152866, -0.3576897330694043, -0.1758340057676648, -0.09649853614844703, -0.17298819589688325, -0.3666895749472824, 0.28375786725081625, 0.00492761724956004, 0.7844289584447117, -0.28550229207277306, 0.44154732523890244, -0.05030629643184523, -0.33050444102293364, 0.0005583823563103065, 0.04588278042604283, -0.2017997812563732, 0.42654828755299307, 0.4260052521344817, -0.16710861030790428, 0.5633866562752835, 0.33733587012859206, 0.2892144163517031, 0.32724580744129494, -0.08360078154908536, -0.4480187723808224, 0.02573532681763016, 0.11133096874379875, -0.30955225850785417, -0.05909691242480065, -0.2080104479082558]},