{"data": {"0": {"controls": [0.031672412196757815, 0.6497714149420396, 0.3129123264358196, 0.01624672526313408, 0.4627619314658835, 0.3032120830985442, 0.5129654633089641, -0.027507854426204893, 0.3720066919162693, -0.3051742603220674, 0.18515948127424764, 0.22624259995511975], "cases": [0.2043210842978528, -0.4035591053521964, -0.07241153515527116, 0.3930932617081363, -0.2550706684178403, -0.11509490215315758, -0.3555105309513396, 0.25755957421192566, -0.41907551429368656, -0.26705802174791676, 0.005088123280047122, -0.1903886938391924, 0.4216609187212638, 0.1519546385015337, -0.08358512708557156, -0.11317569107614654, 0.05096689458256336, 0.530979015857539, 0.10771030898240355, -0.32593700793576397, 0.005921444083926262, -0.15381425801419535, -0.16694084169311788, -0.4098884722184813, -0.2915166046013455, -0.3061323474341587, -0.19885211042370204, -0.3321259241550788, -0.27120816989348334, -0.33239083417821824, -0.12537613692827004, -0.21281282918911423, 0.532401047401551]}, "1": {"controls": [0.519198025275348, 0.034073222373865085, 0.1857450041188603, -0.1268160106281748, 0.1551832393222768, -0.1936979635620866, 0.08232076411004764, 0.2721117314002485, 0.38635926305892165, -0.07423238782313973, 0.1400870917161566, -0.10608682693812069], "cases": [-0.48800154224832143, -0.08516021472105828, 0.21575496453692958, 0.09200057390936013, -0.11180590916762773, -0.26855848572665086, -0.11362748114247746, 0.03320886230294682, -0.1891779835590233, -0.008187868414530662, 0.057068962981332724, -0.3851714619165037, 0.027109298069952648, -0.12017581363740043, -0.19391897991814272, -0.3117835790030952, -0.43877000872770927, -0.28481105922289496, -0.2082626875065279, -0.2710072649394054, 0.047948799433230375, 0.06582104380470791, 0.12664338933446107, 0.2522450884961282, 0.3871126770025197, -0.20694210860622328, 0.36272378895746454, 0.19432865553796264, 0.21273623429712388, 0.05463831747542419, 0.017177870682807135, 0.28011620843819524, -0.015517439227161665]}, "2": {"controls": [-0.19632276879633548, -0.014362385008334325, 0.4274105628257937, -0.08243904360537642, 0.3451616476674139, -0.29442648176376335, -0.0343300448737685, 0.04795160108788773, 0.011053352848066295, -0.05792292350899501, 0.05001813858305061, 0.07214430002553957], "cases": [-0.1849130035552917, 0.21759257936228368, 0.19552897264256122, 0.0988847386138964, -0.012023304947955704, 0.06817196126035382, 0.05175401201086188, 0.24254835951639864, -0.1158791605509954, 0.10800653037602231, 0.009168930109895048, 0.24568383489505477, -0.32111295016745167, -0.01162793156578993, 0.033143483822181984, 0.1842405618919192, -0.14178278678063086, -0.07072497864166544, -0.06382891043107282, 0.1452818167092104, 0.03362154168725395, 0.043651150203236594, 0.0656652888761804, -0.08511112774793834, -0.11475869492762458, -0.005460746453563751, -0.13757137190582847, -0.1187580792035478, -0.1585989911732347, -0.2162635824695978, -0.19445876573620502, 0.12330389469489708, -0.1873092258949983]}, "3": {"controls": [-0.07868141642601596, -0.0749040603479569, -0.06199003127276122, -0.08320800718390413, -0.06775629360840126, -0.17522426499855429, 0.13901121191907573, -0.22306155858756674, 0.08563631299043319, -0.00678668339135745, -0.18385686982488397, -0.1813667143389761], "cases": [-0.06224937266839239, -0.12437922029697975, 0.09368547449678188, -0.059672608163232284, 0.034083327709650654, -0.25299994766265715, 0.09941844478786996, 0.10725232957627649, -0.08104128515940541, 0.059322214818848196, 0.1342768013523368, 0.005208511815560755, -0.07663457024938909, 0.1780911838554517, -0.08323038266293073, -0.11239288626705686, -0.009663409897627182, 0.29073631923178256, 0.052089985363920774, 0.023216568485737454, 0.3680554712665215, -0.02282835412509237, 0.2467063969646114, 0.20470349081859765, 0.017809186084232154, 0.22228194899327142, 0.0074182726884314135, -0.017041563928464308, -0.07537828955455153, -0.07499440156879483, 0.008944006581498748, -0.21553225667513298, 0.0269269890591943]}, "4": {"controls": [-0.14554767055672668, -0.015348827541955889, -0.06868501293179882, -0.10006270701232371, 0.10087272749674236, 0.02434978158791328, 0.04325571005236228, 0.013843376814829157, 0.014549506283497597, -0.11405711367938529, -0.11225164647409168, 0.16401961681028646], "cases": [-0.14967944595410107, -0.1538396854914427, -0.1808959744403687, -0.017462790204835554, 0.026193325675761894, 0.11267380138213537, 0.06859182201268668, -0.11320166700732776, -0.06498344713157296, 0.10170232601910059, 0.05536364363728379, -0.18074694040132683, 0.13734649229312512, 0.14404069895368202, 0.20449993199011512, 0.03377816332525046, -0.0535477310208472, -0.10796848916923354, 0.29549896992779107, -0.024219824013501708, -0.01277392696798302, 0.3540214018503133, 0.06881885157680148, 0.029979337280010367, 0.1721607164642703, -0.01863878667536164, -0.03915767653719941, -0.07162243076881186, -0.07727267901292283, 0.042882264030894006, -0.2004026345379008, -0.034724544882250456, -0.15135081305158615]}, "5": {"controls": [0.05171771801162873, 0.09585377149927458, -0.12267299605568155, -0.0817441770789779, -0.10315763157315307, -0.047186029338323415, -0.1407224295861002, -0.10760351901098186, 0.03384161057466877, 0.138627114981855, 0.09216308392847825, 0.10995971679158534], "cases": [0.15127106915152277, -0.04710225520342954, 0.11335239374497659, -0.012919208333809539, 0.09246299040829728, -0.16313507939582206, -0.043235132667662574, 0.010257118985058886, -0.019751114822245276, 0.08113197050986466, -0.019845573039764447, -0.11198230221284589, 0.00411113667673258, -0.026194241100971606, 0.06495335101785521, -0.0060694096314642095, 0.05383655994274757, 0.03360337943021292, -0.11662292843290659, 0.08403953391302024, -0.03534975324347347, 0.1863380565444049, 0.024309471208622396, 0.010498638683930672, -0.07116522807284352, 0.0018040645142154586, 0.10210834486851027, -0.1209949746966006, -0.11551628814379007, -0.13204666337141868, -0.13454331269742947, 0.21597123000860413, 0.02734792231362046]}, "6": {"controls": [0.041985819101538834, 0.005905075614954432, -0.13594995640154256, 0.0016654635911703343, 0.01680684064191177, 0.08147375524967099, 0.051892556729014216, 0.01981454900121875, 0.10877667713032921, 0.03448232088639479, -0.1374929535188037, 0.0001491424746639286], "cases": [-0.12017370087263136, -0.04868067426969801, 0.155374738342921, 0.046633472820052486, -0.1100762778744772, 0.21683136067256942, -0.009571881574598477, 0.07455810644257008, 0.19962458960114263, 0.008621782473216842, -0.015372216460292088, -0.05606439713838124, 0.012806022209679092, -0.09907572506107286, -0.14148453492411914, 0.01622121175687647, -0.01572572325187813, -0.0030394993802693436, -0.07758836362455035, 0.11692679251196443, -0.168170566716493, 0.043970780755467176, 0.14816668473347144, 0.0988847752759863, -0.08419498337635505, 0.022721655013825025, -0.06850350815087944, 0.006887699415670258, -0.14539210873559028, -0.002275644256896695, -0.0859483426645403, -0.08968416222979388, 0.08328334803658673]}, "7": {"controls": [-0.0037742991250118373, 0.013397578196089678, -0.05579764370006622, 0.00647167187843737, 0.0019678897473332907, -0.13466802934996097, 0.030871435431838404, 0.06791308928939446, 0.02934787801701964, 0.1108918568108176, -0.028748176650240938, 0.20058206477632018],