{"data": {"0": {"controls": [0.5134394766580163, 0.49899074785869435, 0.7782233044277526, -0.25135256412114043, 0.35486104222298187, -0.22420811879746627, 0.4015272126666493, -0.3949044152152833, 0.5623910961821332, -0.35645995661972973, -0.08448277791145914, 0.11075236259257064], "cases": [-0.29180908798436084, -0.23852179864738224, 0.18606805371754484, 0.35927015939501583, 0.05346558651109427, -0.7767069347126917, -0.5774285612197745, 0.4982392205480407, -0.197552371382743, 0.08259095522528742, 0.12984820180526419, -0.23398624016338013, -0.16379931462825137, 0.12500441214215205, -0.2876534860341557, -0.5033419968152515, -0.0967827437365326, 0.14832521408860463, -0.05513382436472234, -0.33770421739150813, 0.22138214855991503, 0.003442923350209607, 0.20331407312708435, 0.12851186802723177, -0.24775536073418214, -0.22247689818645547, -0.07304176027029778, -0.35604850969372226, 0.16773805933095584, -0.20580378562304388, 0.03869493449999529, 0.32325716280261807, 0.2876165085137185]}, "1": {"controls": [0.31896274866716273, -0.06416167201052579, 0.40374092839450565, -0.042480112185893426, 0.5325939434412461, 0.10933650780562755, -0.1822541093507197, 0.9014375247231933, 0.02160029527024137, -0.20710629647542872, 0.9250692064400775, -0.023901817019378078], "cases": [-0.15160004354602843, -0.05524677349188104, -0.08017151134044848, -0.13825950974592383, -0.21445707354136703, 0.49946760176159744, -0.023797032289280408, -0.049677286645842755, -0.3078503906917014, -0.2393842607340609, -0.188330266500699, -0.3989836602019113, 0.13691286140752174, -0.1351525635899451, -0.2949806511165445, -0.10657976246040343, 0.0674309583418532, -0.2816913525682322, -0.22494370170469483, -0.20571968143756886, -0.07280830112749308, -0.2049517808917323, -0.20180999081470083, -0.19957863515135457, 0.10555235988049573, -0.3200413837793571, 0.3984485622998035, 0.17565655714533826, -0.10287311347468157, -0.2454117802950631, 0.1517725794054761, 0.18404303960502427, 0.03217883959369393]}, "2": {"controls": [-0.14057529541374136, -0.2087684790264531, 0.5003105495188809, 0.2887700922485656, -0.10159697607026529, -0.29127482938471955, 0.1639361052646995, -0.23764603781447907, -0.23913916951817962, 0.011460835414161624, 0.32420591037062646, -0.02473155956285196], "cases": [0.15641953634674466, 0.4606548691726645, -0.12465416183456669, 0.2417843041113094, -0.29864978159723143, 0.1545722085208475, -0.21649056210636147, 0.22463436019854247, 0.23640968713533825, -0.028263799950988662, -0.010451799245057873, 0.3743573873756359, -0.3125694212193111, -0.20817991004871075, 0.18866225568967537, -0.22282220257566912, -0.2292531437007588, 0.49664791725828905, -0.30189807072704067, 0.15253070115671755, -0.1547282829828668, -0.3461629581619537, -0.2724976922106479, -0.29980067277039135, 0.11610088416464323, 0.30225740477012053, 0.24202636334543587, -0.1407582037457134, 0.12247273184889802, -0.11219209295572609, -0.14585120185367945, 0.13673558782355857, -0.22599338725799495]}, "3": {"controls": [0.08857263065829155, -0.01919644992580691, -0.11688587306733927, 0.07010448477322474, -0.33220706748919204, -0.014850371834869772, -0.09462475005181648, -0.38478121385409464, 0.0713494550557726, 0.09519059378159733, 0.15118671392276778, 0.08393299024234424], "cases": [-0.17532172202492047, 0.13079950964536655, -0.09266333137621471, -0.19183524961630888, -0.00801495933181899, -0.3809403137469192, -0.00018072218947346694, -0.11370641760358816, -0.13108100618670337, -0.06663717894031172, -0.049730457319014064, -0.1778752560914765, -0.1084856675794627, 0.05507503141937073, 0.01723130599952634, -0.3050590030265103, -0.012985746058032236, -0.19002441539142279, -0.0253801926766077, 0.020163666840989802, 0.0965575457148922, 0.026983574262308, -0.0412686080300115, -0.019437652419743892, 0.03206344811720227, 0.07461513025798622, 0.49172835988797764, 0.8190510108523169, 0.22257843475022812, 0.15403057498797032, 0.2929211992655424, 0.25131897417314025, -0.1922810087771603]}, "4": {"controls": [0.038515111309248465, -0.049999174967643584, 0.09121561703700058, 0.44861270776678613, -0.07240732904932701, 0.2972031497474443, -0.07795994899381828, -0.14109295331059496, -0.08307750263492929, -0.0034082669488864734, -0.20515040155419836, 0.4492200121451559], "cases": [0.10961678135841922, 0.0024027164691794627, -0.1375024514542431, -0.08939365779766457, -0.058229670496490395, 0.10009522989734317, -0.19130271337236507, -0.13679322175851358, -0.15783584475384294, -0.13004578626291882, -0.022390900429655688, -0.01372317307618897, 0.09827392558230963, 0.008860755476166911, 0.046745600294182246, -0.054029466163909856, 0.37738561390744807, -0.06832921858903555, -0.01629486063694798, -0.19795942420291585, 0.041287121810446734, -0.026510939397064354, -0.11208902306571063, -0.09254738310053366, -0.1593329047820281, -0.04097373148441279, 0.07932953874917371, -0.3265061242412999, 0.06252589924287597, 0.10808656266679127, 0.12935441850228882, 0.11712712728939641, 0.05902818327348003]}, "5": {"controls": [-0.07796542093190054, 0.09701353618339288, -0.21667206566050098, 0.26691446140576036, 0.12419884531507673, -0.20559200582551404, 0.11199944461443015, 0.10696851620610251, 0.004529853164968046, -0.13715643037748912, -0.24486993388823716, -0.14711396672778268], "cases": [-0.12950617074692536, -0.032924186878960565, 0.021875724149645854, -0.020130209679543255, -0.0349066979886996, 0.22819837891116138, -0.06871493681595299, 0.16802075924049692, 0.003652535137261774, -0.011960520113137873, 0.0191600572540073, -0.06295772823590412, 0.050940240382111625, -0.03988464848913627, -0.047171523129831576, -0.009845658020750714, -0.0602195384058996, -0.06796682808420064, -0.12114291711322114, -0.03500676728554847, -0.07022662691335137, 0.09299227025455599, 0.056610316006951766, 0.01778348902771208, -0.027945802367163125, -0.009763566258028546, 0.03469230946473832, 0.03995617162618684, 0.25878184313241487, 0.12015346344939529, -0.08834916647478082, 0.26459637362140787, -0.12104527213531574]}, "6": {"controls": [-0.12565071984684598, -0.00251271932200829, 0.16039781318913224, 0.14962927600944212, -0.09354140605226598, -0.09374653004256918, 0.015473514410956228, -0.07366839408721054, 0.02031104977781101, 0.01848357159319229, 0.046646792032836136, -0.04676781425341743], "cases": [-0.1348550798464507, -0.17346050175502536, -0.12730783252297453, -0.03475332178872879, 0.00646735223232602, 0.003196326962362717, 0.0651531867072192, -0.009723303956577455, 0.0234291422049295, -0.027422112669663632, 0.03110440554970857, -0.015664178523105653, 0.3481410722594971, -0.05529017034328635, -0.0645999416765673, -0.03399545397881981, -0.02097536519626773, 0.11251958032997197, -0.04940154425151064, 0.05074579667839957, -0.07532910707749173, 0.08452608671921903, 0.009454785524524051, -0.004997924745201678, -0.14975171647458918, 0.046497318974538765, 0.15260106340918736, 0.1117365622254394, -0.04177543684450432, 0.03427406719640003, -0.2110472002686875, -0.17033165855651228, 0.3457806700931867]}, "7": {"controls": [-0.022265095010407725, 0.06746996743065559, -0.2221706496690127, -0.014280637507267322, -0.038978035763806214, 0.07313502798001051, 0.09508904992099083, -0.13372785223651168, 0.010922114635043605, -0.12992703614453846, 0.14837191011149461, 0.015191940654749037],