{"data": {"0": {"controls": [0.9582613056681569, 0.8967263210376272, 0.16063903106889524, 0.3459109376739614, -0.09537278319973111, 0.45392346678083534, 0.1642321519746436, -0.1819675789356349, 0.06108425867850299, -0.22782493112256724, 0.5074358502770641, 0.2733476998871423], "cases": [0.9196853915795938, 0.0820415952418985, -0.2039990893734081, 1.0880305284809308, -0.5557213187358553, -0.4268372397502169, -0.16952675507186946, 0.6984239877736723, -0.16779433256394655, -0.3086205892995368, -0.31156240196078594, -0.5302619224692139, 0.9560982033189828, 0.05306868900791068, -0.5477450974160049, -0.04741415768977175, -0.02832399146525136, 0.8082617915241961, -0.15918866256031103, -0.7890911080555916, 0.9200061681602953, -0.9695705911175229, -0.4588573404834913, -0.8987544663323686, -0.3699651464231542, -0.44335626846148773, -0.0655406640663658, -0.25852583875323126, -0.42607098415295375, -0.8467904566373212, -0.24452888485243715, -0.4082332161798234, 0.7942684389955447]}, "1": {"controls": [0.8256622107474801, -0.30328700883536486, -0.403167200199244, 0.5261796587864602, -0.30268229629067056, -0.9198441492549952, -0.586334436637424, 0.08821601974504141, -0.21960355888508282, 0.23035277771920276, 0.583378863536405, -0.17463990945783237], "cases": [-0.052619718473781246, 0.7187931694019586, 0.0011993832725057407, 0.2657348635540343, -0.47147050055917994, -0.5175206290350964, 0.7639415946557805, 0.05781534962422769, 0.40061510816542184, 0.0428722444399726, -0.5080312508212824, -0.5115784148248721, 0.4985482858137719, -0.4670977890856085, -0.30161057445317796, -0.7118815791530819, -0.6872214759813189, -0.7689920098722042, -0.6288957014459671, -0.03421540789177566, 0.5810243551614882, 0.1888427879508345, -0.16088995133683331, 0.26558984301991173, 0.1742239795141723, 0.7442304199656418, 0.8088589530780226, 0.9447918474772404, 0.5317450314856165, 0.012770127498693254, -0.13263452339988135, 0.4285357353672657, -0.819704524086473]}, "2": {"controls": [0.2882268153741429, 0.25975987871947226, 0.7935748388930846, -0.5127423915949564, 0.6255772154388549, -0.2229337349346167, 0.48228525639495734, 0.15296485611792962, 1.367150110774787, -0.19585924182963715, 0.0478423358295976, 0.16385570854841003], "cases": [-1.0046599102136087, -0.7970457147838085, 0.2270582659055498, -0.11118341901701324, -0.48587075541447416, -0.3895702898247024, -0.47324574808746456, 0.1714916626411642, -0.470949700902389, -0.08372206356733625, 0.49928343240335743, -0.546287743105022, -0.38669791222488514, 1.0423956759180395, 0.1005262078799616, -0.8660497608649601, -0.6203085032505636, -0.23974559107638252, -0.4657647165139258, 0.23179685343476633, 0.4366371269825229, 0.2725888329992586, -0.3544863275960896, -0.14136587928430908, -0.2607074230475256, -0.05354791657514799, 0.5331258512614351, 0.23205029867350255, 0.09922712005950504, -0.035390351645376995, 0.4512497107993407, 0.1431521099175112, 0.09631493038704578]}, "3": {"controls": [0.9663659627922029, 0.21073514001969307, -0.2328841670254279, -0.0946660594136648, -0.2798042151092264, 0.3741009076569428, -0.24827013295765535, 0.5298093625601294, 0.28713863112242755, -0.02506662867620023, -0.26933704979174766, -0.3699171018862362], "cases": [-0.027080215035382434, -0.6141469450319319, -0.5785308494854671, 0.07507769651966435, -0.1879204117765073, -0.1279436588900385, -0.10133966375292543, -0.5145591727423416, -0.6176978855941322, -0.6647748218007241, 0.1993929100985167, 0.6135040908533248, 0.3378770503443791, -0.46515056152794215, -0.3303803944543614, 0.09432729802625554, 0.2750183260068376, 0.017001702181741272, -0.21358942572910092, -0.19507141660999802, -0.377886543106205, -0.1110046199286526, -0.07314407630215349, 0.1529853267840246, 0.7898433366697949, -0.05590229862832084, 0.100644205307414, 0.36627210214636374, 0.4660995093494256, 0.7376536542463469, 0.8094249021417812, -0.674445646574123, 0.04724184700319996]}, "4": {"controls": [0.18382152139652586, -0.45050518755735514, -0.3319856086604797, -0.035507448820214456, -0.18079857443008393, 0.587712896944978, 0.06639729697864509, -0.5228099959581415, 0.2068493149194309, 0.414671882120689, -0.46852097486816346, 0.15914608618364576], "cases": [0.10047284440255759, 0.06643770869193495, 0.19260159561167048, 0.1311448378377294, -0.08994126458772571, 0.5078634166737059, -0.46842612341639467, 0.13864479742651614, 0.8235745031460279, -0.4283270194152856, -0.45316542611976557, -0.23166396790652033, 0.3109376241541544, 0.11912301483325825, -0.18134923085263074, -0.5346296538140677, 0.40682252708396877, -0.28176366179576934, -0.2577899419860404, -0.07514284123745621, -0.3399015405780045, 0.13619950952716578, 0.04197475756141274, -0.28312036469485474, -0.4215041125928369, -0.28782129330046713, 0.03927229634217677, 0.0014187092845319115, -0.04921667408529488, 0.26223745289969563, 0.8365406758595246, 0.6256733636717052, 0.01435227312590126]}, "5": {"controls": [0.0738271555971902, 0.20395255321200612, 0.3840173226091856, 0.3462090667431263, 0.8476640138491505, -0.0016272307222386904, 0.18290349887044574, 0.3854356394012582, -0.43242156636368045, -0.007431660557629624, 0.2632860916600375, -0.25231582850135076], "cases": [-0.5234602667240857, -0.2152525001754971, 0.4401601436630386, 0.43578973048459513, -0.15242514834273918, 0.1785606980966864, 0.02835451744784352, 0.266222713410931, -0.05843316800754046, 0.023833376253290326, -0.09280793248491498, -0.3863687923342823, -0.1914370266836139, -0.6675067414365979, 0.06406182875020416, 0.40103250292077464, 0.38991703104729264, -0.40793954111379965, -0.2212349098574633, -0.35995382775275825, -0.7845811843662164, 0.17880756820897828, -0.22053107241073985, -0.458578261416095, -0.12881635036305342, -0.12318767976805825, -0.37874429850980884, 0.6993822330057656, -0.03262107675020823, 0.02647274593562168, -0.0880146827138655, 0.19822999453020496, 0.16757032165860944]}, "6": {"controls": [-0.37153788299930673, -0.2504676152155744, 0.14047089774254987, 0.21810091770928358, 0.11663583290241634, 0.02985041488383254, 0.11036514229540985, -0.3592498189664375, -0.05004290899569682, -0.5758099820849889, -0.057548172838444, -0.17464346486207524], "cases": [0.20758883437692643, -0.3194019971014846, -0.03293138237673619, -0.1263093794812093, 0.31193281752105806, -0.3102773228306314, 0.08301115116291934, -0.4199498291848502, 0.34001624576667944, -0.2754008109648879, 0.35658979508725663, 0.38092773608490554, 0.14129692481905656, -0.10182067406209913, -0.17144979333144883, 0.02895485330205171, 0.27653194962321836, 0.22283072073456725, 0.09168706297067422, 0.07585432599470558, 0.008740836012188025, -0.11736376920114776, -0.8226740465548121, -0.26396104466451326, -0.21620621870479684, 0.8460314895111705, 0.5292392693974894, 0.5211668303011755, -0.4671677242653723, -0.14051907262486046, 0.18367293797057152, 0.20003150186568588, 0.20320442327558208]}, "7": {"controls": [0.050982320044934915, 0.4456317219321882, 0.3205791283900997, 0.3238679838896893, 0.11650189554892507, 0.08403441061882344, 0.15613344023651915, -0.0755629672091117, -0.18231192880604896, -0.051189008501104354, -0.5501272470114199, 0.9069434717761379], "cases": [0.13412908440492044, 0.18830871844306607, -0.09744491004426098, 0.12126311277486256, -0.08373371923780071, 0.20481114330649947, -0.11896714003889372, -0.16468938829275834, 0.2063639272572535, 0.05790095944370373, -0.29251484718850246, 0.17535896919271357, -0.24320050474865057, -0.05403668282812258, 0.20757935078352024, -0.6020934445793199, -0.1607691727327922, 0.14070908769385598, 0.05684407222521716, 0.13357939409004663, -0.15463299734865069, 0.17453795912359424, -0.5646034428799165, -0.03659541893970811, -0.07203652732985863, 0.39839288724852917, -0.493276019327327, 0.16916738112138888, 0.4111668297689567, 0.06648383818524933, -0.10704268783882473, -0.7195719152844914, -0.426871117333131]},