{"data": {"0": {"controls": [-1.442144034239326, -0.5679220512309646, 0.9937240364842675, -1.6017627565764885], "cases": [-0.4336503782147158, -0.8973679134360912, -0.8258221865340962, 0.4502036861954782, 2.1162018317048004, -0.04971390121814653, 0.006678463979324273, 0.02487708544265362, 2.2266981176433047]}, "1": {"controls": [0.7247984608130534, 2.0255603762799046, 1.6410487509963343, 0.3017689176335501], "cases": [-0.2587386835958962, -0.15172336519955565, -0.5085935501115917, -1.64730300588995, 0.3215970167766925, -0.08213730205405528, -1.3627584041025482, -1.2173945639484705, 0.2138753524025323]}, "2": {"controls": [0.44157303278926013, 0.9365087352868169, -0.3756602981018008, -0.351561812390131], "cases": [-1.2043527838951686, -1.1544202357191349, 1.3001992277098273, -0.1920886374692949, -0.10501954847930944, -0.9729581243756341, 0.7747722137393733, 0.5727819794337329, 0.3302262514714641]}, "3": {"controls": [0.7590621768038971, 0.0881344425468986, -0.8798232717777723, -0.9096819463246463], "cases": [-0.4555323830009809, 0.5002409987037976, -0.11444092624832847, -0.48467009538744577, 0.06601936318167205, 1.185440944584635, 0.6501007171352029, -0.79631717010635, 0.39146714988942066]}, "4": {"controls": [-0.052334921779387575, -0.14394607950543448, 1.1132530428890774, -0.15229985881700206], "cases": [-1.014433961894035, 0.15474079650611847, -0.5146753669717514, 0.19797053490769606, -0.9285169105920928, 0.5236878830085887, 0.46111436484977164, 0.5114953716125903, -0.15605489421413865]}, "5": {"controls": [0.2492752864601924, 0.41554220373236933, -0.03763944048687122, -0.28306899708386285], "cases": [0.8546776941007956, -0.6672540792014408, -0.671385409507718, 0.2875852872459561, -0.6417019690773262, -0.13111480087149055, 0.4390125545539389, -0.0915685484135096, 0.27764021854896825]}, "6": {"controls": [0.3569854006884078, 0.09396766854374178, -0.2160006512524715, -0.35295954884977904], "cases": [0.02980588117591576, -0.3001014754814781, -0.09675571700136829, 0.06314273604015629, 0.08290613683346637, 0.44927040379636957, -0.736465999953086, 0.7674513361420313, -0.14124617068190498]}, "7": {"controls": [0.3756671925239334, -0.04516291551911814, -0.2619812541681749, 0.6295157970351138], "cases": [-0.4358985983859074, -0.26197926671079014, -0.6051718601343644, 0.30270136891463273, 0.3788514313170671, -0.04844166229627613, 0.08479242292611967, -0.07780172537685578, -0.03509093012537978]}, "8": {"controls": [0.23871197465892824, 0.14321436365058918, -0.0646379348009197, -0.2799090888258769], "cases": [-0.17068407802960597, 0.5075373364262529, -0.061138035491175816, 0.5396503146132712, -0.16294019751215152, -0.4497415525045673, -0.327340547773731, -0.11797793799356068, 0.20525538358254836]}, "9": {"controls": [-0.38536004754237174, 0.37332071527823546, -0.32955586646930285, 0.12181402311451885], "cases": [-0.04511233142834614, 0.34155436989804994, -0.3254422775258408, -0.2891004880461615, -0.0427533793916261, -0.08739649362862793, 0.09344388777473847, 0.3936365078881509, 0.18095138007858363]}}, "loadings": [[4.5361611857739623e-17, 1.6978666822756775e-17, -5.249201388689309e-17, 2.9605498532903687e-18, -5.685259713024549e-17, -1.258848116196528e-16, 3.291694378202642e-17, -8.313490406816326e-17, 1.5627479327495316e-16, -1.465304844952846e-16], [0.19806997893693062, -0.3001963578891751, 0.19232748602592298, 0.12210128365481054, -0.027102411405931445, -0.19975180630199754, 0.12625275626829324, 0.0018052781565396487, -0.18982386728685774, -0.024346381872229317], [-0.13815762297448386, -0.019591791587398866, 0.07542662449293662, -0.10391982208655297, 0.23457477845319955, -0.08806903990551826, -0.020349147645923885, -0.05684465754654213, -0.014965165891411475, 0.0007018034829961592], [0.24129261890667425, 0.3219032976236822, 0.12215879750518392, -0.007794484936322099, -0.032353769378081355, 0.040147056048017805, -0.023891721489037496, 0.1320979973588961, 0.18749849453457948, 0.03161128724570394], [0.18866536959182023, 0.3446752933274806, 0.03334194677679689, 0.29509530843045484, 0.07851769573083439, 0.04855419384717993, 0.3554498910629088, 0.24821951885794602, -0.07847219831786648, -0.30778165020840154], [-0.28044254781224154, -0.14556816583651677, 0.006722212986667854, 0.018223265602147896, -0.08194307304205978, 0.16110863547437893, -0.14618527803228556, -0.009933207222968626, 0.0918975231579323, 0.032400101728262666], [0.0685086288075026, 0.21043358652101238, 0.08593780749863227, 0.39636847882126147, 0.421167032304365, 0.34563331099264205, -0.2082394993765475, -0.06066561559793878, -0.12150310242985249, 0.03273793770816569], [0.2890373830481941, -0.18322068978504752, 0.29394218122445803, -0.21188139703016104, 0.16002141485538068, -0.1603021686506937, -0.15631725059685475, -0.14391181907711356, 0.00958877825280525, -0.3445239296053082], [-0.25317042259544675, 0.25578634071778567, -0.14622693166329276, -0.11345203516426293, -0.04300251672790129, 0.012762386768142826, -0.12374660253843063, -0.25264841539963667, 0.1651688622357047, -0.11285648785847349], [0.23924480066722814, 0.07419844513471445, -0.4295341322934904, 0.08653919993555821, -0.04938040769298584, -0.0872480546859281, 0.00926430054374002, -0.3847656859815353, 0.0112756418163148, -0.027449340552903583], [-0.22970780217370917, -0.17724793938644112, -0.3390591118233467, 0.22590747371151856, 0.027686311149138283, 0.2741293590522123, -0.27673162950959707, 0.4352744601913541, 0.05135603085854514, -0.27032464176900456], [0.296061419879009, -0.13721944876794362, 0.06242392822170296, -0.002119218978183769, 0.08474611623527797, 0.04456197324884942, -0.3586063759536663, 0.3265205657297758, 0.2627222963393113, -0.01625641274726196], [0.0, -0.0, 0.0, 0.0, -0.0, -0.0, -0.0, -0.0, 0.0, -0.0], [0.19938137068870934, -0.2995482185481785, -0.24878348922289079, 0.19175508895090856, -0.05843654040240774, 0.11976313540320987, 0.12120931269781844, -0.06253915039436783, 0.02095629066069831, 0.5891800401442568], [-0.15823995671203364, -0.30388109708857863, 0.09816634983433652, 0.30837184437510406, 0.299666071148383, -0.2142387681717872, 0.2841837793360484, -0.1550455840648125, 0.2908124228608922, -0.2795184068005242], [0.2550847747737469, 0.002621309099371542, -0.46851409411095063, 0.05863665780249905, -0.025561287614986487, -0.021153857439644194, -0.01818631240774283, -0.24367226322969376, 0.35673464026633217, -0.2932944562355897], [-0.024563568615503822, -0.26240295827495425, -0.07181885938978373, 0.14369592049788335, -0.22635411371632716, -0.13783889041238714, 0.06897390402859303, 0.20758642980956654, -0.06920928185113304, -0.046648521013200814], [0.0, -0.0, 0.0, 0.0, -0.0, -0.0, -0.0, -0.0, 0.0, -0.0], [-0.27475119411746923, -0.2989881549745459, -0.0990674243022437, 0.057646016326561994, 0.02652710010400605, -0.004055435869340467, 0.0980429418793872, -0.03142957423240999, -0.10905783794620863, -0.17800738871243846], [0.03284341222794256, 0.08452546083005684, 0.19766162901016124, 0.6397631557198826, -0.1532401112608685, -0.26692608832875053, -0.16440925986499508, -0.1050843106129576, 0.08263386496985729, 0.1606679931995522], [-0.03282187957158179, -0.14604696168308712, 0.3627804136136045, 0.032185632493796926, -0.1517518249944526, 0.6386885025472825, 0.21998688095797186, -0.2974316122106704, 0.3499441420931908, -0.015077217251152573], [0.0, -0.0, 0.0, 0.0, -0.0, -0.0, -0.0, -0.0, 0.0, -0.0], [-0.27646554449324445, 0.11104702336631526, 0.002676535431146971, 0.1494095909649725, 0.14927999920927193, -0.023610531994251557, -0.2138828866996618, -0.32205215804343307, -0.3841174520167194, -0.01052755939600746], [-0.0887034126356745, 0.1841213721900333, 0.022685365196912555, 0.1085430192211479, -0.5399348146509129, 0.0633680154333178, 0.2589520668422244, 0.057165771661405504, -0.15803568499242737, -0.2278004911012456], [-0.17726194103028606, 0.15001791396931852, -0.15218475202184864, -0.07914860853575943, 0.4260606558083319, -0.07928341810362267, 0.46920497281179774, 0.20843734086334514, 0.18788782994525838, 