{"data": {"0": {"controls": [0.7165712515389183, 0.8723527551337193, -0.3543657940846589, 0.6972721345281018], "cases": [-0.38427287759583645, -0.49059346475998217, -0.4286416992017925, -0.19125277905710006, 0.20667596144913591, -0.058228190736629104, -0.5884996499484836, 0.20968056444578495, -0.206698211711177]}, "1": {"controls": [-0.21114578300651185, -0.29843302973377384, 0.08917414851133766, 0.010687526579349236], "cases": [0.27948434563213664, -0.31033923907827654, -0.6356149024809737, 0.10426074888133177, 0.05582864293847605, 0.6887431576641139, -0.09314972522830285, 0.4285037320923571, -0.10799962277126238]}, "2": {"controls": [-0.06220587829752629, 0.12123639584763578, 0.5245370638749918, 0.12253283174760146], "cases": [0.44772275025983593, -0.07946455885250586, -0.25995384063547, -0.015195241293043463, -0.11215113059377774, -0.4165131503560071, -0.14963869080359077, -0.13483952649113295, 0.013932975592987992]}, "3": {"controls": [-0.09479374061146788, 0.04714807285675242, -0.10306708131466367, 0.30889959232046044], "cases": [0.13219458376582394, 0.44283489238316043, 0.008491132482510138, -0.06551870979594289, -0.30966364487878595, 0.1764679406632765, -0.08918060733300417, -0.09117569983686373, -0.3626367307012557]}, "4": {"controls": [-0.082112897999218, -0.12015238660402336, -0.24078634585357808, 0.19315051574184386], "cases": [0.033056677384879586, 0.016896179244399356, -0.12342286523285194, 0.3281725357801795, 0.06221405514180149, -0.2744178521862187, 0.14257090385524593, 0.10319504473088799, -0.038363564003347506]}, "5": {"controls": [0.0735557708367184, -0.0027924212928785584, 0.12176330199583155, -0.12090631097662709], "cases": [-0.13954415001830842, 0.1450579939362238, -0.087795012857516, 0.08721075713598467, 0.02767202234114549, -0.04450278634648247, -0.04248150089085451, 0.08861100797475899, -0.10584867183799504]}, "6": {"controls": [0.14898353959292163, -0.05167076224049182, -0.08382133828929283, -0.08210899960338981], "cases": [0.13336083379433739, 0.03327745874682996, -0.02490918624885824, -0.03858340175284823, 0.04310579897329179, -0.017901341022052434, -0.0039149488176641566, -0.020196949548455398, -0.03562070358432831]}, "7": {"controls": [-0.005151210527464533, -0.09156344935722777, 0.013748136946425259, 0.08390664080750271], "cases": [-0.04850916213883168, 0.08998036863833286, -0.07250099390411754, -0.07626868615929021, 0.1092229516213955, 0.0007493932822420942, -0.03312598942824399, -0.06280881263042469, 0.09232081284970306]}, "8": {"controls": [-0.08679542502805838, 0.10428950405172406, -0.05671118409486084, -0.06489748649201046], "cases": [0.03177706892830684, 0.05640912829162267, -0.04196020754548639, -0.021365032045872517, 0.042258009933597754, -0.009305788833453125, -0.013571193660591355, 0.02233283423699236, 0.037539772258088466]}, "9": {"controls": [-0.019932340135748995, -0.035449319043383845, 0.0008579553562671085, 0.014768145733290773], "cases": [0.014855978019678733, 0.00407440499919699, 0.055990520526183606, -0.05267238954168596, 0.012350881036998279, -0.03848527677856949, -0.04931750040700041, 0.10145853392148281, -0.008499593686709397]}}, "loadings": [[1.3773664861763618e-17, -7.962664763606683e-17, -2.4985570157174588e-17, -6.822283173791786e-17, -8.16913487300564e-18, -1.6593933549613904e-16, 1.6548207469833979e-16, 1.3180474179561962e-16, -3.282572980917536e-16, 1.1862785765073427e-16], [-0.4955550317218663, 6.757468679788488e-05, -0.7736406612451977, 0.17341431124367732, 0.07182198272293193, 0.0053211830664810595, -0.20182237780278228, -0.18101464820397098, -0.09728843909221638, -0.02959230626410896], [-0.012371602362140976, 0.0648095442125902, 0.030223965071799124, -0.06789584665193334, 0.07056755202342099, -0.004142348052378769, 0.07040793685694875, -0.15139028028339174, -0.23479531495282777, 0.01788628793244803], [0.012904765393343693, -0.06201356174198651, 0.08854533087689177, -0.1230625665272339, 0.08496177892529501, 0.014314839945446144, 0.11315712694131967, -0.18291982211408273, 0.04117903373947377, 0.183225995026065], [0.014305331889754124, -0.060668949648785435, 0.05871701234097339, -0.1398582616762038, 0.08528277675393998, 0.05963223492781203, -0.035886625761238314, 0.029273131837880408, -0.08870401416049725, 0.08829560358129637], [-0.024876208243766358, 0.02208506943362544, 0.03633425569330674, -0.09241824815470692, 0.17460689585124672, 0.0025608637241030336, -0.06137627139799577, 0.08459570305673114, 0.11657229177325033, -0.06494893330179904], [-0.7529293905217563, -0.38832354850936784, 0.45623025197361367, -0.02022960962532064, -0.16300636952372852, -0.12640536228786572, -0.052083610415652, -0.045186125427813154, 0.015152600899480128, 0.03306814696385979], [-0.0029072194067748945, -0.032840839962751556, 0.09786252234084458, -0.28302278334586173, -0.12498858053791322, 0.39572717575854705, -0.10344804079707959, -0.3773973252451016, 0.19892690724248616, -0.018610019132576722], [0.05942929458524464, -0.04832758363917808, 0.12955312709928818, 0.4014157353265769, -0.08495773968901257, 0.05337232299824429, -0.02503130870255754, 0.013700553717081563, -0.016765503240572327, 0.4102303231492474], [-0.010313638606583407, 0.3156691326153192, 0.14294379273285127, 0.4588764766979213, -0.4845825943643801, 0.13516606934127326, -0.25122519135492605, 0.055341669137451914, 0.11087355478393895, -0.4123325753094921], [-0.13281401210250024, 0.6819337298097482, 0.22222135344469793, -0.07389932579863073, 0.0856065772312633, -0.4572759841637589, -0.17091766230307093, -0.2985653370388096, -0.096109494233533, 0.1102969950614788], [-0.13383730626188428, 0.054405342995691254, 0.26759813173202046, 0.30777361994299046, 0.7024657131408371, 0.3162958180604529, -0.00575912302837164, -0.013126011674278503, -0.12161623506341265, -0.37215058664339307], [0.0, 0.0, -0.0, 0.0, -0.0, -0.0, -0.0, 0.0, 0.0, 0.0], [-0.14078382015848928, 0.29754964791152, -0.009464747454403651, -0.3213579134901431, 0.14117515983575982, 0.24050927575081246, -0.008045068920877103, 0.07639778021125922, -0.015565030921294373, 0.015200075062287259], [-0.0008998727181999921, -0.03134186512433497, -0.021957638550616658, 0.043330761690639714, 0.055602850477299126, -0.11217941458070893, 0.1978133235288574, -0.1213978284258807, -0.08954528828715613, -0.04996430960800129], [-0.3328481642284268, 0.37310715038317527, -0.024790153490788096, -0.07581935339396982, -0.18486339859415754, 0.2077931938281463, 0.5279293446609253, 0.39062309418535407, -0.08915068147908972, 0.12831174261935482], [0.03987933041756115, -0.03715793188565663, 0.04516265600236653, -0.3451339758007253, -0.2181827257187658, 0.1663931713725986, -0.3035191562055941, 0.12147924431248644, -0.6001847546794083, -0.1693869627281244], [0.0, 0.0, -0.0, 0.0, -0.0, -0.0, -0.0, 0.0, 0.0, 0.0], [-0.01024002085101141, 0.0080253883674108, -0.0035654625687008383, -0.12723730536782912, -0.047477931497473515, 0.2704389557436255, -0.253896290443601, 0.10178521448572334, -0.026983902167177946, -0.03930473238718472], [-0.11604657348041908, 0.13150353459597827, -0.04049979453964201, -0.19022416387566066, 0.14603638391086615, 0.06554792848097754, -0.2989511269455897, 0.33027114371063315, 0.5856586785178827, 0.13722240269630095], [-0.003780412647713338, 0.016726760209820394, -0.0020655003815946526, -0.07767462092113807, 0.05682581909989344, -0.08418533504841638, -0.10213501275927028, -0.13994571814513218, -0.12089923387864737, 0.11651170626039396], [0.0, 0.0, -0.0, 0.0, -0.0, -0.0, -0.0, 0.0, 0.0, 0.0], [-0.02973126789494968, 0.03940906224151909, -0.05251773182089508, -0.014117828762470395, -0.07346801346597452, 0.13211745819123816, 0.48082683710992047, -0.13376933962582316, 0.04985574784222594, -0.20662718655439713], [0.020974907082699883, -0.04214175498233753, 0.049077428064903096, 0.04713791556521025, 0.05915861971689345, -0.0344844737367077, -0.063758294666444, 0.08587307597694169, 0.026302149159155346, 0.08613228366934031], [0.0023892160496997716, -0.12025803597282098, -0.03951797788907416, -0.22485547793688818, 