{"data": {"0": {"controls": [1.2202842848194295, 1.0561960602627458, -0.2686770429138753, 1.2006239794552662], "cases": [0.24265760112847945, 0.22942567753594856, 0.784305635668719, -1.0657338832917327, -0.2021317351014895, -0.2806609908294145, -0.9922990531900872, -1.0296003589901095, -0.8943901745538808]}, "1": {"controls": [-0.33580427645151434, -0.19160088757118723, -0.7716373910165213, 0.30807641100071204], "cases": [-0.6561349410767354, 0.7229089410220357, 0.9707573565268832, 0.06276122519101827, -0.7848054382808246, -0.1700080093134271, 0.7203137849612344, 0.33880695657070903, -0.2136337315623823]}, "2": {"controls": [-0.5371259653050436, -0.3015729333369177, 0.5984516019031877, -0.23944035487404253], "cases": [0.9127515075940096, 0.6601907726996379, -0.07409844150560645, -0.4223982901106099, -0.4101022109703467, 0.6196040446678696, 0.44868763979308046, -0.5255457779548758, -0.7294015926003428]}, "3": {"controls": [-0.0418089183399956, -0.4110910609990969, -0.780996418417593, 0.30238768566480345], "cases": [1.0668945654575925, -0.3438355273469119, 0.07212639470846009, 0.1741130737667246, -0.2934541611190856, 0.08204625626234929, -0.338495267997237, 0.39082172590176645, 0.12129165245822321]}, "4": {"controls": [0.2551905805151867, 0.13426052008852174, 0.012735833834988948, -0.026289640493246128], "cases": [-0.25323801707492505, -0.3814062770806421, -0.0922945582554308, -0.27124537003677374, -0.561719766838618, 0.7836279648259025, 0.06689878399765663, 0.11035564405930798, 0.2231243024580709]}, "5": {"controls": [-0.3768785401169325, 0.29598225528958455, 0.5328722624653209, 0.19979907364692828], "cases": [0.1592400911605444, -0.3269080759059016, 0.15958362173132162, -0.13527174922094157, -0.45368571927753465, -0.4793222190702294, 0.017488042109144508, 0.20091642061522602, 0.20618453657346922]}, "6": {"controls": [0.4908115473394412, 0.020307960091074054, 0.06464778451269093, 0.03902915172930571], "cases": [0.05634065233963014, -0.11844014468197735, -0.37961493649497596, 0.3931853350534803, -0.3189690205629855, -0.2601470363441862, 0.36500939408133665, 0.0729193826252999, -0.42508006968813417]}, "7": {"controls": [0.009196568648340809, 0.5562071889756901, -0.27310499360563517, -0.5472985371602557], "cases": [0.18887807665269798, 0.14716909922552954, -0.03602704163815464, -0.08427934148431329, -0.06568394825583611, -0.09170461011954373, 0.040298042595343586, 0.11325573042138787, 0.04309376574474834]}, "8": {"controls": [0.07310601822110394, -0.06167182845005105, 0.1715864899297668, -0.3078363043500688], "cases": [-0.01588183135417986, -0.11702562244889879, 0.4164898983787949, 0.3422817419156641, -0.10213501932331935, 0.08161834086983111, -0.2735017774510262, -0.04551380676067868, -0.16151629917693736]}, "9": {"controls": [-0.08276975900681809, 0.05105189698923114, 0.050555046071761034, 0.040761941887888946], "cases": [-0.06833183471536121, -0.007814102556765295, -0.0379985533273627, -0.10707271681612407, 0.11964049336621209, 0.08366882697031847, -0.1255176909497918, 0.4150672777117649, -0.3312408256249542]}}, "loadings": [[-2.1981656516969176e-17, 7.029401111507199e-18, -1.8398327147602044e-17, -1.6357274688266797e-17, -7.438189343805412e-17, 2.4251913070134462e-17, -7.527108119487463e-17, 1.1452258091116288e-16, 4.062529927946466e-18, 1.206034397048091e-16], [-0.16384188180935214, 0.35691448662905206, 0.1896137625798707, 0.3122924285819589, 0.22947359551571483, 0.07551029236116386, -0.48088602385778434, 0.16310088093273112, -0.24326064404524467, -0.14618494675402208], [-0.17734473232967193, -0.287689939164403, -0.1738081662087353, -0.05864782551503404, -0.26743022080883794, 0.2243720341661905, 0.29885396854688034, 0.318215510424535, -0.11679942056203603, -0.012285783931182891], [0.25939039987212215, -0.22494772944520267, -0.0688237781008847, -0.19307584416122875, 0.1565265985741781, 0.15218288780891223, -0.404665345641562, -0.18772307948079195, 0.058962222855365315, -0.3889559121157579], [-0.1166956926369633, -0.38547926694194473, -0.22397614647766856, 0.334182633592657, 0.07124142322005653, -0.36296971801032885, -0.09678854363080722, 0.052446186113764184, 0.4696499444256894, -0.32234700830233254], [-0.15736844467728478, 0.17721485024106312, 0.3442296008970847, 0.07514788909969096, -0.010589671356712842, 0.060917779165395314, 0.1090326140834863, 0.003407278981541677, 0.5935151913201179, 0.34183772535060386], [-0.44270820265293925, -0.059978869098816626, -0.0005626621537945285, -0.13160213327785467, 0.5540425776018865, 0.24665033436837014, 0.11298867957399884, -0.15467773174947555, 0.20988484130418364, -0.09506985770707187], [-0.23141042826344999, 0.24289120735593603, -0.1438241199514839, -0.2987278090445305, -0.2815175260602819, 0.04817726628954754, -0.3818336675350927, 0.3198742233792729, 0.11591379013008629, 0.05633186725014807], [0.3904212599917758, -0.19618985789283375, 0.28025497729622223, -0.1209748414689547, -0.08194392411032375, -0.1925250999159099, -0.3246238594932602, -0.1145369977077001, 0.2064838379578383, 0.36632941509533096], [-0.042593131774256256, -0.40217578180263913, 0.17339713031306972, 0.004802207079300909, 0.11328457605294145, -0.03428478688390954, -0.12922167022938744, 0.21433043224714474, -0.07929700958386796, 0.03630724920008715], [-0.390115985687369, -0.262721007583604, 0.21547955899640908, 0.08786164384719801, -0.04432259683094211, -0.10292304530044548, -0.08328948646300145, -0.1172738726763791, -0.1606765471116964, 0.21387564733364528], [-0.009578652928854334, -0.05621942052640545, -0.028623385600333, -0.05480324250584604, -0.07628456390807203, -0.07259298348813056, -0.09243876266203421, -0.0012167240799512622, -0.07477175560771734, -0.01591583199659306], [-0.0, -0.0, -0.0, -0.0, -0.0, -0.0, 0.0, -0.0, -0.0, 0.0], [-0.10694130635722425, 0.04067039641090138, 0.25170211545136617, -0.12708283888524183, -0.4930563126722109, 0.07641527700524, -0.005854818478870293, -0.2431026431829614, 0.15561306629424798, -0.47197756445199135], [0.013078300358067587, -0.0961177465366475, 0.18663873841618325, 0.08774428394881932, -0.20032465357440224, 0.5592702986365408, -0.11534683513638293, 0.09372105329546813, 0.1640917487001933, -0.12180562432268671], [-0.3483792754330196, -0.14907954922178915, 0.45153546735887495, -0.00914482042671567, -0.12622260072837943, -0.22623945386098546, -0.06355072835585289, -0.031003295799135935, -0.1994381659542952, -0.09603240191204913], [0.0482424953567929, 0.01376588850543168, -0.007985595364378822, -0.026868905486406938, 0.008741273501661307, -0.0846507170428901, -0.05395972889758951, -0.003892743103606653, -0.0033680085356169918, 0.05117499485874025], [-0.0, -0.0, -0.0, -0.0, -0.0, -0.0, 0.0, -0.0, -0.0, 0.0], [0.06703837162764538, 0.30739103437070875, 0.08692945238704121, 0.3636295503489605, -0.13658952823042714, -0.33838670976789303, 0.2038893828508255, 0.016138339559693956, 0.025233729216125534, -0.27570054314594133], [-0.10922674851703625, 0.23149016764273797, -0.11351542576735167, -0.33708623260801585, 0.08493779659216116, -0.2100776090707679, -0.06501139479580677, 0.28013737149674767, 0.30705947374329795, -0.08455556732020181], [0.007489190991612663, 0.04647657151005874, -0.20480751005442796, 0.5279702636976951, -0.11809743926278173, 0.32647508142419657, -0.15151954331712464, -0.21394528796626025, 0.1258042170364679, 0.17538743829191356], [-0.0, -0.0, -0.0, -0.0, -0.0, -0.0, 0.0, -0.0, -0.0, 0.0], [0.2563236525054843, 0.12414268658875659, 0.4167972342958458, -0.11048283752472976, 0.2797952374173665, 0.11592390525489131, 0.24145820024829953, 0.001950714912333811, -0.007922664929757893, -0.2064974068253122], [0.22178416783654842, -0.13680515450471784, 0.20037617364966762, 0.21873581083461804, 0.084137744981241, 0.08115645420325698, 0.03944895260973312, 0.6642818101763075, 0.0557122350558263, -0.06631181298141284], [0.11531867335576547, -0.08100824744930692, 0.07416389331466539, -0.05638463076905514, -0.09034293648933836, 0.07651540574955457, 0.22225454452774973, -0.020885625092362775, 