{"data": {"0": {"controls": [0.9543973121458404, 1.1441699095012021, 0.6954974750642227, 0.9548950611666175], "cases": [0.5964159212337589, 0.5497231309401233, -0.3841639354074377, -0.921609590521977, -0.7342096260836602, -0.06683236266927273, -0.6782552736433632, -0.9988584108687938, -1.1111696108572602]}, "1": {"controls": [-0.6129411318495088, -0.6246249800844847, 0.7836156178158354, -0.7076574622888104], "cases": [1.3214757289560324, -0.10063276025176031, -0.8397113441900113, -0.00794324579717545, 0.36007734982150286, 1.0399931062446288, 0.1295317430191007, -0.30433786559699516, -0.436844755798354]}, "2": {"controls": [-0.3128852594469883, 0.11691949936225872, -0.16746627543681164, -0.3093123005570049], "cases": [-0.3531011004268199, 0.8410209244171049, 0.11418012393583256, 0.3353772211562174, -0.6280448528974146, 0.14525527358075824, 1.090417837542938, -0.029176608395407727, -0.8431844828346633]}, "3": {"controls": [-0.2816063767923056, -0.3316706090481654, -0.6496779786983733, 0.5421823182788921], "cases": [0.9049182241315186, -0.20197827369576202, 0.5411732566469437, 0.0573617367547171, -0.6523740119258149, 0.030186709678490575, -0.1309660495384128, 0.35878051244387066, -0.1863294582355991]}, "4": {"controls": [0.06473967629471092, 0.21685193492952048, -0.3971154418242765, -0.5597960062572711], "cases": [0.0135094685283514, 0.3036507598325046, 0.4810800323852412, -0.44050865312767923, -0.09041114176545913, 0.6053202523394045, -0.25298270586766286, -0.27576044944926603, 0.33142227398188095]}, "5": {"controls": [0.4132704129391157, 0.006639207805552101, -0.22408197281142175, 0.03596803313252755], "cases": [-0.2801956787670546, -0.2157849540587549, -0.3651483986504508, 0.13750632871860097, -0.15306756076409458, 0.592912807888173, -0.17516395133408777, 0.46746261533929634, -0.2403168894374011]}, "6": {"controls": [0.30270654318668694, 0.17988721600871269, -0.4269312679579783, -0.26753894406328566], "cases": [0.30746691145155014, 0.06650614038120449, -0.23346880141057502, 0.5497956811248444, 0.08914372899103437, -0.23510258696862543, -0.07874799601524052, -0.2746812939060828, 0.02096466917775426]}, "7": {"controls": [-0.2150171552722189, 0.39802707518315295, -0.07112380656398067, -0.16148713924855657], "cases": [0.15643865184428768, 0.08599259525203963, -0.2837108072680894, -0.22588495517524046, -0.05459642876332305, -0.1776033966758819, 0.01652826104742525, 0.4150120643313157, 0.11742504130906974]}, "8": {"controls": [-0.06150430536649826, -0.1939394961036997, -0.18355571941040297, 0.1337160503630044], "cases": [-0.024629583536509604, 0.41821602715103884, -0.051369791059759716, -0.08012531197272645, 0.35841101571259854, -0.03438120343673643, -0.2120277161926017, 0.11011705310533822, -0.17892701925304513]}, "9": {"controls": [0.13670273304282948, 0.07472928602156192, -0.12877878166993503, -0.07423874693779468], "cases": [0.07046289303610795, -0.23654851215691625, 0.13424122380263223, -0.20082499589761915, 0.2738182315553347, -0.0505732449698289, 0.21847780010531465, 0.028343271270592305, -0.24581115720227903]}}, "loadings": [[-2.922254338378717e-18, 1.1246376545477976e-16, -1.0319934833690515e-17, -1.0938882099709205e-16, -6.232061048857156e-17, 2.9489172712222683e-17, -8.265247016043281e-17, 1.2841443093508378e-17, 1.1030910015068395e-16, -1.9909829026212362e-16], [-0.32785073533463016, -0.0017776703709937085, 0.3005004433065241, 0.17356548666101507, 0.4021471972418923, -0.02247944334498137, 0.0066636894542021876, 0.2543001575424837, -0.07207677882910181, -0.45130432960700634], [-0.09078457917629036, -0.2982510611698891, 0.07149776371865929, -0.29692034187782346, -0.3974633660938903, -0.1513296964164797, 0.03567718756903524, 0.1705490917284912, 0.2944276057788199, -0.1934903829419301], [0.2178264088207836, -0.03706750603282353, -0.25859074336428606, -0.11986439745482994, 0.3313200112105874, -0.2973766727671988, -0.14629610532898796, -0.19413164497994673, 0.1547801210683527, -0.0972479507584752], [-0.13367944476819482, 0.21174310589179843, -0.41608625798735405, -0.06366092758687841, -0.005745083146939765, 0.20703695060384855, 0.465917277428355, -0.3939951149954714, -0.1928795203424025, -0.28422095501358136], [-0.1438346747708824, 0.22008183650757787, 0.2003151166767056, 0.27042492701342824, -0.12447763170409218, 0.3715876852897176, 0.16233094366870512, 0.17595496416103926, -0.28720824131773826, 0.1106378427175123], [-0.24872215568832495, -0.10573003839394671, -0.10915147318784452, -0.05819860792280081, 0.15192973722463562, -0.4230757613868497, 0.039772021405409856, -0.14011563268084873, -0.43029431314333433, -0.11291662960155435], [-0.22437230254589216, -0.11569159114256379, 0.14309375146626088, -0.27704472282656084, 0.29825476924365935, 0.19740318785102945, 0.05768757858444272, 0.007815801179887212, 0.06877861401496331, 0.04222682757027098], [0.49706058609295045, 0.1666645801261419, -0.002052199645054466, 0.0055426068706941455, 0.12795924709067294, 0.23552685601623344, -0.06284566000695374, 0.02648980564386691, 0.09400076493044454, -0.5093866363180126], [0.17420239426790865, 0.25026071750219653, -0.18242776031935892, -0.16212906592817056, 0.08114986949561522, -0.05342951035063464, 0.13697166709497885, 0.2164602499611764, -0.18080091151631572, 0.1177304653197002], [-0.18796262204751735, 0.46039737011064924, -0.09944873760590466, -0.1519450612994652, -0.14315429651665038, -0.04378176525804864, -0.28618850371430227, 0.2354324916522445, -0.017873279943462352, 0.1719372739326136], [0.0010672279736893278, -0.0006416345294057586, 0.019279180988502245, -0.019243394386477725, 0.016562662839723963, -0.017282050011003573, 0.022945684392585996, 0.034049266910277494, 0.03471836772935455, -0.08121050035740676], [-0.0, 0.0, 0.0, -0.0, -0.0, -0.0, -0.0, 0.0, 0.0, 0.0], [0.026598018636784498, 0.03383522634125598, 0.25127350676769794, 0.13349989553795977, -0.1421591058008442, -0.47416443671056174, 0.3038590006945442, -0.07630318987866083, -0.10381115416768884, 0.07121198047022875], [0.2228130998050098, -0.20361582310590212, 0.23777475921327584, -0.13261508151637413, -0.42905827391693496, 0.0026798923687765715, 0.12291743849961835, -0.07934798507208661, -0.3619233292453324, -0.25084600979385224], [-0.03255875387639286, 0.5349228558258275, 0.24850779789623093, -0.23189231663952428, -0.0892789445672153, -0.2208543697817808, 0.15876850589907818, -0.22891215284966349, 0.31425130845631394, -0.013453163116397701], [0.02850927545267754, -0.010026846301067838, -0.03031548879443185, -0.027974330386219215, 0.015309807283847496, 0.08161849142656118, 0.0075997553463571415, -0.03658536636675854, 0.04388932210523936, 0.11020625182656847], [-0.0, 0.0, 0.0, -0.0, -0.0, -0.0, -0.0, 0.0, 0.0, 0.0], [-0.036267558336216456, -0.07386279343937883, 0.15990730496871736, 0.36772922852971435, 0.15195206794136443, 0.006880150125821275, 0.41254734017957106, -0.198259041885803, 0.4099204008582215, 0.1762509495531527], [-0.14613924582983848, -0.1387400126637615, 0.23522753744696287, -0.2958243494572313, 0.23106105351247355, 0.03574824856897036, -0.06256640639319566, -0.04665722786968494, -0.055208326586494015, -0.017806383790827558], [-0.09810462360912481, -0.17165995437566625, -0.4097821234142709, 0.4605079022539917, -0.1282666844105461, -0.13652491622823587, -0.10396725990689076, 0.09875294651997556, 0.07430672640741819, -0.033368898614864875], [-0.0, 0.0, 0.0, -0.0, -0.0, -0.0, -0.0, 0.0, 0.0, 0.0], [0.3334395805850245, 0.04203992440892475, 0.2735626407305076, 0.1506705518119436, 0.18879747938839808, -0.08877033256173608, -0.2687289928130259, -0.29253672354962557, -0.3125860378194209, 0.2691226496296257], [0.2843419893495841, 0.1410076555197525, 0.024308966182019862, 0.11285237705640304, 0.13667892853859626, -0.2959526885926995, 0.26744839714942426, 0.5376842264234601, -0.00707509435469017, -0.1048828087721939], [-0.023857922559244838, 0.13297780950408125, 0.20243779932074102, 0.2967290088007702, -0.18627169821556666, 0.0048375023809192775, -0.33387233582251047, -0.24868214867520508, 