{"data": {"0": {"controls": [0.40578441292501854, 0.35175037629887096, 0.5735290409810582, 0.5050211855433896, 0.615079029990242, 0.6179230262636153, 0.4991634220898812], "cases": [0.5728654894108717, -0.4182042181783574, 0.013423864492775293, 0.01319514439109493, 0.12201327167308945, 0.02459837337335944, -0.1297959518487994, 0.21545231779267138, -0.11396491347558703, 0.4527154006375332, -0.4403413981888206, -0.39832173525823467, -0.4247128364005132, -0.407976948821265, -0.45621568913553207, -0.3824113601013995, -0.18620974270291338, -0.33559607536168296, -0.3694909882357813, 0.18355959038720213, -0.46249117544803925, 0.1125689383750027, -0.07772664149950333, 0.14284000332873614, -0.41237284860266304, -0.5298695164295311, 0.09356997845488338, 0.3015050127911794, -0.11221863753737549, 0.17685629220034496, 0.18389062522270014, -0.49001674702883263, 0.3274523727979519, 0.12826986065456294, -0.48508960582120825]}, "1": {"controls": [-0.22901409860055855, -0.2518816648016833, 0.056405812901618335, -0.07164805594072225, -0.06330730871693757, -0.07419748242669584, -0.10274361804280652], "cases": [-0.14550351902001296, -0.27559753889215666, -0.43578014134650855, -0.44661347938856033, -0.14095343879836666, -0.19446757580918203, 0.22154948129382657, 0.12654646774739509, -0.004838780841794581, 0.13425491195045144, 0.14684394150605565, -0.028769146169663497, -0.23946903214637935, 0.22723524219096608, 0.07747230667146252, -0.035440494709884474, 0.16307277051064703, 0.06736838970049949, 0.060826655047428325, 0.4947909797035217, 0.07580505927195731, 0.28178020438080237, 0.18692179111087995, 0.018474147713560023, 0.030898764376244663, -0.23326285610640302, 0.30805446541605824, -0.3791271918727415, 0.20912845103749186, 0.30886887929724816, 0.18941890877020992, -0.19717330120326163, 0.0824508363433145, 0.25088538398903354, -0.16926512609635824]}, "2": {"controls": [0.16967103985483495, 0.0021280045621693117, -0.09158970318797362, 0.4756804717471343, -0.1553905690661762, -0.1505094464515598, -0.1372218487489303], "cases": [0.018229897261448125, -0.18254667560063154, 0.15676583680397652, -0.0031284269650075475, -0.18342898626808327, -0.009423806611868448, 0.15653776537020095, -0.11807477980603374, 0.013530767372386463, -0.07743909836819392, -0.17544360713226326, -0.03397951008109308, -0.00915591347097935, -0.07793327361310384, -0.061954170675091104, -0.026047914241223522, 0.006673199208567593, -0.034810435762205626, 0.13244340236534027, -0.23838621232321802, -0.09110525645435247, -0.22914299662441745, 0.20540314900142168, -0.25878601519123173, -0.06107121009039928, 0.1794614711008709, -0.0862020376824324, -0.12223559870084372, 0.34062696652516317, 0.021349898739379713, 0.4223729944250495, -0.06978977103197334, -0.01212917272031005, 0.33185495362571116, 0.06419661890594855]}, "3": {"controls": [-0.01724095966239361, -0.25124382012318797, -0.14192929348031091, 0.3296106762078632, 0.034353062349436976, 0.06768975573190647, -0.04166041862374605], "cases": [0.08906171117869728, -0.005030085625188738, -0.24081859530002214, -0.15188385127590392, 0.07199132220641015, 0.17467215898781271, -0.1845214733556696, 0.20074333716968726, 0.13284109342327016, 0.011099542047301512, -0.0006315666957697129, 0.029601989796490494, -0.06026614210052976, -0.2095629705319146, 0.11227059086259089, -0.011652500726606936, 0.2062738091073118, -0.03463735680197465, 0.014924880420697305, 0.08744105575562847, -0.1869202268117699, 0.06660418974591435, -0.22238526344164944, 0.15316106123432782, 0.1148411184502723, 0.19169026775243517, -0.032522040660128544, -0.08251281554588041, -0.16048400525379322, -0.24836259916420342, 0.11552105929344648, 0.10205853304638446, -0.1340815390127711, 0.016527027163549785, 0.09536928226197962]}, "4": {"controls": [-0.028863818690656337, 0.06345241091678545, -0.01786399066257407, -0.04344510150317388, -0.17464071864290626, -0.08985429606873273, -0.19938781940687178], "cases": [-0.1681841642766129, -0.11119423444268867, 0.2476858107996634, 0.17056899905732492, -0.01573118678295076, -0.0005358564173401422, -0.18329190893620673, 0.14848641732367668, 0.20319876058004532, 0.0783045384568243, -0.028807163144969953, -0.08256541705316515, -0.1256060101037517, 0.03145198500494947, 0.028023417278897983, -0.12032412618536097, 0.07273389152368893, 0.23201427234521033, -0.08938486482363878, 0.0790763315581613, -0.09830804857157814, -0.0496919749502824, 0.05259743317250835, 0.20744536695306146, -0.12303214303081549, 0.06233148843105189, 0.1858227782558577, 0.08759012630128551, 0.02458392819563444, -0.09341228201874698, 0.013108283373180797, -0.03204897542525067, 0.004637618266041868, 0.004439622818569143, -0.12137937947414476]}, "5": {"controls": [-0.010614807397761616, -0.12571263746209646, 0.03994268235746806, 0.19201908806412538, -0.007004444434723929, 0.0501447263528441, 0.02779742492394173], "cases": [-0.05304913604401225, 0.09263285923978003, 0.10100540490049037, -0.07187475733906254, -0.13721482552178624, -0.24773129877015737, -0.017786339412742276, 0.00041804074655865556, -0.1581474919096776, 0.046520696700542125, -0.03393527581338581, 0.0753514888362352, 0.000562035039066037, 0.005095504356712194, -0.12752808884081063, 0.036533883236588564, -0.09171820746855082, 0.15723851131597424, -0.08219105187089276, 0.012625653230208162, 0.0707016203170182, 0.06454597541348078, -0.002782430864719647, 0.2686413113622491, -0.02874078143996016, -0.012118134040570909, -0.14295213419556235, -0.04623406200785777, 0.07715111028818417, -0.06911901424948502, -0.10033638516745252, 0.06507313991565328, 0.06697398468243437, 0.025608152426547057, 0.09020801054516134]}, "6": {"controls": [0.11898732971482921, -0.049935827248514655, -0.05044613286761044, 0.05341542616790832, -0.007329974988823131, -0.09767710228756595, 0.013618140901765321], "cases": [-0.11599034101021088, 0.026204128085000278, -0.051290228740458785, 0.04254509492554688, 0.12718397694647227, 0.05442236108527123, -0.036224166887485185, 0.24288082615834705, -0.10918415245611565, 0.01978026215381508, -0.02028433127404695, 0.1883663750871887, 0.06045392068538276, 0.05137110288412999, -0.039828741337071163, -0.10215257516773214, -0.1007974490376267, -0.07741760664850766, 0.006323534261417093, 0.029446597926546306, -0.009344594899228773, -0.04202385200875637, 0.018904833252560253, -0.09640967979149999, -0.09567822650166424, -0.1414721184995577, 0.10581700493760951, -0.009216605408339225, 0.091052595605613, -0.07029352476819245, -0.06355924383166262, 0.036038247892287614, 0.013226378628958946, 0.004852020350707311, 0.08166631800930876]}, "7": {"controls": [0.16092932373864324, -0.030689103801066688, 0.0026473514783898282, -0.09736276372388805, 0.02625072012443609, 0.09080234122936098, -0.062175932964618257], "cases": [0.02760659877150016, -0.007625029067131609, -0.13692291656901714, 0.0002561124635437796, -0.005693205195965864, 0.07310561962721358, 0.03812965709792012, 0.09010832610161015, -0.12054481390504722, 0.07086532128652961, 0.11088750761394814, -0.14582750977561523, 0.012359882530799827, 0.010356362334193518, -0.09756193177555834, 0.037180199115181674, -0.013305290367161843, 0.17951658250888766, 0.1510711541830831, -0.13593714172259014, -0.032433102435133726, -0.07367894574353824, 0.0533915512002753, 0.06945014475053182, -0.020427519083121255, 0.03466027416854512, -0.00791105085778278, -0.025930129375903443, 0.03541592804716501, -0.037779012543766186, -0.05629717031154828, -0.0308601198257498, -0.11667827044440461, 0.03678544653745817, -0.05613544542061223]}, "8": {"controls": [-0.022837692983831603, 0.08003385647227189, 0.0673573450415696, 0.12163015938243298, -0.0007171560379613602, 0.05471988691976617, -0.044179513421251766],