{"data": {"0": {"controls": [1.1010611416564011, 0.923777411272888, 1.1778694018035554, 0.9322780159791976, 1.0827338708562684, 1.2152129444671744, 0.9100244282513571], "cases": [0.9969738567129313, -0.9197652714218073, 0.5455004586607058, 0.7166492867308737, 0.47967930415345217, -0.04934332232715707, -1.0075709368222971, 0.09876490708405915, -0.1787388253389245, 0.8541824717713664, -0.756588621257235, -0.9728191444497177, -1.1219144316247056, -0.9407820396035671, -0.7389693604615202, -1.0157375725364424, -0.1727177355730036, -0.30584984338822113, -0.9303867756056167, 0.6369879272349438, -1.0912076896781253, 0.2716181064532902, -0.08189588957202769, 0.631538515463492, -1.08017432459413, -0.9809214022534596, -0.062145066643540116, 1.1171817796519188, -0.0421968271040769, 0.4423355738120855, -0.17878110252136567, -1.015047731052028, 0.4739435900682321, 0.21769209823447236, -1.182451176489694]}, "1": {"controls": [-0.18989330333994872, -0.08835141455713529, 0.33546503454338333, -0.022357297116417287, 0.30700314227159786, 0.9723455584321914, 0.9647232310842225], "cases": [0.14211004295990157, -0.29316053522315355, -0.6676096119383671, -0.5742094319428289, -0.0320466661645927, -0.24685057070849453, 0.9588225560652786, -0.9309946287857243, -0.3496667235187881, -0.07687423191969717, -0.32437445207095095, 0.1956217529133016, 0.4993332146110512, -0.17907011440018616, -0.6969008199836471, 0.8208411416641781, -0.35807596149445814, -0.26207136555750793, 0.12567329994640966, 0.28954703780599744, 0.2678468077393177, 0.3020786247446507, -0.04609756756621642, -0.21256068616547277, 0.6646826005503251, -0.5110699240262873, -0.49140158214460955, -0.5990230278816036, -0.06376040656853608, 0.8836704841949312, -0.32199128704758107, -0.2273626370372767, 0.2837525077920676, -0.36724618200244047, 0.11950339184311828]}, "2": {"controls": [0.8515725540352708, 1.0890039699605742, 0.005902560936124805, 0.6523849443512747, 0.32869820590192267, -0.03977783886007338, 0.37816993803005433], "cases": [-0.15325736513627616, 0.35545741340339115, 0.3979349237328347, 0.1930103586071001, 0.13630894580084518, 0.16767198634751218, 0.1734132593422551, -0.6565022066705528, -0.1142495482602499, -0.49217883641796306, -0.15233811906823017, 0.24072418190997202, 0.3232535686767854, 0.12339820999770432, -0.05114360698442798, -0.04577241934020291, 0.06456179726203522, -0.40734589684039835, -0.001581815786609028, -0.6469688141912422, 0.0283397218677375, -0.9754311603376205, 0.03946705372807294, -0.6957288907987758, -0.020746537073700826, 0.18170140704709364, -0.3866814365744316, 0.11343624042272617, -0.009351596394304443, -0.5407275408727584, -0.21775462666145914, 0.3178257169280745, -0.4037379960595305, -0.29586340810404216, 0.1449027021434859]}, "3": {"controls": [-0.256432427661924, -0.0018364899321242011, 0.19710226929714317, 0.5908518623506493, 0.401619843049306, 0.5728752551721418, 0.3101114380495525], "cases": [-0.36039646622935606, 0.18635243185557637, -0.4313760747484401, -0.6345396174328218, -0.1489151864742553, -0.4019578691459434, -0.0014522137627288679, 0.9224082235741524, -0.026341896996013033, 0.3010829154020099, 0.19800816848980535, 0.4248291015967281, 0.12327611474818397, -0.02931317505871946, 0.3218637188524094, -0.4786674522067407, -0.4672513183723162, 0.23115514199242482, -0.38958035328328067, 0.2012240333652282, 0.024793939266385148, -0.2739706689382883, 0.233124071446878, -0.3324377746436406, -0.0343634359145401, -0.1350669551177814, 0.6351562028141112, -0.1886583808431107, -0.44189196882447734, -0.32623735066827236, -0.27752497370522794, 0.2282373370877801, -0.41634599231351044, -0.15127753656287482, 0.10176351042592185]}, "4": {"controls": [0.2976837340690553, 0.36151784548306926, -0.026998556088676642, 0.1806632861375058, 0.09602986171299814, -0.42963016992335384, -0.22103400523685685], "cases": [-0.1471620064313096, 0.14392219878151372, -0.4053988265341321, -0.6098811066304665, -0.1852431759699436, -0.23033899802231186, -0.10572171240463278, -0.26155344205540754, 0.19500058120894725, -0.08155705961718673, -0.2912942116751773, -0.30595949161307306, 0.1052665322906033, 0.16513644226166413, 0.016365843584967132, -0.0788474945396201, -0.15291511230306884, 0.04109321719112998, 0.1848309398540666, 0.3767837868488692, -0.33901399211764627, 0.3342359422182901, 0.7280808649385918, -0.0735398997836905, -0.2210736718429728, -0.26713345203637984, 0.18401181180069606, -0.17644524280294713, 0.8663608680677767, -0.06420183829543782, 0.4317401474763084, 0.2399318953949812, 0.19459193887617404, -0.3157787423491406, -0.152525529923775]}, "5": {"controls": [0.03985656638594204, 0.3481709175415742, -0.032066412917091086, -0.3641859057194093, -0.04851256139736369, 0.20377154901815764, -0.1052455215845364], "cases": [-0.3729556518027432, -0.07789293325425531, 0.7847478301721057, 0.03483508338106943, 0.17870686527874882, -0.39508412825324984, 0.17251176275255495, 0.22674342957882243, -0.018453793398178518, -0.3240309754772757, -0.13656689938848476, 0.05697713990963138, 0.2617446235732394, -0.29503192530124234, -0.2649753053937202, 0.23507876690545315, -0.361806104520735, 0.48750833856770026, 0.10206861386874953, -0.13711550219143612, -0.17109453835479574, 0.48459826910518705, -0.3295942780340503, 0.16482090228077692, 0.34484698331216157, -0.0761067071957179, 0.44733249164908556, 0.18235350658904442, 0.22704826203626746, -0.4247460737757021, -0.13345412939462403, -0.15983194132085038, -0.06762262459650445, -0.5267071049710065, -0.16064088366329937]}, "6": {"controls": [-0.07534411775370742, -0.24980345711923624, -0.2727690626766609, -0.016647571657988424, -0.2544284934695737, 0.00346472621784585, 0.24694182008546117], "cases": [0.020940038342556307, 0.4326970425791909, 0.24211792859390363, 0.27376640650386214, -0.05504512469155618, -0.3732352831588005, -0.401897837121194, 0.0933871890288512, 0.34330601719001663, -0.16051555212821583, -0.4627190814830189, 0.25186485078159376, 0.41550666975070183, -0.16291306486214, 0.024127153170468096, -0.21337802611949971, 0.1598848072188367, -0.22171748771789765, -0.35365535425291017, -0.11224094992463221, 0.04878136034855382, 0.03117682343703558, 0.30431712656140963, 0.29769514330353875, -0.013934643215600265, -0.45018206742592004, -0.16309772542134668, 0.2784827813076806, -0.027645159985541304, 0.6463306175080944, 0.18838486007080774, 0.08882392412736141, -0.4096226674237305, -0.3902413459877613, 0.4490367874691601]}, "7": {"controls": [0.19549888696793163, 0.04708870362631703, -0.1776572820307987, 0.5152400972811055, -0.2563028068669155, -0.07548518235639186, -0.04346862885150925], "cases": [-0.08211871877751442, -0.33011179921285094, 0.4871438480561424, -0.3744127563626167, 0.01786155923427754, -0.5224871667294436, 0.023036852675810824, -0.08351403382007797, -0.1497000188536849, -0.1906748049158365, 0.32169407297206765, 0.25016997539935387, -0.22985984521764144, -0.00798889115394884, -0.09397003384269376, -0.0646446835420773, 0.009993091549740969, 0.5556336936851364, -0.3958944053105284, -0.3225523880339218, 0.15729578636158653, 0.11544035993785487, 0.19607894716549257, -0.10947965035156965, -0.0023193931689377764, 0.09789387122593982, -0.29190311721383816, -0.3176136680436829, 0.06082318076835966, 0.4331868045109093, 0.3201574838008408, -0.21038340645775216, 0.014802206633862065, 0.5703511478126879, -0.0568478885511845]}, "8": {"controls": [-0.2370793866240359, 0.02430364017150667, 0.03390082913057283, 0.22682164671204968, 0.1446755117215023, 0.021010815147284718, 0.13818194814878001],