{"data": {"0": {"controls": [1.540123433809717, 2.09836764675307, 1.6074239017613063, 1.3050889237949226, 2.101348355468712, 1.9733672444783124, 1.8015628639597747], "cases": [1.2578970784546353, -0.9121388853431985, 0.7580372904044083, 0.8166963875687759, 0.9404837249181339, 1.3465369008291472, -0.8770745717672181, 1.0894242585654947, -0.29430220787759037, 0.2520052536695981, -1.4556082143979918, -0.8733103794412248, -0.9659961835698635, -1.3482981835215868, -1.48204482132281, -1.7680207100434744, -0.49418938516754624, -0.8189915617222387, -1.4216010718346888, -0.1362114782531474, -1.2740061810993921, 0.10340025058108687, -1.5073171272551682, 0.1825900405942557, -1.4180426577034608, -1.0528722113972426, -0.900062714907859, 2.053184108331227, -0.06722279454296672, -0.2601521345766596, -0.5965847068126015, -0.9331894428303724, 0.7097438575004225, -0.2590859011564835, -0.8209579948982213]}, "1": {"controls": [-0.1376760131112168, 0.5802294900468978, -0.4955890079022514, -0.13817191172742344, 0.19214569809928397, 0.2158004994209537, 0.47294789320012964], "cases": [-0.7880120574053894, 1.5657850910760476, 1.4384476068620273, 1.166501803426253, 1.0097352638635881, 0.7134509420385147, -0.9126547021323279, -0.9239631044430097, -1.085380912339352, -0.929942518607183, 0.10609138287078859, 0.39930531684267834, 1.2683952017678328, 0.37634759959762076, 0.3623872769881282, 0.5841197979502905, 0.007562738138148032, 0.5661303434158667, 0.08033133183414226, -1.2585875302638723, -0.769013156855213, -0.7648919671398977, -0.08962212950872324, 0.7468077662216318, 0.4369087070205339, -0.610364672128384, -0.7836583902363565, 0.5244793906683763, -1.1434725477933854, -1.3004651204185536, -0.6925896085435284, 1.325238810142537, -1.4099055487368588, -0.7080679632227361, 0.8028789110233906]}, "2": {"controls": [0.5834268952306843, -0.07184904302141898, 0.35837333201668486, -0.8860567545109543, 0.741700871273443, -0.2642260544223557, -0.04193619202504276], "cases": [0.6403121919232928, -0.308495847340027, -0.7265800040779015, -0.7310011772433246, -0.1698739221974196, 0.5439691628992916, -0.8428423374513201, -0.8250821928448651, 0.5359522728393876, -0.19618148290764506, -0.7221395260468486, -0.6844829012818627, 0.0037739923016179536, -0.016329342038056156, 0.8990855440625181, 0.6712369316967917, 1.3934291993859405, 0.48478792317738983, 0.7562176773945899, 0.7386341168247934, -0.7847646255188333, 0.1974569198565343, -0.5318811354113975, -0.4274694907725422, -0.7351867881768586, 1.1112795318323516, -0.48397862583243817, 0.43965326569919827, -0.5508038194315081, 0.48443652849211577, -0.5881705211113546, 0.6902673487081972, -1.1459143164943197, 0.8165477055136969, -0.35529531097022454]}, "3": {"controls": [-0.40282138795195954, 0.06973104561732728, -0.4615145468100968, 0.05906637618478152, -0.46287452963993503, -0.4822557368174088, -0.020072608272325654], "cases": [-0.7758280457543302, -0.13443853223428004, 0.11682667979842368, -0.28431576779405004, 1.0789496153091245, 0.18119013072576115, -1.2091388575024669, 0.45005594337584587, 1.1149179767217594, 1.3487938277095193, 0.14040210951687868, 0.4571676578327959, -1.0900725316880104, -0.22280331953514546, 0.08517570798101326, -0.173253574499328, 0.43579795015091816, 0.7683736585161624, -0.3620525879881304, 0.19379933574897865, -0.36402331651353265, 0.41775466739517675, 0.3770359028126035, 1.3227528628285035, 0.4280098131269913, 0.34510896380710343, -0.9142361586569662, -0.1136169688743703, -0.7214007782148446, 0.013184033826584783, 0.3656167399436295, -0.4207759851196923, 0.026164403212884848, -0.5432804124837887, -0.6370997557921007]}, "4": {"controls": [-0.7188524558457726, 0.4024649373551251, -0.3205898895363464, -0.578657246818197, 0.045273712220087796, -0.5048783512277172, -0.8790074188370911], "cases": [-0.030755626887037958, 0.29991564774027474, 0.573825049336674, 0.16127824165861404, -0.3674961356295281, 0.5754131858490081, -0.4563564668630263, 0.03399014802012302, -0.3154267127208811, -0.11650313034131324, -0.6483625960202328, 0.2454823500485636, -0.16437091164902318, 0.8514701560681046, -0.09699446682035515, -0.17126861138577554, -0.5029678930849455, 0.40005933401578825, -0.3037829489827902, 0.4842038549252688, -0.5966838231369396, -0.24448891734827072, 0.2765550239516684, -0.3213444013257647, -0.05479577917963453, -0.04854069838927132, -0.7226825352634241, 0.7093935426897603, 0.7620361545646176, 1.2943341034122278, -0.24732030370255084, -0.47255984922667615, 0.648136503427395, 0.22142960676995702, 0.8994256181693121]}, "5": {"controls": [-1.0293460009220716, 0.12368342233304724, -0.6649606644768775, -0.1353046736041177, -0.04505117297862355, -0.12218906510447779, 0.08459203780468394], "cases": [-0.20052351785431824, 0.5989557410245344, 0.3215757052473403, 0.5016601537638127, 0.20223755591984635, -0.00021824007707504838, 0.3268219916601035, -0.06930605944210651, -0.3788478032865715, 0.17897317188910036, -0.4612718155994666, 0.3984048312209581, 0.6092869040255678, -0.5649373867114648, -0.47536113879356096, -0.5560651592777339, 0.339081523088755, 0.4019057005163005, -0.15215048959785432, 0.3829808240680295, 0.47735200273612, 1.3973217840489947, -0.15502992008788208, -0.08440493502758777, -0.7222594772533365, 0.039659549948346855, 0.5032190691165849, -0.09270589116977004, -0.28398944192333275, -0.024178963036450004, -0.8003073441162383, -0.07148782228547229, -0.011160324988952626, 1.03842076153926, -0.8250754223360437]}, "6": {"controls": [0.06782328972704053, 0.07235042434703316, -0.24543504095073146, -0.45345424379874577, -0.11380506486803205, -0.546040927569469, 0.5094713470390154], "cases": [0.027178234214829736, -0.29945345861014383, -0.06177017263805136, 0.7637203742056942, 0.29195511119591117, 0.24633821372561435, 0.6213772296061144, -0.5459392792952434, -0.20911842383642387, 0.3816038100150069, -0.32062938433841165, -0.882010038320515, -0.17545253729386415, 0.057248162781895234, 0.003544432160051654, 0.046257231441899624, 0.05673461221029536, 0.2781334761842085, 0.4518930108520611, -0.7528502084397334, -0.4476009024840687, -0.42768737127894485, 1.0280314326192967, 0.2899475665882896, -0.2312679562206366, -0.24935777072246332, -0.21485613761239564, -0.04002317062132956, 1.0740582167901764, -0.09691476014161497, 0.3920977074051372, 0.17491497464706215, 0.16179383516497264, 0.37644381248564746, -1.0592496563664366]}, "7": {"controls": [0.8685372109715612, 0.14880879349871184, -0.41799409789179687, -0.5597380028706139, -0.19982627812040338, 0.16508548033560158, -0.5462836570185126], "cases": [-0.4714437062461468, 0.09644124791804669, 0.1271934698269281, -0.2299962552656121, 0.3671036701041855, 0.1486260509118755, 0.028007199307291102, 0.7329673729841776, 0.25890641070747744, 0.0506353595445164, -0.11849534483535835, 0.5626994895416848, 0.009818193902550178, -0.7943234908381667, -0.7408921456394917, 0.34174460059709694, -0.5047202739083682, 0.37703984429902593, 0.3706750219306743, -0.5086953520874843, -0.18725179014353896, -0.5274318848775988, -0.38783394336019206, -0.5641497549040366, 0.20704002703112145, 0.6547377653640806, 0.08869652465394777, 0.11923854839717286, 0.28050155969125473, -0.32627856430866287, 0.059343690580325965, 0.1861666983048347, 0.10718772541625994, 0.7921820790748846, -0.06402949257930435]}, "8": {"controls": [-0.11809021729020716, 0.014351138507280063, 0.6847566034453266, 0.1310011547400166, -0.16538095117588208, 0.026247352367095904, -0.6330322284426494],