{"data": {"0": {"controls": [1.1473278326505474, 1.2298463025087645, 1.2907771456112036, 1.2302974565355798, 1.1272192441675104, 1.377751770976695, 1.1023847683186847], "cases": [1.014856667193158, -1.0583514982159028, 0.5666875628600779, 0.6865445497042428, 0.7703573908241292, -0.4119197582004038, -1.0418216288608373, 0.0788567038452621, -0.14645654362973715, 1.0586748148679999, -0.7552832016940677, -0.9939134227521301, -0.9728596074532566, -1.044191225619824, -1.019204567416095, -1.1007683977933038, -0.30910975584544464, -0.32031426510946015, -0.9754603707753305, 0.4193999975645345, -1.0744411947427124, 0.502139404399791, -0.3883821008973897, 0.8925951800918986, -1.0160942757521614, -0.82753300996816, 0.09220338734570144, 1.0982601346419167, -0.2415230614801139, -0.06695480189174656, -0.12549323855514033, -1.0595762087169471, 0.49531951438136007, -0.05493374814268955, -1.1769139449762003]}, "1": {"controls": [-0.5310121811209192, -0.7844377881439824, 0.07373805818738238, -0.25129050859082064, 0.08809791193767186, 0.04802977640469383, -0.5400716980814795], "cases": [0.1474605506782089, -0.3344141454402333, -0.8805212977203593, -0.6241018589959239, -0.452046358655747, -0.3809072167230509, 0.13909887611267863, 0.47358877991734305, 0.10314079764378416, 0.6361001010587923, 0.16195151172625505, 0.016712123287326457, -0.39196253676409043, -0.029747226844361378, -0.09180283474334015, -0.12024507788574569, -0.17623064056602578, -0.12537729246781326, -0.18659901501946805, 0.9308203080977682, 0.027985587239724028, 0.7558042794439936, 0.18560490513425487, 0.15708447857962946, -0.16429966452725447, -0.506328166696221, 0.5247517046519701, -0.4901243255836146, 0.5394775965691991, 0.6772385528136792, 0.2424560131747644, -0.2945526807750182, 0.6176232013172989, 1.0185533850139552, -0.20924598364490649]}, "2": {"controls": [-0.0021023046950999166, -0.32086290841757925, -0.4740291306079793, -0.6680340654909851, -0.37696391201411783, -0.49926998087740254, -0.4738253146213758], "cases": [-0.1427183897924374, -0.05818581080496837, 0.7855656196486879, 0.45710971410663015, -0.11280375432614528, 0.43651882913910445, -0.6078529350394832, 0.812083801158521, 0.32499245002553107, 0.12660370982098365, -0.012039419390472013, -0.16103529954655002, -0.08220922351509524, -0.05463468693893157, 0.23536897237455054, -0.18995640674179237, -0.34354079810419463, 0.3387765562700884, -0.04797841325511737, -0.0014407172794858882, -0.25563407740349603, 0.2883710953895777, -0.08540548847863182, 0.6728387063282486, -0.17109259483889563, 0.17552305545924662, 0.2526894092825046, 0.36916731534507946, -0.28813689658372926, -0.05663493271712597, 0.42724412093161507, -0.01610233968034747, 0.2946637002694057, -0.28705089926785576, -0.20797635512047868]}, "3": {"controls": [0.6280520562846796, 0.49870715776340974, -0.3260279271094969, -0.24698299053185704, -0.11967799881170853, -0.5567436745121268, -0.10205474893186142], "cases": [-0.25269635040080973, -0.18258745773413637, 0.24613630491230898, 0.11413481323066395, -0.25556234392440613, 0.13591410951623498, -0.031486733259210434, -0.6355520819844811, 0.5156336380241181, -0.5416533537366589, -0.4916421066420262, -0.28200462539089227, -0.20620634637659987, -0.004370948366139229, -0.06949775824963675, 0.012073699555187924, 0.6324020087271878, 0.08913606888397008, -0.19626214631574598, 0.12084047337887799, -0.16795153598198817, -0.05738377241896715, 0.48601700734062075, -0.3841379711854847, -0.2771736332200016, -0.13692409625240962, 0.055099354634554704, 0.15221208457234078, 0.9563308541667046, 0.44945043571565835, 0.39023842899878025, -0.17669808495755174, 0.005320136403620598, 0.37581861206908784, -0.16223855788381306]}, "4": {"controls": [-0.5182425901359506, -0.2976156569517533, -0.02773486537739551, -0.4177404985763081, 0.10279875543632745, -0.008304787219112137, 0.12761154662374552], "cases": [0.28166210974018585, -0.1913444540696802, -0.19000110570215115, 0.5017606689498012, 0.23288664580190463, 0.054615158394850906, 0.037833400697038944, -0.6088974867994589, -0.1814571588448154, -0.07728253427877955, -0.09416980711384802, -0.0816175914855606, -0.09908343571439954, -0.02608219171873238, -0.2420199102842629, 0.4832028334707917, 0.6611935744007184, 0.09551892795734292, 0.003882820291438564, 0.04967814694215732, 0.07847718824695307, 0.4411784199218391, -0.19080704902605494, 0.45829586749679724, 0.22761004345657151, 0.03056650836680618, -0.6392742876340641, 0.07516378026892956, -0.4288384103999941, 0.6972014601632867, 0.28632781907113336, -0.12525332015889845, -0.05515543342353365, -0.23410777661050217, -0.19243532417336429]}, "5": {"controls": [-0.006760420247581021, 0.16351830285287539, 0.22231906896036474, -0.021442885922532514, 0.040927284766258606, 0.06405246594913307, 0.15918300953639], "cases": [-0.30459245537110285, -0.2565327686569981, -0.38066440421009434, -0.22185289343607276, 0.14620718541991934, 0.07043298679874327, -0.13183636426972556, 0.21444009047495818, 0.07200919988856007, -0.33227438443346063, 0.051823605404030824, 0.022927961813641352, -0.41969998668547537, -0.007861693626940532, 0.31117804973094343, 0.07992781876935337, 0.4047616332790024, 0.49715895799974075, 0.22127475967991492, 0.5282006044488183, -0.03943226488886477, -0.02245517149002108, 0.09967280513210759, -0.4996912153761744, 0.012223466512475925, -0.045474459338112054, 0.7947106805480111, 0.04383914624456037, -0.6365930275926305, 0.11968011357219797, 0.133127804861504, -0.029441109614414776, -0.2511395049511075, -0.5814181411832642, -0.2844338513489324]}, "6": {"controls": [-0.1882327787766943, -0.3667087165672, -0.04065331406941082, 0.20251134493698564, -0.017338245398065204, 0.07244183944637338, 0.18976701584618239], "cases": [-0.3576510817188879, 0.4398746456529802, -0.21048112773329636, 0.08091426907729872, 0.4797720397323003, -0.18605477477283186, -0.34871331569845054, 0.24644796975702438, 0.32204202522725, -0.2777518579733307, -0.24760063201145444, -0.07409495866837985, 0.351324482702787, -0.10334269458538703, -0.1544147917804487, -0.19085711046404205, 0.44059485963339895, 0.23406129254205946, -0.38074787564884044, 0.06309636159395356, -0.08288701335722627, -0.20644126204009164, 0.443422284475405, 0.4423990843041412, -0.0560865118044489, -0.33633628369378665, -0.008257821228514062, -0.2007041079709453, -0.05153387677552821, -0.11581820951265369, -0.16648118787036778, 0.036684003705572996, -0.060291051274346606, 0.14429195894468277, 0.23983512381623429]}, "7": {"controls": [-0.03851026308493399, -0.2403260260760422, 0.09148024010521894, 0.3332135572269316, 0.12805241570764608, -0.010199498581755844, 0.14245638561255844], "cases": [0.03190497051303292, -0.0945194324156033, 0.5342023336452948, -0.14079400959219937, -0.3146324491054496, -0.36785718908225506, -0.026624592878180215, 0.16962631954574495, -0.4504494224300159, -0.22664715201375643, 0.15439242577613904, -0.009579616455272366, 0.02698871181831777, 0.01172540584559872, -0.15978106841846093, -0.11419151800364523, -0.11818907714394401, 0.43068813717249976, -0.13996952252848036, -0.13782064115596318, 0.32862912810306544, -0.10777896840095351, 0.3032840219781062, -0.10296633053446529, 0.09162482739588161, -0.0299832018497961, -0.12314924603740056, -0.15196468632322674, -0.015276700356431479, 0.1978875735041484, 0.6330310557973633, -0.37260398879918216, -0.12966770294002916, -0.0641321887802417, 0.07842698324013815]}, "8": {"controls": [0.0040277739767975934, -0.24899486044260546, -0.10245943210910952, 0.2739822897526066, 0.23897234164791276, 0.15758240613005764, 0.3447894163163315],