{"data": {"0": {"controls": [0.7065894682653607, 0.7561361877147909, 0.5563960083051415, 0.07779245587970533, 0.7278620715072552, 0.6611585216340645, 0.6611608071245967], "cases": [0.22293583169529468, -0.3533225742383926, 0.5496630051124689, 0.512956846151053, 0.5051453332580409, 0.4997313345204578, -0.25372357684423, -0.01150493942875207, -0.24128582341870874, -0.07098295483903884, -0.36128950431087226, -0.31060104657697035, -0.3180554014371192, -0.3315940502958213, -0.2942086219919598, -0.3031149788305352, -0.22603548087678318, -0.31531445985125595, -0.2911545965611885, -0.022002479358940986, -0.3394191390686609, -0.09395500624300472, -0.2517748240439919, 0.3853289200131384, -0.39327413793721616, -0.2846979447946763, -0.1864650236718797, 0.5778093456896383, -0.3334001724041746, -0.16226165295096134, -0.24333423387412023, -0.5046059515506761, -0.23787998356510254, -0.25022917428386143, -0.4151784036221169]}, "1": {"controls": [0.30083508843785006, -0.2684496922232235, 0.5962828398354098, 0.023593997694378685, 0.3773409390514076, 0.2283311636238947, -0.05387807304366919], "cases": [0.034262514888304896, 0.05112836277980475, -0.5456541613736443, -0.48491317555761015, -0.22475930363714822, 0.036551632356026126, -0.29822273798041715, 0.10975146012859624, 0.03804981837422537, 0.03148274751934966, 0.5971186169212377, -0.14260886476432114, -0.3318008184841258, 0.13337886440138993, 0.01510892435732714, -0.4482786141943125, -0.25792028534922934, 0.20588076016784707, -0.33451713787324105, 0.5340898581580316, 0.1297937504949406, 0.13179209155920868, -0.3390525515496848, 0.34622022027508376, 0.4702131326366147, -0.2025029117259501, 0.31302517441802613, -0.3556454130961166, -0.01323411005063576, -0.2173308780267388, -0.3820754666346047, 0.30581453031475936, -0.28195735412509126, 0.07871297894093773, 0.09404208235510966]}, "2": {"controls": [0.19626352334039224, -0.012023891506835738, -0.16090142839967359, -0.36220342378376075, -0.24615797687615623, -0.37658580617617926, 0.037998997248758104], "cases": [-0.17814262749027568, 0.10982704584838991, 0.33420165654148704, 0.3470892190018191, 0.2172070071471693, 0.6651116227945035, -0.17187066222757938, -0.06378844075351654, 0.040475320946074825, -0.40904936826180915, 0.2567191360533188, -0.06002996758218959, -0.011818797338657214, 0.2282497305828706, 0.08963213314571714, -0.0695381037591256, -0.27749028043396173, 0.02239524045126432, -0.017432426846794382, -0.06832987550054369, 0.10072036389163869, -0.4710935185136873, -0.13110163333976704, -0.4189285631919996, 0.4878064182118751, -0.0058798895202223376, -0.06459919700260322, 0.36557903117246865, 0.058031680868972875, -0.23968993252664111, -0.16376487311605656, 0.5529946985968954, -0.235697958460712, -0.09674642081656548, 0.20256223758169478]}, "3": {"controls": [0.1800927686890884, 0.2592328332604382, 0.054884353859221156, -0.1515714906298646, -0.05214209128500483, 0.13428050873942687, -0.10748534007610427], "cases": [0.24155689880489606, -0.12925250952132056, 0.2187963701773643, 0.009001223868458245, -0.37946812492292487, -0.007264629791126439, 0.017673012313164784, -0.3350752566716819, -0.08085070354282448, -0.09316669679743171, -0.011117551806644832, -0.037383098447396644, -0.08911063062560921, 0.1777538258956036, 0.016013274300523867, 0.1136871666580586, -0.19917416920516143, 0.33909243822078927, 0.38416086369611, -0.27899486481489566, -0.002880286393387755, -0.0929282426590876, -0.13988527408611706, 0.08815426613512502, -0.02882201935117693, -0.08359931395139135, 0.10198977699985873, -0.30527476999143144, 0.18624270287287029, -0.005984831690255798, 0.01366867475504317, -0.07753292202843816, -0.04913968568732201, 0.14675173208713826, 0.05507181264342083]}, "4": {"controls": [0.0790341803200411, -0.25337822296308643, 0.035980385132133974, 0.2504430040018346, -0.05244017542833064, 0.0017301265821972201, 0.05097056162370706], "cases": [0.04717733658369482, -0.14391462296957402, -0.23212425890744232, -0.08986170217340332, 0.04121128374904526, 0.417127421784866, 0.20403292327330924, -0.0038185158380545084, 0.04868047921809777, 0.01286521081655162, -0.2442094159266528, 0.1553639232881403, -0.10788701325047804, -0.045186440517597244, 0.06883949583565549, 0.10916689816559913, 0.10216657411865558, 0.16794177072743904, -0.030451480451283156, -0.16302415339418722, -0.26820652527376393, -0.11181358673886942, -0.15044234675417087, 0.02553452322591872, 0.13111474104409715, -0.14561474606208144, -0.07663683897591937, -0.0469154365587461, -0.07445167497464437, -0.07141930935736855, 0.11517814785548378, 0.021988879326135382, 0.12273730944569676, 0.13825568686566322, -0.035744396468308653]}, "5": {"controls": [0.08777228698531986, -0.05492829575793145, -0.17771027303855585, -0.018950887436292228, -0.08315747860856254, -0.13712340206704568, -0.252136379579727], "cases": [-0.28095837076369257, 0.024497121425398245, 0.21724071100763157, 0.15525516777840545, -0.19254729659145284, 0.09176073044975681, 0.053496495131410596, 0.14710367242557928, 0.03215504580739087, 0.07520373960666982, 0.10157822353005973, 0.05248558019514513, -0.19025979878413368, 0.009448823377984519, 0.020670539863140592, -0.011522114493788144, 0.16106655186090255, 0.0990993974214043, 0.10801966771884056, 0.1306065505568973, -0.06933354967931037, 0.10843077612490369, -0.08638263888516545, 0.371289890059289, -0.10779196616659348, -0.07306709377669124, 0.10395796433216906, 0.10743172330061125, -0.19829870271310215, -0.09675400277916446, -0.01398564254255775, -0.05027451611835272, -0.02682171134114135, -0.04700482934983473, -0.08956170848580883]}, "6": {"controls": [-0.08751911660345031, -0.01940304583152092, 0.1068461647213183, 0.08269999809902591, 0.06254749716964896, -0.0732465345075079, 0.11526789119246883], "cases": [-0.1968056026135567, -0.10037591332223408, 0.11901378102383331, -0.2055133571188451, 0.08228372717476914, -0.050054046147300156, -0.020406804858445187, 0.13638269144332174, -0.041729439735632735, -0.0037022325211393207, -0.04001637481824543, -0.10897959575497453, -0.09777004286745922, 0.14453429641648188, -0.12255397386432798, 0.08955812811975646, -0.0457281978279313, -0.006323492492481766, 0.35165479183071435, 0.17947707586769432, -0.07356111338894811, -0.007897599720233971, -0.031238675071838685, -0.0880587238417056, 0.03531447079325995, -0.06523091454828804, -0.12067874406506764, 0.011272643971644455, 0.1364900201705185, -0.013041758246145835, 0.030300455825582325, 0.06147040701504846, 0.029702097277093085, 0.00011245728035883452, -0.15509329562525784]}, "7": {"controls": [-0.1538010856605232, -0.007039217990679724, -0.023737904341891276, 0.1394182032335625, 0.06877912875784846, 0.11453457520766273, 0.004533469408680546], "cases": [-0.02717990784776658, 0.01933119000861889, -0.053994522856704114, -0.03189508732763005, 0.07676731065982569, -0.04517741428510186, -0.01321286507111223, -0.13240715158958216, -0.01061071094529586, -0.14572682930658193, 0.0738027858598307, 0.011139997480166352, 0.0655251392557713, 0.10601610580515324, 0.08049588053486628, 0.08955634389101284, 0.036781542641219946, -0.03788873095113568, 0.08792743945725283, -0.051134438283832205, 0.03563280208400225, -0.22235276428223982, 0.08513266292773829, 0.2829688324781146, 0.04216321212125664, 0.05899018270220149, -0.0941194487117108, -0.011094289589147096, -0.11517141695135806, -0.10008514832927638, -0.0032268959794416073, 0.022427576434244666, -0.0832850643807205, -0.15391859936835314, 0.015135113101051902]}, "8": {"controls": [-0.06193030831440813, -0.05402917947365228, -0.19310898446441685, -0.12353353249848636, 0.0643762554701015, 0.09286706637597034, 0.02587411251261299],