{"data": {"0": {"controls": [-0.7911325044239603, 1.5193459746866584, 0.587685238247749, -1.1633707270030147, 0.8700961844872693], "cases": [1.3079066512649087, -0.5704010863355339, -0.26981927629161634, -1.372025258151995, -0.1182851964804657]}, "1": {"controls": [-0.6944326181810634, 1.004639871292238, -0.9707685608388882, 1.312653854440802, -0.46471138900098413], "cases": [-0.05249506086431517, -1.2152652144380534, -0.4192082540606918, 0.10695372720358215, 1.3926336444473728]}, "2": {"controls": [0.35788682352376777, 0.27341446072650527, -0.19723053632148724, -0.08371738375056516, 1.3712429668774853], "cases": [-0.5656786203609067, -0.7941088407586361, -0.6812615281356139, 0.9300253990170628, -0.610572740817611]}, "3": {"controls": [0.588184920215956, -0.7127756349772116, -0.5588103375303116, 0.27249972109237236, -0.14511124514438656], "cases": [1.5726453231964375, -0.7535970087428151, 0.06466298194815469, 0.15000868076299417, -0.47770740082118907]}, "4": {"controls": [1.2223169837912489, 0.07804952273333912, 0.2958630067841098, -0.69873004508266, -0.4303929110043709], "cases": [-0.2127094995742109, -0.4900119856212883, -0.3444690215228422, -0.16792081914223658, 0.7480047686389109]}, "5": {"controls": [-0.2604705481168284, 0.4554322363556064, 0.3228028621517586, -0.25525105464897724, -0.7991971402258459], "cases": [0.37984408668062747, 0.28540024204262954, -0.7542616484414143, 0.9195021814291531, -0.29380121722670965]}, "6": {"controls": [0.02861361349704822, 0.3430736917872869, 0.45787413719574205, 0.11472837639611841, -0.4117334980642907], "cases": [-0.25686344569601866, -0.6440004166092447, 0.7611210882783911, 0.11841448081792098, -0.511228027602953]}, "7": {"controls": [-0.12343520646930128, -0.36524332510399654, 0.7025301651441653, 0.4154263854017048, 0.06768673244575477], "cases": [0.015017441792005636, -0.19985698063393925, -0.3856929817537877, -0.1724035036419062, 0.04597127281930116]}, "8": {"controls": [-0.28528644738824943, -0.2510830658919753, 0.08821604375202337, -0.288758776774323, 0.08146409268676977], "cases": [0.056742942043710436, -0.16572656081655077, 0.19041621539116027, 0.28103535264859486, 0.29298020434883976]}, "9": {"controls": [3.476336797292682e-16, 2.7906142978954757e-16, -2.3596226526063084e-18, 2.4268024314242786e-17, 2.293206620567708e-16], "cases": [2.8513097932712303e-16, 1.799803719842493e-16, 5.109929652941862e-17, 1.2088188652143438e-16, 1.6094709425943053e-16]}}, "loadings": [[7.183310589164996e-18, -4.091347534442599e-17, 1.9965273029728595e-17, 4.388485151416785e-18, 5.541234089237268e-17, -9.993433349948244e-17, -2.572522217159918e-17, 9.357732192031658e-17, 2.503374074155939e-16, 0.106287719529714], [0.07778384537617666, -0.11290344014440275, 0.5409357381892711, -0.15124641854633145, 0.32976552671559406, 0.24534738462803585, 0.29407206260302193, 0.09978965872814581, -0.16387218160973735, -0.03388879439671386], [-6.138835324188132e-17, -5.581434459820307e-17, 1.7982408617287193e-17, 8.885278961085715e-17, -2.180272629740142e-17, -1.0802647759945409e-16, -7.420813630510074e-17, 7.500622408900633e-17, -7.799689455776929e-18, -0.1854299810424612], [-0.2749505038765404, -0.07083685312992835, 0.06693011077638637, -0.16397182499183066, 0.01317303836797718, -0.3178867076151187, -0.03128080283164036, 0.26633050764822536, 0.3463952337178813, 0.3724642015059044], [0.44832407544208613, -0.05419779492362566, 0.18496022997333914, 0.03967816636918506, -0.08612451426927928, 0.12143220106029552, 0.07497241389568024, 0.4212648604189128, -0.09333565158319067, -0.12916323037693067], [-0.08443011991693775, 0.011060238215715869, 0.03507828911270482, 0.42689253204027944, -0.031230950511427345, 0.029259450386248893, 0.2037913268376538, 0.1313706313788586, -0.4370441174133502, 0.04427539979914661], [0.1549379704949461, 0.28648383736798655, -0.03948096812555863, -0.001959179908545182, -0.271742807073531, -0.38905490336370996, 0.2719001574809144, -0.14701496964500393, -0.1203991428905405, 0.11234065399252517], [-0.15142405389072222, -0.3621712776784019, -0.20348695151319188, 0.2494602475037613, 0.03502965592683713, 0.29314925730904573, 0.2687230734977763, -0.049562989374932594, 0.18406672874793836, 0.27534969176925883], [0.21546259507545465, -0.023451369953715513, -0.3954337778588396, -0.1265917503122072, 0.19694632484097271, 0.17667976777886418, -0.16545600993663875, -0.12585381737684256, 0.04711822151402027, -0.34413368250332077], [-0.028322108933107444, 0.40592376900068455, 0.40066337743393377, -0.1927577626391336, -0.15962294831256227, 0.015500916618749529, -0.1690449663346378, -0.0011559538470668456, 0.20929692852163506, -0.061606714469878365], [-0.05852560588546019, 0.1918683982771911, -0.14294676385138638, 0.4246960060065209, 0.2143607931768743, -0.3997893727629119, -0.21760074277777625, 0.178037729175081, -0.21519352022737817, -0.013541085395094346], [0.21327242348079584, -0.2991575139666998, -0.025525385244899123, 0.06518377471191815, -0.28692329717842935, 0.029929539584427452, -0.543538412803551, 0.34298246257472315, 0.06744049868871023, -0.07930096727994564], [-0.0, 0.0, -0.0, 0.0, 0.0, 0.0, 0.0, 0.0, -0.0, 0.0], [-0.3666476746172253, 0.26541618483892676, 0.12415327638921118, 0.11694390562137583, 0.3392893965744558, 0.03913761200869613, -0.13512643969127114, 0.15917508082136317, -6.019035385071533e-05, -0.33729900819255065], [0.01847408790730244, 0.4717763622652182, -0.01182236981075871, 0.17655567827931085, -0.07787152248819101, 0.42911718148570516, -0.10392678945193655, -0.05887032895412278, 0.19181019657085438, 0.22315511634599283], [0.1913343550446563, -0.08214680415126646, 0.04208429135967436, -0.33758962096770756, 0.33251819542227495, -0.15042276859702647, -0.23481453015291395, 0.051294396815884956, -0.30354711693818454, 0.4622446683265933], [0.3304305766548816, -0.02594846444246747, -0.011286519102209685, 0.07227731030520533, 0.41673090864522266, -0.3377542286733054, 0.22175975388964228, -0.041928879998679024, 0.365155576799031, -0.22258141574914903], [-0.0, 0.0, -0.0, 0.0, 0.0, 0.0, 0.0, 0.0, -0.0, 0.0], [-0.040920752214293483, -0.10183710696740476, 0.03730471532488733, 0.08995442757578909, -0.09727279053954573, -0.007276725633628417, 0.05932219545464403, 0.0775305243385667, -0.09228656744270523, -0.09202198267043535], [-0.27784379425910055, -0.2131842729540852, 0.18177286540601517, -0.08852444314830785, -0.3613416765398715, -0.18745444921573334, 0.11395505851665366, 0.10518724098000656, -0.06440165064535004, -0.2947451339628145], [-0.38378769506822896, -0.0443899659710203, -0.1790475565668569, -0.16155324755686676, 0.208924190260405, 0.07499955816746876, 0.04131358771805414, 0.3907523538201215, 0.10888959799374487, -0.04753650589601334], [-0.038863985576875454, 0.1510062247297612, -0.38230808563174984, -0.456347046962628, -0.1409909029862129, -0.013235828772011227, 0.29247405321443204, 0.13443332465164978, -0.14233219278397896, -0.17437292659664694], [0.20777017343969034, 0.2845698041406985, -0.19839103945537442, 0.034384174638553096, -0.04222951162061725, 0.09521649622167598, 0.25073764309336677, 0.560234122378074, 0.10595224434458017, 0.1494593748434795], [-0.1254940895773626, 0.11085876747606101, -0.13059974156039447, -0.22559697678714252, 0.06571993482886, 0.14570725374847243, -0.14323507226452445, -0.015938858499129065, -0.43577811661277605, 0.039191499763950484], [-0.0, 0.0, -0.0, 0.0, 0.0, 0.0, 0.0, 0.0, -0.0, 0.0], [-0.0, 0.0, -0.0, 0.0, 0.0, 0.0, 0.0, 0.0, -0.0, 0.0]], "variance explained": [0.2599960178372411, 0.22080525305619636, 0.13231750566231545, 0.12612114859558066, 0.09001572011017359, 0.07775426688761349, 0.05109073318933525, 0.028782696820470577, 0.013116657841073576, 1.0171744726955781e-32], "studies": ["Asakura2020", "Boeri2011", "Chen2019", "Duan2021", "Fehlmann2020", "Halvorsen2016", "Jin2017", "Keller2009", "Keller2014", "Keller2020", "Leidinger2011", "Leidinger2014", "Leidinger2016", "Li2017", "Nigita2018", "Patnaik2012", "Patnaik2017", "Qu2017", "Reis2020", "Wozniak2015"]}