{"data": {"0": {"controls": [-0.9482979616920988, -0.009466732121551417, -0.9352725075608825, 0.9002247464623931, -0.46611820391981557], "cases": [0.7473927774477696, 0.3070469843445092, -0.43859060045462656, 1.0487029199223186, -0.2056214224280161]}, "1": {"controls": [0.5093928371681378, -0.8460216571885327, 0.33013114438828595, 0.8828432511468036, 0.6593238116171339], "cases": [-0.4497053325856819, -0.11184709384040724, -0.5922346166017898, 0.2619356839381525, -0.6438180280421018]}, "2": {"controls": [0.12199781054111775, -0.07336238442514485, 0.6051709115584438, 0.23427834708704132, -0.3378027940380412], "cases": [1.1065986067530516, -0.8377006126324473, -0.5649960957868706, -0.44428833750949387, 0.19010454845234315]}, "3": {"controls": [-0.20981686121269538, -0.0763734528810252, 0.19618783414917637, -0.3508397545914377, 0.18500106026514823], "cases": [-0.3745006008668388, -0.48423392531598586, -0.42463666840427805, 0.753153816745246, 0.7860585521126905]}, "4": {"controls": [-0.34485653873097194, 0.19026866941178242, -0.12987199093912655, -0.254323456261466, 0.804454480749616], "cases": [0.3038326507259567, -0.4644664477460024, 0.2445868563598475, 0.086215239199516, -0.43583946276915186]}, "5": {"controls": [-0.18463536515637208, 0.16957759591650096, 0.6857693231462184, -0.3288957904362326, -0.2891292485756378], "cases": [0.004239164666163551, 0.2313906589677017, -0.1076948050025434, 0.3751973842785779, -0.5558189178043763]}, "6": {"controls": [-0.4186448311334418, -0.3719605571203101, 0.29925557407255754, 0.2842944157068773, -0.15769470423846207], "cases": [-0.11885221755472712, -0.20591154563900815, 0.6051560137841653, -0.01216088279893846, 0.09651873492128825]}, "7": {"controls": [0.44117931449858144, -0.12043534225909176, -0.19106556915624565, -0.13153229598972419, -0.25265977226255776], "cases": [0.08411919570136148, -0.2837226497271669, 0.2728775491403204, 0.3351323154222607, -0.15389274536773745]}, "8": {"controls": [0.010683271512024788, 0.41672760731196584, 0.0076331834403436235, 0.25426992852941926, -0.101185581867232], "cases": [-0.2439882687532492, -0.24596511381213015, -0.005540037034056, -0.014708375899436172, -0.07792661342764969]}, "9": {"controls": [3.0884928913092575e-17, 3.685767586153787e-17, -1.386521333901467e-16, -1.5228526433382513e-16, 1.191554698086596e-16], "cases": [3.2179307753060454e-17, 9.694771515208503e-17, 1.0398649607804171e-17, 6.075807366196744e-17, -6.848884741860638e-17]}}, "loadings": [[-3.1696990676882854e-17, -6.943977226638288e-17, 1.4010401566220124e-18, 5.5324264818518735e-17, 6.800725568019277e-17, 2.5416058083579508e-17, 3.454709923736245e-17, 3.0658690436779683e-17, -5.411592699089837e-17, -0.3208662321665642], [0.1973316224460235, 0.5049399653761233, -0.29939925912887516, 0.04706844726052567, -0.035323407695733736, -0.01680719665273451, -0.37569535741054005, 0.07810943686132227, -0.4040608964503992, -0.016903868058341247], [0.008168513117148222, 0.0735074018308022, -0.42514144578687263, 0.1992910677624289, -0.04526824665898865, -0.20994166525553296, 0.19858002439244193, -0.16712523646216734, -0.17184965448464842, 0.05000390203122348], [-0.15487903015155688, -0.182273615772075, 0.14632092217743342, -0.03884183158379422, 0.19336276963047702, 0.10799702383700009, -0.3795318818883995, 0.0050980488512086175, -0.15027123867097844, 0.07595950852273532], [0.3497330401730779, -0.25274970231380595, -0.1011227518597148, -0.29713558518490174, -0.07675363646570638, -0.015453890666093503, -0.025181972501549424, 0.3850246377126549, 0.1281748606958169, 0.34085348366710927], [0.08668603577420361, -0.341329803908365, -0.3371560046968099, 0.1649526239785521, -0.15475155561939744, 0.05373027072452657, 0.07014951967918208, 0.04727998183170881, 0.11443580604148067, 0.259360970018813], [0.4541151445436421, 0.18124772713964657, -0.03131731689225334, -0.14059074555042642, -0.02737735210357231, 0.2681906295231179, -0.11298907461997626, -0.24846984174239625, -0.20144373039955116, 0.12093079076372516], [0.23331722827205642, 0.07787292515623756, 0.035893891980185125, -0.16830501126927325, 0.18931421870358045, 0.43164347842797024, 0.21220174209123963, -0.14085204843715537, 0.05901451630462182, -0.028411161093592836], [-0.2925904474342795, -0.10507132034493714, -0.388254451900952, 0.30934686689813784, -0.027782115502101117, 0.2211790405813655, -0.15251998055558746, 0.06784090878379537, -0.0023189110889985875, -0.27325569824743956], [0.11377026644960725, -0.39755717603682067, 0.08032271980725404, 0.2097204368209381, -0.06772082647625281, 0.4426045233277284, -0.014428036826831967, 0.17891029850822135, -0.2169887540314255, -0.1998131400802427], [0.34177598249562935, -0.23435798414947237, 0.23089834493087427, 0.3982325738491059, -0.029391790492785782, -0.0716858524871232, -0.12165666839853047, 0.11066335372717737, -0.32714984944818726, -0.008143213277667245], [0.03159015683231384, 0.018176109602674764, -0.025014411144994763, 0.07483799257008998, 0.020339548164282035, 0.062256463544798725, 0.0032837763797960453, 0.07830101240638399, -0.004356008446889513, -0.017390968342305434], [-0.0, -0.0, -0.0, 0.0, 0.0, -0.0, -0.0, -0.0, -0.0, 0.0], [0.20275124492720764, 0.11689498875586679, -0.04188044273054954, 0.22438449659184934, -0.445480077868177, -0.18333636145262863, -0.313238891896234, 0.15886206876850542, 0.3762702211428841, -0.06250418122304938], [0.008491876226900398, -0.1475079164506521, 0.26348835326244674, -0.24283440145302196, -0.5762012804883642, -0.17128463980552106, -0.02466832413891458, -0.1859566873870224, -0.12337093381957756, -0.23723388046129806], [0.3128806599206946, -0.2618521538088911, -0.18751779337366087, 0.0445739629029662, 0.3069275658950699, -0.32334167690613524, 0.051131752930446465, -0.2122936257697729, -0.05363736880124329, 0.032292643088681725], [-0.046135081099147386, 0.01740258290310531, -0.01850994780095352, -0.021103259393604086, 0.0041257489411878215, 0.05323346486357232, -0.0978148474216316, -0.07008158122071474, 0.025230122539806943, 0.07052085787578115], [-0.09315741085598142, -0.13084199728846008, -0.37119736653107693, -0.4470211667233408, -0.2073899265854313, -0.009589532402695559, 0.23173087634688377, 0.2685145358129616, -0.3731714337095132, -0.1889612301902785], [0.19410949286050508, -0.15631503702147004, -0.001655334866523447, -0.023856129294548056, 0.07742001514511172, -0.2746369438846412, 0.12769050369594065, -0.30326781473050757, -0.0660794284713361, -0.38305040177252414], [-0.21122785711617797, -0.24350087068641854, 0.050073592721624045, -0.15487753802067444, 0.2340964279536083, -0.29539236284030035, -0.418301756385828, -0.0314669088321808, -0.2303574443960027, 0.11750019541217958], [-0.25029760883748536, -0.07723702069684112, -0.12693642002788763, -0.09330601518379164, -0.08595731657087174, 0.04419484299918974, -0.06102969890738979, -0.1013183772595733, -0.07901966015766969, 0.3360012297809186], [0.08103342411567051, -0.017928414362782686, -0.036664087272779214, 0.029844718273726752, -0.031905130646919265, -0.18421496091132766, 0.06950529743565784, 0.007262440629990036, 0.1095035807739974, 0.16677746898008075], [-0.04529310449462769, 0.1959568230822864, 0.23020362571065123, 0.23778540790104255, 0.14183784813201142, -0.2241000154948231, 0.4015062675740699, 0.4779472048148784, -0.24894763578536036, 0.0650676196563591], [-0.02783002954345316, 0.1108024126024499, 0.20407044225112242, -0.12880787923136922, -0.15085743575049926, -0.01776582114986855, -0.026574422964202916, 0.13058901583142324, -0.22150827959373015, 0.12342024362200926], [-0.0, -0.0, -0.0, 0.0, 0.0, -0.0, -0.0, -0.0, -0.0, 0.0], [0.16106211151711788, 0.025635211067843583, -0.10873863037241402, -0.26502135183458214, 0.32631228766313636, -0.09614468242456642, -0.21767599364252374, 0.3850111877658986, 0.2657475682273061, -0.389903385045279]],