{"data": {"0": {"controls": [-0.5716554242780744, 0.3451306892477592, -0.5129236028945745, 0.06719327126418558, 1.2967924391202112], "cases": [-0.5611597387217263, -0.25091477165669135, -0.14955787072998578, -0.35777760029532957, 0.6948726089442254]}, "1": {"controls": [0.02646903984423799, 0.09457290967845304, -0.4144002712472223, -0.032885941683595904, -0.6989634525872201], "cases": [-0.6870596083911764, 0.6581672197165633, 0.7496789039442732, -0.3407930021532871, 0.645214202878974]}, "2": {"controls": [0.8023647385700335, 0.15748700007086805, -0.2810677230428325, 0.3814499496159237, -0.011086003417437817], "cases": [-0.3508080436627837, -0.6221299606954083, 0.1314091254551264, -0.056868653614464956, -0.15075042927902454]}, "3": {"controls": [0.10348602367743442, 0.7603728455813703, 0.25265298747934883, -0.01257395576706233, -0.18388156658622995], "cases": [-0.4002556563303223, 0.32296871404347827, -0.6833440026298888, -0.029102029540589804, -0.13032335992753816]}, "4": {"controls": [-0.48361739357111, 0.33094427485392713, -0.18951707738043105, 0.5570862376314857, -0.4196172108048465], "cases": [0.29579029358228054, -0.33635400310739233, -0.04476471939501162, 0.10242562508446294, 0.18762397310663476]}, "5": {"controls": [0.2077750719305251, 0.09161619647374407, -0.005286444472344997, -0.3601756344547594, -0.12210006109540589], "cases": [0.2717284691098661, -0.20003643935984694, -0.15682726864554888, -0.14810974652644793, 0.421415857040219]}, "6": {"controls": [-0.04495165907545576, 0.3195582528293723, -0.11786118891316888, -0.17089668273933056, 0.05676394816875158], "cases": [0.18368654768214648, 0.004541583607911958, 0.24867020378630025, -0.2052331686488032, -0.27427783669772426]}, "7": {"controls": [-0.1106043545094506, 0.11288516193134313, 0.15514776100660485, -0.21517780513668983, -0.034991789940545484], "cases": [-0.17964587737998733, -0.21008879790505003, 0.16922001632085662, 0.29322390191379694, 0.02003178369912174]}, "8": {"controls": [-0.0352442522112713, -0.016185681840340978, 0.22404002949935245, 0.058986380433600355, -0.008118958369948377], "cases": [-0.035244833298805005, -0.07001466320344356, 0.05315660720650003, -0.1867733177373207, 0.015398689521677455]}, "9": {"controls": [1.3090919521881714e-16, 3.942920016398927e-17, 1.752631027373882e-16, 6.26333037945513e-17, -1.5138860944200923e-17], "cases": [3.057530207832175e-17, 1.220766135775351e-16, 5.744891518417494e-17, 8.953313790543696e-17, 1.3473318832492323e-16]}}, "loadings": [[8.405370017061955e-17, 1.3899737833398944e-16, 4.0813748658873174e-17, 2.797897651087065e-17, 1.3835683349205454e-16, -9.784380046419981e-17, 1.8003884177605103e-16, -3.5053461097177084e-16, -2.877634641180716e-17, 0.4302843446371219], [0.1331334186238644, 0.1768977191789863, 0.21708684132499773, 0.17555859894417494, -0.12501393516344825, -0.30872186329956675, -0.32182302345599384, 0.33317831023674577, -0.039056491864976686, 0.3578422509061977], [1.2014010602651509e-16, -8.459533550014828e-17, 4.762175699708486e-18, -1.581815696942968e-17, -1.6691508383658375e-16, -1.0733422532759496e-17, 1.251075041645025e-16, -5.43784866994559e-18, -2.6689110475525205e-17, 0.24265353774214243], [0.010251650916342947, -0.0029102985972602083, 0.013419831155885627, 0.01551087835331657, -0.05621721528028285, -0.0733585187486611, -0.22653511271314375, -0.04283015180860257, 0.012202013336263544, 0.25750946267440783], [-0.10649395804617878, -0.09390235931604785, -0.22118351767887645, -0.11017257886774504, 0.08738346389672173, 0.20826272006293212, 0.283978553999385, -0.4934581967350825, -0.33874714101700437, 0.27732905865419477], [-2.0074201040871095e-17, 1.8304679274941316e-17, 2.150785382742844e-17, -7.687016672811629e-18, 5.610080783078289e-17, -3.60282371484538e-17, -5.1433911438783224e-17, -6.575878833981135e-17, -7.187151935081478e-18, -0.027603717953561008], [0.2788562077829744, 0.3772130466180896, 0.06811503792210793, 0.19691814310494107, 0.5054585666914746, 0.016810755282128855, 0.10342458912287826, -0.14552536760909715, 0.31056467851365466, 0.13549354063599214], [-0.4173661827612938, -0.08119586781767267, 0.1354964824408395, 0.04070625359475718, 0.15381828327495836, 0.24256985855692156, 0.2637681764223857, 0.4082921648581435, 0.010355375754745943, 0.017181865796099458], [0.07725335312529362, 0.6785624910837068, -0.38869683579406233, -0.30480799596519237, -0.15097140037770163, 0.11058734213593292, -0.051463956688448005, -0.05715840658527466, -0.006321017584874066, 0.10476697739690172], [0.4533528525495821, -0.08622452782798788, 0.12831874058795784, 0.008174609193558415, -0.3156100618553766, 0.518737658660746, -0.2339449601016463, -0.029490048314965597, -0.0039338329763955945, -0.1694317448105729], [-0.3277740452050919, -0.1619023394032489, 0.03909857113687639, -0.1256607122347416, 0.3184250720785199, 0.12063915804937828, -0.56368537541321, -0.23484819620761957, 0.28560432885275194, 0.09712633256013753], [0.37436468264058326, -0.21502145989013974, 0.10676851755088561, 0.06975362182504397, -0.05895794011693753, -0.4124163324709496, 0.2751337350776009, -0.2627348669064561, 0.07640634906173524, -0.03493491379460953], [0.0, -0.0, 0.0, -0.0, 0.0, 0.0, 0.0, -0.0, -0.0, 0.0], [-0.15900536598955153, 0.08324445231535857, 0.06499418813572065, 0.35075472729738466, -0.3079635209860757, 0.21817950314913556, 0.22955625019004894, 0.022187165379910716, 0.32485710014422886, 0.1809871249882119], [-0.1208830000504022, -0.17886556993688327, -0.0605711372362431, -0.14378306384377337, -0.1926975573382275, -0.3704188926133236, -0.05601938608047036, -0.16961286687842417, -0.04694055528946249, 0.09194695308917247], [0.17881348541981792, -0.31857116959243315, -0.6330421397972629, 0.33925131203965186, 0.13478478012815343, 0.0969235127729879, -0.18300879777177156, 0.2282028411060253, -0.21646835248493784, 0.17612563409583937], [0.000500835952383324, -0.028535620807341434, 0.02755004773965012, 0.09101702829835939, -0.04239208218731291, -0.1080932143253272, -0.04683437864603174, -0.003591101050606165, -0.036104469449872494, 0.28831692604804143], [0.0, -0.0, 0.0, -0.0, 0.0, 0.0, 0.0, -0.0, -0.0, 0.0], [-0.03567441492816942, -0.03040084949830692, -0.011964514390228592, -0.20867376904282314, -0.09410836013985163, -0.05603555846006951, -0.3096629381835181, -0.10864464482812607, 0.07941178585158118, -0.22202132473296002], [0.11505890396186506, -0.0226251501014423, -0.38580130125092243, -0.051875198054196006, 0.2899874433434809, -0.21293097654833404, 0.061077695742640034, 0.248580773215117, 0.27068872998000804, -0.2911272678633235], [-0.3429054599705825, 0.14489619616540567, -0.3028637330137788, 0.037655346709972656, -0.3758858347848009, -0.22938424463788568, 0.0398575440421568, 0.043209031682159255, 0.1372626249978051, -0.09592442729970607], [-0.0865590755517842, 0.28720339945554424, 0.18441048017428494, 0.12621498011344398, 0.18281179696766914, -0.1104573822900603, -0.11223017787464545, 0.08329302907085293, -0.6672517278828074, -0.21274723376778704], [0.13485591373759853, -0.0716034141824928, -0.09483257186231193, -0.009752705850159893, -0.20570859474980296, 0.10621457842240464, -0.012700024832774572, 0.14970540087394607, 0.0018306318853284055, -0.010806221781318676], [-0.17363354565150688, 0.13929121401516026, -0.08476924272645356, 0.6870071896930934, -0.07239377659403137, -0.019596832723287536, -0.16700910339183597, -0.3758908084479473, 0.003119234450939618, -0.2663878116618933], [0.0, -0.0, 0.0, -0.0, 0.0, 0.0, 0.0, -0.0, -0.0, 0.0], [0.0, -0.0, 0.0, -0.0, 0.0, 0.0, 0.0, -0.0, -0.0, 0.0]], "variance explained": [0.2998860933611242, 0.23512746028560683, 0.1273544717078118, 0.12642357330975199, 0.09808272049505787, 0.047030840982416056, 0.031994015379861254, 0.02535543262515463, 0.008745391853215307, 1.5335362628758878e-32],