{"data": {"0": {"controls": [0.15451796331307033, -0.08110586369568731, 0.2715948490417589, -0.05981247647602263, -0.3876854430156674], "cases": [0.39994353175399205, -0.04695405514077244, 0.02511531630552896, 0.055369928634283125, -0.3309837507204842]}, "1": {"controls": [-0.027434018329649985, 0.42204178263770253, -0.14874847859525378, 0.014880547581824957, -0.29616857399543445], "cases": [-0.036947054938326236, 0.23656183870237504, -0.17148852136412732, -0.006350415821331277, 0.013652894122220167]}, "2": {"controls": [0.2852346083690457, -0.07137755259362805, -0.23391267032438814, 0.27199807918119523, -0.16786464965172784], "cases": [-0.07462639380290946, -0.21473504338235738, 0.015888435530444976, 0.12141210589326717, 0.06798308078105728]}, "3": {"controls": [-0.0023494659196240256, 0.08837797426139052, -0.17107157864102024, -0.02965700001330593, 0.12439805178002085], "cases": [0.24346837218295636, -0.11350337676874253, -0.058285514077286854, -0.07176632002523609, -0.00961114277915185]}, "4": {"controls": [0.04772221438354628, 0.1255506739600266, 0.026587656956993305, -0.1010266143551061, -0.06423693673217852], "cases": [-0.04949738239372051, -0.12061600856153976, 0.23495267614935883, -0.15539763424451286, 0.05596135483713232]}, "5": {"controls": [-0.08639165905774267, -0.1399421326176812, -0.08135010906153588, 0.0490955781840073, -0.10303591481924934], "cases": [0.10693623557621207, 0.12352482531667161, 0.084292899599679, -0.09444195544835872, 0.14131223232799778]}, "6": {"controls": [-0.1477615629338527, 0.049886415265367585, 0.038403731546014744, 0.1747046263248989, -0.0031070616056363826], "cases": [0.0011582991616268538, -0.06321005959805077, 0.04163802721525155, -0.023656302863405244, -0.06805611251221368]}, "7": {"controls": [-0.011001890874912996, 0.0070146386601906505, 0.08211161839648809, 0.006268316395181605, -0.028261121029663605], "cases": [0.014865227947228044, -0.06712149141714334, -0.08905853568735016, -0.02401828660961746, 0.109201524219599]}, "8": {"controls": [-0.07326542340300816, 0.009408476837435424, -0.023315177748189135, -0.05363574720642491, -0.02855921190871236], "cases": [0.01491555001232215, -0.04181205024842049, 0.03706836050515006, 0.12415447088204287, 0.03504075227780551]}, "9": {"controls": [1.8435925920119623e-16, 2.6604576780461023e-16, 2.533145173712743e-16, 2.9526617708071867e-16, 2.927217841582501e-16], "cases": [1.9665682876553795e-16, 2.9144958769701575e-16, 2.1448565652341912e-16, 2.3632371086424843e-16, 2.311004744529474e-16]}}, "loadings": [[1.4660515351852616e-16, 1.5497595864338507e-16, -1.414220293971455e-17, -3.9612957541835835e-17, 1.0699660172893152e-16, -2.4196179001285865e-17, -4.8982782744066016e-17, -5.290444345673258e-17, 2.0467963313225917e-16, -0.16140690033938238], [-0.03831162879060734, -0.08250409086249749, -0.1369087726072259, -0.3502592714891751, 0.10105004410109132, -0.12706864776888865, -0.24638467796807048, -0.026508794203055883, 0.30864792758737736, 0.28136533002496233], [-1.8529287629680177e-17, -6.831694094815315e-17, -1.3140747685884858e-16, 3.547521153030336e-18, 9.396959740804027e-18, -7.387489124732595e-18, 7.74778012103448e-17, 7.006229922904417e-17, -8.429373974122459e-17, -0.018387518376175943], [-0.11079248662113297, -0.2139951252434113, 0.1690458527669552, -0.5858454320013256, -0.21283677215972674, 0.03281989835796782, -0.03463732417858535, 0.12876549191481146, -0.28588571535891943, -0.25992575140209806], [-0.02010609360454254, 0.28928546181993875, 0.25994993356981494, 0.2709696533335129, -0.0412736889131047, -0.020354615410426297, -0.35167985354228987, 0.24090468946346077, 0.007782977019424859, -0.31760617186431445], [0.01773646281317744, -0.007179121878229628, 0.26614760954324435, 0.29987106568412925, -0.27102010605732174, -0.14627367754205053, -0.01727686446186939, 0.036048944939344386, 0.013743489970268629, 0.07782934173884824], [-0.2183067324137496, 0.10844055496943887, 0.09832348482368924, 0.016146590164964635, 0.19116648907659267, -0.3066971234555967, 0.13086882706038133, -0.4391744403462446, 0.2922713106216695, 0.155419617171209], [0.6336506009126743, -0.05645260394733109, -0.32564600093279633, -0.1330613234792348, -0.01777160564571662, -0.2392809204993246, -0.2663630090880772, 0.0569442875364764, 0.2517112403525789, -0.1509041170443204], [0.25420426532383184, 0.34663026154875076, -0.295892183796115, -0.0056311240830436435, 0.12033802293773688, 0.329071469520361, -0.004464000377600131, -0.3332273070841885, -0.19076245132229497, -0.15577564707480335], [-0.18545754933102415, -0.10265323742089068, -0.03778137836893054, -0.08682389082539017, -0.23503234556673266, -0.42269903856414487, -0.4084895127893412, -0.020272999994655753, -0.19831184745886402, -0.08294171103901748], [0.2404968486585152, -0.18039692800085066, 0.08872455552802234, -0.003845453934149643, -0.008965029011362499, -0.04331910430746926, 0.4099013923443289, 0.2534591061419304, -0.09029057321604668, -0.0862110402521129], [-0.1791729236814317, 0.27230686735687676, -0.16005009829543274, 0.0384373261958086, 0.06263775983242265, 0.21499092284602095, 0.027170479117782666, 0.32622522958934597, 0.2445069078199621, -0.26361217905357953], [-0.0, 0.0, -0.0, -0.0, -0.0, -0.0, -0.0, -0.0, 0.0, 0.0], [0.020380558189467653, -0.03839526957208672, -0.008524375139879505, 0.027342755343255566, 0.390502234428844, 0.11495247916097653, -0.17600282621385696, 0.285390343876218, -0.46026996112357527, 0.46660050638258643], [-0.08393273817645755, 0.010839138414568392, -0.05138510597045458, 0.09847275784330177, 0.040845926083940304, -0.2472302793277044, 0.06185892236830657, 0.07254031619100604, 0.09847475339627382, 0.14562940338636146], [-0.32094493749723063, 0.07059551103171596, -0.6082641148706107, 0.07331285380377586, -0.4674989561431046, -0.06476805729243186, 0.2325581721415843, -0.020417573466722006, -0.16449631029597223, 0.007168217552598476], [0.2913784773435978, -0.05536276191848429, -0.026113424499808937, -0.06869503070867972, -0.027004675766996084, -0.0844676068127265, 0.09745741982048527, -0.3088997821927084, -0.3103568919336567, 0.006689989160608271], [-0.0, 0.0, -0.0, -0.0, -0.0, -0.0, -0.0, -0.0, 0.0, 0.0], [-0.0775137075380335, -0.18185789212209078, 0.16900425177456463, 0.030408457430820896, -0.2718149222583433, 0.5190544565064633, -0.34378974451956423, -0.40376893142674536, 0.06242776347332898, 0.0798695051496792], [0.10035200786470305, -0.3675078806791261, 0.04785295162818971, -0.056838555376486945, -0.17135791682792378, 0.27067292855306635, 0.16641065424222348, 0.13629329872282892, 0.40566501396750565, 0.029179962643425705], [-0.01968811655897973, 0.23408519398566707, -0.052859266534394884, -0.1080636864957599, 0.0003725856863665871, -0.0022437349648815478, -0.2768014438000548, 0.03841817432607886, 0.06008423042714194, -0.06051422981441751], [-0.1341855823371385, 0.4029151526073123, 0.21570195273734197, -0.536019616344751, 0.10465506185148797, 0.006535996132042189, 0.20620528645825068, -0.0324198226462008, 0.05888912873892678, -0.05465369492231098], [-0.2674762349824754, -0.21157613784970503, -0.3455354721218941, -0.0586460414082628, 0.21984196153908225, 0.19511026250655528, -0.1642196857301372, 0.17732029057947926, 0.08194257251598576, 0.07302881118436896], [0.21454263170385457, 0.4143129792912446, 0.05605059137700287, -0.1288421002485223, -0.47198846758313073, 0.09013204746022171, -0.004930154224021188, 0.2168618112949797, 0.05604696457931454, 0.5538243918126143], [-0.0, 0.0, -0.0, -0.0, -0.0, -0.0, -0.0, -0.0, 0.0, 0.0], [-0.0, 0.0, -0.0, -0.0, -0.0, -0.0, -0.0, -0.0, 0.0, 0.0]], "variance explained": [0.3083753106539841, 0.2172764139063159, 0.18186021621865311, 0.07759122851373615, 0.07662315102981995, 0.06322362422059495, 0.038872034469515704, 0.01902273401807789, 0.017155286969302064, 3.3134935103744296e-31],