{"data": {"0": {"controls": [-0.5157577282567487, 0.7918192740927739, -0.23100638317394367, 0.6087122012897102, -0.10752784814028624], "cases": [-0.3904108255022827, -0.41083535185912584, -0.4757754277432805, 0.23236983542365072, 0.4984122538695335]}, "1": {"controls": [-0.03614874924422025, -0.06029154374205303, -0.5074125300301026, 0.6196917783741379, 0.03183380545457948], "cases": [0.2589888881894273, 0.002587555063194048, 0.2769325910753168, -0.24124944851288938, -0.34493234662739003]}, "2": {"controls": [-0.1608724006142816, -0.20083005877866372, -0.22991527400483136, -0.085640330790947, 0.45588356918656836], "cases": [0.08775715978876705, -0.00212514305424249, -0.15244661611291802, 0.2206059621413406, 0.06758313223920914]}, "3": {"controls": [0.03885262586358598, -0.10392955956939658, 0.18951272942933606, 0.12863789657722252, -0.05421219709891108], "cases": [0.2292063352577782, -0.19083196927036883, -0.21813936068092216, 0.07970706331947192, -0.09880356382779613]}, "4": {"controls": [0.19290668098529634, -0.08402819881131046, -0.15501314584627837, -0.014416899775458576, -0.12223973103633612], "cases": [-0.037172990460938936, -0.15299733199225488, 0.08751362060743596, 0.1960311424099742, 0.08941685391987123]}, "5": {"controls": [0.11246186911039742, 0.17714298108269602, -0.09457299410534639, -0.10671341873297806, 0.025097706713893803], "cases": [0.08310583398039117, -0.008067216464194883, -0.0853240866211796, -0.013099251011534429, -0.09003142395214493]}, "6": {"controls": [0.07806505113143591, -0.034065114208740206, -0.00931738075842084, 0.06826155798405703, -0.007542217667424786], "cases": [-0.10044640783416169, 0.11765097721603664, -0.10268348786060863, 0.045359982951867196, -0.055282960954041026]}, "7": {"controls": [0.03711349661448231, 0.013861446352204437, 0.03921044485093276, 0.014890955037922168, 0.08007455600683908], "cases": [-0.07434019870183835, -0.0769344335239064, 0.0311733913197871, -0.01275018800808077, -0.05229946994834214]}, "8": {"controls": [-0.03883511157287004, 0.016991204455502847, 0.00812272371999978, -0.009803250313190933, -0.01599985436617674], "cases": [-0.0023842303081322287, 0.008684911819483951, 0.025981948416429586, 0.06003050962728371, -0.05278885147833011]}, "9": {"controls": [1.9902929903685305e-16, 1.583689514153544e-16, 1.4220712247232644e-16, 1.3531714968381074e-16, 9.43225240035919e-17], "cases": [1.602143306316153e-16, 1.5396182058608035e-16, 1.6697242358581597e-16, 1.4786552891503938e-16, 1.758193735684578e-16]}}, "loadings": [[1.6797162037342784e-16, -1.730636541144844e-16, -5.663208068860916e-17, 1.6040007297853065e-18, 1.591575257563391e-16, 1.8798447378705944e-16, -4.673353961910198e-16, -5.73414831912817e-16, -4.498627293118243e-16, 0.08551610126878063], [0.3259734244604747, -0.7770900259561971, -0.3888701418593649, 0.30001045519415587, 0.08461208448070245, -0.03706176727162568, -0.08054466746201855, 0.06553514757755237, -0.014647704952436285, 0.11766332217411453], [-6.400731671391937e-17, -1.6859413487231334e-16, 2.4164370840639544e-17, -3.5644668166823435e-17, 1.2901638759080648e-16, 4.925168693391139e-17, -1.7670505615955206e-16, -1.9970770092457184e-16, 1.0771379283786565e-17, -0.041686918206961424], [-0.0016002795169747673, -0.07275064101927035, -0.027680519910631904, 0.015121900201571973, -0.16941611315460864, 0.30354861480835316, 0.26604282572408117, 0.13859573218402887, 0.5105193168130027, -0.48901748057088207], [0.0063585319962324105, -0.0006411309504390928, -0.03165587804497287, -0.01095628204410233, 0.03009161747997843, 0.14491889113021295, 0.05939278493727073, 0.0011230422318936084, -0.08522275422765317, 0.22645941918720747], [-0.004698879919664478, 0.05585389967883877, -0.036283343038772696, 0.16431236527607648, 0.1135941286313799, 0.1370939687638488, 0.04693863748824534, 0.05367006488053433, 0.028529941110249143, -0.09510008108863306], [0.6108499666099225, 0.46582147100882987, -0.45783645312343146, -0.04660707389936434, -0.12952228048128103, 0.08294351205421714, 0.11447793969187164, 0.21810689187366242, -0.19431939144867008, 0.0048022888121604206], [-0.5856895843366342, 0.06150641345593908, -0.576424904890372, -0.10509515374506954, 0.08272213397565427, 0.09507331218932588, -0.16365890982281145, 0.15433064630186635, 0.11087485885062462, 0.21495259270904313], [-0.0833036908928437, -0.09320057956551511, -0.2744475926963234, -0.21753833640969783, -0.4207750519111088, 0.0015550422748023352, -0.14202992162567737, -0.581601808798817, -0.10690499445015773, -0.30367075028299795], [-0.06792323094542531, -0.10047080221701514, -0.0034602395813576325, -0.27474679308457517, -0.32184795294888235, -0.09186966426336639, 0.47786561434802893, 0.14357789586171374, -0.046541000306318026, 0.24950569612613496], [-0.10243654889868539, 0.33898718455087884, -0.2539952311350485, 0.6470972317417042, -0.16592690493109055, -0.23999588014226286, 0.032932279805299884, -0.2320849548744631, 0.21823728842317713, 0.12888320913980292], [0.022153357617059794, -0.0444462204685885, 0.04968170989315004, -0.02709089859311189, -0.2695060615288992, -0.1861014270747597, 0.04701862320225192, 0.06521139578548667, -0.23133149694344982, 0.05662813940158113], [0.0, 0.0, 0.0, 0.0, 0.0, 0.0, 0.0, -0.0, 0.0, -0.0], [0.09640013242590445, 0.12754512939175308, 0.04571403943925335, 0.1532409460944633, 0.37091183104402464, 0.20906566540245472, -0.19824884457927452, -0.14321198071969174, -0.1331256573537131, -0.27308530442575046], [0.009527850411280158, 0.07125243795652088, 0.06073852743453591, -0.133427540264284, 0.20773264517042989, -0.01954191942462414, -0.10505042828771032, -0.2978457097922789, -0.21525439417398906, 0.26352890911700655], [0.1685277343061099, -0.015615454961195237, 0.31761428005078574, 0.24164585262191265, -0.35623485287655926, 0.25884828098081536, -0.07332570771833913, -0.25036820619871103, 0.24756454809191394, 0.40166929385737565], [0.005491430123256807, -0.0034550781544585886, 0.03171587485203178, -0.04450126679669142, 0.03295243713278618, -0.026104472554360776, -0.004064700478148763, -0.11619712996548627, 0.12864394944580862, 0.12888671648660638], [0.0, 0.0, 0.0, 0.0, 0.0, 0.0, 0.0, -0.0, 0.0, -0.0], [0.12332279131901709, 0.010153026246356917, -0.07488390920516573, -0.2198393356713872, -0.01895648096141728, 0.5978118410170011, -0.24621234778209022, -0.06365057268764233, 0.11393370284363052, 0.2010651794707964], [0.018438212065120623, 0.010536575969836821, 0.13102284121866056, 0.11273466391420651, 0.09857607887358472, -0.20030844217344942, -0.041106690522519716, 0.10811282454472367, -0.06693325868996108, -0.054833929396967525], [-0.04215637414565122, -0.07455802501587867, -0.05999061121639939, 0.06847645738728178, 0.16336044884986625, 0.024903299646414318, 0.4025710300472792, -0.3420815100510937, -0.10969039198910797, -0.16859121921763992], [0.31055524327748907, 0.041663950850584566, -0.11774986447965495, -0.3964706870735932, 0.26424854335421355, -0.423080690066417, -0.026807515996535282, -0.25960387760345494, 0.5437974376522793, 0.07718488315193371], [0.05433909893949502, -0.01635742434635947, 0.05364249403063904, -0.050534787302991706, -0.3585689202612944, -0.2270932605591756, -0.564890061282457, 0.1724106422847304, -0.037819352601387864, -0.22754623297780516], [0.020754339645803338, -0.04359213695300901, -0.10353915868882867, -0.004771581835772676, -0.04503448433940801, 0.09813341257963432, 0.15926628219988911, -0.2644767410419232, -0.3126588615031242, -0.07456131237069655], [0.0, 0.0, 0.0, 0.0, 0.0, 0.0, 0.0, -0.0, 0.0, -0.0], [0.0, 0.0, 0.0, 0.0, 0.0, 0.0, 0.0, -0.0, 0.0, -0.0]], "variance explained": [0.5285496745658178, 0.2349612636842746, 0.1015207181361988, 0.05346716890094098, 0.03938499901843623, 0.021234509186946825, 0.012531053926565767, 0.006079246733608451, 0.002271365847210458, 7.123604440849549e-32],