{"data": {"0": {"controls": [0.08511800729596981, 0.5665959288074394, -0.3243257287151005, 0.028953671785584435, -0.6005541085630227, -0.7647217927910535, 0.6496027095364478, 0.4948271026551613, 0.7702169888419479, -0.1120180510107234], "cases": [0.5415444421241604, 0.5438743264628052, -0.7481750218491837, -0.6559516244102593, -0.5929414575491798, -0.4266524792223076, -0.43819532545307693, 0.6648926174344337, 0.6699951967439337, -0.22529011053898743, 1.1600914690550002, -0.6440745599498566, 0.3200484314219135, 0.608837401111464, -0.6526176152204103, 0.0009431154961401966, -0.9200235334992408]}, "1": {"controls": [-0.5550662085509319, -0.40850133500217034, -0.9277955895495047, 0.5590666527644075, -0.5108375907733628, 0.3537695563996218, -0.14247550913519078, 0.7699954728839244, 0.01248978045386609, -0.2596930648021807], "cases": [0.04010441354643271, 0.980175651238987, -0.310467196308679, -0.2836228330273879, 0.22685312658766968, 0.40437998118726387, -0.20425496296873646, -0.33094371884935164, 0.34330126960241575, -0.21193857329817853, 0.11818720779680705, 0.7934520658857145, -0.40181857346530214, -0.25366921178085383, 0.4541383349552684, -0.5388076067067228, 0.2839784609161739]}, "2": {"controls": [0.26899503015320747, -0.3052336071354365, 0.2713614967005988, 0.685096270389565, 0.8580527091746287, -0.19443790986597917, -0.5169651120716531, 0.0165827537657393, -0.7097608112084, 0.3421709855119756], "cases": [0.45471249217317006, 0.6918167461757395, 0.13234531059944074, -0.06272310148941462, -0.5467453323782666, -0.5687849037674779, -0.4834950886054019, -0.5262848234590167, -0.2024539529275157, -0.08408923197498867, 0.5665133683200926, -0.07391141826644024, 0.20042648813764444, -0.093513782412593, -0.5522756460498821, -0.05834240125234141, 0.49094347176300435]}, "3": {"controls": [-0.6494890679691048, 0.375877561226032, -0.0408834561531581, -0.45549625041663777, -0.46468198623769247, 0.13850400914037928, -0.05525761492867432, -0.44872309140243216, -0.6092535565099321, 0.12282650228167973], "cases": [0.4940069888735883, 0.17571131057066153, -0.6576800161953336, 0.16750029346761947, -0.4552341193574993, 0.17508532074628258, 0.027513787442766842, -0.07280980278988312, -0.5407746599993599, 0.7665122196876669, 0.40800893704118396, 0.34755473611560816, 0.6349013417755587, -0.18346034997383587, 0.4453579081388647, 0.3699590536178653, -0.015575998192213128]}, "4": {"controls": [-0.2365938869218031, -0.2792954104721925, 0.5828548817200366, -0.3844885134444136, 0.22356873339459377, 0.2744924162703141, 0.17611909257321123, 0.6878797854013508, -0.46795950343664944, -0.05257619032622385], "cases": [-0.6808823110850606, 0.2859596291923139, 0.0270724226972397, -0.046823540131425236, -0.13398415477727815, -0.5632259631136733, -0.33760528083134606, 0.3137017131454492, 0.3524455040336583, 0.01146906493953651, -0.2852533430504023, 0.27451657195883983, 0.48545394842387235, -0.06765069658777788, 0.2830784906972458, 0.09424619497800392, -0.5365196552474195]}, "5": {"controls": [-0.19682989922062916, 0.6376708090156876, 0.1261028242945577, 0.2684308343462051, -0.02391342236000973, 0.2241552948469195, -0.6097497630863978, 0.09434694735766488, -0.15065572653151485, 0.38454986298934946], "cases": [0.252077902262997, -0.6001350122222957, 0.07608417099867028, -0.07433745258450734, -0.14757779093636303, -0.005414923333630077, -0.5642816787351412, 0.025556050297386473, 0.5934054180955721, 0.3903193567063856, -0.17556606451331125, -0.06741470203728209, -0.250163537066724, 0.2679755548880087, 0.2764617633256234, -0.5917147230492302, -0.15938209374799073]}, "6": {"controls": [-0.14507571721903553, 0.14346520863621995, -0.36094675426109596, 0.014873793344159392, 0.00885581131490535, 0.4571666773480651, 0.037587062197287587, -0.33927292845258855, -0.004804228372541025, 0.623718002374963], "cases": [0.2221999018547439, 0.1316085143527372, 0.2399785378045798, -0.44110407785349864, 0.41863358239780607, -0.5467275923768973, -0.1276233690164057, 0.13712326114292753, -0.05283334753882919, -0.21310690489716388, -0.0316327399254463, 0.08413894009237544, -0.3611817127382902, -0.23759705390521474, 0.027686216023119416, 0.6492847285402711, -0.3344138108671537]}, "7": {"controls": [0.56445502786622, -0.17799230944238045, 0.08790185841794887, 0.5095138217942135, -0.3536616779040239, 0.4153743923353072, -0.07507305635912263, -0.1043962142242583, 0.06155369504180343, -0.5160901392247805], "cases": [-0.15399761366795459, -0.37944530392387515, -0.3378814477172976, -0.2829850808527332, 0.09006652601242456, -0.5497336918703931, -0.07230142885971426, -0.05405014841058271, -0.1578071600944769, 0.19129303043095958, 0.21962496117161823, 0.07520256836375043, 0.1225375611507463, 0.20238989975763105, 0.3463309232085584, 0.16329000864958207, 0.1658809983508296]}, "8": {"controls": [0.2409820196204069, 0.5482108192158389, 0.24145283466554057, -0.13509904946479526, -0.29363812100503717, -0.06798357622262392, 0.18270047156769978, 0.32807696838649036, 0.07355751019402065, -0.1649953822121265], "cases": [-0.02482035572845754, 0.20961133255979197, 0.2079150248734294, 0.13725131223534107, -0.35048760222512476, -0.005207785050213438, -0.5429545083736365, 0.055309651566239286, -0.4063762897878356, -0.1450506469814381, -0.15424529882808474, -0.0556121661047008, -0.49605652604119427, -0.24001799563900317, 0.21377001515360095, 0.2673621660310069, 0.3763451775948641]}, "9": {"controls": [0.0341453252622817, -0.060254587799880875, -0.16213138916738404, 0.028119001957157677, 0.20786079784942274, -0.298598142287954, -0.39107478127954254, 0.14281479669245692, 0.12859920833290564, -0.30298406947238243], "cases": [-0.031962096966992475, 0.21486751224727493, 0.24157174856006636, -0.34794916163201467, 0.2638145652583547, 0.1990415221113931, -0.17760553229090748, 0.1591000435663889, -0.2082909362318246, 0.6439159037498502, -0.1181818526151716, -0.242535602391356, 0.0642217076301383, -0.08457388166292361, 0.0644169811184516, 0.22242514842474292, -0.18877222896255227]}},