{"data": {"0": {"controls": [0.4439772392470724, 0.17373334624526374, 0.024570075775061033, 1.435771541252636, -0.30655339951678445, 0.7188571608637258, 0.2782293286959566, 0.2701653077673636, 0.1342016571550239, 0.6666709110225368], "cases": [0.5043097026668272, -0.7653371519524285, 0.26961189206753977, -1.133042516398756, -1.1235440961704837, -0.27217246467030504, -0.9662319180490647, 0.04900704322956855, 1.0606845241956477, -1.027152905940346, 0.8081925836277835, 0.22582911176215917, 0.2582125348782144, 0.1783847548188128, -0.8827182669260553, -0.09951797924091865, -0.9241380164060506]}, "1": {"controls": [-0.025483890646392778, -0.9126834741336555, -0.37565711620935366, 0.9338479037885487, 0.2184830304816004, 1.3541244878898282, -0.7647895576499601, -0.2613491482663612, -1.0326826212056601, -0.6823816972812603], "cases": [0.07932481872832185, 0.1241441264959564, -0.5268644973571927, 0.15148207383445464, 0.1061721758226422, -0.08936137404084005, 0.5265449313726656, -0.6895201930971588, 0.6350347769913892, -0.04839899734051177, 0.07609672553107022, 0.9258986598521515, -0.6676519173010639, -0.5481333349401908, 0.4805609736206306, 0.5479647126276662, 0.46527842243267414]}, "2": {"controls": [-0.0016484978689262524, 0.41142878437550273, -0.6847656537360309, -0.12473934781426169, -0.026833910440607487, -0.41767437352146575, -0.349921998972509, 0.19421477533392933, 0.41232528851915357, -0.8910407076034056], "cases": [0.24150676262822654, 0.23744350647194168, -0.04509064984144332, -0.5492214046192525, -0.39464470580874805, -0.4323098327688148, -0.22339085786480342, 0.5783909096440412, -0.19838498703237015, 0.013897755242488536, 0.272574486212398, 0.46699503367900436, -0.020126492571956277, 0.19157707458498782, 0.3547922584763743, 0.8954674420528935, 0.08917934324365431]}, "3": {"controls": [0.8955813550066662, 0.037623995605286675, 0.16668982845215646, 0.15965914589159128, -0.3471082818647779, -0.49288906795657983, -0.37670486917980134, -0.5880966122226416, 0.016806328956091732, -0.2696146680548755], "cases": [-0.1570518517927592, -0.10983331602172706, 0.22402412452271736, 0.14231440988313993, -0.15546061809528303, 0.44606372516091347, 0.3560258751209541, 0.20973679156466035, 0.41040401298079404, 0.05025791958298465, 0.5958025194883214, -0.7427910277280415, -0.2946070867747557, -0.48541732679919436, 0.14376592193412244, 0.2091641446287019, -0.04434537228866403]}, "4": {"controls": [0.17127893785249196, -0.03657292881978279, 0.9063210101834048, -0.4614762986743071, 0.2680031964843812, 0.29963046577397895, 0.4118661941984813, -0.7856802664360749, 0.011123954843174508, 0.12687130347332487], "cases": [-0.3022251529176599, 0.07897028139979155, -0.09294725448420463, -0.37910875037351194, -0.532551279937013, -0.06066083996407779, -0.12118428085097145, 0.14817530161992118, -0.2625096841804891, -0.28048602905656655, -0.11057438867075478, 0.38763784173153343, -0.026405324314798893, -0.17519693856269028, 0.32128279943027144, 0.35256431680286404, 0.1438538134492846]}, "5": {"controls": [-0.008856611831559098, 0.08869580044764926, -0.08611467196797576, 0.13529743893460935, -0.12418444328619307, 0.10218153522952879, 0.6549093703786398, 0.09422241848490517, -0.04918969631581672, 0.06790114316990542], "cases": [-0.1070454933997859, 0.3119791457279938, 0.2808106385108933, -0.1200471255985869, 0.4007218769566992, -0.650967505860673, 0.1282896156472305, -0.3508565203433105, -0.03255425989629033, -0.18239857010225255, -0.03157460210442248, -0.5337114101114808, -0.287438428698692, -0.18244615257671037, 0.13516352539670676, 0.5747213867913605, -0.22750840358237184]}, "6": {"controls": [-0.1443843827742925, -0.3101064223481344, -0.05465038101415236, -0.4804311415771617, -0.29294281461676114, -0.114756569872887, 0.1614489141934467, -0.1344419920236564, -0.1783239918574629, -0.12278572384268809], "cases": [0.6724816942673822, 0.2006943515679981, 0.4820836552630984, 0.12553825591710838, 0.06931814160841226, 0.2932071876689307, -0.10212604011811927, 0.04436823352728792, 0.39430915330642174, -0.30347247148507883, -0.1857960021766003, 0.2464229855446931, -0.05079260551476042, -0.02596240549942963, 0.24650899476635668, -0.024160425808720312, -0.4112481971012316]}, "7": {"controls": [0.35864200235496146, -0.16709189926915274, 0.13133057752490862, -0.42990285976012266, 0.5619329919713292, -0.11837793441731978, -0.2668520819969783, 0.1620623834392242, -0.16981049755307875, -0.03637073607733919], "cases": [-0.12003621263609891, -0.3188405638219419, 0.05538723016528788, 0.004997063980548177, 0.15235690701992605, -0.4183343517558876, 0.19283340398313112, 0.010451715930229052, 0.4294604362417914, -0.013398409090418357, -0.13700839705538365, 0.012857423732126094, 0.12839617217358126, 0.28361556560744255, -0.2352010674456976, 0.20270674526794036, -0.2558056085130081]}, "8": {"controls": [0.06327140317293733, 0.13397503583030432, 0.057092077949243134, 0.19744083828112136, -0.145098435674643, 0.3200028501481504, -0.11362514182436363, 0.04617557648975486, 0.035916027998938845, -0.31732815964373773], "cases": [-0.3594003453543498, -0.3895827792883927, 0.48414839553727046, 0.1718220023704187, 0.23982352336633908, 0.26560108766490803, -0.007354417215541633, 0.2361602363974919, -0.37364689053432326, -0.22199526761820426, -0.34899826421769503, 0.12897333788764997, 0.0010115366766160418, 0.05442902086957154, -0.08902513127394028, 0.18625065465786236, -0.25603877265338865]}, "9": {"controls": [0.12588980061699934, -0.02919326681321232, -0.34134820274029604, 0.12017660196855963, 0.26414173787759837, -0.03668702418513752, -0.14122781556990197, -0.32548410527010124, 0.06195353571648058, 0.021359974294850478], "cases": [-0.31324714820634453, 0.4316464998181728, 0.36016884255057774, -0.11268695068867457, 0.024673432119904193, 0.030762678682437282, -0.1386279788546849, -0.18881616266148585, 0.07988208178809719, -0.24074948566748458, -0.08599768926309245, -0.02738796541123602, 0.2433153778649186, 0.2143872954591835, 0.08337209939753865, -0.22556551092178947, 0.14528934809812388]}},