{"data": {"0": {"controls": [-0.23010464172178832, -1.2577218724856858, 0.4899184875883791, 1.6835027099134745, -0.3908858655262115, 2.2096023900715527, -1.0276200845136787, -0.8840281115607354, -0.8076379876177645, -0.5616933860539033], "cases": [1.1152460896813567, -0.10479417906007564, 0.1950877373299664, -0.7525685027528711, -0.8317322919327541, -0.6490341668279455, -0.5055080104858235, -0.4115931104695297, 1.9082952990451518, -0.875694858620123, 1.9272518955227587, 1.0853776039717966, -1.3325470964239325, -0.2812030785409582, -0.16890866738550178, 1.0797880218764226, -0.6207943230215771]}, "1": {"controls": [-0.8321458929773307, -0.44584624910312076, -1.1479585209615308, -0.14622463584057485, -0.3318716259504285, 0.3100008581828411, -0.7104722659740693, -0.6172902715359709, -0.14686424134418755, -0.9175426103640977], "cases": [-0.9411685392107002, 0.48595482991714894, -0.07179963005133728, 0.877535791165414, 0.6952814594340343, 1.0135977696946297, 1.1968904472238269, -0.40818240912057413, -1.0324154737852327, 0.8770771183784936, 0.4631379186123167, 1.002065307284231, -1.0908087348892923, -1.1452971282713802, 1.3491978944949798, 0.6203994262275159, 1.094749408764394]}, "2": {"controls": [-0.8845243920632305, 0.4375652252523961, 1.4557415122573696, 0.08207795613544186, 0.08665521164755194, -0.018980575239590295, 0.6378132041975286, -1.1815314778928347, -0.1112201448898234, -0.08713330400142463], "cases": [1.1846133158257892, 0.17667427988521361, 0.4038558817966728, 0.16577908894295096, 0.44052506006558, 0.6610969520167459, 0.25113859048519893, -0.8638293652393777, -0.050490886610042196, -0.39545457720671584, -0.3573488438508894, -0.33707951198740904, -0.5148340997396769, -0.4576600065764914, 0.011228753821194589, -1.241152606588723, 0.5064747595565977]}, "3": {"controls": [-0.9218292388213903, -0.33724876101590173, -0.6733600224303223, 0.6035651632125465, -1.0217820547071939, 0.24471994677578363, -0.35346542905585077, 0.13988504285927655, 1.2387230541170526, 0.6191758027684502], "cases": [0.8535609268541019, 0.7380679517291346, -0.7122764099854618, -0.4263793857589399, 0.7972086875975284, -0.23388583045473837, 0.701677698202653, -0.12719481362916055, -0.2588983343878305, -0.3806524487458889, -0.13690501602389496, -0.7152629807546421, 0.5247311045328237, 0.03582081411379267, -0.2296349966498097, 0.2906037298961709, -0.25896420023828765]}, "4": {"controls": [0.07770965237767656, 0.34512196747107066, 0.27691000253801357, -0.7835864615297282, -0.9185672109114873, 0.78179082522344, 1.2978797909474842, 1.0589462474102498, 0.06386363036175786, -0.40346899720831336], "cases": [-0.1128534586705048, -0.43864917897048367, -0.22537277561475097, 0.059223187219474234, 0.09596669388537142, -0.0027546461225129025, -0.06476803288857186, -0.911248616031698, 0.3919351346577048, -0.14019724133491682, -0.01431995500159998, -0.11760623282620584, 0.2759434172966508, -1.152232416222728, 0.29749154335527184, 0.6022001084933994, -0.3393569779040654]}, "5": {"controls": [-0.6784155315708379, -0.891054116895376, -0.017896313164591126, -0.47974450739558167, -0.03535986589447666, 0.1558044163843207, 0.12383861761869817, 0.37895766023840677, -0.7705083154653555, 1.3742942174298207], "cases": [0.3032848811185627, 0.42780123371816353, 0.47363516565858704, 0.43153085505459177, -0.3627165882482636, -0.16118373497666338, -0.17470511266892003, 0.4374088493097007, 0.14927313512388077, 0.8449264492796629, -0.11021111320708978, -0.31845407934933073, -0.21991034561192055, -0.5910450208823613, 0.04889297298523428, -0.13536204970768217, -0.20308175888118005]}, "6": {"controls": [0.3343858651187329, -0.16621836425740452, 0.21375387451038616, -0.20764734545002303, 0.7582762419173878, 0.03962992017305206, 0.04109280439838524, -0.1268496636055247, -0.616052825637, -0.40318327909175006], "cases": [0.17522615104588218, 0.9915753868646908, -0.16451035714188658, -0.3464566737654418, -0.16300690403605586, 0.11655564411957092, 0.2253444530601887, -0.6841202778889108, -0.32995565240673236, 0.3135506256245685, -0.08694084224248876, -0.8596830536533472, 0.14201979568295808, 0.054273267327207594, -0.7485636815919304, 1.1716488365558977, 0.32585605436958975]}, "7": {"controls": [0.0964836549391963, -0.022517326553934656, -0.038413713458508136, -0.44227291433930455, -0.39997135720193217, 0.18296512049458735, -0.2973808996804567, -0.0596911118478476, 0.27486886302573577, -0.3703222943372091], "cases": [-0.040552642826883804, -0.43330800766570327, 1.3454137336394567, 0.22566843826652716, 0.5094819098630365, 0.17586543328643037, 0.11836803244274045, 0.13110805696210112, -0.14144845486703103, 0.13047274534963174, 0.472200911490804, -0.9120642478044325, -0.35609944239346314, 0.4299078067975619, -0.282829247903655, 0.17058163323570807, -0.46651467891315596]}, "8": {"controls": [-0.7687575696226504, -0.45697324993382804, -0.10116823612864147, 0.05738888756802769, 0.802979094458668, 0.019045553480739618, 0.6409559692678956, 0.5107179299987812, 0.1639710622991107, 0.12867770182417476], "cases": [-0.6195197768992204, 0.023478849050569513, 0.20093983248317449, -0.3541778865521217, 0.2915313702604525, 0.16976809983101226, 0.05325220053486646, -0.31497285060365154, -0.2634939856102392, -0.45947093863742716, 0.6199385589094012, 0.3257319245040174, -0.09714196441605384, 0.25921085992428977, -0.42348735062709103, -0.23754030837328982, -0.1708837769909649]}, "9": {"controls": [0.07389753404100158, 0.08725193858802234, 0.28831751740799744, -0.13480276024709012, -0.0077740505104900715, -0.03807911188264539, -0.3282622767109426, 0.41793966597940235, -0.27929526476306454, -0.4890340372965963], "cases": [0.16592196900612757, 0.9306345014594112, 0.20241751761345958, -0.027495248593042632, 0.5166215153266726, -0.5430079704140293, -0.4309205810623962, 0.013506769455794763, -0.391672443885981, -0.1247985447809145, 0.07951421498801749, 0.28830554686821486, 0.12315251153053416, -0.03206028451324992, 0.48267669563675836, -0.33635693609391865, -0.5065983871470504]}},