{"data": {"0": {"controls": [0.07641703558384066, -0.4227330960858692, 0.3215245644431893, 0.7723078120570105, -0.24230489477054964, 0.6075492592657155, 0.1846923042733694, 0.14470714421990558, -0.6040470122031071, 0.5340224901993348], "cases": [0.6561001345703658, -0.3056671382531771, 0.12773366950560414, -0.28345047256888634, -0.34470455503192354, -0.12827131507019557, -0.39398005357372134, -0.41014424999743454, 1.0177795437989723, -0.5088923879494219, 0.5830751816813555, 0.08380094401064794, -0.25836403859880114, -0.1648422758741826, -0.3742100002842821, -0.24907455189738123, -0.41902404145037875]}, "1": {"controls": [-0.30178069395906904, 0.24098405419660723, 0.707800403243314, -0.5327934220947491, 0.24609617007431858, -0.4457213188096596, 0.8604511814117102, -0.1293594592976118, 0.2307383075448478, 0.8325216855256605], "cases": [0.35256810803248856, -0.13172745727463947, -0.29887882300272123, -0.10689880451254721, -0.3380536710730824, -0.13965809893043174, -0.12111773842782464, -0.12166219883724554, 0.07863447230641148, 0.1270545525648629, -0.47840761393217623, -0.47303460465655944, 0.1776374372689514, -0.17197073628752355, -0.24206063779076772, 0.018374247576406596, 0.16026465914102878]}, "2": {"controls": [-0.26373503052940206, -0.2261484945921502, 0.16826227789968995, -0.40578428075199285, 0.025191509274673368, -0.23030301822521235, -0.0844997453474865, -0.4669701465185067, -0.20890620236809448, 0.00942047870341933], "cases": [0.40194093854668655, 0.1235636982069309, 0.03997100880778085, 0.04392098187947271, 0.21223069160280647, 0.06797455956513969, 0.25297469142133616, 0.03893702010295451, 0.1438291819116118, -0.030195372501490656, 0.08149906901796189, 0.5517305812725742, -0.39062318964326787, -0.13820357598617394, 0.31710650239464055, -0.0806876152579665, 0.04750348111406397]}, "3": {"controls": [-0.029416072733684066, 0.13504686620617998, -0.3762771821020348, 0.01116480583189815, 0.6240345901616171, -0.38412303895507055, -0.25416897986436227, -0.23887509915886573, 0.09282568616587973, 0.29729326078071144], "cases": [-0.15726019284515977, -0.10087813546199441, 0.11234925901958155, -0.19752877983887845, -0.20470078031811512, -0.20722580416090555, -0.12836295497578343, 0.08661854812944862, 0.21770474402797813, 0.012263351115086984, 0.3310283047668928, 0.17462839592605922, 0.05280917757658847, 0.2943893879281049, -0.17130473194919404, 0.019611706238612567, -0.011646331510592384]}, "4": {"controls": [-0.13474861766350202, 0.099181605790973, 0.014712178095882909, 0.11690031253698244, 0.1431417637256008, 0.09438321040733572, -0.19065051476167577, 0.014475901642372356, -0.13936155789245488, -0.04617073636664063], "cases": [0.12965292579406967, 0.18815600195355334, -0.23113474514713067, -0.1278463185410801, -0.3024522786505229, 0.14735322763107997, 0.048706194970163055, -0.22320418931793504, -0.17094955947143653, -0.010212868964116958, 0.0675177585502184, 0.10056428205513719, 0.09697151621388071, -0.2366422010910935, -0.04859001230023217, 0.3327029641439278, 0.26754375665664454]}, "5": {"controls": [0.00038749644968699573, -0.035799202784972485, 0.17450975359337115, -0.12031457136311385, 0.002705525971903113, 0.0788885047883458, -0.06294619406769601, 0.20255975933287876, -0.1988471795697139, -0.09201358117180601], "cases": [-0.1110561490435954, -0.05563786477043037, -0.1515394102501487, -0.17721135689221496, -0.22988786434510622, -0.12134062763173706, 0.0724715664014138, 0.21861372567425758, 0.1330262884492243, 0.13974619525056495, -0.19431475811800591, 0.2914170847064802, 0.23122831207415018, 0.1320881514994598, 0.06948988701168161, -0.09412674498592587, -0.10209674620895318]}, "6": {"controls": [-0.05670946044802446, -0.20543691407542986, -0.1074544523352015, -0.09546350981421266, 0.13391033317636325, 0.23214068853291908, 0.3013514063398049, 0.023996331583381537, 0.009634539356347387, -0.04180349843292668], "cases": [-0.2291054808560133, 0.06614753124481804, 0.042413467200963756, 0.12646435589519925, -0.09476307610536482, -0.2590680391138253, 0.07776544202146068, -0.10780386768738344, 9.248055637861403e-05, 0.05268192489262352, 0.0722488716923411, 0.0951521174058872, -0.12207084630781669, -0.05540272220302464, -0.035534548297848946, 0.025494587824673523, 0.1511223379539079]}, "7": {"controls": [0.1246967615203902, -0.007392249801306912, -0.06775282525054661, 0.21344289712840028, -0.11118958410515477, -0.11034104965857691, 0.18282456474580489, -0.17980493048020865, 0.0039828634940205975, -0.11123471267980643], "cases": [0.06627149630315617, 0.11423689270126185, -0.21203772498890525, -0.10696245854279343, 0.008961969873460908, -0.1691919732265793, -0.0008576442231573318, 0.15892052083607683, 0.05690720136229278, -0.03441175853566017, -0.07652928158300638, 0.009690485897508979, -0.08627455620688874, 0.10759475971391452, 0.006379262563769506, 0.18419145941107123, 0.03587961373146083]}, "8": {"controls": [-0.11264875969122069, 0.14953436808780574, -0.13864465416644442, 0.09438449573763145, -0.015924824798825017, -0.06278997369677827, 0.1366308790976863, 0.10993108003598154, 0.010975139207575585, -0.009018491065312243], "cases": [0.04162523316408425, -0.07238403058774306, -0.0869440228359154, 0.034653423533561364, 0.05897759144241763, 0.0014853847605399502, -0.08492710674968963, 0.014107741856119549, -0.051810665061697445, -0.0788625733712475, 0.002901164305390574, 0.18373562643162586, 0.040176195890942075, -0.08828430892068725, 0.028253145985890883, -0.17479080499826705, 0.06965874640657606]}, "9": {"controls": [-0.08834687285661057, -0.01188387305245734, -0.06743064289308708, -0.0562014806064151, -0.043562178929145316, 0.093828308756125, -0.10299322039757051, 0.047279758184404046, 0.14405796280497624, 0.06492315751367114], "cases": [0.0321435066197672, 0.14136116105994465, -0.08551884176177436, -0.08687300025077059, 0.1058851038744243, -0.08846845647616489, -0.050093661626942766, -0.06041778163766325, 0.10682187643704218, 0.00841268906254417, -0.048572834354802086, -0.0186260059953921, 0.02107782474578741, 0.017199443209407125, 0.03331979132992624, -0.023778652201404713, 0.016456919442183825]}},