Stage,Mean,Std,t-value,p-value
Early,0.5228719159257715,0.17099302998990604,0.35389396603324313,0.7355223289494661
Late,0.5085961002462823,0.19443813311968958,0.12504462326150698,0.9040035792445196
