in-mean,in-std,out-mean,out-std,t-value,p-value
0.6119319381287787,0.2522432058212557,0.5178587725005185,0.20032024954113511,1.9228879402620915,0.056072629455330515
