Study,aucs
Jin2017,0.9102564102564102
Chen2019,0.7347222222222223
Yao2019,0.8400000000000001
Nigita2018,0.7293233082706767
