technology,in-mean,in-std,out-mean,out-std,t-value,p-value
Sequencing,0.5354813957971853,0.18029076898181418,0.4516954369191607,0.16514532068319887,1.5450078922373818,0.1243449333805994
qRT-PCR,0.5122202569619645,0.15259112998523292,0.4996301277327765,0.15471039720108215,0.41582576974257063,0.677935589827148
Microarray,0.5291398661308077,0.2075290973118005,0.47728365354528796,0.1617239309163917,2.966594989429466,0.0031729785888206957
