in-mean,in-std,out-mean,out-std,t-value,p-value
-0.05899492980493531,0.24581326697926045,0.003707973389537384,0.24845100111837112,-0.6505848825022471,0.52081281031756
