mean non-randomized,std non-randomized,mean randomized,std randomized,t-value,p-value
-5.261530700610911,13.975025013472177,-2.315394407499741,3.4857775330197627,-2.4374640867430375,0.015408807297375008
