statistic,pvalue
0.17350475904183382,0.8637097893170239
