mean most consistent,std most consistent,mean lest consistent,std least consistent,tvalue,pvalue
0.51,0.5000086993588579,0.478695652173913,0.4996545509374645,2.1238792511044737,0.03373347908224169
