mean most consistent,std most consistent,mean lest consistent,std least consistent,tvalue,pvalue
0.4856521739130435,0.499902783823974,0.4673913043478261,0.4990440395219423,1.2398177211518013,0.21510609267994002
