in-mean,in-std,out-mean,out-std,t-value,p-value
0.5276902245261187,0.1871784373688178,0.46030127786020236,0.13962555057214882,1.2905703668581414,0.2046501909285146
