mean,std,t-value,p-value
0.5668426449009104,0.28197121893347277,0.7862219909174049,0.2249832408801673
