{"logreg": {"Abdollahi2019": 0.6700617283950617, "Leidinger2011": 0.5022222222222222, "Abdollahi2019 to Leidinger2011": 0.6240601503759398, "Leidinger2011 to Abdollahi2019": 0.3645213628988642}, "SVM": {"Abdollahi2019": 0.8141975308641977, "Leidinger2011": 0.4833333333333333, "Abdollahi2019 to Leidinger2011": 0.4849624060150376, "Leidinger2011 to Abdollahi2019": 0.4672796106003245}, "random forest": {"Abdollahi2019": 0.9260802469135803, "Leidinger2011": 0.4508333333333333, "Abdollahi2019 to Leidinger2011": 0.47932330827067665, "Leidinger2011 to Abdollahi2019": 0.32260681449432127}, "xgb": {"Abdollahi2019": 0.8527777777777779, "Leidinger2011": 0.5266666666666666, "Abdollahi2019 to Leidinger2011": 0.5028195488721805, "Leidinger2011 to Abdollahi2019": 0.2733910221741482}}