{"logreg": {"Abdollahi2019": 0.6700617283950617, "Leidinger2014": 0.613045634920635, "Abdollahi2019 to Leidinger2014": 0.5281954887218046, "Leidinger2014 to Abdollahi2019": 0.40400216333153055}, "SVM": {"Abdollahi2019": 0.8141975308641977, "Leidinger2014": 0.47093253968253973, "Abdollahi2019 to Leidinger2014": 0.5050125313283208, "Leidinger2014 to Abdollahi2019": 0.5262303948080043}, "random forest": {"Abdollahi2019": 0.9220679012345678, "Leidinger2014": 0.5545386904761905, "Abdollahi2019 to Leidinger2014": 0.4570802005012532, "Leidinger2014 to Abdollahi2019": 0.4556517036235803}, "xgb": {"Abdollahi2019": 0.8527777777777779, "Leidinger2014": 0.5950644841269842, "Abdollahi2019 to Leidinger2014": 0.5084586466165414, "Leidinger2014 to Abdollahi2019": 0.6998377501352081}}