{"logreg": {"Abdollahi2019": 0.6700617283950617, "Keller2014": 0.7772319688109162, "Abdollahi2019 to Keller2014": 0.5891868259982512, "Keller2014 to Abdollahi2019": 0.3607355327203894}, "SVM": {"Abdollahi2019": 0.8141975308641977, "Keller2014": 0.6615928710665553, "Abdollahi2019 to Keller2014": 0.5504226173127368, "Keller2014 to Abdollahi2019": 0.4737696051919957}, "random forest": {"Abdollahi2019": 0.9233024691358025, "Keller2014": 0.7081537176274019, "Abdollahi2019 to Keller2014": 0.46466044884873214, "Keller2014 to Abdollahi2019": 0.4553812871822607}, "xgb": {"Abdollahi2019": 0.8527777777777779, "Keller2014": 0.6994931773879142, "Abdollahi2019 to Keller2014": 0.5030603322646459, "Keller2014 to Abdollahi2019": 0.4099513250405624}}