{"logreg": {"Abdollahi2019": 0.6700617283950617, "Reis2020": 0.9571428571428571, "Abdollahi2019 to Reis2020": 0.8979591836734694, "Reis2020 to Abdollahi2019": 0.7203893996755003}, "SVM": {"Abdollahi2019": 0.8141975308641977, "Reis2020": 0.9428571428571428, "Abdollahi2019 to Reis2020": 0.5102040816326531, "Reis2020 to Abdollahi2019": 0.5592212006489994}, "random forest": {"Abdollahi2019": 0.9299382716049382, "Reis2020": 0.9428571428571428, "Abdollahi2019 to Reis2020": 0.4775510204081633, "Reis2020 to Abdollahi2019": 0.5511087074094105}, "xgb": {"Abdollahi2019": 0.8527777777777779, "Reis2020": 0.9214285714285715, "Abdollahi2019 to Reis2020": 0.38571428571428573, "Reis2020 to Abdollahi2019": 0.7687939426717144}}