{"logreg": {"Abdollahi2019": 0.6700617283950617, "Asakura2020": 0.7969133391299775, "Abdollahi2019 to Asakura2020": 0.6914972903304495, "Asakura2020 to Abdollahi2019": 0.5062195781503516}, "SVM": {"Abdollahi2019": 0.8141975308641977, "Asakura2020": 0.8830986637686321, "Abdollahi2019 to Asakura2020": 0.6079047763129964, "Asakura2020 to Abdollahi2019": 0.5689561925365062}, "random forest": {"Abdollahi2019": 0.9260802469135803, "Asakura2020": 0.8835307954466657, "Abdollahi2019 to Asakura2020": 0.6234437431320051, "Asakura2020 to Abdollahi2019": 0.5692266089778258}, "xgb": {"Abdollahi2019": 0.8527777777777779, "Asakura2020": 0.8767335683737532, "Abdollahi2019 to Asakura2020": 0.6660124113537558, "Asakura2020 to Abdollahi2019": 0.5608436992969172}}