{"logreg": {"Abdollahi2019": 0.6700617283950617, "Wozniak2015": 0.5495, "Abdollahi2019 to Wozniak2015": 0.5285, "Wozniak2015 to Abdollahi2019": 0.27852893455922123}, "SVM": {"Abdollahi2019": 0.8141975308641977, "Wozniak2015": 0.5630000000000001, "Abdollahi2019 to Wozniak2015": 0.47550000000000003, "Wozniak2015 to Abdollahi2019": 0.49972958355868036}, "random forest": {"Abdollahi2019": 0.9266975308641975, "Wozniak2015": 0.5165, "Abdollahi2019 to Wozniak2015": 0.5262000000000001, "Wozniak2015 to Abdollahi2019": 0.2655489453758789}, "xgb": {"Abdollahi2019": 0.8527777777777779, "Wozniak2015": 0.5605, "Abdollahi2019 to Wozniak2015": 0.6004499999999999, "Wozniak2015 to Abdollahi2019": 0.37344510546241216}}