{"logreg": {"Abdollahi2019": 0.6700617283950617, "Fehlmann2020": 0.6220793220772468, "Abdollahi2019 to Fehlmann2020": 0.4275433767443134, "Fehlmann2020 to Abdollahi2019": 0.7052460789616009}, "SVM": {"Abdollahi2019": 0.8141975308641977, "Fehlmann2020": 0.7563893724294207, "Abdollahi2019 to Fehlmann2020": 0.5056583199813758, "Fehlmann2020 to Abdollahi2019": 0.609518658734451}, "random forest": {"Abdollahi2019": 0.9364197530864198, "Fehlmann2020": 0.7312624785046514, "Abdollahi2019 to Fehlmann2020": 0.4330861509387453, "Fehlmann2020 to Abdollahi2019": 0.5914007571660358}, "xgb": {"Abdollahi2019": 0.8527777777777779, "Fehlmann2020": 0.7182104957086521, "Abdollahi2019 to Fehlmann2020": 0.405148035550443, "Fehlmann2020 to Abdollahi2019": 0.6430502974580854}}