{"logreg": {"Abdollahi2019": 0.6700617283950617, "Patnaik2012": 0.8412698412698413, "Abdollahi2019 to Patnaik2012": 0.6742424242424243, "Patnaik2012 to Abdollahi2019": 0.6673877771768524}, "SVM": {"Abdollahi2019": 0.8141975308641977, "Patnaik2012": 0.773015873015873, "Abdollahi2019 to Patnaik2012": 0.6060606060606061, "Patnaik2012 to Abdollahi2019": 0.5976203353163873}, "random forest": {"Abdollahi2019": 0.9274691358024691, "Patnaik2012": 0.7587301587301587, "Abdollahi2019 to Patnaik2012": 0.7803030303030303, "Patnaik2012 to Abdollahi2019": 0.5648999459167117}, "xgb": {"Abdollahi2019": 0.8527777777777779, "Patnaik2012": 0.7968253968253969, "Abdollahi2019 to Patnaik2012": 0.6767676767676768, "Patnaik2012 to Abdollahi2019": 0.6522444564629529}}