{"logreg": {"Abdollahi2019": 0.6700617283950617, "Keller2009": 0.25, "Abdollahi2019 to Keller2009": 0.5882352941176471, "Keller2009 to Abdollahi2019": 0.47431043807463497}, "SVM": {"Abdollahi2019": 0.8141975308641977, "Keller2009": 0.7333333333333333, "Abdollahi2019 to Keller2009": 0.4148606811145511, "Keller2009 to Abdollahi2019": 0.4656571119524067}, "random forest": {"Abdollahi2019": 0.9299382716049382, "Keller2009": 0.7166666666666667, "Abdollahi2019 to Keller2009": 0.46594427244582043, "Keller2009 to Abdollahi2019": 0.4772850189291509}, "xgb": {"Abdollahi2019": 0.8527777777777779, "Keller2009": 0.6166666666666666, "Abdollahi2019 to Keller2009": 0.5356037151702786, "Keller2009 to Abdollahi2019": 0.5703082747431044}}