{"logreg": {"Abdollahi2019": 0.6700617283950617, "Patnaik2017": 0.4686002178649238, "Abdollahi2019 to Patnaik2017": 0.5380549682875264, "Patnaik2017 to Abdollahi2019": 0.6473769605191996}, "SVM": {"Abdollahi2019": 0.8141975308641977, "Patnaik2017": 0.4386383442265795, "Abdollahi2019 to Patnaik2017": 0.5400181214134703, "Patnaik2017 to Abdollahi2019": 0.2928610059491617}, "random forest": {"Abdollahi2019": 0.9131172839506172, "Patnaik2017": 0.4474618736383443, "Abdollahi2019 to Patnaik2017": 0.5656146179401993, "Patnaik2017 to Abdollahi2019": 0.5159545700378583}, "xgb": {"Abdollahi2019": 0.8527777777777779, "Patnaik2017": 0.4419880174291939, "Abdollahi2019 to Patnaik2017": 0.5790546662639686, "Patnaik2017 to Abdollahi2019": 0.46782044348296375}}