{"logreg": {"Asakura2020": 0.8776988871061506, "Leidinger2016": 0.9307407407407406, "Asakura2020 to Leidinger2016": 0.6833137485311397, "Leidinger2016 to Asakura2020": 0.47368509781432105}, "SVM": {"Asakura2020": 0.9287703547966402, "Leidinger2016": 0.9177777777777777, "Asakura2020 to Leidinger2016": 0.46327849588719155, "Leidinger2016 to Asakura2020": 0.27807639262707184}, "random forest": {"Asakura2020": 0.958798121429845, "Leidinger2016": 0.9378571428571428, "Asakura2020 to Leidinger2016": 0.42552878965922447, "Leidinger2016 to Asakura2020": 0.3557130283445157}, "xgb": {"Asakura2020": 0.9640977698752151, "Leidinger2016": 0.9388888888888889, "Asakura2020 to Leidinger2016": 0.5572855464159812, "Leidinger2016 to Asakura2020": 0.40749683060724506}}