{"logreg": {"Asakura2020": 0.8249907254786553, "Li2017": 0.3333333333333333, "Asakura2020 to Li2017": 0.6666666666666666, "Li2017 to Asakura2020": 0.21702292283100366}, "SVM": {"Asakura2020": 0.9268869355856294, "Li2017": 0.16666666666666666, "Asakura2020 to Li2017": 0.6111111111111112, "Li2017 to Asakura2020": 0.6253704465999833}, "random forest": {"Asakura2020": 0.9517443924200812, "Li2017": 0.8333333333333334, "Asakura2020 to Li2017": 0.7222222222222223, "Li2017 to Asakura2020": 0.2091340374604046}, "xgb": {"Asakura2020": 0.9415975551507108, "Li2017": 0.5, "Asakura2020 to Li2017": 0.9444444444444445, "Li2017 to Asakura2020": 0.6094698289055656}}