{"logreg": {"Asakura2020": 0.7974302403084206, "Keller2009": 0.95, "Asakura2020 to Keller2009": 0.4055727554179567, "Keller2009 to Asakura2020": 0.5739969648886404}, "SVM": {"Asakura2020": 0.9293813231296806, "Keller2009": 0.9125, "Asakura2020 to Keller2009": 0.3869969040247679, "Keller2009 to Asakura2020": 0.6979729959527938}, "random forest": {"Asakura2020": 0.9676632350702714, "Keller2009": 0.9875, "Asakura2020 to Keller2009": 0.6130030959752322, "Keller2009 to Asakura2020": 0.5409310509014446}, "xgb": {"Asakura2020": 0.955967117783081, "Keller2009": 0.8, "Asakura2020 to Keller2009": 0.5386996904024768, "Keller2009 to Asakura2020": 0.3707241050936627}}