{"logreg": {"Asakura2020": 0.8716393331197771, "Halvorsen2016": 0.9166666666666667, "Asakura2020 to Halvorsen2016": 0.6907894736842105, "Halvorsen2016 to Asakura2020": 0.4386375070805583}, "SVM": {"Asakura2020": 0.9228261606100066, "Halvorsen2016": 0.9916666666666668, "Asakura2020 to Halvorsen2016": 0.7861842105263157, "Halvorsen2016 to Asakura2020": 0.3516413408437094}, "random forest": {"Asakura2020": 0.9705506063108633, "Halvorsen2016": 0.9833333333333334, "Asakura2020 to Halvorsen2016": 0.5230263157894737, "Halvorsen2016 to Asakura2020": 0.22074937814227263}, "xgb": {"Asakura2020": 0.9707248856883991, "Halvorsen2016": 0.9416666666666668, "Asakura2020 to Halvorsen2016": 0.319078947368421, "Halvorsen2016 to Asakura2020": 0.3242498419701485}}