{"logreg": {"Asakura2020": 0.8378587594968021, "Wozniak2015": 0.48200000000000004, "Asakura2020 to Wozniak2015": 0.5111, "Wozniak2015 to Asakura2020": 0.6975112204126485}, "SVM": {"Asakura2020": 0.9214773692239359, "Wozniak2015": 0.5660000000000001, "Asakura2020 to Wozniak2015": 0.4987, "Wozniak2015 to Asakura2020": 0.6519995027483708}, "random forest": {"Asakura2020": 0.9747895642348023, "Wozniak2015": 0.673, "Asakura2020 to Wozniak2015": 0.47974999999999995, "Wozniak2015 to Asakura2020": 0.5632129667744435}, "xgb": {"Asakura2020": 0.9699136265759446, "Wozniak2015": 0.6595, "Asakura2020 to Wozniak2015": 0.4973, "Wozniak2015 to Asakura2020": 0.5100036707490557}}