{"logreg": {"Asakura2020": 0.8455750452051276, "Marzi2016": 0.9764030180600161, "Asakura2020 to Marzi2016": 0.22031673441734417, "Marzi2016 to Asakura2020": 0.3062172872343545}, "SVM": {"Asakura2020": 0.9015262920764455, "Marzi2016": 0.9689123703626967, "Asakura2020 to Marzi2016": 0.20543275745257453, "Marzi2016 to Asakura2020": 0.2879299496767278}, "random forest": {"Asakura2020": 0.9282947571708398, "Marzi2016": 0.9435683207293069, "Asakura2020 to Marzi2016": 0.3532139227642276, "Marzi2016 to Asakura2020": 0.33972078851911663}, "xgb": {"Asakura2020": 0.9315210229382895, "Marzi2016": 0.968569701992472, "Asakura2020 to Marzi2016": 0.3200796070460704, "Marzi2016 to Asakura2020": 0.33520418395026547}}