{"logreg": {"Asakura2020": 0.746702214915906, "Keller2014": 0.8492341966026176, "Asakura2020 to Keller2014": 0.2650830661614689, "Keller2014 to Asakura2020": 0.29828676876743754}, "SVM": {"Asakura2020": 0.9163499900343153, "Keller2014": 0.8925368978000557, "Asakura2020 to Keller2014": 0.46764791605945794, "Keller2014 to Asakura2020": 0.2305980975434128}, "random forest": {"Asakura2020": 0.9591342261422107, "Keller2014": 0.8750348092453356, "Asakura2020 to Keller2014": 0.5410958904109588, "Keller2014 to Asakura2020": 0.48227661498298907}, "xgb": {"Asakura2020": 0.94696571399072, "Keller2014": 0.805062656641604, "Asakura2020 to Keller2014": 0.36971728359078987, "Keller2014 to Asakura2020": 0.3842638037169559}}