{"logreg": {"Asakura2020": 0.8560968083793888, "Nigita2018": 0.7, "Asakura2020 to Nigita2018": 0.41353383458646614, "Nigita2018 to Asakura2020": 0.5674398988139845}, "SVM": {"Asakura2020": 0.9047374405842946, "Nigita2018": 0.3, "Asakura2020 to Nigita2018": 0.5338345864661654, "Nigita2018 to Asakura2020": 0.5552846472386702}, "random forest": {"Asakura2020": 0.936675971906625, "Nigita2018": 0.2333333333333333, "Asakura2020 to Nigita2018": 0.4473684210526316, "Nigita2018 to Asakura2020": 0.35817040719513726}, "xgb": {"Asakura2020": 0.9265219444537809, "Nigita2018": 0.2833333333333333, "Asakura2020 to Nigita2018": 0.5939849624060151, "Nigita2018 to Asakura2020": 0.3431690057430217}}