{"logreg": {"Asakura2020": 0.8247542843415694, "Chen2019": 0.875, "Asakura2020 to Chen2019": 0.45972222222222214, "Chen2019 to Asakura2020": 0.3611814769077047}, "SVM": {"Asakura2020": 0.9066302198201891, "Chen2019": 0.7866666666666667, "Asakura2020 to Chen2019": 0.3763888888888889, "Chen2019 to Asakura2020": 0.3176470381277069}, "random forest": {"Asakura2020": 0.9467926562011406, "Chen2019": 0.8241666666666667, "Asakura2020 to Chen2019": 0.28055555555555556, "Chen2019 to Asakura2020": 0.21779899892926713}, "xgb": {"Asakura2020": 0.9344952026956724, "Chen2019": 0.63, "Asakura2020 to Chen2019": 0.46805555555555556, "Chen2019 to Asakura2020": 0.428453377382322}}