{"logreg": {"Asakura2020": 0.8331175736450543, "Zaporozhchenko2018": 0.20833333333333334, "Asakura2020 to Zaporozhchenko2018": 0.38823529411764707, "Zaporozhchenko2018 to Asakura2020": 0.6075280261104016}, "SVM": {"Asakura2020": 0.8843496417240774, "Zaporozhchenko2018": 0.7166666666666667, "Asakura2020 to Zaporozhchenko2018": 0.31176470588235294, "Zaporozhchenko2018 to Asakura2020": 0.27535572842086253}, "random forest": {"Asakura2020": 0.9488496909328715, "Zaporozhchenko2018": 0.8333333333333334, "Asakura2020 to Zaporozhchenko2018": 0.3676470588235293, "Zaporozhchenko2018 to Asakura2020": 0.43981144312039466}, "xgb": {"Asakura2020": 0.9488456400243326, "Zaporozhchenko2018": 0.75, "Asakura2020 to Zaporozhchenko2018": 0.5, "Zaporozhchenko2018 to Asakura2020": 0.5309795681181958}}