{"logreg": {"Asakura2020": 0.7726657009713067, "Jin2017": 1.0, "Asakura2020 to Jin2017": 0.40705128205128205, "Jin2017 to Asakura2020": 0.4840718223685831}, "SVM": {"Asakura2020": 0.9294936716040031, "Jin2017": 1.0, "Asakura2020 to Jin2017": 0.11858974358974361, "Jin2017 to Asakura2020": 0.385642386948552}, "random forest": {"Asakura2020": 0.9725643556833662, "Jin2017": 1.0, "Asakura2020 to Jin2017": 0.40224358974358976, "Jin2017 to Asakura2020": 0.6877418091280857}, "xgb": {"Asakura2020": 0.9428628613061804, "Jin2017": 0.9800000000000001, "Asakura2020 to Jin2017": 0.3333333333333333, "Jin2017 to Asakura2020": 0.812826541274817}}