{"logreg": {"Asakura2020": 0.7088787195721322, "Keller2020": 0.9660130718954247, "Asakura2020 to Keller2020": 0.27045454545454545, "Keller2020 to Asakura2020": 0.4619203764101012}, "SVM": {"Asakura2020": 0.9290951183534965, "Keller2020": 0.9722222222222221, "Asakura2020 to Keller2020": 0.42613636363636365, "Keller2020 to Asakura2020": 0.15311978486830452}, "random forest": {"Asakura2020": 0.9708857491003678, "Keller2020": 0.9436274509803922, "Asakura2020 to Keller2020": 0.4431818181818182, "Keller2020 to Asakura2020": 0.5693069379502678}, "xgb": {"Asakura2020": 0.9563259599454643, "Keller2020": 0.9718954248366012, "Asakura2020 to Keller2020": 0.42045454545454547, "Keller2020 to Asakura2020": 0.5280394505838603}}