{"logreg": {"Asakura2020": 0.8601442753605969, "Boeri2011": 0.6833333333333333, "Asakura2020 to Boeri2011": 0.587719298245614, "Boeri2011 to Asakura2020": 0.6426376267024125}, "SVM": {"Asakura2020": 0.9057301626591043, "Boeri2011": 0.9, "Asakura2020 to Boeri2011": 0.4649122807017544, "Boeri2011 to Asakura2020": 0.5115291425810409}, "random forest": {"Asakura2020": 0.9519771372699694, "Boeri2011": 0.875, "Asakura2020 to Boeri2011": 0.706140350877193, "Boeri2011 to Asakura2020": 0.6392037758286452}, "xgb": {"Asakura2020": 0.9541748225658864, "Boeri2011": 0.8916666666666666, "Asakura2020 to Boeri2011": 0.6052631578947368, "Boeri2011 to Asakura2020": 0.5117421457111461}}