{"logreg": {"Asakura2020": 0.793635309515719, "Qu2017": 1.0, "Asakura2020 to Qu2017": 1.0, "Qu2017 to Asakura2020": 0.6113884696260176}, "SVM": {"Asakura2020": 0.9317908022582367, "Qu2017": 1.0, "Asakura2020 to Qu2017": 1.0, "Qu2017 to Asakura2020": 0.46203633337907113}, "random forest": {"Asakura2020": 0.9575808756237496, "Qu2017": 1.0, "Asakura2020 to Qu2017": 0.8055555555555555, "Qu2017 to Asakura2020": 0.5225040079184976}, "xgb": {"Asakura2020": 0.9349227849180547, "Qu2017": 0.6875, "Asakura2020 to Qu2017": 0.9444444444444444, "Qu2017 to Asakura2020": 0.4631186472879263}}