{"logreg": {"Asakura2020": 0.7404836665569017, "Patnaik2012": 0.7158730158730158, "Asakura2020 to Patnaik2012": 0.5467171717171717, "Patnaik2012 to Asakura2020": 0.49482928671364756}, "SVM": {"Asakura2020": 0.9221185310679549, "Patnaik2012": 0.8682539682539682, "Asakura2020 to Patnaik2012": 0.3257575757575757, "Patnaik2012 to Asakura2020": 0.15815211208802293}, "random forest": {"Asakura2020": 0.969862865284686, "Patnaik2012": 0.803968253968254, "Asakura2020 to Patnaik2012": 0.38888888888888884, "Patnaik2012 to Asakura2020": 0.3497169829022842}, "xgb": {"Asakura2020": 0.955616194832087, "Patnaik2012": 0.7746031746031747, "Asakura2020 to Patnaik2012": 0.47979797979797983, "Patnaik2012 to Asakura2020": 0.5887563373195557}}