{"logreg": {"Asakura2020": 0.7442465737259829, "Patnaik2017": 0.5810294117647059, "Asakura2020 to Patnaik2017": 0.49622470552703113, "Patnaik2017 to Asakura2020": 0.7823568319911058}, "SVM": {"Asakura2020": 0.9142801555333084, "Patnaik2017": 0.4900816993464052, "Asakura2020 to Patnaik2017": 0.559951676230746, "Patnaik2017 to Asakura2020": 0.359134565203879}, "random forest": {"Asakura2020": 0.9782496277505952, "Patnaik2017": 0.4976307189542483, "Asakura2020 to Patnaik2017": 0.4691180912111144, "Patnaik2017 to Asakura2020": 0.36562639632127614}, "xgb": {"Asakura2020": 0.9480038255585918, "Patnaik2017": 0.5162200435729847, "Asakura2020 to Patnaik2017": 0.4693446088794926, "Patnaik2017 to Asakura2020": 0.5418544553863258}}