{"logreg": {"Asakura2020": 0.7807530128549105, "Yao2019": 1.0, "Asakura2020 to Yao2019": 0.8400000000000001, "Yao2019 to Asakura2020": 0.6997532506066119}, "SVM": {"Asakura2020": 0.9117396423653377, "Yao2019": 1.0, "Asakura2020 to Yao2019": 0.76, "Yao2019 to Asakura2020": 0.6452297267344289}, "random forest": {"Asakura2020": 0.9586766914260408, "Yao2019": 0.9, "Asakura2020 to Yao2019": 0.46, "Yao2019 to Asakura2020": 0.775746258591957}, "xgb": {"Asakura2020": 0.9284718707079709, "Yao2019": 0.8, "Asakura2020 to Yao2019": 0.48, "Yao2019 to Asakura2020": 0.48097748646337984}}