{"logreg": {"Asakura2020": 0.7336661831709236, "Leidinger2014": 0.7864087301587301, "Asakura2020 to Leidinger2014": 0.5795739348370927, "Leidinger2014 to Asakura2020": 0.26018603543856067}, "SVM": {"Asakura2020": 0.9184947539828852, "Leidinger2014": 0.5530753968253969, "Asakura2020 to Leidinger2014": 0.518796992481203, "Leidinger2014 to Asakura2020": 0.69941637435542}, "random forest": {"Asakura2020": 0.9639575413030215, "Leidinger2014": 0.5073164682539683, "Asakura2020 to Leidinger2014": 0.5444862155388471, "Leidinger2014 to Asakura2020": 0.4436208714334803}, "xgb": {"Asakura2020": 0.9550400729948081, "Leidinger2014": 0.440327380952381, "Asakura2020 to Leidinger2014": 0.5814536340852131, "Leidinger2014 to Asakura2020": 0.3965883729903235}}