{"logreg": {"Asakura2020": 0.7969133391299775, "Abdollahi2019": 0.6700617283950617, "Asakura2020 to Abdollahi2019": 0.5062195781503516, "Abdollahi2019 to Asakura2020": 0.6914972903304495}, "SVM": {"Asakura2020": 0.8830986637686321, "Abdollahi2019": 0.8141975308641977, "Asakura2020 to Abdollahi2019": 0.5689561925365062, "Abdollahi2019 to Asakura2020": 0.607935268158187}, "random forest": {"Asakura2020": 0.8837448693236076, "Abdollahi2019": 0.9358024691358023, "Asakura2020 to Abdollahi2019": 0.5746349378042185, "Abdollahi2019 to Asakura2020": 0.6166537369515426}, "xgb": {"Asakura2020": 0.8767335683737532, "Abdollahi2019": 0.8527777777777779, "Asakura2020 to Abdollahi2019": 0.5608436992969172, "Abdollahi2019 to Asakura2020": 0.6660124113537558}}