{"logreg": {"Asakura2020": 0.743905098041594, "Reis2020": 1.0, "Asakura2020 to Reis2020": 0.40408163265306124, "Reis2020 to Asakura2020": 0.8295092454792907}, "SVM": {"Asakura2020": 0.9164219061822296, "Reis2020": 1.0, "Asakura2020 to Reis2020": 0.4775510204081633, "Reis2020 to Asakura2020": 0.8123420434461883}, "random forest": {"Asakura2020": 0.9599305800210948, "Reis2020": 0.9571428571428571, "Asakura2020 to Reis2020": 0.9816326530612245, "Reis2020 to Asakura2020": 0.8362278596952928}, "xgb": {"Asakura2020": 0.9312660208702066, "Reis2020": 1.0, "Asakura2020 to Reis2020": 0.9142857142857143, "Reis2020 to Asakura2020": 0.7820878294145449}}