{"logreg": {"Asakura2020": 0.7598682030488474, "Fehlmann2020": 0.9937349179374338, "Asakura2020 to Fehlmann2020": 0.6680155567423962, "Fehlmann2020 to Asakura2020": 0.8137581551026344}, "SVM": {"Asakura2020": 0.9210606967767406, "Fehlmann2020": 0.9929389915268138, "Asakura2020 to Fehlmann2020": 0.635587417662928, "Fehlmann2020 to Asakura2020": 0.8246842041687044}, "random forest": {"Asakura2020": 0.965493220271067, "Fehlmann2020": 0.9791176175148276, "Asakura2020 to Fehlmann2020": 0.5533513413582022, "Fehlmann2020 to Asakura2020": 0.8003931982075486}, "xgb": {"Asakura2020": 0.9407276285612447, "Fehlmann2020": 0.9917505132237489, "Asakura2020 to Fehlmann2020": 0.6626225641236324, "Fehlmann2020 to Asakura2020": 0.8148470658049203}}