{"logreg": {"Bianchi2011": 0.686871023713129, "Zaporozhchenko2018": 0.5, "Bianchi2011 to Zaporozhchenko2018": 0.5235294117647058, "Zaporozhchenko2018 to Bianchi2011": 0.5813882532418001}, "SVM": {"Bianchi2011": 0.6558126084441873, "Zaporozhchenko2018": 0.41666666666666663, "Bianchi2011 to Zaporozhchenko2018": 0.6294117647058823, "Zaporozhchenko2018 to Bianchi2011": 0.4204424103737605}, "random forest": {"Bianchi2011": 0.7310584152689416, "Zaporozhchenko2018": 0.7333333333333332, "Bianchi2011 to Zaporozhchenko2018": 0.526470588235294, "Zaporozhchenko2018 to Bianchi2011": 0.6293668954996187}, "xgb": {"Bianchi2011": 0.6893580104106419, "Zaporozhchenko2018": 0.5416666666666666, "Bianchi2011 to Zaporozhchenko2018": 0.47647058823529415, "Zaporozhchenko2018 to Bianchi2011": 0.6520213577421815}}