{"logreg": {"Bianchi2011": 0.7890688259109312, "Wozniak2015": 0.5289999999999999, "Bianchi2011 to Wozniak2015": 0.5088999999999999, "Wozniak2015 to Bianchi2011": 0.37620137299771167}, "SVM": {"Bianchi2011": 0.8409485251590514, "Wozniak2015": 0.603, "Bianchi2011 to Wozniak2015": 0.4222, "Wozniak2015 to Bianchi2011": 0.32623951182303584}, "random forest": {"Bianchi2011": 0.8144592249855407, "Wozniak2015": 0.6397499999999999, "Bianchi2011 to Wozniak2015": 0.45685000000000003, "Wozniak2015 to Bianchi2011": 0.28665141113653697}, "xgb": {"Bianchi2011": 0.8228455754771545, "Wozniak2015": 0.6205, "Bianchi2011 to Wozniak2015": 0.4455, "Wozniak2015 to Bianchi2011": 0.3325705568268498}}