{"logreg": {"Bianchi2011": 0.7362058993637941, "Marzi2016": 0.9523975275389344, "Bianchi2011 to Marzi2016": 0.8417598238482384, "Marzi2016 to Bianchi2011": 0.6692601067887108}, "SVM": {"Bianchi2011": 0.7159629843840369, "Marzi2016": 0.967045938510768, "Bianchi2011 to Marzi2016": 0.7883214769647696, "Marzi2016 to Bianchi2011": 0.699160945842868}, "random forest": {"Bianchi2011": 0.7847310584152689, "Marzi2016": 0.9336335278612292, "Bianchi2011 to Marzi2016": 0.7336869071815718, "Marzi2016 to Bianchi2011": 0.7006864988558352}, "xgb": {"Bianchi2011": 0.742857142857143, "Marzi2016": 0.9439934620210181, "Bianchi2011 to Marzi2016": 0.7763380758807588, "Marzi2016 to Bianchi2011": 0.6681922196796338}}