{"logreg": {"Bianchi2011": 0.7786581839213417, "Leidinger2011": 0.3572222222222222, "Bianchi2011 to Leidinger2011": 0.34398496240601506, "Leidinger2011 to Bianchi2011": 0.6994660564454614}, "SVM": {"Bianchi2011": 0.8370734528629266, "Leidinger2011": 0.8116666666666668, "Bianchi2011 to Leidinger2011": 0.5545112781954887, "Leidinger2011 to Bianchi2011": 0.6440884820747522}, "random forest": {"Bianchi2011": 0.8295835743204165, "Leidinger2011": 0.7533333333333332, "Bianchi2011 to Leidinger2011": 0.6193609022556391, "Leidinger2011 to Bianchi2011": 0.5961098398169337}, "xgb": {"Bianchi2011": 0.8117987275882012, "Leidinger2011": 0.6655555555555556, "Bianchi2011 to Leidinger2011": 0.6090225563909775, "Leidinger2011 to Bianchi2011": 0.6289092295957284}}