{"logreg": {"Bianchi2011": 0.7748409485251591, "Leidinger2014": 0.6226686507936507, "Bianchi2011 to Leidinger2014": 0.4317042606516291, "Leidinger2014 to Bianchi2011": 0.3735316552250191}, "SVM": {"Bianchi2011": 0.809253903990746, "Leidinger2014": 0.44260912698412697, "Bianchi2011 to Leidinger2014": 0.4830827067669173, "Leidinger2014 to Bianchi2011": 0.39862700228832953}, "random forest": {"Bianchi2011": 0.8227009832272991, "Leidinger2014": 0.4133928571428571, "Bianchi2011 to Leidinger2014": 0.463032581453634, "Leidinger2014 to Bianchi2011": 0.4489702517162471}, "xgb": {"Bianchi2011": 0.8122035858877965, "Leidinger2014": 0.4828373015873016, "Bianchi2011 to Leidinger2014": 0.46804511278195493, "Leidinger2014 to Bianchi2011": 0.4430205949656751}}