{"logreg": {"Bianchi2011": 0.702834008097166, "Boeri2011": 0.75, "Bianchi2011 to Boeri2011": 0.631578947368421, "Boeri2011 to Bianchi2011": 0.48161708619374527}, "SVM": {"Bianchi2011": 0.7674956622325043, "Boeri2011": 0.9, "Bianchi2011 to Boeri2011": 0.7894736842105263, "Boeri2011 to Bianchi2011": 0.5290617848970252}, "random forest": {"Bianchi2011": 0.7898785425101215, "Boeri2011": 0.9, "Bianchi2011 to Boeri2011": 0.5921052631578947, "Boeri2011 to Bianchi2011": 0.6486651411136537}, "xgb": {"Bianchi2011": 0.7515905147484094, "Boeri2011": 0.7833333333333333, "Bianchi2011 to Boeri2011": 0.7105263157894737, "Boeri2011 to Bianchi2011": 0.5726163234172388}}