{"logreg": {"Bianchi2011": 0.714864083285136, "Nigita2018": 0.6166666666666666, "Bianchi2011 to Nigita2018": 0.6240601503759399, "Nigita2018 to Bianchi2011": 0.759115179252479}, "SVM": {"Bianchi2011": 0.7662810873337189, "Nigita2018": 0.5583333333333333, "Bianchi2011 to Nigita2018": 0.6240601503759399, "Nigita2018 to Bianchi2011": 0.28405797101449276}, "random forest": {"Bianchi2011": 0.7869577790630422, "Nigita2018": 0.6833333333333333, "Bianchi2011 to Nigita2018": 0.6804511278195489, "Nigita2018 to Bianchi2011": 0.7074752097635393}, "xgb": {"Bianchi2011": 0.7232504337767496, "Nigita2018": 0.7416666666666667, "Bianchi2011 to Nigita2018": 0.4774436090225564, "Nigita2018 to Bianchi2011": 0.7344774980930587}}