{"logreg": {"Bianchi2011": 0.772353961827646, "Halvorsen2016": 0.9261904761904762, "Bianchi2011 to Halvorsen2016": 0.7384868421052632, "Halvorsen2016 to Bianchi2011": 0.5810831426392067}, "SVM": {"Bianchi2011": 0.7998264893001734, "Halvorsen2016": 0.9928571428571429, "Bianchi2011 to Halvorsen2016": 0.4654605263157895, "Halvorsen2016 to Bianchi2011": 0.4530892448512585}, "random forest": {"Bianchi2011": 0.7906015037593985, "Halvorsen2016": 0.9922619047619048, "Bianchi2011 to Halvorsen2016": 0.7269736842105262, "Halvorsen2016 to Bianchi2011": 0.550648360030511}, "xgb": {"Bianchi2011": 0.7930017351069982, "Halvorsen2016": 0.9476190476190476, "Bianchi2011 to Halvorsen2016": 0.7253289473684211, "Halvorsen2016 to Bianchi2011": 0.5855835240274601}}