{"logreg": {"Bianchi2011": 0.6965876229034124, "Keller2014": 0.8598050682261208, "Bianchi2011 to Keller2014": 0.4396677353541241, "Keller2014 to Bianchi2011": 0.36643783371472155}, "SVM": {"Bianchi2011": 0.7934065934065933, "Keller2014": 0.9207630186577556, "Bianchi2011 to Keller2014": 0.6324686680268143, "Keller2014 to Bianchi2011": 0.6138825324180016}, "random forest": {"Bianchi2011": 0.8069115095430884, "Keller2014": 0.9299387357282095, "Bianchi2011 to Keller2014": 0.6777907315651415, "Keller2014 to Bianchi2011": 0.5829138062547674}, "xgb": {"Bianchi2011": 0.7861191440138808, "Keller2014": 0.8784683932052353, "Bianchi2011 to Keller2014": 0.5665986592830078, "Keller2014 to Bianchi2011": 0.6291380625476736}}