{"logreg": {"Bianchi2011": 0.7710237131289762, "Patnaik2017": 0.5975272331154683, "Bianchi2011 to Patnaik2017": 0.4936575052854122, "Patnaik2017 to Bianchi2011": 0.7032799389778795}, "SVM": {"Bianchi2011": 0.8078658183921341, "Patnaik2017": 0.5203213507625272, "Bianchi2011 to Patnaik2017": 0.554364240410752, "Patnaik2017 to Bianchi2011": 0.7479786422578184}, "random forest": {"Bianchi2011": 0.8209947946790053, "Patnaik2017": 0.5516993464052288, "Bianchi2011 to Patnaik2017": 0.5521745696164301, "Patnaik2017 to Bianchi2011": 0.6696414950419527}, "xgb": {"Bianchi2011": 0.8169462116830537, "Patnaik2017": 0.5132788671023965, "Bianchi2011 to Patnaik2017": 0.45454545454545453, "Patnaik2017 to Bianchi2011": 0.7099923722349353}}