{"logreg": {"Bianchi2011": 0.7352805089647194, "Duan2021": 0.9, "Bianchi2011 to Duan2021": 0.888888888888889, "Duan2021 to Bianchi2011": 0.6610221205186879}, "SVM": {"Bianchi2011": 0.7802197802197803, "Duan2021": 0.9, "Bianchi2011 to Duan2021": 0.888888888888889, "Duan2021 to Bianchi2011": 0.7584286803966438}, "random forest": {"Bianchi2011": 0.7733661075766338, "Duan2021": 0.8, "Bianchi2011 to Duan2021": 0.6388888888888888, "Duan2021 to Bianchi2011": 0.5990846681922196}, "xgb": {"Bianchi2011": 0.7412377096587622, "Duan2021": 0.5, "Bianchi2011 to Duan2021": 0.5, "Duan2021 to Bianchi2011": 0.6346300533943555}}