{"logreg": {"Bianchi2011": 0.7710237131289762, "Asakura2020": 0.8555954424933464, "Bianchi2011 to Asakura2020": 0.41691265376392506, "Asakura2020 to Bianchi2011": 0.34202898550724636}, "SVM": {"Bianchi2011": 0.8078658183921341, "Asakura2020": 0.894095299864774, "Bianchi2011 to Asakura2020": 0.3783477993683497, "Asakura2020 to Bianchi2011": 0.39511823035850496}, "random forest": {"Bianchi2011": 0.8296703296703297, "Asakura2020": 0.9355315913387999, "Bianchi2011 to Asakura2020": 0.5005510521445736, "Asakura2020 to Bianchi2011": 0.5140350877192983}, "xgb": {"Bianchi2011": 0.8169462116830537, "Asakura2020": 0.9335341371339816, "Bianchi2011 to Asakura2020": 0.4376896211622788, "Asakura2020 to Bianchi2011": 0.48588863463005344}}