{"logreg": {"Bianchi2011": 0.7615384615384615, "Jin2017": 1.0, "Bianchi2011 to Jin2017": 0.5608974358974359, "Jin2017 to Bianchi2011": 0.587490465293669}, "SVM": {"Bianchi2011": 0.8017351069982649, "Jin2017": 1.0, "Bianchi2011 to Jin2017": 0.5993589743589743, "Jin2017 to Bianchi2011": 0.6022120518688024}, "random forest": {"Bianchi2011": 0.8093406593406594, "Jin2017": 1.0, "Bianchi2011 to Jin2017": 0.6378205128205128, "Jin2017 to Bianchi2011": 0.5456903127383677}, "xgb": {"Bianchi2011": 0.7943319838056679, "Jin2017": 0.9916666666666668, "Bianchi2011 to Jin2017": 0.6089743589743589, "Jin2017 to Bianchi2011": 0.507627765064836}}