{"logreg": {"Bianchi2011": 0.7242336610757665, "Qu2017": 0.9166666666666666, "Bianchi2011 to Qu2017": 0.6944444444444444, "Qu2017 to Bianchi2011": 0.4404271548436309}, "SVM": {"Bianchi2011": 0.7636205899363794, "Qu2017": 0.9166666666666666, "Bianchi2011 to Qu2017": 0.5555555555555556, "Qu2017 to Bianchi2011": 0.44256292906178485}, "random forest": {"Bianchi2011": 0.7018218623481781, "Qu2017": 0.8541666666666666, "Bianchi2011 to Qu2017": 0.6388888888888888, "Qu2017 to Bianchi2011": 0.5464530892448513}, "xgb": {"Bianchi2011": 0.7248120300751879, "Qu2017": 0.8541666666666666, "Bianchi2011 to Qu2017": 0.6944444444444444, "Qu2017 to Bianchi2011": 0.5999237223493517}}