{"logreg": {"Bianchi2011": 0.7626951995373047, "Keller2009": 0.9166666666666666, "Bianchi2011 to Keller2009": 0.2507739938080496, "Keller2009 to Bianchi2011": 0.707856598016781}, "SVM": {"Bianchi2011": 0.8150954308849044, "Keller2009": 0.8791666666666667, "Bianchi2011 to Keller2009": 0.2848297213622291, "Keller2009 to Bianchi2011": 0.49748283752860417}, "random forest": {"Bianchi2011": 0.8028629265471372, "Keller2009": 1.0, "Bianchi2011 to Keller2009": 0.6424148606811145, "Keller2009 to Bianchi2011": 0.584744469870328}, "xgb": {"Bianchi2011": 0.7707345286292654, "Keller2009": 0.8958333333333333, "Bianchi2011 to Keller2009": 0.5201238390092879, "Keller2009 to Bianchi2011": 0.5764302059496568}}