{"logreg": {"Bianchi2011": 0.7415847310584152, "Li2017": 0.3333333333333333, "Bianchi2011 to Li2017": 0.6666666666666667, "Li2017 to Bianchi2011": 0.5810831426392068}, "SVM": {"Bianchi2011": 0.7707345286292655, "Li2017": 0.3333333333333333, "Bianchi2011 to Li2017": 0.2777777777777778, "Li2017 to Bianchi2011": 0.627765064836003}, "random forest": {"Bianchi2011": 0.7250722961249277, "Li2017": 0.5833333333333334, "Bianchi2011 to Li2017": 0.5, "Li2017 to Bianchi2011": 0.3113653699466057}, "xgb": {"Bianchi2011": 0.7012724117987276, "Li2017": 0.5, "Bianchi2011 to Li2017": 0.4444444444444445, "Li2017 to Bianchi2011": 0.5072463768115942}}