{"logreg": {"Bianchi2011": 0.6998843262001158, "Chen2019": 0.42833333333333334, "Bianchi2011 to Chen2019": 0.55, "Chen2019 to Bianchi2011": 0.5974065598779558}, "SVM": {"Bianchi2011": 0.7572006940427993, "Chen2019": 0.46333333333333326, "Bianchi2011 to Chen2019": 0.5194444444444445, "Chen2019 to Bianchi2011": 0.49252479023646073}, "random forest": {"Bianchi2011": 0.7893001735106997, "Chen2019": 0.5233333333333333, "Bianchi2011 to Chen2019": 0.6256944444444444, "Chen2019 to Bianchi2011": 0.5954996186117467}, "xgb": {"Bianchi2011": 0.7511856564488143, "Chen2019": 0.5216666666666667, "Bianchi2011 to Chen2019": 0.6152777777777778, "Chen2019 to Bianchi2011": 0.6519450800915333}}