{"logreg": {"Bianchi2011": 0.7345286292654715, "Leidinger2016": 0.9337037037037037, "Bianchi2011 to Leidinger2016": 0.6462984723854289, "Leidinger2016 to Bianchi2011": 0.2863463005339435}, "SVM": {"Bianchi2011": 0.7625216888374783, "Leidinger2016": 0.9121693121693122, "Bianchi2011 to Leidinger2016": 0.5190951821386605, "Leidinger2016 to Bianchi2011": 0.48314263920671247}, "random forest": {"Bianchi2011": 0.7786003470213996, "Leidinger2016": 0.9377777777777776, "Bianchi2011 to Leidinger2016": 0.6085487661574618, "Leidinger2016 to Bianchi2011": 0.539206712433257}, "xgb": {"Bianchi2011": 0.7483516483516484, "Leidinger2016": 0.9268253968253969, "Bianchi2011 to Leidinger2016": 0.5655111633372503, "Leidinger2016 to Bianchi2011": 0.49641495041952705}}