{"logreg": {"Bianchi2011": 0.7553499132446501, "Yao2019": 0.8, "Bianchi2011 to Yao2019": 0.56, "Yao2019 to Bianchi2011": 0.5841342486651412}, "SVM": {"Bianchi2011": 0.7877385772122615, "Yao2019": 0.4, "Bianchi2011 to Yao2019": 0.39999999999999997, "Yao2019 to Bianchi2011": 0.5128909229595728}, "random forest": {"Bianchi2011": 0.8101792943898207, "Yao2019": 0.8, "Bianchi2011 to Yao2019": 0.6000000000000001, "Yao2019 to Bianchi2011": 0.5814645308924485}, "xgb": {"Bianchi2011": 0.7881434355118565, "Yao2019": 0.4, "Bianchi2011 to Yao2019": 0.6, "Yao2019 to Bianchi2011": 0.5901601830663615}}