{"logreg": {"Boeri2011": 0.6833333333333333, "Leidinger2014": 0.883531746031746, "Boeri2011 to Leidinger2014": 0.46428571428571436, "Leidinger2014 to Boeri2011": 0.2543859649122807}, "SVM": {"Boeri2011": 0.9, "Leidinger2014": 0.5560019841269842, "Boeri2011 to Leidinger2014": 0.45739348370927313, "Leidinger2014 to Boeri2011": 0.6754385964912282}, "random forest": {"Boeri2011": 0.9166666666666666, "Leidinger2014": 0.5913938492063492, "Boeri2011 to Leidinger2014": 0.462092731829574, "Leidinger2014 to Boeri2011": 0.21052631578947367}, "xgb": {"Boeri2011": 0.8916666666666666, "Leidinger2014": 0.6978670634920634, "Boeri2011 to Leidinger2014": 0.4379699248120301, "Leidinger2014 to Boeri2011": 0.2894736842105263}}