{"logreg": {"Boeri2011": 0.55, "Keller2020": 0.6261437908496732, "Boeri2011 to Keller2020": 0.4363636363636364, "Keller2020 to Boeri2011": 0.5263157894736842}, "SVM": {"Boeri2011": 0.9, "Keller2020": 0.7640522875816993, "Boeri2011 to Keller2020": 0.28977272727272735, "Keller2020 to Boeri2011": 0.2807017543859649}, "random forest": {"Boeri2011": 0.7333333333333333, "Keller2020": 0.6751633986928104, "Boeri2011 to Keller2020": 0.4556818181818182, "Keller2020 to Boeri2011": 0.6885964912280701}, "xgb": {"Boeri2011": 0.7333333333333333, "Keller2020": 0.6408496732026143, "Boeri2011 to Keller2020": 0.46136363636363636, "Keller2020 to Boeri2011": 0.5701754385964912}}