{"logreg": {"Boeri2011": 0.7333333333333333, "Wozniak2015": 0.539, "Boeri2011 to Wozniak2015": 0.5384, "Wozniak2015 to Boeri2011": 0.7149122807017544}, "SVM": {"Boeri2011": 0.95, "Wozniak2015": 0.6225, "Boeri2011 to Wozniak2015": 0.5155000000000001, "Wozniak2015 to Boeri2011": 0.6754385964912281}, "random forest": {"Boeri2011": 0.9, "Wozniak2015": 0.68675, "Boeri2011 to Wozniak2015": 0.5063, "Wozniak2015 to Boeri2011": 0.3991228070175439}, "xgb": {"Boeri2011": 0.8916666666666666, "Wozniak2015": 0.7045, "Boeri2011 to Wozniak2015": 0.51075, "Wozniak2015 to Boeri2011": 0.5964912280701755}}