{"logreg": {"Boeri2011": 0.8833333333333334, "Duan2021": 0.9, "Boeri2011 to Duan2021": 0.36111111111111116, "Duan2021 to Boeri2011": 0.49122807017543857}, "SVM": {"Boeri2011": 1.0, "Duan2021": 0.9, "Boeri2011 to Duan2021": 0.44444444444444436, "Duan2021 to Boeri2011": 0.5}, "random forest": {"Boeri2011": 0.95, "Duan2021": 1.0, "Boeri2011 to Duan2021": 0.16666666666666666, "Duan2021 to Boeri2011": 0.6710526315789473}, "xgb": {"Boeri2011": 0.8416666666666666, "Duan2021": 0.7, "Boeri2011 to Duan2021": 0.44444444444444453, "Duan2021 to Boeri2011": 0.7061403508771931}}