{"logreg": {"Boeri2011": 0.7333333333333333, "Leidinger2011": 0.13833333333333336, "Boeri2011 to Leidinger2011": 0.5018796992481204, "Leidinger2011 to Boeri2011": 0.7368421052631579}, "SVM": {"Boeri2011": 0.95, "Leidinger2011": 0.6905555555555557, "Boeri2011 to Leidinger2011": 0.599624060150376, "Leidinger2011 to Boeri2011": 0.7807017543859649}, "random forest": {"Boeri2011": 0.9, "Leidinger2011": 0.6325000000000001, "Boeri2011 to Leidinger2011": 0.35714285714285715, "Leidinger2011 to Boeri2011": 0.5482456140350878}, "xgb": {"Boeri2011": 0.8916666666666666, "Leidinger2011": 0.5794444444444444, "Boeri2011 to Leidinger2011": 0.4652255639097744, "Leidinger2011 to Boeri2011": 0.543859649122807}}