{"logreg": {"Boeri2011": 0.75, "Bianchi2011": 0.702834008097166, "Boeri2011 to Bianchi2011": 0.48161708619374527, "Bianchi2011 to Boeri2011": 0.631578947368421}, "SVM": {"Boeri2011": 0.9, "Bianchi2011": 0.7674956622325043, "Boeri2011 to Bianchi2011": 0.5290617848970252, "Bianchi2011 to Boeri2011": 0.7894736842105263}, "random forest": {"Boeri2011": 0.9, "Bianchi2011": 0.7825910931174087, "Boeri2011 to Bianchi2011": 0.6844393592677346, "Bianchi2011 to Boeri2011": 0.6447368421052632}, "xgb": {"Boeri2011": 0.7833333333333333, "Bianchi2011": 0.7515905147484094, "Boeri2011 to Bianchi2011": 0.5726163234172388, "Bianchi2011 to Boeri2011": 0.7105263157894737}}