{"logreg": {"Boeri2011": 0.7333333333333333, "Halvorsen2016": 0.9833333333333334, "Boeri2011 to Halvorsen2016": 0.4128289473684211, "Halvorsen2016 to Boeri2011": 0.24561403508771928}, "SVM": {"Boeri2011": 0.95, "Halvorsen2016": 0.9833333333333334, "Boeri2011 to Halvorsen2016": 0.31578947368421056, "Halvorsen2016 to Boeri2011": 0.39473684210526316}, "random forest": {"Boeri2011": 0.9166666666666666, "Halvorsen2016": 0.9833333333333334, "Boeri2011 to Halvorsen2016": 0.6011513157894737, "Halvorsen2016 to Boeri2011": 0.40789473684210525}, "xgb": {"Boeri2011": 0.7916666666666666, "Halvorsen2016": 0.9416666666666668, "Boeri2011 to Halvorsen2016": 0.26315789473684215, "Halvorsen2016 to Boeri2011": 0.37719298245614036}}