{"logreg": {"Boeri2011": 0.7333333333333333, "Yao2019": 0.8, "Boeri2011 to Yao2019": 0.4, "Yao2019 to Boeri2011": 0.5614035087719298}, "SVM": {"Boeri2011": 0.9, "Yao2019": 1.0, "Boeri2011 to Yao2019": 0.24000000000000002, "Yao2019 to Boeri2011": 0.12280701754385966}, "random forest": {"Boeri2011": 0.875, "Yao2019": 0.8, "Boeri2011 to Yao2019": 0.45999999999999996, "Yao2019 to Boeri2011": 0.2149122807017544}, "xgb": {"Boeri2011": 0.9166666666666666, "Yao2019": 0.4, "Boeri2011 to Yao2019": 0.36, "Yao2019 to Boeri2011": 0.45175438596491224}}