{"logreg": {"Boeri2011": 0.7333333333333333, "Keller2009": 0.95, "Boeri2011 to Keller2009": 0.628482972136223, "Keller2009 to Boeri2011": 0.6228070175438597}, "SVM": {"Boeri2011": 0.95, "Keller2009": 0.9125, "Boeri2011 to Keller2009": 0.2724458204334365, "Keller2009 to Boeri2011": 0.2982456140350877}, "random forest": {"Boeri2011": 0.85, "Keller2009": 0.95, "Boeri2011 to Keller2009": 0.7306501547987616, "Keller2009 to Boeri2011": 0.17543859649122806}, "xgb": {"Boeri2011": 0.7166666666666666, "Keller2009": 0.99375, "Boeri2011 to Keller2009": 0.7321981424148607, "Keller2009 to Boeri2011": 0.21052631578947364}}