{"logreg": {"Boeri2011": 0.6833333333333333, "Asakura2020": 0.8601442753605969, "Boeri2011 to Asakura2020": 0.6426376267024125, "Asakura2020 to Boeri2011": 0.587719298245614}, "SVM": {"Boeri2011": 0.9, "Asakura2020": 0.9057301626591043, "Boeri2011 to Asakura2020": 0.5115376451147959, "Asakura2020 to Boeri2011": 0.4649122807017544}, "random forest": {"Boeri2011": 0.9, "Asakura2020": 0.951598986211072, "Boeri2011 to Asakura2020": 0.6035316886501143, "Asakura2020 to Boeri2011": 0.6447368421052632}, "xgb": {"Boeri2011": 0.8916666666666666, "Asakura2020": 0.9541748225658864, "Boeri2011 to Asakura2020": 0.5117421457111461, "Asakura2020 to Boeri2011": 0.6052631578947368}}