{"logreg": {"Boeri2011": 0.7833333333333333, "Qu2017": 1.0, "Boeri2011 to Qu2017": 0.19444444444444442, "Qu2017 to Boeri2011": 0.2894736842105263}, "SVM": {"Boeri2011": 0.95, "Qu2017": 1.0, "Boeri2011 to Qu2017": 0.41666666666666663, "Qu2017 to Boeri2011": 0.26315789473684215}, "random forest": {"Boeri2011": 0.85, "Qu2017": 1.0, "Boeri2011 to Qu2017": 0.16666666666666666, "Qu2017 to Boeri2011": 0.25877192982456143}, "xgb": {"Boeri2011": 0.75, "Qu2017": 0.7083333333333333, "Boeri2011 to Qu2017": 0.0, "Qu2017 to Boeri2011": 0.2192982456140351}}