{"logreg": {"Boeri2011": 0.65, "Chen2019": 0.7433333333333334, "Boeri2011 to Chen2019": 0.41666666666666674, "Chen2019 to Boeri2011": 0.4649122807017544}, "SVM": {"Boeri2011": 0.9, "Chen2019": 0.7033333333333334, "Boeri2011 to Chen2019": 0.3, "Chen2019 to Boeri2011": 0.9298245614035088}, "random forest": {"Boeri2011": 0.8, "Chen2019": 0.74, "Boeri2011 to Chen2019": 0.40347222222222223, "Chen2019 to Boeri2011": 0.08333333333333334}, "xgb": {"Boeri2011": 0.5166666666666666, "Chen2019": 0.64, "Boeri2011 to Chen2019": 0.36319444444444443, "Chen2019 to Boeri2011": 0.21929824561403508}}