{"logreg": {"Boeri2011": 0.8, "Li2017": 0.5, "Boeri2011 to Li2017": 0.3055555555555556, "Li2017 to Boeri2011": 0.34210526315789475}, "SVM": {"Boeri2011": 0.95, "Li2017": 0.0, "Boeri2011 to Li2017": 0.16666666666666669, "Li2017 to Boeri2011": 0.868421052631579}, "random forest": {"Boeri2011": 0.85, "Li2017": 0.5, "Boeri2011 to Li2017": 0.22222222222222224, "Li2017 to Boeri2011": 0.39473684210526316}, "xgb": {"Boeri2011": 0.7333333333333333, "Li2017": 0.5, "Boeri2011 to Li2017": 0.3055555555555556, "Li2017 to Boeri2011": 0.4605263157894737}}