{"logreg": {"Boeri2011": 0.8833333333333334, "Nigita2018": 0.625, "Boeri2011 to Nigita2018": 0.30827067669172936, "Nigita2018 to Boeri2011": 0.3157894736842105}, "SVM": {"Boeri2011": 0.9666666666666666, "Nigita2018": 0.26666666666666666, "Boeri2011 to Nigita2018": 0.406015037593985, "Nigita2018 to Boeri2011": 0.7982456140350878}, "random forest": {"Boeri2011": 0.9, "Nigita2018": 0.29166666666666663, "Boeri2011 to Nigita2018": 0.39097744360902253, "Nigita2018 to Boeri2011": 0.16666666666666666}, "xgb": {"Boeri2011": 0.3, "Nigita2018": 0.5916666666666667, "Boeri2011 to Nigita2018": 0.5526315789473684, "Nigita2018 to Boeri2011": 0.2543859649122807}}