{"logreg": {"Boeri2011": 0.6833333333333333, "Jin2017": 1.0, "Boeri2011 to Jin2017": 0.6121794871794871, "Jin2017 to Boeri2011": 0.7280701754385964}, "SVM": {"Boeri2011": 0.9, "Jin2017": 1.0, "Boeri2011 to Jin2017": 0.6346153846153846, "Jin2017 to Boeri2011": 0.5789473684210525}, "random forest": {"Boeri2011": 0.9, "Jin2017": 1.0, "Boeri2011 to Jin2017": 0.6826923076923077, "Jin2017 to Boeri2011": 0.4385964912280702}, "xgb": {"Boeri2011": 0.8416666666666666, "Jin2017": 1.0, "Boeri2011 to Jin2017": 0.4935897435897436, "Jin2017 to Boeri2011": 0.7543859649122806}}