{"logreg": {"Boeri2011": 0.6833333333333333, "Patnaik2017": 0.6537799564270154, "Boeri2011 to Patnaik2017": 0.47100573844759885, "Patnaik2017 to Boeri2011": 0.7149122807017544}, "SVM": {"Boeri2011": 0.9, "Patnaik2017": 0.5630882352941177, "Boeri2011 to Patnaik2017": 0.5209906372697071, "Patnaik2017 to Boeri2011": 0.5350877192982456}, "random forest": {"Boeri2011": 0.85, "Patnaik2017": 0.4601579520697168, "Boeri2011 to Patnaik2017": 0.5322410147991543, "Patnaik2017 to Boeri2011": 0.4605263157894737}, "xgb": {"Boeri2011": 0.8916666666666666, "Patnaik2017": 0.5525326797385621, "Boeri2011 to Patnaik2017": 0.5872093023255814, "Patnaik2017 to Boeri2011": 0.49122807017543857}}