{"logreg": {"Boeri2011": 0.7333333333333333, "Zaporozhchenko2018": 0.36666666666666664, "Boeri2011 to Zaporozhchenko2018": 0.6176470588235294, "Zaporozhchenko2018 to Boeri2011": 0.7105263157894736}, "SVM": {"Boeri2011": 0.9, "Zaporozhchenko2018": 0.6916666666666667, "Boeri2011 to Zaporozhchenko2018": 0.4588235294117647, "Zaporozhchenko2018 to Boeri2011": 0.4473684210526316}, "random forest": {"Boeri2011": 0.95, "Zaporozhchenko2018": 0.8166666666666668, "Boeri2011 to Zaporozhchenko2018": 0.6, "Zaporozhchenko2018 to Boeri2011": 0.381578947368421}, "xgb": {"Boeri2011": 0.925, "Zaporozhchenko2018": 0.6749999999999999, "Boeri2011 to Zaporozhchenko2018": 0.5882352941176471, "Zaporozhchenko2018 to Boeri2011": 0.3508771929824561}}