{"logreg": {"Boeri2011": 0.7333333333333333, "Patnaik2012": 0.5793650793650793, "Boeri2011 to Patnaik2012": 0.4141414141414142, "Patnaik2012 to Boeri2011": 0.631578947368421}, "SVM": {"Boeri2011": 0.9, "Patnaik2012": 0.7571428571428571, "Boeri2011 to Patnaik2012": 0.5833333333333333, "Patnaik2012 to Boeri2011": 0.48245614035087714}, "random forest": {"Boeri2011": 0.9833333333333334, "Patnaik2012": 0.8079365079365081, "Boeri2011 to Patnaik2012": 0.4393939393939394, "Patnaik2012 to Boeri2011": 0.3464912280701754}, "xgb": {"Boeri2011": 0.9166666666666666, "Patnaik2012": 0.6952380952380953, "Boeri2011 to Patnaik2012": 0.48989898989898994, "Patnaik2012 to Boeri2011": 0.3157894736842105}}