{"logreg": {"Boeri2011": 0.9, "Marzi2016": 0.9751750175535527, "Boeri2011 to Marzi2016": 0.7110221883468835, "Marzi2016 to Boeri2011": 0.6491228070175439}, "SVM": {"Boeri2011": 1.0, "Marzi2016": 0.9733332182280696, "Boeri2011 to Marzi2016": 0.8215404810298103, "Marzi2016 to Boeri2011": 0.8684210526315789}, "random forest": {"Boeri2011": 0.9, "Marzi2016": 0.9485494146897336, "Boeri2011 to Marzi2016": 0.7657626185636855, "Marzi2016 to Boeri2011": 0.9078947368421053}, "xgb": {"Boeri2011": 0.875, "Marzi2016": 0.9701961393694534, "Boeri2011 to Marzi2016": 0.5960365853658537, "Marzi2016 to Boeri2011": 0.8596491228070176}}