{"logreg": {"Boeri2011": 0.7833333333333333, "Keller2014": 0.8549039264828739, "Boeri2011 to Keller2014": 0.4191197901486447, "Keller2014 to Boeri2011": 0.49122807017543857}, "SVM": {"Boeri2011": 0.9, "Keller2014": 0.9097465886939571, "Boeri2011 to Keller2014": 0.391139609443311, "Keller2014 to Boeri2011": 0.19298245614035084}, "random forest": {"Boeri2011": 0.925, "Keller2014": 0.8851517683096631, "Boeri2011 to Keller2014": 0.4734042553191489, "Keller2014 to Boeri2011": 0.35526315789473684}, "xgb": {"Boeri2011": 0.6166666666666666, "Keller2014": 0.8521526037315512, "Boeri2011 to Keller2014": 0.521349460798601, "Keller2014 to Boeri2011": 0.22807017543859648}}