{"logreg": {"Boeri2011": 0.8333333333333334, "Leidinger2016": 0.9474603174603174, "Boeri2011 to Leidinger2016": 0.29465334900117507, "Leidinger2016 to Boeri2011": 0.49122807017543857}, "SVM": {"Boeri2011": 0.9, "Leidinger2016": 0.9268253968253969, "Boeri2011 to Leidinger2016": 0.2902467685076381, "Leidinger2016 to Boeri2011": 0.2719298245614035}, "random forest": {"Boeri2011": 0.8, "Leidinger2016": 0.934973544973545, "Boeri2011 to Leidinger2016": 0.3071386603995299, "Leidinger2016 to Boeri2011": 0.15789473684210525}, "xgb": {"Boeri2011": 0.65, "Leidinger2016": 0.9328571428571429, "Boeri2011 to Leidinger2016": 0.3917450058754407, "Leidinger2016 to Boeri2011": 0.30701754385964913}}