{"logreg": {"Boeri2011": 0.6833333333333333, "Fehlmann2020": 0.9690163533710112, "Boeri2011 to Fehlmann2020": 0.46381448310806184, "Fehlmann2020 to Boeri2011": 0.9122807017543858}, "SVM": {"Boeri2011": 0.95, "Fehlmann2020": 0.976506870292463, "Boeri2011 to Fehlmann2020": 0.41067625953466713, "Fehlmann2020 to Boeri2011": 0.7807017543859649}, "random forest": {"Boeri2011": 0.95, "Fehlmann2020": 0.9715511519096667, "Boeri2011 to Fehlmann2020": 0.47551285211508704, "Fehlmann2020 to Boeri2011": 0.6447368421052632}, "xgb": {"Boeri2011": 0.8416666666666666, "Fehlmann2020": 0.9789576599401348, "Boeri2011 to Fehlmann2020": 0.5239479342125084, "Fehlmann2020 to Boeri2011": 0.605263157894737}}