{"logreg": {"Chen2019": 0.7533333333333334, "Qu2017": 1.0, "Chen2019 to Qu2017": 0.19444444444444442, "Qu2017 to Chen2019": 0.5291666666666667}, "SVM": {"Chen2019": 0.6599999999999999, "Qu2017": 1.0, "Chen2019 to Qu2017": 0.3888888888888889, "Qu2017 to Chen2019": 0.5611111111111111}, "random forest": {"Chen2019": 0.805, "Qu2017": 1.0, "Chen2019 to Qu2017": 0.3472222222222222, "Qu2017 to Chen2019": 0.5513888888888889}, "xgb": {"Chen2019": 0.8, "Qu2017": 0.9166666666666666, "Chen2019 to Qu2017": 0.6388888888888888, "Qu2017 to Chen2019": 0.41805555555555557}}