{"logreg": {"Chen2019": 0.835, "Patnaik2012": 0.6841269841269841, "Chen2019 to Patnaik2012": 0.24368686868686867, "Patnaik2012 to Chen2019": 0.5597222222222222}, "SVM": {"Chen2019": 0.7666666666666666, "Patnaik2012": 0.8253968253968254, "Chen2019 to Patnaik2012": 0.33080808080808083, "Patnaik2012 to Chen2019": 0.47500000000000003}, "random forest": {"Chen2019": 0.7533333333333333, "Patnaik2012": 0.7746031746031747, "Chen2019 to Patnaik2012": 0.45075757575757575, "Patnaik2012 to Chen2019": 0.5972222222222222}, "xgb": {"Chen2019": 0.5133333333333333, "Patnaik2012": 0.7301587301587302, "Chen2019 to Patnaik2012": 0.7904040404040404, "Patnaik2012 to Chen2019": 0.5576388888888889}}