{"logreg": {"Chen2019": 0.7, "Halvorsen2016": 0.9916666666666668, "Chen2019 to Halvorsen2016": 0.203125, "Halvorsen2016 to Chen2019": 0.40277777777777785}, "SVM": {"Chen2019": 0.6766666666666666, "Halvorsen2016": 0.9833333333333334, "Chen2019 to Halvorsen2016": 0.4720394736842105, "Halvorsen2016 to Chen2019": 0.5027777777777778}, "random forest": {"Chen2019": 0.7616666666666667, "Halvorsen2016": 1.0, "Chen2019 to Halvorsen2016": 0.3980263157894737, "Halvorsen2016 to Chen2019": 0.4583333333333333}, "xgb": {"Chen2019": 0.5533333333333333, "Halvorsen2016": 1.0, "Chen2019 to Halvorsen2016": 0.5608552631578947, "Halvorsen2016 to Chen2019": 0.5159722222222223}}