{"logreg": {"Chen2019": 0.8666666666666666, "Fehlmann2020": 0.9753151471394486, "Chen2019 to Fehlmann2020": 0.374106445914301, "Fehlmann2020 to Chen2019": 0.42569444444444443}, "SVM": {"Chen2019": 0.72, "Fehlmann2020": 0.9829076817777006, "Chen2019 to Fehlmann2020": 0.4784246059460717, "Fehlmann2020 to Chen2019": 0.3111111111111111}, "random forest": {"Chen2019": 0.7291666666666666, "Fehlmann2020": 0.97310202675485, "Chen2019 to Fehlmann2020": 0.4031983073826055, "Fehlmann2020 to Chen2019": 0.3638888888888889}, "xgb": {"Chen2019": 0.6433333333333333, "Fehlmann2020": 0.9818030544191207, "Chen2019 to Fehlmann2020": 0.32209800336880157, "Fehlmann2020 to Chen2019": 0.30833333333333335}}