{"logreg": {"Chen2019": 0.8683333333333334, "Patnaik2017": 0.6062745098039215, "Chen2019 to Patnaik2017": 0.41505587435819996, "Patnaik2017 to Chen2019": 0.3416666666666667}, "SVM": {"Chen2019": 0.7933333333333333, "Patnaik2017": 0.5392701525054466, "Chen2019 to Patnaik2017": 0.4765931742675929, "Patnaik2017 to Chen2019": 0.4236111111111111}, "random forest": {"Chen2019": 0.8058333333333334, "Patnaik2017": 0.5007271241830066, "Chen2019 to Patnaik2017": 0.4805949864089399, "Patnaik2017 to Chen2019": 0.6652777777777777}, "xgb": {"Chen2019": 0.61, "Patnaik2017": 0.5323747276688453, "Chen2019 to Patnaik2017": 0.46315312594382363, "Patnaik2017 to Chen2019": 0.4291666666666667}}