{"logreg": {"Chen2019": 0.8316666666666667, "Wozniak2015": 0.5025000000000001, "Chen2019 to Wozniak2015": 0.5772999999999999, "Wozniak2015 to Chen2019": 0.42500000000000004}, "SVM": {"Chen2019": 0.7333333333333334, "Wozniak2015": 0.594, "Chen2019 to Wozniak2015": 0.4666, "Wozniak2015 to Chen2019": 0.46805555555555556}, "random forest": {"Chen2019": 0.79, "Wozniak2015": 0.639, "Chen2019 to Wozniak2015": 0.55945, "Wozniak2015 to Chen2019": 0.5409722222222223}, "xgb": {"Chen2019": 0.615, "Wozniak2015": 0.6355000000000001, "Chen2019 to Wozniak2015": 0.518, "Wozniak2015 to Chen2019": 0.5777777777777777}}