{"logreg": {"Chen2019": 0.8416666666666668, "Leidinger2011": 0.21444444444444444, "Chen2019 to Leidinger2011": 0.43796992481203006, "Leidinger2011 to Chen2019": 0.6416666666666666}, "SVM": {"Chen2019": 0.7616666666666667, "Leidinger2011": 0.7333333333333334, "Chen2019 to Leidinger2011": 0.32330827067669177, "Leidinger2011 to Chen2019": 0.4125}, "random forest": {"Chen2019": 0.7966666666666666, "Leidinger2011": 0.7575000000000001, "Chen2019 to Leidinger2011": 0.31203007518796994, "Leidinger2011 to Chen2019": 0.4319444444444444}, "xgb": {"Chen2019": 0.49833333333333335, "Leidinger2011": 0.5116666666666667, "Chen2019 to Leidinger2011": 0.34586466165413543, "Leidinger2011 to Chen2019": 0.5305555555555556}}