{"logreg": {"Chen2019": 0.7433333333333334, "Boeri2011": 0.65, "Chen2019 to Boeri2011": 0.4649122807017544, "Boeri2011 to Chen2019": 0.41666666666666674}, "SVM": {"Chen2019": 0.7033333333333334, "Boeri2011": 0.9, "Chen2019 to Boeri2011": 0.07017543859649122, "Boeri2011 to Chen2019": 0.3}, "random forest": {"Chen2019": 0.7449999999999999, "Boeri2011": 0.95, "Chen2019 to Boeri2011": 0.08333333333333333, "Boeri2011 to Chen2019": 0.4083333333333333}, "xgb": {"Chen2019": 0.64, "Boeri2011": 0.5166666666666666, "Chen2019 to Boeri2011": 0.21929824561403508, "Boeri2011 to Chen2019": 0.36319444444444443}}