{"logreg": {"Chen2019": 0.6683333333333333, "Nigita2018": 0.5666666666666667, "Chen2019 to Nigita2018": 0.5977443609022557, "Nigita2018 to Chen2019": 0.6097222222222223}, "SVM": {"Chen2019": 0.7516666666666667, "Nigita2018": 0.3416666666666667, "Chen2019 to Nigita2018": 0.5639097744360902, "Nigita2018 to Chen2019": 0.4111111111111111}, "random forest": {"Chen2019": 0.8116666666666668, "Nigita2018": 0.31666666666666665, "Chen2019 to Nigita2018": 0.5488721804511278, "Nigita2018 to Chen2019": 0.6715277777777777}, "xgb": {"Chen2019": 0.6483333333333333, "Nigita2018": 0.4333333333333333, "Chen2019 to Nigita2018": 0.5, "Nigita2018 to Chen2019": 0.6208333333333333}}