{"logreg": {"Chen2019": 0.8483333333333334, "Reis2020": 0.9714285714285715, "Chen2019 to Reis2020": 0.7061224489795919, "Reis2020 to Chen2019": 0.41666666666666663}, "SVM": {"Chen2019": 0.8, "Reis2020": 1.0, "Chen2019 to Reis2020": 0.028571428571428577, "Reis2020 to Chen2019": 0.29166666666666674}, "random forest": {"Chen2019": 0.8008333333333333, "Reis2020": 0.9857142857142858, "Chen2019 to Reis2020": 0.07346938775510206, "Reis2020 to Chen2019": 0.4708333333333333}, "xgb": {"Chen2019": 0.5433333333333333, "Reis2020": 0.9142857142857143, "Chen2019 to Reis2020": 0.2285714285714286, "Reis2020 to Chen2019": 0.4791666666666667}}