{"logreg": {"Chen2019": 0.8400000000000001, "Keller2014": 0.8473127262600947, "Chen2019 to Keller2014": 0.5102011075488195, "Keller2014 to Chen2019": 0.5986111111111112}, "SVM": {"Chen2019": 0.76, "Keller2014": 0.9111779448621554, "Chen2019 to Keller2014": 0.49730399300495487, "Keller2014 to Chen2019": 0.5541666666666666}, "random forest": {"Chen2019": 0.78, "Keller2014": 0.9020300751879698, "Chen2019 to Keller2014": 0.5440833576216847, "Keller2014 to Chen2019": 0.5020833333333333}, "xgb": {"Chen2019": 0.5733333333333333, "Keller2014": 0.8466332497911446, "Chen2019 to Keller2014": 0.5279801807053337, "Keller2014 to Chen2019": 0.4777777777777778}}