{"logreg": {"Chen2019": 0.8616666666666667, "Leidinger2014": 0.7357638888888889, "Chen2019 to Leidinger2014": 0.5667293233082706, "Leidinger2014 to Chen2019": 0.6861111111111111}, "SVM": {"Chen2019": 0.7849999999999999, "Leidinger2014": 0.5464781746031746, "Chen2019 to Leidinger2014": 0.5570175438596492, "Leidinger2014 to Chen2019": 0.49444444444444446}, "random forest": {"Chen2019": 0.7858333333333334, "Leidinger2014": 0.4556299603174603, "Chen2019 to Leidinger2014": 0.506578947368421, "Leidinger2014 to Chen2019": 0.5083333333333333}, "xgb": {"Chen2019": 0.49499999999999994, "Leidinger2014": 0.49394841269841266, "Chen2019 to Leidinger2014": 0.4533208020050125, "Leidinger2014 to Chen2019": 0.4708333333333333}}