{"logreg": {"Chen2019": 0.6150000000000001, "Keller2020": 0.8094771241830065, "Chen2019 to Keller2020": 0.3210227272727273, "Keller2020 to Chen2019": 0.55}, "SVM": {"Chen2019": 0.6366666666666667, "Keller2020": 0.9552287581699346, "Chen2019 to Keller2020": 0.6369318181818182, "Keller2020 to Chen2019": 0.5430555555555555}, "random forest": {"Chen2019": 0.7649999999999999, "Keller2020": 0.8627450980392158, "Chen2019 to Keller2020": 0.6386363636363637, "Keller2020 to Chen2019": 0.4729166666666667}, "xgb": {"Chen2019": 0.7366666666666666, "Keller2020": 0.857516339869281, "Chen2019 to Keller2020": 0.5329545454545455, "Keller2020 to Chen2019": 0.5125}}