{"logreg": {"Chen2019": 0.875, "Asakura2020": 0.8247542843415694, "Chen2019 to Asakura2020": 0.3611814769077047, "Asakura2020 to Chen2019": 0.45972222222222214}, "SVM": {"Chen2019": 0.7866666666666667, "Asakura2020": 0.9066302198201891, "Chen2019 to Asakura2020": 0.31775551873078867, "Asakura2020 to Chen2019": 0.3763888888888889}, "random forest": {"Chen2019": 0.8275, "Asakura2020": 0.9477943713190868, "Chen2019 to Asakura2020": 0.1723072182406909, "Asakura2020 to Chen2019": 0.41041666666666665}, "xgb": {"Chen2019": 0.63, "Asakura2020": 0.9344952026956724, "Chen2019 to Asakura2020": 0.428453377382322, "Asakura2020 to Chen2019": 0.46805555555555556}}