{"logreg": {"Chen2019": 0.7716666666666667, "Li2017": 0.5, "Chen2019 to Li2017": 0.2777777777777778, "Li2017 to Chen2019": 0.44999999999999996}, "SVM": {"Chen2019": 0.6366666666666666, "Li2017": 0.3333333333333333, "Chen2019 to Li2017": 0.5, "Li2017 to Chen2019": 0.4916666666666667}, "random forest": {"Chen2019": 0.7733333333333333, "Li2017": 0.4166666666666667, "Chen2019 to Li2017": 0.5, "Li2017 to Chen2019": 0.5111111111111112}, "xgb": {"Chen2019": 0.6133333333333333, "Li2017": 0.5, "Chen2019 to Li2017": 0.6666666666666666, "Li2017 to Chen2019": 0.525}}