{"logreg": {"Chen2019": 0.6833333333333332, "Leidinger2016": 0.9604761904761905, "Chen2019 to Leidinger2016": 0.4571092831962398, "Leidinger2016 to Chen2019": 0.5208333333333333}, "SVM": {"Chen2019": 0.6499999999999999, "Leidinger2016": 0.9237566137566138, "Chen2019 to Leidinger2016": 0.4327262044653349, "Leidinger2016 to Chen2019": 0.5486111111111112}, "random forest": {"Chen2019": 0.7141666666666667, "Leidinger2016": 0.9459788359788359, "Chen2019 to Leidinger2016": 0.5707990599294946, "Leidinger2016 to Chen2019": 0.5715277777777779}, "xgb": {"Chen2019": 0.5583333333333333, "Leidinger2016": 0.9403703703703703, "Chen2019 to Leidinger2016": 0.3773501762632197, "Leidinger2016 to Chen2019": 0.5375}}