{"logreg": {"Chen2019": 0.7649999999999999, "Keller2009": 0.925, "Chen2019 to Keller2009": 0.5851393188854489, "Keller2009 to Chen2019": 0.476388888888889}, "SVM": {"Chen2019": 0.6799999999999999, "Keller2009": 0.9125, "Chen2019 to Keller2009": 0.7089783281733746, "Keller2009 to Chen2019": 0.5131944444444444}, "random forest": {"Chen2019": 0.7333333333333334, "Keller2009": 0.925, "Chen2019 to Keller2009": 0.3854489164086687, "Keller2009 to Chen2019": 0.48611111111111116}, "xgb": {"Chen2019": 0.5266666666666666, "Keller2009": 0.8, "Chen2019 to Keller2009": 0.5139318885448917, "Keller2009 to Chen2019": 0.5111111111111112}}