{"logreg": {"Chen2019": 0.8333333333333333, "Yao2019": 0.8, "Chen2019 to Yao2019": 0.72, "Yao2019 to Chen2019": 0.6486111111111111}, "SVM": {"Chen2019": 0.76, "Yao2019": 1.0, "Chen2019 to Yao2019": 0.76, "Yao2019 to Chen2019": 0.375}, "random forest": {"Chen2019": 0.7, "Yao2019": 0.8, "Chen2019 to Yao2019": 0.78, "Yao2019 to Chen2019": 0.6027777777777779}, "xgb": {"Chen2019": 0.6216666666666667, "Yao2019": 0.5, "Chen2019 to Yao2019": 0.6799999999999999, "Yao2019 to Chen2019": 0.575}}