{"logreg": {"Chen2019": 0.7083333333333333, "Duan2021": 0.9, "Chen2019 to Duan2021": 0.4444444444444445, "Duan2021 to Chen2019": 0.5055555555555555}, "SVM": {"Chen2019": 0.7, "Duan2021": 0.9, "Chen2019 to Duan2021": 0.4722222222222222, "Duan2021 to Chen2019": 0.4555555555555556}, "random forest": {"Chen2019": 0.8258333333333333, "Duan2021": 0.9, "Chen2019 to Duan2021": 0.6527777777777778, "Duan2021 to Chen2019": 0.5673611111111111}, "xgb": {"Chen2019": 0.7083333333333334, "Duan2021": 0.7, "Chen2019 to Duan2021": 0.24999999999999994, "Duan2021 to Chen2019": 0.4708333333333333}}