{"logreg": {"Chen2019": 0.42833333333333334, "Bianchi2011": 0.6998843262001158, "Chen2019 to Bianchi2011": 0.5974065598779558, "Bianchi2011 to Chen2019": 0.55}, "SVM": {"Chen2019": 0.46333333333333326, "Bianchi2011": 0.7572006940427993, "Chen2019 to Bianchi2011": 0.4927536231884058, "Bianchi2011 to Chen2019": 0.5201388888888889}, "random forest": {"Chen2019": 0.5016666666666667, "Bianchi2011": 0.798235974551764, "Chen2019 to Bianchi2011": 0.4818459191456903, "Bianchi2011 to Chen2019": 0.6118055555555556}, "xgb": {"Chen2019": 0.5216666666666667, "Bianchi2011": 0.7511856564488143, "Chen2019 to Bianchi2011": 0.6519450800915333, "Bianchi2011 to Chen2019": 0.6152777777777778}}