{"logreg": {"Chen2019": 0.4616666666666666, "Marzi2016": 0.9566843928772863, "Chen2019 to Marzi2016": 0.5282647357723577, "Marzi2016 to Chen2019": 0.6041666666666666}, "SVM": {"Chen2019": 0.6616666666666667, "Marzi2016": 0.9204624353971707, "Chen2019 to Marzi2016": 0.5525702913279132, "Marzi2016 to Chen2019": 0.513888888888889}, "random forest": {"Chen2019": 0.6966666666666667, "Marzi2016": 0.9326204001058969, "Chen2019 to Marzi2016": 0.333301575203252, "Marzi2016 to Chen2019": 0.5}, "xgb": {"Chen2019": 0.6516666666666666, "Marzi2016": 0.9428893723309967, "Chen2019 to Marzi2016": 0.37171832655826553, "Marzi2016 to Chen2019": 0.5013888888888889}}