{"logreg": {"Chen2019": 0.8666666666666666, "Jin2017": 1.0, "Chen2019 to Jin2017": 0.4711538461538461, "Jin2017 to Chen2019": 0.5944444444444444}, "SVM": {"Chen2019": 0.7666666666666666, "Jin2017": 1.0, "Chen2019 to Jin2017": 0.6506410256410257, "Jin2017 to Chen2019": 0.5}, "random forest": {"Chen2019": 0.7683333333333333, "Jin2017": 1.0, "Chen2019 to Jin2017": 0.921474358974359, "Jin2017 to Chen2019": 0.5104166666666667}, "xgb": {"Chen2019": 0.6583333333333334, "Jin2017": 1.0, "Chen2019 to Jin2017": 0.47435897435897434, "Jin2017 to Chen2019": 0.4826388888888889}}