{"logreg": {"Duan2021": 0.9, "Fehlmann2020": 0.9687738082410167, "Duan2021 to Fehlmann2020": 0.5215137696342248, "Fehlmann2020 to Duan2021": 0.33333333333333337}, "SVM": {"Duan2021": 0.8, "Fehlmann2020": 0.9836053285386626, "Duan2021 to Fehlmann2020": 0.49825311888035273, "Fehlmann2020 to Duan2021": 0.1111111111111111}, "random forest": {"Duan2021": 0.9, "Fehlmann2020": 0.967446458403678, "Duan2021 to Fehlmann2020": 0.5380582145351465, "Fehlmann2020 to Duan2021": 0.1111111111111111}, "xgb": {"Duan2021": 0.65, "Fehlmann2020": 0.9810053390450296, "Duan2021 to Fehlmann2020": 0.5097777412596032, "Fehlmann2020 to Duan2021": 0.27777777777777773}}