{"logreg": {"Duan2021": 0.9, "Asakura2020": 0.7761260884005564, "Duan2021 to Asakura2020": 0.831334065137618, "Asakura2020 to Duan2021": 0.5}, "SVM": {"Duan2021": 0.9, "Asakura2020": 0.9240026632126026, "Duan2021 to Asakura2020": 0.7222204630773074, "Asakura2020 to Duan2021": 0.8333333333333334}, "random forest": {"Duan2021": 1.0, "Asakura2020": 0.9680621369228589, "Duan2021 to Asakura2020": 0.7186687494942459, "Asakura2020 to Duan2021": 0.5555555555555556}, "xgb": {"Duan2021": 0.8, "Asakura2020": 0.9440032563404275, "Duan2021 to Asakura2020": 0.2442212089547513, "Asakura2020 to Duan2021": 0.638888888888889}}