{"logreg": {"Duan2021": 0.9, "Patnaik2012": 0.619047619047619, "Duan2021 to Patnaik2012": 0.3686868686868687, "Patnaik2012 to Duan2021": 0.05555555555555554}, "SVM": {"Duan2021": 0.9, "Patnaik2012": 0.788888888888889, "Duan2021 to Patnaik2012": 0.5227272727272727, "Patnaik2012 to Duan2021": 0.3611111111111111}, "random forest": {"Duan2021": 1.0, "Patnaik2012": 0.7833333333333333, "Duan2021 to Patnaik2012": 0.22222222222222224, "Patnaik2012 to Duan2021": 0.02777777777777777}, "xgb": {"Duan2021": 0.8, "Patnaik2012": 0.7571428571428571, "Duan2021 to Patnaik2012": 0.5075757575757577, "Patnaik2012 to Duan2021": 0.0}}