{"logreg": {"Duan2021": 0.9, "Keller2009": 0.8583333333333334, "Duan2021 to Keller2009": 0.5975232198142415, "Keller2009 to Duan2021": 0.08333333333333333}, "SVM": {"Duan2021": 0.8, "Keller2009": 0.8875, "Duan2021 to Keller2009": 0.47058823529411775, "Keller2009 to Duan2021": 0.2222222222222222}, "random forest": {"Duan2021": 0.9, "Keller2009": 0.9125, "Duan2021 to Keller2009": 0.49845201238390097, "Keller2009 to Duan2021": 0.6805555555555556}, "xgb": {"Duan2021": 0.8, "Keller2009": 0.8, "Duan2021 to Keller2009": 0.49226006191950467, "Keller2009 to Duan2021": 0.8611111111111112}}