{"logreg": {"Duan2021": 0.8, "Nigita2018": 0.21666666666666665, "Duan2021 to Nigita2018": 0.4285714285714286, "Nigita2018 to Duan2021": 0.5694444444444444}, "SVM": {"Duan2021": 0.9, "Nigita2018": 0.025, "Duan2021 to Nigita2018": 0.4736842105263158, "Nigita2018 to Duan2021": 0.25}, "random forest": {"Duan2021": 0.8, "Nigita2018": 0.20833333333333331, "Duan2021 to Nigita2018": 0.5488721804511278, "Nigita2018 to Duan2021": 0.5555555555555556}, "xgb": {"Duan2021": 0.7, "Nigita2018": 0.2583333333333333, "Duan2021 to Nigita2018": 0.4887218045112782, "Nigita2018 to Duan2021": 0.38888888888888895}}