{"logreg": {"Duan2021": 0.9, "Leidinger2011": 0.11000000000000001, "Duan2021 to Leidinger2011": 0.46240601503759404, "Leidinger2011 to Duan2021": 0.6666666666666666}, "SVM": {"Duan2021": 0.9, "Leidinger2011": 0.7172222222222222, "Duan2021 to Leidinger2011": 0.6644736842105264, "Leidinger2011 to Duan2021": 0.7500000000000001}, "random forest": {"Duan2021": 1.0, "Leidinger2011": 0.6855555555555556, "Duan2021 to Leidinger2011": 0.5516917293233083, "Leidinger2011 to Duan2021": 0.6805555555555556}, "xgb": {"Duan2021": 0.8, "Leidinger2011": 0.4761111111111111, "Duan2021 to Leidinger2011": 0.5545112781954886, "Leidinger2011 to Duan2021": 0.7777777777777778}}