{"logreg": {"Duan2021": 0.9, "Bianchi2011": 0.7352805089647194, "Duan2021 to Bianchi2011": 0.6610221205186879, "Bianchi2011 to Duan2021": 0.888888888888889}, "SVM": {"Duan2021": 0.9, "Bianchi2011": 0.7802197802197803, "Duan2021 to Bianchi2011": 0.7585049580472921, "Bianchi2011 to Duan2021": 0.888888888888889}, "random forest": {"Duan2021": 1.0, "Bianchi2011": 0.7654713707345288, "Duan2021 to Bianchi2011": 0.6035087719298244, "Bianchi2011 to Duan2021": 0.5138888888888888}, "xgb": {"Duan2021": 0.5, "Bianchi2011": 0.7412377096587622, "Duan2021 to Bianchi2011": 0.6346300533943555, "Bianchi2011 to Duan2021": 0.5}}