{"logreg": {"Duan2021": 0.9, "Wozniak2015": 0.4245, "Duan2021 to Wozniak2015": 0.5317000000000001, "Wozniak2015 to Duan2021": 0.6666666666666667}, "SVM": {"Duan2021": 0.9, "Wozniak2015": 0.508, "Duan2021 to Wozniak2015": 0.5137, "Wozniak2015 to Duan2021": 0.48611111111111116}, "random forest": {"Duan2021": 0.9, "Wozniak2015": 0.6127499999999999, "Duan2021 to Wozniak2015": 0.4884, "Wozniak2015 to Duan2021": 0.5694444444444445}, "xgb": {"Duan2021": 0.9, "Wozniak2015": 0.557, "Duan2021 to Wozniak2015": 0.53, "Wozniak2015 to Duan2021": 0.5555555555555556}}