{"logreg": {"Duan2021": 0.9, "Keller2020": 0.803921568627451, "Duan2021 to Keller2020": 0.42727272727272725, "Keller2020 to Duan2021": 0.6944444444444444}, "SVM": {"Duan2021": 0.8, "Keller2020": 0.9441176470588235, "Duan2021 to Keller2020": 0.7181818181818181, "Keller2020 to Duan2021": 0.8055555555555556}, "random forest": {"Duan2021": 1.0, "Keller2020": 0.9401960784313725, "Duan2021 to Keller2020": 0.7318181818181818, "Keller2020 to Duan2021": 0.8611111111111112}, "xgb": {"Duan2021": 0.75, "Keller2020": 0.9035947712418301, "Duan2021 to Keller2020": 0.5181818181818182, "Keller2020 to Duan2021": 0.38888888888888884}}