{"logreg": {"Duan2021": 0.9, "Zaporozhchenko2018": 0.35, "Duan2021 to Zaporozhchenko2018": 0.6235294117647059, "Zaporozhchenko2018 to Duan2021": 0.5833333333333334}, "SVM": {"Duan2021": 0.9, "Zaporozhchenko2018": 0.85, "Duan2021 to Zaporozhchenko2018": 0.7705882352941176, "Zaporozhchenko2018 to Duan2021": 0.8611111111111112}, "random forest": {"Duan2021": 1.0, "Zaporozhchenko2018": 0.8833333333333332, "Duan2021 to Zaporozhchenko2018": 0.6470588235294118, "Zaporozhchenko2018 to Duan2021": 1.0}, "xgb": {"Duan2021": 0.7, "Zaporozhchenko2018": 0.875, "Duan2021 to Zaporozhchenko2018": 0.6911764705882353, "Zaporozhchenko2018 to Duan2021": 0.6944444444444444}}