{"logreg": {"Duan2021": 0.9, "Li2017": 0.5, "Duan2021 to Li2017": 0.2777777777777778, "Li2017 to Duan2021": 0.2777777777777778}, "SVM": {"Duan2021": 0.8, "Li2017": 0.3333333333333333, "Duan2021 to Li2017": 0.22222222222222224, "Li2017 to Duan2021": 0.7777777777777779}, "random forest": {"Duan2021": 0.9, "Li2017": 0.5, "Duan2021 to Li2017": 0.2222222222222222, "Li2017 to Duan2021": 0.02777777777777777}, "xgb": {"Duan2021": 0.8, "Li2017": 0.5, "Duan2021 to Li2017": 0.5, "Li2017 to Duan2021": 0.5}}