{"logreg": {"Duan2021": 0.9, "Boeri2011": 0.8833333333333334, "Duan2021 to Boeri2011": 0.49122807017543857, "Boeri2011 to Duan2021": 0.36111111111111116}, "SVM": {"Duan2021": 0.9, "Boeri2011": 1.0, "Duan2021 to Boeri2011": 0.5, "Boeri2011 to Duan2021": 0.44444444444444436}, "random forest": {"Duan2021": 1.0, "Boeri2011": 1.0, "Duan2021 to Boeri2011": 0.7412280701754386, "Boeri2011 to Duan2021": 0.3472222222222222}, "xgb": {"Duan2021": 0.7, "Boeri2011": 0.8416666666666666, "Duan2021 to Boeri2011": 0.7061403508771931, "Boeri2011 to Duan2021": 0.44444444444444453}}