{"logreg": {"Duan2021": 0.9, "Leidinger2016": 0.8152380952380952, "Duan2021 to Leidinger2016": 0.47414806110458285, "Leidinger2016 to Duan2021": 0.6666666666666667}, "SVM": {"Duan2021": 0.9, "Leidinger2016": 0.8806878306878307, "Duan2021 to Leidinger2016": 0.5002937720329025, "Leidinger2016 to Duan2021": 0.75}, "random forest": {"Duan2021": 1.0, "Leidinger2016": 0.8855291005291004, "Duan2021 to Leidinger2016": 0.41054641598119856, "Leidinger2016 to Duan2021": 0.5694444444444444}, "xgb": {"Duan2021": 0.8, "Leidinger2016": 0.8943915343915345, "Duan2021 to Leidinger2016": 0.4118683901292597, "Leidinger2016 to Duan2021": 0.5277777777777777}}