{"logreg": {"Duan2021": 0.9, "Yao2019": 0.8, "Duan2021 to Yao2019": 0.8, "Yao2019 to Duan2021": 0.9444444444444444}, "SVM": {"Duan2021": 0.9, "Yao2019": 1.0, "Duan2021 to Yao2019": 0.76, "Yao2019 to Duan2021": 0.8611111111111112}, "random forest": {"Duan2021": 0.9, "Yao2019": 0.8, "Duan2021 to Yao2019": 0.9199999999999999, "Yao2019 to Duan2021": 0.9861111111111112}, "xgb": {"Duan2021": 0.7, "Yao2019": 0.5, "Duan2021 to Yao2019": 0.6000000000000001, "Yao2019 to Duan2021": 0.7222222222222222}}