{"logreg": {"Duan2021": 0.9, "Qu2017": 1.0, "Duan2021 to Qu2017": 0.3888888888888889, "Qu2017 to Duan2021": 0.02777777777777777}, "SVM": {"Duan2021": 0.8, "Qu2017": 1.0, "Duan2021 to Qu2017": 0.41666666666666663, "Qu2017 to Duan2021": 0.36111111111111105}, "random forest": {"Duan2021": 1.0, "Qu2017": 0.9166666666666666, "Duan2021 to Qu2017": 0.4444444444444444, "Qu2017 to Duan2021": 0.19444444444444445}, "xgb": {"Duan2021": 0.8, "Qu2017": 0.6875, "Duan2021 to Qu2017": 0.6527777777777778, "Qu2017 to Duan2021": 0.06944444444444443}}