{"logreg": {"Duan2021": 0.9, "Leidinger2014": 0.6064980158730159, "Duan2021 to Leidinger2014": 0.4636591478696742, "Leidinger2014 to Duan2021": 0.1388888888888889}, "SVM": {"Duan2021": 0.8, "Leidinger2014": 0.420734126984127, "Duan2021 to Leidinger2014": 0.47619047619047616, "Leidinger2014 to Duan2021": 0.8333333333333333}, "random forest": {"Duan2021": 0.9, "Leidinger2014": 0.37358630952380956, "Duan2021 to Leidinger2014": 0.47681704260651636, "Leidinger2014 to Duan2021": 0.6666666666666666}, "xgb": {"Duan2021": 0.8, "Leidinger2014": 0.436954365079365, "Duan2021 to Leidinger2014": 0.4843358395989975, "Leidinger2014 to Duan2021": 0.8333333333333335}}