{"logreg": {"Duan2021": 0.9, "Patnaik2017": 0.6223638344226579, "Duan2021 to Patnaik2017": 0.45575354877680463, "Patnaik2017 to Duan2021": 0.9722222222222223}, "SVM": {"Duan2021": 0.9, "Patnaik2017": 0.5746132897603486, "Duan2021 to Patnaik2017": 0.4954696466324373, "Patnaik2017 to Duan2021": 0.8333333333333334}, "random forest": {"Duan2021": 0.95, "Patnaik2017": 0.5837418300653595, "Duan2021 to Patnaik2017": 0.520160072485654, "Patnaik2017 to Duan2021": 0.8611111111111112}, "xgb": {"Duan2021": 0.8, "Patnaik2017": 0.5297113289760349, "Duan2021 to Patnaik2017": 0.5001510117789187, "Patnaik2017 to Duan2021": 0.7777777777777778}}