{"logreg": {"Duan2021": 0.9, "Keller2014": 0.8536285157337788, "Duan2021 to Keller2014": 0.47129116875546484, "Keller2014 to Duan2021": 0.6666666666666667}, "SVM": {"Duan2021": 0.8, "Keller2014": 0.9177499303815093, "Duan2021 to Keller2014": 0.6354561352375401, "Keller2014 to Duan2021": 0.8333333333333334}, "random forest": {"Duan2021": 1.0, "Keller2014": 0.8701503759398497, "Duan2021 to Keller2014": 0.712474497231128, "Keller2014 to Duan2021": 0.8055555555555556}, "xgb": {"Duan2021": 0.9, "Keller2014": 0.8150932887774992, "Duan2021 to Keller2014": 0.3884436024482658, "Keller2014 to Duan2021": 0.9166666666666667}}