{"logreg": {"Duan2021": 0.9, "Reis2020": 1.0, "Duan2021 to Reis2020": 0.8367346938775511, "Reis2020 to Duan2021": 0.6944444444444444}, "SVM": {"Duan2021": 0.9, "Reis2020": 1.0, "Duan2021 to Reis2020": 0.9836734693877551, "Reis2020 to Duan2021": 0.8333333333333334}, "random forest": {"Duan2021": 0.9, "Reis2020": 0.9571428571428571, "Duan2021 to Reis2020": 0.9551020408163264, "Reis2020 to Duan2021": 0.8611111111111112}, "xgb": {"Duan2021": 0.8, "Reis2020": 0.9, "Duan2021 to Reis2020": 0.7428571428571429, "Reis2020 to Duan2021": 0.9444444444444445}}