{"logreg": {"Duan2021": 0.9, "Chen2019": 0.7083333333333333, "Duan2021 to Chen2019": 0.5055555555555555, "Chen2019 to Duan2021": 0.4444444444444445}, "SVM": {"Duan2021": 0.9, "Chen2019": 0.7, "Duan2021 to Chen2019": 0.4555555555555556, "Chen2019 to Duan2021": 0.4722222222222222}, "random forest": {"Duan2021": 0.9, "Chen2019": 0.7899999999999999, "Duan2021 to Chen2019": 0.5805555555555556, "Chen2019 to Duan2021": 0.1527777777777778}, "xgb": {"Duan2021": 0.7, "Chen2019": 0.7083333333333334, "Duan2021 to Chen2019": 0.4708333333333333, "Chen2019 to Duan2021": 0.24999999999999994}}