{"logreg": {"Duan2021": 0.9, "Marzi2016": 0.8648233134201228, "Duan2021 to Marzi2016": 0.6959159044715447, "Marzi2016 to Duan2021": 0.8611111111111112}, "SVM": {"Duan2021": 0.6, "Marzi2016": 0.7500277979211989, "Duan2021 to Marzi2016": 0.7372544037940381, "Marzi2016 to Duan2021": 0.7222222222222223}, "random forest": {"Duan2021": 1.0, "Marzi2016": 0.7624497565523672, "Duan2021 to Marzi2016": 0.7294313177506775, "Marzi2016 to Duan2021": 0.6666666666666667}, "xgb": {"Duan2021": 0.5, "Marzi2016": 0.8442669521277206, "Duan2021 to Marzi2016": 0.7216188177506776, "Marzi2016 to Duan2021": 0.5833333333333334}}