{"logreg": {"Duan2021": 0.9, "Jin2017": 1.0, "Duan2021 to Jin2017": 0.5096153846153846, "Jin2017 to Duan2021": 0.8611111111111112}, "SVM": {"Duan2021": 0.9, "Jin2017": 1.0, "Duan2021 to Jin2017": 0.6634615384615383, "Jin2017 to Duan2021": 0.6388888888888888}, "random forest": {"Duan2021": 0.9, "Jin2017": 1.0, "Duan2021 to Jin2017": 0.5544871794871795, "Jin2017 to Duan2021": 0.8472222222222223}, "xgb": {"Duan2021": 1.0, "Jin2017": 1.0, "Duan2021 to Jin2017": 0.8076923076923077, "Jin2017 to Duan2021": 0.5277777777777778}}