{"logreg": {"Fehlmann2020": 0.9901160989396759, "Reis2020": 0.9714285714285715, "Fehlmann2020 to Reis2020": 0.30612244897959184, "Reis2020 to Fehlmann2020": 0.5168748202621092}, "SVM": {"Fehlmann2020": 0.9906467684643552, "Reis2020": 1.0, "Fehlmann2020 to Reis2020": 0.7551020408163266, "Reis2020 to Fehlmann2020": 0.5207511674403955}, "random forest": {"Fehlmann2020": 0.9804606020446702, "Reis2020": 0.9857142857142858, "Fehlmann2020 to Reis2020": 1.0, "Reis2020 to Fehlmann2020": 0.4609540829601632}, "xgb": {"Fehlmann2020": 0.9869919793451608, "Reis2020": 0.9428571428571428, "Fehlmann2020 to Reis2020": 0.8244897959183674, "Reis2020 to Fehlmann2020": 0.47166560535721624}}