{"logreg": {"Fehlmann2020": 0.9656742347024135, "Nigita2018": 0.6833333333333333, "Fehlmann2020 to Nigita2018": 0.24060150375939848, "Nigita2018 to Fehlmann2020": 0.46075038001725477}, "SVM": {"Fehlmann2020": 0.9822586967974768, "Nigita2018": 0.26666666666666666, "Fehlmann2020 to Nigita2018": 0.406015037593985, "Nigita2018 to Fehlmann2020": 0.48958547307012856}, "random forest": {"Fehlmann2020": 0.9700803402179288, "Nigita2018": 0.3083333333333333, "Fehlmann2020 to Nigita2018": 0.40225563909774437, "Nigita2018 to Fehlmann2020": 0.38219122742149736}, "xgb": {"Fehlmann2020": 0.9798618341794587, "Nigita2018": 0.475, "Fehlmann2020 to Nigita2018": 0.443609022556391, "Nigita2018 to Fehlmann2020": 0.3426052408145379}}