{"logreg": {"Fehlmann2020": 0.9690163533710112, "Boeri2011": 0.6833333333333333, "Fehlmann2020 to Boeri2011": 0.9122807017543858, "Boeri2011 to Fehlmann2020": 0.46381448310806184}, "SVM": {"Fehlmann2020": 0.976506870292463, "Boeri2011": 0.95, "Fehlmann2020 to Boeri2011": 0.7807017543859649, "Boeri2011 to Fehlmann2020": 0.41068653027128443}, "random forest": {"Fehlmann2020": 0.9712749047626484, "Boeri2011": 0.975, "Fehlmann2020 to Boeri2011": 0.7280701754385965, "Boeri2011 to Fehlmann2020": 0.470720697588431}, "xgb": {"Fehlmann2020": 0.9789576599401348, "Boeri2011": 0.8416666666666666, "Fehlmann2020 to Boeri2011": 0.605263157894737, "Boeri2011 to Fehlmann2020": 0.5239479342125084}}