{"logreg": {"Fehlmann2020": 0.9934088808987461, "Patnaik2017": 0.5949618736383442, "Fehlmann2020 to Patnaik2017": 0.47130776200543645, "Patnaik2017 to Fehlmann2020": 0.654138079783082}, "SVM": {"Fehlmann2020": 0.9928876062658194, "Patnaik2017": 0.5628376906318083, "Fehlmann2020 to Patnaik2017": 0.5824524312896406, "Patnaik2017 to Fehlmann2020": 0.6875077030524629}, "random forest": {"Fehlmann2020": 0.9795620868236584, "Patnaik2017": 0.5163153594771241, "Fehlmann2020 to Patnaik2017": 0.5926457263666567, "Patnaik2017 to Fehlmann2020": 0.636246456595867}, "xgb": {"Fehlmann2020": 0.9913613089196014, "Patnaik2017": 0.529144880174292, "Fehlmann2020 to Patnaik2017": 0.6146179401993356, "Patnaik2017 to Fehlmann2020": 0.5725995576736097}}