{"logreg": {"Fehlmann2020": 0.9536274044137037, "Li2017": 0.3333333333333333, "Fehlmann2020 to Li2017": 0.4444444444444445, "Li2017 to Fehlmann2020": 0.40243313750462184}, "SVM": {"Fehlmann2020": 0.9749589547504339, "Li2017": 0.3333333333333333, "Fehlmann2020 to Li2017": 0.5555555555555556, "Li2017 to Fehlmann2020": 0.4804693384276187}, "random forest": {"Fehlmann2020": 0.9734041752996129, "Li2017": 0.8333333333333334, "Fehlmann2020 to Li2017": 0.11111111111111112, "Li2017 to Fehlmann2020": 0.48477791243854684}, "xgb": {"Fehlmann2020": 0.9773135674112148, "Li2017": 0.5, "Fehlmann2020 to Li2017": 0.2777777777777778, "Li2017 to Fehlmann2020": 0.46677416704326036}}