{"logreg": {"Fehlmann2020": 0.9734712482675609, "Qu2017": 1.0, "Fehlmann2020 to Qu2017": 0.41666666666666663, "Qu2017 to Fehlmann2020": 0.5971954041877218}, "SVM": {"Fehlmann2020": 0.9830302544763793, "Qu2017": 1.0, "Fehlmann2020 to Qu2017": 0.8333333333333333, "Qu2017 to Fehlmann2020": 0.5970156662969202}, "random forest": {"Fehlmann2020": 0.9735142640093863, "Qu2017": 1.0, "Fehlmann2020 to Qu2017": 0.8611111111111112, "Qu2017 to Fehlmann2020": 0.5589480369198746}, "xgb": {"Fehlmann2020": 0.9795389381555217, "Qu2017": 0.875, "Fehlmann2020 to Qu2017": 0.6111111111111112, "Qu2017 to Fehlmann2020": 0.5949983224463525}}