{"logreg": {"Fehlmann2020": 0.9926552823217621, "Jin2017": 1.0, "Fehlmann2020 to Jin2017": 0.5128205128205128, "Jin2017 to Fehlmann2020": 0.4522718869397313}, "SVM": {"Fehlmann2020": 0.990952639903159, "Jin2017": 1.0, "Fehlmann2020 to Jin2017": 0.375, "Jin2017 to Fehlmann2020": 0.38539912082494554}, "random forest": {"Fehlmann2020": 0.9801154258755325, "Jin2017": 1.0, "Fehlmann2020 to Jin2017": 0.4583333333333333, "Jin2017 to Fehlmann2020": 0.5335724703175713}, "xgb": {"Fehlmann2020": 0.9875115926149132, "Jin2017": 0.9800000000000001, "Fehlmann2020 to Jin2017": 0.5128205128205129, "Jin2017 to Fehlmann2020": 0.5649538501567999}}