{"logreg": {"Fehlmann2020": 0.983646330279818, "Yao2019": 0.8, "Fehlmann2020 to Yao2019": 0.7000000000000002, "Yao2019 to Fehlmann2020": 0.5247661695630144}, "SVM": {"Fehlmann2020": 0.9876400298085992, "Yao2019": 1.0, "Fehlmann2020 to Yao2019": 0.36, "Yao2019 to Fehlmann2020": 0.5493799898662064}, "random forest": {"Fehlmann2020": 0.9752705230488985, "Yao2019": 0.7, "Fehlmann2020 to Yao2019": 0.6000000000000001, "Yao2019 to Fehlmann2020": 0.4661690494775619}, "xgb": {"Fehlmann2020": 0.9862938393670067, "Yao2019": 0.8, "Fehlmann2020 to Yao2019": 0.72, "Yao2019 to Fehlmann2020": 0.4601529655040193}}