{"logreg": {"Fehlmann2020": 0.9687738082410167, "Duan2021": 0.9, "Fehlmann2020 to Duan2021": 0.33333333333333337, "Duan2021 to Fehlmann2020": 0.5215137696342248}, "SVM": {"Fehlmann2020": 0.9836053285386626, "Duan2021": 0.8, "Fehlmann2020 to Duan2021": 0.1111111111111111, "Duan2021 to Fehlmann2020": 0.4981649617243882}, "random forest": {"Fehlmann2020": 0.9703964772651226, "Duan2021": 0.9, "Fehlmann2020 to Duan2021": 0.5972222222222222, "Duan2021 to Fehlmann2020": 0.5449370403845364}, "xgb": {"Fehlmann2020": 0.9810053390450296, "Duan2021": 0.65, "Fehlmann2020 to Duan2021": 0.27777777777777773, "Duan2021 to Fehlmann2020": 0.5097777412596032}}