{"logreg": {"Fehlmann2020": 0.9821104055095015, "Wozniak2015": 0.5029999999999999, "Fehlmann2020 to Wozniak2015": 0.502, "Wozniak2015 to Fehlmann2020": 0.3603582090574202}, "SVM": {"Fehlmann2020": 0.987144759311765, "Wozniak2015": 0.5780000000000001, "Fehlmann2020 to Wozniak2015": 0.45115, "Wozniak2015 to Fehlmann2020": 0.4152030866987114}, "random forest": {"Fehlmann2020": 0.9787434660238945, "Wozniak2015": 0.6849999999999999, "Fehlmann2020 to Wozniak2015": 0.4239, "Wozniak2015 to Fehlmann2020": 0.29747048875011983}, "xgb": {"Fehlmann2020": 0.9860401319531851, "Wozniak2015": 0.681, "Fehlmann2020 to Wozniak2015": 0.42000000000000004, "Wozniak2015 to Fehlmann2020": 0.3890589266395519}}