{"logreg": {"Fehlmann2020": 0.956043521879919, "Zaporozhchenko2018": 0.2416666666666667, "Fehlmann2020 to Zaporozhchenko2018": 0.3941176470588235, "Zaporozhchenko2018 to Fehlmann2020": 0.48230180901907616}, "SVM": {"Fehlmann2020": 0.9772137539986788, "Zaporozhchenko2018": 0.75, "Fehlmann2020 to Zaporozhchenko2018": 0.32352941176470584, "Zaporozhchenko2018 to Fehlmann2020": 0.5724531996768142}, "random forest": {"Fehlmann2020": 0.961308436621569, "Zaporozhchenko2018": 0.8083333333333333, "Fehlmann2020 to Zaporozhchenko2018": 0.44999999999999996, "Zaporozhchenko2018 to Fehlmann2020": 0.5862408076907277}, "xgb": {"Fehlmann2020": 0.9703537967939904, "Zaporozhchenko2018": 0.7166666666666666, "Fehlmann2020 to Zaporozhchenko2018": 0.48235294117647065, "Zaporozhchenko2018 to Fehlmann2020": 0.44716219547265934}}