{"logreg": {"Fehlmann2020": 0.8557762610477726, "Marzi2016": 0.9764030180600161, "Fehlmann2020 to Marzi2016": 0.4761602303523035, "Marzi2016 to Fehlmann2020": 0.3186838393382907}, "SVM": {"Fehlmann2020": 0.9378500851243882, "Marzi2016": 0.9689123703626967, "Fehlmann2020 to Marzi2016": 0.37129488482384826, "Marzi2016 to Fehlmann2020": 0.3070864659080016}, "random forest": {"Fehlmann2020": 0.944834741455621, "Marzi2016": 0.9458707713203724, "Fehlmann2020 to Marzi2016": 0.40747798102981037, "Marzi2016 to Fehlmann2020": 0.4066646809909207}, "xgb": {"Fehlmann2020": 0.947866289045837, "Marzi2016": 0.968569701992472, "Fehlmann2020 to Marzi2016": 0.3835535230352304, "Marzi2016 to Fehlmann2020": 0.41982662996590114}}