{"logreg": {"Fehlmann2020": 0.9903796165860438, "Leidinger2011": 0.16722222222222222, "Fehlmann2020 to Leidinger2011": 0.6296992481203008, "Leidinger2011 to Fehlmann2020": 0.628732556865645}, "SVM": {"Fehlmann2020": 0.9912446018127812, "Leidinger2011": 0.7244444444444444, "Fehlmann2020 to Leidinger2011": 0.6409774436090225, "Leidinger2011 to Fehlmann2020": 0.6140856305547567}, "random forest": {"Fehlmann2020": 0.97853200747046, "Leidinger2011": 0.6255555555555555, "Fehlmann2020 to Leidinger2011": 0.6099624060150376, "Leidinger2011 to Fehlmann2020": 0.5909293989564931}, "xgb": {"Fehlmann2020": 0.9896174537988941, "Leidinger2011": 0.7055555555555555, "Fehlmann2020 to Leidinger2011": 0.4548872180451128, "Leidinger2011 to Fehlmann2020": 0.503213884666475}}