{"logreg": {"Fehlmann2020": 0.9889333293788211, "Keller2014": 0.8621609579504316, "Fehlmann2020 to Keller2014": 0.5579277178665112, "Keller2014 to Fehlmann2020": 0.6326414280432193}, "SVM": {"Fehlmann2020": 0.9910052711865338, "Keller2014": 0.9037983848510164, "Fehlmann2020 to Keller2014": 0.5993150684931506, "Keller2014 to Fehlmann2020": 0.6315184941730687}, "random forest": {"Fehlmann2020": 0.9787797205952758, "Keller2014": 0.8887552213868004, "Fehlmann2020 to Keller2014": 0.5729379189740601, "Keller2014 to Fehlmann2020": 0.6153900141051449}, "xgb": {"Fehlmann2020": 0.9898835413664221, "Keller2014": 0.8517738791423003, "Fehlmann2020 to Keller2014": 0.5173418828329933, "Keller2014 to Fehlmann2020": 0.6202728934719198}}