{"logreg": {"Fehlmann2020": 0.9889093240702976, "Patnaik2012": 0.7238095238095238, "Fehlmann2020 to Patnaik2012": 0.6590909090909092, "Patnaik2012 to Fehlmann2020": 0.6850324555277104}, "SVM": {"Fehlmann2020": 0.9903467096029599, "Patnaik2012": 0.8142857142857143, "Fehlmann2020 to Patnaik2012": 0.6363636363636362, "Patnaik2012 to Fehlmann2020": 0.6196455226435507}, "random forest": {"Fehlmann2020": 0.9783582571811837, "Patnaik2012": 0.8111111111111111, "Fehlmann2020 to Patnaik2012": 0.4810606060606061, "Patnaik2012 to Fehlmann2020": 0.511696657217589}, "xgb": {"Fehlmann2020": 0.9896186998212746, "Patnaik2012": 0.6825396825396826, "Fehlmann2020 to Patnaik2012": 0.6893939393939394, "Patnaik2012 to Fehlmann2020": 0.5098624748366953}}