{"logreg": {"Fehlmann2020": 0.9697558087896173, "Keller2020": 0.8490196078431372, "Fehlmann2020 to Keller2020": 0.24545454545454545, "Keller2020 to Fehlmann2020": 0.640811799022226}, "SVM": {"Fehlmann2020": 0.9843720059632407, "Keller2020": 0.9388888888888889, "Fehlmann2020 to Keller2020": 0.4681818181818182, "Keller2020 to Fehlmann2020": 0.6553868301767936}, "random forest": {"Fehlmann2020": 0.9731184553844429, "Keller2020": 0.9057189542483659, "Fehlmann2020 to Keller2020": 0.36931818181818177, "Keller2020 to Fehlmann2020": 0.5639712830204182}, "xgb": {"Fehlmann2020": 0.9814544917234864, "Keller2020": 0.8911764705882353, "Fehlmann2020 to Keller2020": 0.41250000000000003, "Keller2020 to Fehlmann2020": 0.5061145118661244}}