{"logreg": {"Fehlmann2020": 0.9205531581811958, "Bianchi2011": 0.7770387507229612, "Fehlmann2020 to Bianchi2011": 0.6799389778794813, "Bianchi2011 to Fehlmann2020": 0.3900141051449544}, "SVM": {"Fehlmann2020": 0.9613646480255869, "Bianchi2011": 0.8037593984962406, "Fehlmann2020 to Bianchi2011": 0.6456140350877193, "Bianchi2011 to Fehlmann2020": 0.4146604494474344}, "random forest": {"Fehlmann2020": 0.9566696318562528, "Bianchi2011": 0.818102949681897, "Fehlmann2020 to Bianchi2011": 0.5766590389016019, "Bianchi2011 to Fehlmann2020": 0.41691744381907075}, "xgb": {"Fehlmann2020": 0.9680431992888195, "Bianchi2011": 0.8245228455754772, "Fehlmann2020 to Bianchi2011": 0.5746758199847444, "Bianchi2011 to Fehlmann2020": 0.42130476014406415}}