{"logreg": {"Fehlmann2020": 0.9753151471394486, "Chen2019": 0.8666666666666666, "Fehlmann2020 to Chen2019": 0.42569444444444443, "Chen2019 to Fehlmann2020": 0.374106445914301}, "SVM": {"Fehlmann2020": 0.9829076817777006, "Chen2019": 0.72, "Fehlmann2020 to Chen2019": 0.3111111111111111, "Chen2019 to Fehlmann2020": 0.5215685468961834}, "random forest": {"Fehlmann2020": 0.9739452499155279, "Chen2019": 0.7266666666666667, "Fehlmann2020 to Chen2019": 0.2923611111111111, "Chen2019 to Fehlmann2020": 0.43798957177875464}, "xgb": {"Fehlmann2020": 0.9818030544191207, "Chen2019": 0.6433333333333333, "Fehlmann2020 to Chen2019": 0.30833333333333335, "Chen2019 to Fehlmann2020": 0.32209800336880157}}