{"logreg": {"Fehlmann2020": 0.9937349179374338, "Asakura2020": 0.7598682030488474, "Fehlmann2020 to Asakura2020": 0.8137581551026344, "Asakura2020 to Fehlmann2020": 0.6680155567423962}, "SVM": {"Fehlmann2020": 0.9929389915268138, "Asakura2020": 0.9210606967767406, "Fehlmann2020 to Asakura2020": 0.8246798063064172, "Asakura2020 to Fehlmann2020": 0.6355908412418005}, "random forest": {"Fehlmann2020": 0.9807537580590738, "Asakura2020": 0.9660158987055099, "Fehlmann2020 to Asakura2020": 0.792550197200145, "Asakura2020 to Fehlmann2020": 0.5550836722676417}, "xgb": {"Fehlmann2020": 0.9917505132237489, "Asakura2020": 0.9407276285612447, "Fehlmann2020 to Asakura2020": 0.8148470658049203, "Asakura2020 to Fehlmann2020": 0.6626225641236324}}