{"logreg": {"Fehlmann2020": 0.9758677452686833, "Halvorsen2016": 0.975, "Fehlmann2020 to Halvorsen2016": 0.6118421052631579, "Halvorsen2016 to Fehlmann2020": 0.372295372690796}, "SVM": {"Fehlmann2020": 0.9817107171408688, "Halvorsen2016": 0.9833333333333334, "Fehlmann2020 to Halvorsen2016": 0.1694078947368421, "Halvorsen2016 to Fehlmann2020": 0.4290737165002807}, "random forest": {"Fehlmann2020": 0.9714484982022764, "Halvorsen2016": 0.9833333333333334, "Fehlmann2020 to Halvorsen2016": 0.18009868421052633, "Halvorsen2016 to Fehlmann2020": 0.5031137449844569}, "xgb": {"Fehlmann2020": 0.982246602190566, "Halvorsen2016": 0.925, "Fehlmann2020 to Halvorsen2016": 0.18585526315789472, "Halvorsen2016 to Fehlmann2020": 0.5570436711720964}}