{"logreg": {"Fehlmann2020": 0.9932636787079229, "Leidinger2014": 0.8431547619047619, "Fehlmann2020 to Leidinger2014": 0.40852130325814534, "Leidinger2014 to Fehlmann2020": 0.5592227791243856}, "SVM": {"Fehlmann2020": 0.9929132988963166, "Leidinger2014": 0.5243551587301587, "Fehlmann2020 to Leidinger2014": 0.4893483709273183, "Leidinger2014 to Fehlmann2020": 0.38535119072073176}, "random forest": {"Fehlmann2020": 0.9803116239453562, "Leidinger2014": 0.5394097222222223, "Fehlmann2020 to Leidinger2014": 0.45457393483709274, "Leidinger2014 to Fehlmann2020": 0.5622338167426703}, "xgb": {"Fehlmann2020": 0.9923489436245656, "Leidinger2014": 0.5908730158730159, "Fehlmann2020 to Leidinger2014": 0.5288220551378446, "Leidinger2014 to Fehlmann2020": 0.5700258822562754}}