{"logreg": {"Fehlmann2020": 0.9883160053593002, "Keller2009": 0.9375, "Fehlmann2020 to Keller2009": 0.6393188854489165, "Keller2009 to Fehlmann2020": 0.6512708324774387}, "SVM": {"Fehlmann2020": 0.9916546455487518, "Keller2009": 0.9125, "Fehlmann2020 to Keller2009": 0.6563467492260062, "Keller2009 to Fehlmann2020": 0.5491454747134464}, "random forest": {"Fehlmann2020": 0.979200197574983, "Keller2009": 0.96875, "Fehlmann2020 to Keller2009": 0.7461300309597524, "Keller2009 to Fehlmann2020": 0.6072521671254263}, "xgb": {"Fehlmann2020": 0.988795367499384, "Keller2009": 0.8166666666666667, "Fehlmann2020 to Keller2009": 0.6563467492260062, "Keller2009 to Fehlmann2020": 0.580408741081577}}