{"logreg": {"Halvorsen2016": 0.8202380952380952, "Li2017": 0.6666666666666666, "Halvorsen2016 to Li2017": 0.6111111111111112, "Li2017 to Halvorsen2016": 0.2894736842105263}, "SVM": {"Halvorsen2016": 0.9833333333333334, "Li2017": 0.16666666666666666, "Halvorsen2016 to Li2017": 0.44444444444444453, "Li2017 to Halvorsen2016": 0.8634868421052632}, "random forest": {"Halvorsen2016": 0.9625, "Li2017": 0.3333333333333333, "Halvorsen2016 to Li2017": 0.5555555555555556, "Li2017 to Halvorsen2016": 0.40049342105263164}, "xgb": {"Halvorsen2016": 0.9666666666666668, "Li2017": 0.5, "Halvorsen2016 to Li2017": 0.5277777777777778, "Li2017 to Halvorsen2016": 0.4769736842105263}}