{"logreg": {"Halvorsen2016": 0.9333333333333333, "Keller2014": 0.8485435811751602, "Halvorsen2016 to Keller2014": 0.36403380938501895, "Keller2014 to Halvorsen2016": 0.2064144736842105}, "SVM": {"Halvorsen2016": 0.9916666666666668, "Keller2014": 0.9166750208855472, "Halvorsen2016 to Keller2014": 0.34975225881667144, "Keller2014 to Halvorsen2016": 0.21381578947368424}, "random forest": {"Halvorsen2016": 0.9833333333333334, "Keller2014": 0.9010052910052909, "Halvorsen2016 to Keller2014": 0.43770037889828034, "Keller2014 to Halvorsen2016": 0.26973684210526316}, "xgb": {"Halvorsen2016": 0.9416666666666668, "Keller2014": 0.8885547201336674, "Halvorsen2016 to Keller2014": 0.7027834450597493, "Keller2014 to Halvorsen2016": 0.5164473684210527}}