{"logreg": {"Halvorsen2016": 0.9916666666666668, "Chen2019": 0.7, "Halvorsen2016 to Chen2019": 0.40277777777777785, "Chen2019 to Halvorsen2016": 0.203125}, "SVM": {"Halvorsen2016": 0.9833333333333334, "Chen2019": 0.6766666666666666, "Halvorsen2016 to Chen2019": 0.5027777777777778, "Chen2019 to Halvorsen2016": 0.4720394736842105}, "random forest": {"Halvorsen2016": 0.9833333333333334, "Chen2019": 0.6983333333333335, "Halvorsen2016 to Chen2019": 0.47777777777777786, "Chen2019 to Halvorsen2016": 0.3388157894736842}, "xgb": {"Halvorsen2016": 1.0, "Chen2019": 0.5533333333333333, "Halvorsen2016 to Chen2019": 0.5159722222222223, "Chen2019 to Halvorsen2016": 0.5608552631578947}}