{"logreg": {"Halvorsen2016": 0.9261904761904762, "Bianchi2011": 0.772353961827646, "Halvorsen2016 to Bianchi2011": 0.5810831426392067, "Bianchi2011 to Halvorsen2016": 0.7384868421052632}, "SVM": {"Halvorsen2016": 0.9928571428571429, "Bianchi2011": 0.7998264893001734, "Halvorsen2016 to Bianchi2011": 0.4530892448512585, "Bianchi2011 to Halvorsen2016": 0.46710526315789475}, "random forest": {"Halvorsen2016": 0.9928571428571429, "Bianchi2011": 0.7856564488143436, "Halvorsen2016 to Bianchi2011": 0.5758199847444698, "Bianchi2011 to Halvorsen2016": 0.6513157894736842}, "xgb": {"Halvorsen2016": 0.9476190476190476, "Bianchi2011": 0.7930017351069982, "Halvorsen2016 to Bianchi2011": 0.5855835240274601, "Bianchi2011 to Halvorsen2016": 0.7253289473684211}}