{"logreg": {"Halvorsen2016": 0.9166666666666667, "Asakura2020": 0.8716393331197771, "Halvorsen2016 to Asakura2020": 0.4386375070805583, "Asakura2020 to Halvorsen2016": 0.6907894736842105}, "SVM": {"Halvorsen2016": 0.9916666666666668, "Asakura2020": 0.9228261606100066, "Halvorsen2016 to Asakura2020": 0.3516671416357937, "Asakura2020 to Halvorsen2016": 0.7861842105263157}, "random forest": {"Halvorsen2016": 0.9833333333333334, "Asakura2020": 0.9689435999880027, "Halvorsen2016 to Asakura2020": 0.2632006234409578, "Asakura2020 to Halvorsen2016": 0.5550986842105263}, "xgb": {"Halvorsen2016": 0.9416666666666668, "Asakura2020": 0.9707248856883991, "Halvorsen2016 to Asakura2020": 0.3242498419701485, "Asakura2020 to Halvorsen2016": 0.319078947368421}}