{"logreg": {"Halvorsen2016": 0.9166666666666667, "Keller2009": 0.9083333333333334, "Halvorsen2016 to Keller2009": 0.37770897832817335, "Keller2009 to Halvorsen2016": 0.5657894736842105}, "SVM": {"Halvorsen2016": 0.9833333333333334, "Keller2009": 0.9125, "Halvorsen2016 to Keller2009": 0.25386996904024767, "Keller2009 to Halvorsen2016": 0.6019736842105263}, "random forest": {"Halvorsen2016": 0.9833333333333334, "Keller2009": 0.9125, "Halvorsen2016 to Keller2009": 0.4164086687306502, "Keller2009 to Halvorsen2016": 0.39144736842105265}, "xgb": {"Halvorsen2016": 0.9416666666666668, "Keller2009": 1.0, "Halvorsen2016 to Keller2009": 0.5696594427244582, "Keller2009 to Halvorsen2016": 0.4424342105263158}}