{"logreg": {"Halvorsen2016": 0.9166666666666667, "Nigita2018": 0.4666666666666666, "Halvorsen2016 to Nigita2018": 0.443609022556391, "Nigita2018 to Halvorsen2016": 0.17269736842105263}, "SVM": {"Halvorsen2016": 0.9916666666666668, "Nigita2018": 0.325, "Halvorsen2016 to Nigita2018": 0.4962406015037594, "Nigita2018 to Halvorsen2016": 0.7220394736842104}, "random forest": {"Halvorsen2016": 0.9791666666666667, "Nigita2018": 0.3416666666666667, "Halvorsen2016 to Nigita2018": 0.2443609022556391, "Nigita2018 to Halvorsen2016": 0.421875}, "xgb": {"Halvorsen2016": 0.9583333333333334, "Nigita2018": 0.5666666666666667, "Halvorsen2016 to Nigita2018": 0.4135338345864662, "Nigita2018 to Halvorsen2016": 0.5279605263157894}}