{"logreg": {"Halvorsen2016": 0.9833333333333334, "Boeri2011": 0.7333333333333333, "Halvorsen2016 to Boeri2011": 0.24561403508771928, "Boeri2011 to Halvorsen2016": 0.4128289473684211}, "SVM": {"Halvorsen2016": 0.9833333333333334, "Boeri2011": 0.95, "Halvorsen2016 to Boeri2011": 0.39473684210526316, "Boeri2011 to Halvorsen2016": 0.31578947368421056}, "random forest": {"Halvorsen2016": 0.9833333333333334, "Boeri2011": 1.0, "Halvorsen2016 to Boeri2011": 0.48684210526315785, "Boeri2011 to Halvorsen2016": 0.4070723684210526}, "xgb": {"Halvorsen2016": 0.9416666666666668, "Boeri2011": 0.7916666666666666, "Halvorsen2016 to Boeri2011": 0.37719298245614036, "Boeri2011 to Halvorsen2016": 0.26315789473684215}}