{"logreg": {"Halvorsen2016": 0.95, "Duan2021": 0.9, "Halvorsen2016 to Duan2021": 0.16666666666666666, "Duan2021 to Halvorsen2016": 0.6759868421052633}, "SVM": {"Halvorsen2016": 0.9916666666666668, "Duan2021": 0.8, "Halvorsen2016 to Duan2021": 0.4444444444444445, "Duan2021 to Halvorsen2016": 0.40789473684210525}, "random forest": {"Halvorsen2016": 0.9833333333333334, "Duan2021": 1.0, "Halvorsen2016 to Duan2021": 0.2222222222222222, "Duan2021 to Halvorsen2016": 0.4070723684210526}, "xgb": {"Halvorsen2016": 0.9291666666666668, "Duan2021": 0.7, "Halvorsen2016 to Duan2021": 0.3333333333333333, "Duan2021 to Halvorsen2016": 0.462171052631579}}