{"logreg": {"Halvorsen2016": 0.9333333333333333, "Marzi2016": 0.9659425394523291, "Halvorsen2016 to Marzi2016": 0.43697069783197834, "Marzi2016 to Halvorsen2016": 0.3256578947368421}, "SVM": {"Halvorsen2016": 0.9916666666666668, "Marzi2016": 0.9620562979845069, "Halvorsen2016 to Marzi2016": 0.2560763888888889, "Marzi2016 to Halvorsen2016": 0.11348684210526315}, "random forest": {"Halvorsen2016": 0.9333333333333332, "Marzi2016": 0.9424670798945636, "Halvorsen2016 to Marzi2016": 0.28836382113821135, "Marzi2016 to Halvorsen2016": 0.20723684210526314}, "xgb": {"Halvorsen2016": 0.9136904761904763, "Marzi2016": 0.9591445376797081, "Halvorsen2016 to Marzi2016": 0.4526909722222222, "Marzi2016 to Halvorsen2016": 0.46381578947368424}}