{"logreg": {"Halvorsen2016": 0.9833333333333334, "Jin2017": 1.0, "Halvorsen2016 to Jin2017": 0.9871794871794871, "Jin2017 to Halvorsen2016": 0.8421052631578947}, "SVM": {"Halvorsen2016": 0.9833333333333334, "Jin2017": 1.0, "Halvorsen2016 to Jin2017": 0.8333333333333334, "Jin2017 to Halvorsen2016": 0.8947368421052632}, "random forest": {"Halvorsen2016": 0.9833333333333334, "Jin2017": 1.0, "Halvorsen2016 to Jin2017": 0.6858974358974359, "Jin2017 to Halvorsen2016": 0.6949013157894738}, "xgb": {"Halvorsen2016": 0.9416666666666668, "Jin2017": 0.9916666666666668, "Halvorsen2016 to Jin2017": 0.5849358974358975, "Jin2017 to Halvorsen2016": 0.3643092105263158}}