{"logreg": {"Halvorsen2016": 0.9083333333333334, "Qu2017": 1.0, "Halvorsen2016 to Qu2017": 0.5833333333333333, "Qu2017 to Halvorsen2016": 0.28125}, "SVM": {"Halvorsen2016": 0.975, "Qu2017": 1.0, "Halvorsen2016 to Qu2017": 0.4444444444444444, "Qu2017 to Halvorsen2016": 0.33059210526315785}, "random forest": {"Halvorsen2016": 0.975, "Qu2017": 1.0, "Halvorsen2016 to Qu2017": 0.6111111111111112, "Qu2017 to Halvorsen2016": 0.5106907894736842}, "xgb": {"Halvorsen2016": 0.9511904761904763, "Qu2017": 0.75, "Halvorsen2016 to Qu2017": 0.861111111111111, "Qu2017 to Halvorsen2016": 0.43667763157894735}}