{"logreg": {"Halvorsen2016": 0.9166666666666667, "Patnaik2017": 0.6053703703703703, "Halvorsen2016 to Patnaik2017": 0.5584415584415584, "Patnaik2017 to Halvorsen2016": 0.3042763157894737}, "SVM": {"Halvorsen2016": 0.9916666666666668, "Patnaik2017": 0.5811546840958605, "Halvorsen2016 to Patnaik2017": 0.5400936273029296, "Patnaik2017 to Halvorsen2016": 0.5970394736842105}, "random forest": {"Halvorsen2016": 0.9833333333333334, "Patnaik2017": 0.5341748366013072, "Halvorsen2016 to Patnaik2017": 0.5641045001510118, "Patnaik2017 to Halvorsen2016": 0.3503289473684211}, "xgb": {"Halvorsen2016": 0.9416666666666668, "Patnaik2017": 0.5341176470588234, "Halvorsen2016 to Patnaik2017": 0.5400936273029296, "Patnaik2017 to Halvorsen2016": 0.2565789473684211}}