{"logreg": {"Halvorsen2016": 0.9416666666666668, "Leidinger2014": 0.8206845238095237, "Halvorsen2016 to Leidinger2014": 0.48746867167919794, "Leidinger2014 to Halvorsen2016": 0.6291118421052632}, "SVM": {"Halvorsen2016": 0.9916666666666668, "Leidinger2014": 0.5493551587301587, "Halvorsen2016 to Leidinger2014": 0.46867167919799496, "Leidinger2014 to Halvorsen2016": 0.45394736842105265}, "random forest": {"Halvorsen2016": 0.9833333333333334, "Leidinger2014": 0.5312748015873016, "Halvorsen2016 to Leidinger2014": 0.47462406015037595, "Leidinger2014 to Halvorsen2016": 0.4769736842105263}, "xgb": {"Halvorsen2016": 0.9416666666666668, "Leidinger2014": 0.5969742063492063, "Halvorsen2016 to Leidinger2014": 0.45426065162907264, "Leidinger2014 to Halvorsen2016": 0.4835526315789474}}