{"logreg": {"Halvorsen2016": 0.975, "Keller2020": 0.7088235294117647, "Halvorsen2016 to Keller2020": 0.6715909090909091, "Keller2020 to Halvorsen2016": 0.6702302631578947}, "SVM": {"Halvorsen2016": 1.0, "Keller2020": 0.8493464052287582, "Halvorsen2016 to Keller2020": 0.48068181818181815, "Keller2020 to Halvorsen2016": 0.712171052631579}, "random forest": {"Halvorsen2016": 0.9833333333333332, "Keller2020": 0.7892156862745099, "Halvorsen2016 to Keller2020": 0.5931818181818181, "Keller2020 to Halvorsen2016": 0.4128289473684211}, "xgb": {"Halvorsen2016": 0.9666666666666668, "Keller2020": 0.9029411764705882, "Halvorsen2016 to Keller2020": 0.7602272727272728, "Keller2020 to Halvorsen2016": 0.6513157894736842}}