{"logreg": {"Halvorsen2016": 0.9583333333333333, "Patnaik2012": 0.6587301587301587, "Halvorsen2016 to Patnaik2012": 0.43434343434343436, "Patnaik2012 to Halvorsen2016": 0.7286184210526316}, "SVM": {"Halvorsen2016": 0.9916666666666668, "Patnaik2012": 0.8253968253968254, "Halvorsen2016 to Patnaik2012": 0.5833333333333333, "Patnaik2012 to Halvorsen2016": 0.7138157894736842}, "random forest": {"Halvorsen2016": 0.9833333333333334, "Patnaik2012": 0.8111111111111111, "Halvorsen2016 to Patnaik2012": 0.6805555555555556, "Patnaik2012 to Halvorsen2016": 0.4292763157894737}, "xgb": {"Halvorsen2016": 0.9416666666666668, "Patnaik2012": 0.7063492063492064, "Halvorsen2016 to Patnaik2012": 0.7840909090909092, "Patnaik2012 to Halvorsen2016": 0.6595394736842104}}