{"logreg": {"Jin2017": 1.0, "Patnaik2012": 0.7206349206349206, "Jin2017 to Patnaik2012": 0.1717171717171717, "Patnaik2012 to Jin2017": 0.009615384615384616}, "SVM": {"Jin2017": 1.0, "Patnaik2012": 0.8142857142857143, "Jin2017 to Patnaik2012": 0.16161616161616163, "Patnaik2012 to Jin2017": 0.1282051282051282}, "random forest": {"Jin2017": 1.0, "Patnaik2012": 0.7634920634920634, "Jin2017 to Patnaik2012": 0.10732323232323235, "Patnaik2012 to Jin2017": 0.7275641025641026}, "xgb": {"Jin2017": 0.9400000000000001, "Patnaik2012": 0.788888888888889, "Jin2017 to Patnaik2012": 0.3573232323232323, "Patnaik2012 to Jin2017": 0.548076923076923}}