{"logreg": {"Jin2017": 1.0, "Boeri2011": 0.6833333333333333, "Jin2017 to Boeri2011": 0.7280701754385964, "Boeri2011 to Jin2017": 0.6121794871794871}, "SVM": {"Jin2017": 1.0, "Boeri2011": 0.9, "Jin2017 to Boeri2011": 0.5789473684210525, "Boeri2011 to Jin2017": 0.6346153846153846}, "random forest": {"Jin2017": 1.0, "Boeri2011": 0.925, "Jin2017 to Boeri2011": 0.4649122807017544, "Boeri2011 to Jin2017": 0.7115384615384616}, "xgb": {"Jin2017": 1.0, "Boeri2011": 0.8416666666666666, "Jin2017 to Boeri2011": 0.7543859649122806, "Boeri2011 to Jin2017": 0.4935897435897436}}