{"logreg": {"Jin2017": 1.0, "Keller2009": 0.9041666666666666, "Jin2017 to Keller2009": 0.13931888544891644, "Keller2009 to Jin2017": 0.14423076923076925}, "SVM": {"Jin2017": 1.0, "Keller2009": 0.8958333333333334, "Jin2017 to Keller2009": 0.6656346749226006, "Keller2009 to Jin2017": 0.7147435897435896}, "random forest": {"Jin2017": 1.0, "Keller2009": 0.925, "Jin2017 to Keller2009": 0.6996904024767802, "Keller2009 to Jin2017": 0.42307692307692313}, "xgb": {"Jin2017": 0.9800000000000001, "Keller2009": 0.8, "Jin2017 to Keller2009": 0.7058823529411764, "Keller2009 to Jin2017": 0.6602564102564102}}