{"logreg": {"Jin2017": 1.0, "Asakura2020": 0.7726657009713067, "Jin2017 to Asakura2020": 0.4840718223685831, "Asakura2020 to Jin2017": 0.40705128205128205}, "SVM": {"Jin2017": 1.0, "Asakura2020": 0.9294936716040031, "Jin2017 to Asakura2020": 0.3856470780016583, "Asakura2020 to Jin2017": 0.11858974358974361}, "random forest": {"Jin2017": 1.0, "Asakura2020": 0.9742705844051333, "Jin2017 to Asakura2020": 0.5447432645273118, "Asakura2020 to Jin2017": 0.3333333333333333}, "xgb": {"Jin2017": 0.9800000000000001, "Asakura2020": 0.9428628613061804, "Jin2017 to Asakura2020": 0.812826541274817, "Asakura2020 to Jin2017": 0.3333333333333333}}