{"logreg": {"Jin2017": 1.0, "Wozniak2015": 0.484, "Jin2017 to Wozniak2015": 0.5398000000000001, "Wozniak2015 to Jin2017": 0.4471153846153846}, "SVM": {"Jin2017": 1.0, "Wozniak2015": 0.5675, "Jin2017 to Wozniak2015": 0.5754, "Wozniak2015 to Jin2017": 0.5}, "random forest": {"Jin2017": 1.0, "Wozniak2015": 0.6435, "Jin2017 to Wozniak2015": 0.63995, "Wozniak2015 to Jin2017": 0.5929487179487181}, "xgb": {"Jin2017": 0.9400000000000001, "Wozniak2015": 0.6575, "Jin2017 to Wozniak2015": 0.5860500000000001, "Wozniak2015 to Jin2017": 0.5608974358974359}}