{"logreg": {"Jin2017": 1.0, "Halvorsen2016": 0.9833333333333334, "Jin2017 to Halvorsen2016": 0.8421052631578947, "Halvorsen2016 to Jin2017": 0.9871794871794871}, "SVM": {"Jin2017": 1.0, "Halvorsen2016": 0.9833333333333334, "Jin2017 to Halvorsen2016": 0.8947368421052632, "Halvorsen2016 to Jin2017": 0.8317307692307693}, "random forest": {"Jin2017": 1.0, "Halvorsen2016": 0.9833333333333334, "Jin2017 to Halvorsen2016": 0.6077302631578947, "Halvorsen2016 to Jin2017": 0.5416666666666667}, "xgb": {"Jin2017": 0.9916666666666668, "Halvorsen2016": 0.9416666666666668, "Jin2017 to Halvorsen2016": 0.3643092105263158, "Halvorsen2016 to Jin2017": 0.5849358974358975}}