{"logreg": {"Jin2017": 1.0, "Marzi2016": 0.9764030180600161, "Jin2017 to Marzi2016": 0.45551744579945797, "Marzi2016 to Jin2017": 0.47756410256410253}, "SVM": {"Jin2017": 1.0, "Marzi2016": 0.9689123703626967, "Jin2017 to Marzi2016": 0.46324525745257455, "Marzi2016 to Jin2017": 0.46474358974358976}, "random forest": {"Jin2017": 0.9800000000000001, "Marzi2016": 0.9440647697319198, "Jin2017 to Marzi2016": 0.575658451897019, "Marzi2016 to Jin2017": 0.4519230769230769}, "xgb": {"Jin2017": 0.9199999999999999, "Marzi2016": 0.968569701992472, "Jin2017 to Marzi2016": 0.6335852811653117, "Marzi2016 to Jin2017": 0.45833333333333337}}