{"logreg": {"Jin2017": 1.0, "Keller2020": 0.8382352941176471, "Jin2017 to Keller2020": 0.6840909090909091, "Keller2020 to Jin2017": 0.5673076923076923}, "SVM": {"Jin2017": 1.0, "Keller2020": 0.938562091503268, "Jin2017 to Keller2020": 0.6909090909090909, "Keller2020 to Jin2017": 0.971153846153846}, "random forest": {"Jin2017": 1.0, "Keller2020": 0.875, "Jin2017 to Keller2020": 0.6164772727272727, "Keller2020 to Jin2017": 0.639423076923077}, "xgb": {"Jin2017": 0.9800000000000001, "Keller2020": 0.9215686274509804, "Jin2017 to Keller2020": 0.47670454545454544, "Keller2020 to Jin2017": 0.6538461538461539}}