{"logreg": {"Jin2017": 1.0, "Fehlmann2020": 0.9926552823217621, "Jin2017 to Fehlmann2020": 0.4522718869397313, "Fehlmann2020 to Jin2017": 0.5128205128205128}, "SVM": {"Jin2017": 1.0, "Fehlmann2020": 0.990952639903159, "Jin2017 to Fehlmann2020": 0.38534263177355077, "Fehlmann2020 to Jin2017": 0.375}, "random forest": {"Jin2017": 1.0, "Fehlmann2020": 0.9786294575353818, "Jin2017 to Fehlmann2020": 0.4955236706243239, "Fehlmann2020 to Jin2017": 0.467948717948718}, "xgb": {"Jin2017": 0.9800000000000001, "Fehlmann2020": 0.9875115926149132, "Jin2017 to Fehlmann2020": 0.5649538501567999, "Fehlmann2020 to Jin2017": 0.5128205128205129}}