{"logreg": {"Jin2017": 1.0, "Leidinger2011": 0.13777777777777778, "Jin2017 to Leidinger2011": 0.32894736842105265, "Leidinger2011 to Jin2017": 0.2211538461538462}, "SVM": {"Jin2017": 1.0, "Leidinger2011": 0.7733333333333334, "Jin2017 to Leidinger2011": 0.3383458646616541, "Leidinger2011 to Jin2017": 0.12179487179487179}, "random forest": {"Jin2017": 1.0, "Leidinger2011": 0.7427777777777778, "Jin2017 to Leidinger2011": 0.5347744360902256, "Leidinger2011 to Jin2017": 0.4342948717948718}, "xgb": {"Jin2017": 0.9800000000000001, "Leidinger2011": 0.5894444444444444, "Jin2017 to Leidinger2011": 0.6785714285714286, "Leidinger2011 to Jin2017": 0.5288461538461539}}