{"logreg": {"Jin2017": 1.0, "Chen2019": 0.8666666666666666, "Jin2017 to Chen2019": 0.5944444444444444, "Chen2019 to Jin2017": 0.4711538461538461}, "SVM": {"Jin2017": 1.0, "Chen2019": 0.7666666666666666, "Jin2017 to Chen2019": 0.5, "Chen2019 to Jin2017": 0.6506410256410257}, "random forest": {"Jin2017": 1.0, "Chen2019": 0.7366666666666667, "Jin2017 to Chen2019": 0.49444444444444446, "Chen2019 to Jin2017": 0.9391025641025641}, "xgb": {"Jin2017": 1.0, "Chen2019": 0.6583333333333334, "Jin2017 to Chen2019": 0.4826388888888889, "Chen2019 to Jin2017": 0.47435897435897434}}