{"logreg": {"Jin2017": 1.0, "Reis2020": 0.9857142857142858, "Jin2017 to Reis2020": 0.47346938775510206, "Reis2020 to Jin2017": 0.4743589743589744}, "SVM": {"Jin2017": 1.0, "Reis2020": 1.0, "Jin2017 to Reis2020": 0.07346938775510206, "Reis2020 to Jin2017": 0.46794871794871795}, "random forest": {"Jin2017": 1.0, "Reis2020": 0.9857142857142858, "Jin2017 to Reis2020": 0.6816326530612244, "Reis2020 to Jin2017": 0.6153846153846154}, "xgb": {"Jin2017": 1.0, "Reis2020": 0.9857142857142858, "Jin2017 to Reis2020": 0.5387755102040817, "Reis2020 to Jin2017": 0.6442307692307692}}