{"logreg": {"Jin2017": 1.0, "Nigita2018": 0.65, "Jin2017 to Nigita2018": 0.5714285714285714, "Nigita2018 to Jin2017": 0.6602564102564102}, "SVM": {"Jin2017": 1.0, "Nigita2018": 0.3, "Jin2017 to Nigita2018": 0.5112781954887218, "Nigita2018 to Jin2017": 0.44230769230769235}, "random forest": {"Jin2017": 1.0, "Nigita2018": 0.3833333333333333, "Jin2017 to Nigita2018": 0.4699248120300752, "Nigita2018 to Jin2017": 0.873397435897436}, "xgb": {"Jin2017": 0.9916666666666668, "Nigita2018": 0.325, "Jin2017 to Nigita2018": 0.4022556390977443, "Nigita2018 to Jin2017": 0.8205128205128206}}