{"logreg": {"Jin2017": 1.0, "Bianchi2011": 0.7615384615384615, "Jin2017 to Bianchi2011": 0.587490465293669, "Bianchi2011 to Jin2017": 0.5608974358974359}, "SVM": {"Jin2017": 1.0, "Bianchi2011": 0.8017351069982649, "Jin2017 to Bianchi2011": 0.6021357742181541, "Bianchi2011 to Jin2017": 0.5993589743589743}, "random forest": {"Jin2017": 1.0, "Bianchi2011": 0.813475997686524, "Jin2017 to Bianchi2011": 0.5787948131197559, "Bianchi2011 to Jin2017": 0.6185897435897436}, "xgb": {"Jin2017": 0.9916666666666668, "Bianchi2011": 0.7943319838056679, "Jin2017 to Bianchi2011": 0.507627765064836, "Bianchi2011 to Jin2017": 0.6089743589743589}}