{"logreg": {"Jin2017": 1.0, "Leidinger2016": 0.9234391534391534, "Jin2017 to Leidinger2016": 0.2661574618096357, "Leidinger2016 to Jin2017": 0.3141025641025641}, "SVM": {"Jin2017": 1.0, "Leidinger2016": 0.9207936507936509, "Jin2017 to Leidinger2016": 0.25558166862514686, "Leidinger2016 to Jin2017": 0.27243589743589747}, "random forest": {"Jin2017": 1.0, "Leidinger2016": 0.9445238095238097, "Jin2017 to Leidinger2016": 0.4236192714453583, "Leidinger2016 to Jin2017": 0.3766025641025641}, "xgb": {"Jin2017": 0.9916666666666668, "Leidinger2016": 0.9476719576719577, "Jin2017 to Leidinger2016": 0.368096357226792, "Leidinger2016 to Jin2017": 0.4903846153846154}}