{"logreg": {"Jin2017": 1.0, "Keller2014": 0.8206739069896966, "Jin2017 to Keller2014": 0.20358496065287085, "Keller2014 to Jin2017": 0.12500000000000003}, "SVM": {"Jin2017": 1.0, "Keller2014": 0.8860985797827905, "Jin2017 to Keller2014": 0.29131448557271933, "Keller2014 to Jin2017": 0.03846153846153847}, "random forest": {"Jin2017": 1.0, "Keller2014": 0.8758479532163743, "Jin2017 to Keller2014": 0.3938356164383562, "Keller2014 to Jin2017": 0.1346153846153846}, "xgb": {"Jin2017": 0.9800000000000001, "Keller2014": 0.8338902812587022, "Jin2017 to Keller2014": 0.44914019236374236, "Keller2014 to Jin2017": 0.051282051282051294}}