{"logreg": {"Jin2017": 1.0, "Yao2019": 0.8, "Jin2017 to Yao2019": 0.68, "Yao2019 to Jin2017": 0.6153846153846154}, "SVM": {"Jin2017": 1.0, "Yao2019": 1.0, "Jin2017 to Yao2019": 0.6799999999999999, "Yao2019 to Jin2017": 0.5032051282051282}, "random forest": {"Jin2017": 1.0, "Yao2019": 0.8, "Jin2017 to Yao2019": 0.48, "Yao2019 to Jin2017": 0.3285256410256411}, "xgb": {"Jin2017": 0.9800000000000001, "Yao2019": 0.7, "Jin2017 to Yao2019": 0.4, "Yao2019 to Jin2017": 0.5801282051282051}}