{"logreg": {"Jin2017": 1.0, "Zaporozhchenko2018": 0.2416666666666667, "Jin2017 to Zaporozhchenko2018": 0.7, "Zaporozhchenko2018 to Jin2017": 0.5833333333333334}, "SVM": {"Jin2017": 1.0, "Zaporozhchenko2018": 0.775, "Jin2017 to Zaporozhchenko2018": 0.6176470588235294, "Zaporozhchenko2018 to Jin2017": 0.3846153846153846}, "random forest": {"Jin2017": 0.96, "Zaporozhchenko2018": 0.8416666666666668, "Jin2017 to Zaporozhchenko2018": 0.8352941176470587, "Zaporozhchenko2018 to Jin2017": 0.7708333333333333}, "xgb": {"Jin2017": 0.9800000000000001, "Zaporozhchenko2018": 0.75, "Jin2017 to Zaporozhchenko2018": 0.7117647058823529, "Zaporozhchenko2018 to Jin2017": 0.7019230769230769}}