{"logreg": {"Jin2017": 1.0, "Li2017": 0.3333333333333333, "Jin2017 to Li2017": 0.38888888888888895, "Li2017 to Jin2017": 0.21955128205128205}, "SVM": {"Jin2017": 1.0, "Li2017": 0.3333333333333333, "Jin2017 to Li2017": 0.3888888888888889, "Li2017 to Jin2017": 0.30448717948717946}, "random forest": {"Jin2017": 1.0, "Li2017": 0.8333333333333334, "Jin2017 to Li2017": 0.5555555555555556, "Li2017 to Jin2017": 0.27243589743589747}, "xgb": {"Jin2017": 1.0, "Li2017": 0.5, "Jin2017 to Li2017": 0.5, "Li2017 to Jin2017": 0.16666666666666669}}