{"logreg": {"Jin2017": 1.0, "Leidinger2014": 0.7957837301587302, "Jin2017 to Leidinger2014": 0.4179197994987468, "Leidinger2014 to Jin2017": 0.21474358974358976}, "SVM": {"Jin2017": 1.0, "Leidinger2014": 0.5336805555555555, "Jin2017 to Leidinger2014": 0.46679197994987476, "Leidinger2014 to Jin2017": 0.8397435897435896}, "random forest": {"Jin2017": 1.0, "Leidinger2014": 0.47653769841269844, "Jin2017 to Leidinger2014": 0.5895989974937342, "Leidinger2014 to Jin2017": 0.41346153846153844}, "xgb": {"Jin2017": 0.9800000000000001, "Leidinger2014": 0.5439484126984127, "Jin2017 to Leidinger2014": 0.4586466165413534, "Leidinger2014 to Jin2017": 0.3525641025641026}}