{"logreg": {"Jin2017": 1.0, "Qu2017": 1.0, "Jin2017 to Qu2017": 0.1388888888888889, "Qu2017 to Jin2017": 0.20512820512820515}, "SVM": {"Jin2017": 1.0, "Qu2017": 1.0, "Jin2017 to Qu2017": 0.16666666666666669, "Qu2017 to Jin2017": 0.842948717948718}, "random forest": {"Jin2017": 1.0, "Qu2017": 1.0, "Jin2017 to Qu2017": 0.09722222222222221, "Qu2017 to Jin2017": 0.296474358974359}, "xgb": {"Jin2017": 0.9800000000000001, "Qu2017": 0.7916666666666666, "Jin2017 to Qu2017": 0.3333333333333333, "Qu2017 to Jin2017": 0.5032051282051282}}