{"logreg": {"Jin2017": 1.0, "Patnaik2017": 0.6002124183006536, "Jin2017 to Patnaik2017": 0.4012382965871338, "Patnaik2017 to Jin2017": 0.5673076923076923}, "SVM": {"Jin2017": 1.0, "Patnaik2017": 0.541334422657952, "Jin2017 to Patnaik2017": 0.4435215946843854, "Patnaik2017 to Jin2017": 0.22596153846153844}, "random forest": {"Jin2017": 1.0, "Patnaik2017": 0.48135348583878007, "Jin2017 to Patnaik2017": 0.444654183026276, "Patnaik2017 to Jin2017": 0.5625}, "xgb": {"Jin2017": 0.9800000000000001, "Patnaik2017": 0.5593681917211328, "Jin2017 to Patnaik2017": 0.466626396858955, "Patnaik2017 to Jin2017": 0.7115384615384615}}