{"logreg": {"Jin2017": 1.0, "Duan2021": 0.9, "Jin2017 to Duan2021": 0.8611111111111112, "Duan2021 to Jin2017": 0.5096153846153846}, "SVM": {"Jin2017": 1.0, "Duan2021": 0.9, "Jin2017 to Duan2021": 0.6388888888888888, "Duan2021 to Jin2017": 0.6634615384615383}, "random forest": {"Jin2017": 1.0, "Duan2021": 1.0, "Jin2017 to Duan2021": 0.5833333333333334, "Duan2021 to Jin2017": 0.6634615384615385}, "xgb": {"Jin2017": 1.0, "Duan2021": 1.0, "Jin2017 to Duan2021": 0.5277777777777778, "Duan2021 to Jin2017": 0.8076923076923077}}