{"logreg": {"Keller2014": 0.7531551099972152, "Keller2020": 0.8767973856209151, "Keller2014 to Keller2020": 0.14375000000000002, "Keller2020 to Keller2014": 0.2512387059166424}, "SVM": {"Keller2014": 0.7489055973266501, "Keller2020": 0.9722222222222221, "Keller2014 to Keller2020": 0.11363636363636365, "Keller2020 to Keller2014": 0.3252696006995045}, "random forest": {"Keller2014": 0.7943163464216095, "Keller2020": 0.8720588235294118, "Keller2014 to Keller2020": 0.38352272727272724, "Keller2020 to Keller2014": 0.3388953657825706}, "xgb": {"Keller2014": 0.7320523531049847, "Keller2020": 0.9032679738562092, "Keller2014 to Keller2020": 0.3443181818181818, "Keller2020 to Keller2014": 0.3707373943456718}}