{"logreg": {"Keller2020": 0.8029411764705883, "Wozniak2015": 0.4455, "Keller2020 to Wozniak2015": 0.4639, "Wozniak2015 to Keller2020": 0.38977272727272727}, "SVM": {"Keller2020": 0.9333333333333333, "Wozniak2015": 0.59, "Keller2020 to Wozniak2015": 0.4526, "Wozniak2015 to Keller2020": 0.6238636363636363}, "random forest": {"Keller2020": 0.842156862745098, "Wozniak2015": 0.58075, "Keller2020 to Wozniak2015": 0.48630000000000007, "Wozniak2015 to Keller2020": 0.35454545454545455}, "xgb": {"Keller2020": 0.8977124183006536, "Wozniak2015": 0.5555, "Keller2020 to Wozniak2015": 0.44090000000000007, "Wozniak2015 to Keller2020": 0.509090909090909}}