{"logreg": {"Keller2014": 0.7772319688109162, "Abdollahi2019": 0.6700617283950617, "Keller2014 to Abdollahi2019": 0.3607355327203894, "Abdollahi2019 to Keller2014": 0.5891868259982512}, "SVM": {"Keller2014": 0.6615928710665553, "Abdollahi2019": 0.8141975308641977, "Keller2014 to Abdollahi2019": 0.4737696051919957, "Abdollahi2019 to Keller2014": 0.5504226173127369}, "random forest": {"Keller2014": 0.7035199108883319, "Abdollahi2019": 0.9305555555555556, "Keller2014 to Abdollahi2019": 0.4326663061114116, "Abdollahi2019 to Keller2014": 0.46320314777032934}, "xgb": {"Keller2014": 0.6994931773879142, "Abdollahi2019": 0.8527777777777779, "Keller2014 to Abdollahi2019": 0.4099513250405624, "Abdollahi2019 to Keller2014": 0.5030603322646459}}