{"logreg": {"Keller2009": 0.95, "Patnaik2012": 0.6841269841269841, "Keller2009 to Patnaik2012": 0.7626262626262628, "Patnaik2012 to Keller2009": 0.8823529411764706}, "SVM": {"Keller2009": 0.9083333333333334, "Patnaik2012": 0.8428571428571429, "Keller2009 to Patnaik2012": 0.4494949494949495, "Patnaik2012 to Keller2009": 0.5108359133126935}, "random forest": {"Keller2009": 0.9666666666666666, "Patnaik2012": 0.811904761904762, "Keller2009 to Patnaik2012": 0.6742424242424242, "Patnaik2012 to Keller2009": 0.6578947368421053}, "xgb": {"Keller2009": 0.8, "Patnaik2012": 0.6841269841269841, "Keller2009 to Patnaik2012": 0.6603535353535352, "Patnaik2012 to Keller2009": 0.3188854489164087}}