{"logreg": {"Keller2014": 0.8598050682261208, "Bianchi2011": 0.6965876229034124, "Keller2014 to Bianchi2011": 0.36643783371472155, "Bianchi2011 to Keller2014": 0.4396677353541241}, "SVM": {"Keller2014": 0.9207630186577556, "Bianchi2011": 0.7934065934065933, "Keller2014 to Bianchi2011": 0.6138825324180015, "Bianchi2011 to Keller2014": 0.6323229379189741}, "random forest": {"Keller2014": 0.9041241993873573, "Bianchi2011": 0.8066223250433776, "Keller2014 to Bianchi2011": 0.5588100686498857, "Bianchi2011 to Keller2014": 0.5954532206353833}, "xgb": {"Keller2014": 0.8784683932052353, "Bianchi2011": 0.7861191440138808, "Keller2014 to Bianchi2011": 0.6291380625476736, "Bianchi2011 to Keller2014": 0.5665986592830078}}