{"logreg": {"Keller2014": 0.8521804511278196, "Leidinger2014": 0.7703869047619047, "Keller2014 to Leidinger2014": 0.46303258145363413, "Leidinger2014 to Keller2014": 0.5746138152142233}, "SVM": {"Keller2014": 0.8981008075744918, "Leidinger2014": 0.5528769841269842, "Keller2014 to Leidinger2014": 0.4962406015037594, "Leidinger2014 to Keller2014": 0.4602156805596036}, "random forest": {"Keller2014": 0.872119186856029, "Leidinger2014": 0.4652777777777778, "Keller2014 to Leidinger2014": 0.3762531328320801, "Leidinger2014 to Keller2014": 0.4216700670358496}, "xgb": {"Keller2014": 0.8129768866610974, "Leidinger2014": 0.48115079365079366, "Keller2014 to Leidinger2014": 0.5388471177944862, "Leidinger2014 to Keller2014": 0.6514135820460507}}