{"logreg": {"Keller2009": 0.8416666666666666, "Keller2020": 0.8192810457516341, "Keller2009 to Keller2020": 0.12159090909090911, "Keller2020 to Keller2009": 0.2848297213622291}, "SVM": {"Keller2009": 0.8541666666666666, "Keller2020": 0.9549019607843137, "Keller2009 to Keller2020": 0.45795454545454545, "Keller2020 to Keller2009": 0.3931888544891642}, "random forest": {"Keller2009": 0.8208333333333334, "Keller2020": 0.9089869281045753, "Keller2009 to Keller2020": 0.2153409090909091, "Keller2020 to Keller2009": 0.30340557275541796}, "xgb": {"Keller2009": 0.6500000000000001, "Keller2020": 0.8575163398692812, "Keller2009 to Keller2020": 0.32897727272727273, "Keller2020 to Keller2009": 0.31269349845201244}}