{"logreg": {"Keller2020": 0.803921568627451, "Duan2021": 0.9, "Keller2020 to Duan2021": 0.6944444444444444, "Duan2021 to Keller2020": 0.42727272727272725}, "SVM": {"Keller2020": 0.9441176470588235, "Duan2021": 0.8, "Keller2020 to Duan2021": 0.8055555555555556, "Duan2021 to Keller2020": 0.7181818181818181}, "random forest": {"Keller2020": 0.9153594771241831, "Duan2021": 0.9, "Keller2020 to Duan2021": 0.7083333333333334, "Duan2021 to Keller2020": 0.5909090909090908}, "xgb": {"Keller2020": 0.9035947712418301, "Duan2021": 0.75, "Keller2020 to Duan2021": 0.38888888888888884, "Duan2021 to Keller2020": 0.5181818181818182}}