{"logreg": {"Keller2009": 0.95, "Leidinger2014": 0.7295634920634921, "Keller2009 to Leidinger2014": 0.5551378446115288, "Leidinger2014 to Keller2009": 0.5077399380804954}, "SVM": {"Keller2009": 0.8833333333333334, "Leidinger2014": 0.5245039682539682, "Keller2009 to Leidinger2014": 0.5438596491228069, "Leidinger2014 to Keller2009": 0.4086687306501548}, "random forest": {"Keller2009": 0.925, "Leidinger2014": 0.5476190476190477, "Keller2009 to Leidinger2014": 0.5021929824561403, "Leidinger2014 to Keller2009": 0.7739938080495357}, "xgb": {"Keller2009": 0.825, "Leidinger2014": 0.5130952380952382, "Keller2009 to Leidinger2014": 0.46397243107769426, "Leidinger2014 to Keller2009": 0.4148606811145511}}