{"logreg": {"Keller2020": 0.8490196078431372, "Fehlmann2020": 0.9697558087896173, "Keller2020 to Fehlmann2020": 0.640811799022226, "Fehlmann2020 to Keller2020": 0.24545454545454545}, "SVM": {"Keller2020": 0.9388888888888889, "Fehlmann2020": 0.9843720059632407, "Keller2020 to Fehlmann2020": 0.6553774153348945, "Fehlmann2020 to Keller2020": 0.46818181818181814}, "random forest": {"Keller2020": 0.9052287581699346, "Fehlmann2020": 0.9736356036650842, "Keller2020 to Fehlmann2020": 0.5722409377867249, "Fehlmann2020 to Keller2020": 0.4426136363636364}, "xgb": {"Keller2020": 0.8911764705882353, "Fehlmann2020": 0.9814544917234864, "Keller2020 to Fehlmann2020": 0.5061145118661244, "Fehlmann2020 to Keller2020": 0.41250000000000003}}