{"logreg": {"Keller2014": 0.8689557226399331, "Keller2009": 0.95, "Keller2014 to Keller2009": 0.8637770897832817, "Keller2009 to Keller2014": 0.8453803555814631}, "SVM": {"Keller2014": 0.8977610693400166, "Keller2009": 0.9, "Keller2014 to Keller2009": 0.9597523219814241, "Keller2009 to Keller2014": 0.7800932672690178}, "random forest": {"Keller2014": 0.8867697020328599, "Keller2009": 0.95625, "Keller2014 to Keller2009": 0.8591331269349844, "Keller2009 to Keller2014": 0.8023899737685806}, "xgb": {"Keller2014": 0.8340629351155666, "Keller2009": 0.8, "Keller2014 to Keller2009": 0.9907120743034055, "Keller2009 to Keller2014": 0.7967064995628097}}