{"logreg": {"Keller2009": 0.9166666666666666, "Bianchi2011": 0.7626951995373047, "Keller2009 to Bianchi2011": 0.707856598016781, "Bianchi2011 to Keller2009": 0.2507739938080496}, "SVM": {"Keller2009": 0.8791666666666667, "Bianchi2011": 0.8150954308849044, "Keller2009 to Bianchi2011": 0.4976353928299008, "Bianchi2011 to Keller2009": 0.2848297213622291}, "random forest": {"Keller2009": 0.9833333333333334, "Bianchi2011": 0.7928282244071717, "Keller2009 to Bianchi2011": 0.5956521739130435, "Bianchi2011 to Keller2009": 0.6609907120743034}, "xgb": {"Keller2009": 0.8958333333333333, "Bianchi2011": 0.7707345286292654, "Keller2009 to Bianchi2011": 0.5764302059496568, "Bianchi2011 to Keller2009": 0.5201238390092879}}