{"logreg": {"Keller2014": 0.8235143414090782, "Qu2017": 1.0, "Keller2014 to Qu2017": 0.375, "Qu2017 to Keller2014": 0.37350626639463713}, "SVM": {"Keller2014": 0.8847507658033974, "Qu2017": 1.0, "Keller2014 to Qu2017": 0.6666666666666666, "Qu2017 to Keller2014": 0.4512532789274264}, "random forest": {"Keller2014": 0.8803620161514898, "Qu2017": 1.0, "Keller2014 to Qu2017": 0.7222222222222222, "Qu2017 to Keller2014": 0.40425531914893614}, "xgb": {"Keller2014": 0.8722528543581175, "Qu2017": 0.625, "Keller2014 to Qu2017": 0.7222222222222222, "Qu2017 to Keller2014": 0.3985718449431652}}