{"logreg": {"Keller2009": 0.8916666666666666, "Wozniak2015": 0.5005000000000001, "Keller2009 to Wozniak2015": 0.4823, "Wozniak2015 to Keller2009": 0.390092879256966}, "SVM": {"Keller2009": 0.9125, "Wozniak2015": 0.5585, "Keller2009 to Wozniak2015": 0.5512999999999999, "Wozniak2015 to Keller2009": 0.6470588235294119}, "random forest": {"Keller2009": 0.9625, "Wozniak2015": 0.6597500000000001, "Keller2009 to Wozniak2015": 0.4503, "Wozniak2015 to Keller2009": 0.2879256965944273}, "xgb": {"Keller2009": 0.9, "Wozniak2015": 0.6599999999999999, "Keller2009 to Wozniak2015": 0.44325000000000003, "Wozniak2015 to Keller2009": 0.13931888544891644}}