{"logreg": {"Keller2020": 0.6261437908496732, "Boeri2011": 0.55, "Keller2020 to Boeri2011": 0.5263157894736842, "Boeri2011 to Keller2020": 0.4363636363636364}, "SVM": {"Keller2020": 0.7640522875816993, "Boeri2011": 0.9, "Keller2020 to Boeri2011": 0.2807017543859649, "Boeri2011 to Keller2020": 0.28977272727272735}, "random forest": {"Keller2020": 0.6593137254901962, "Boeri2011": 0.8, "Keller2020 to Boeri2011": 0.6885964912280702, "Boeri2011 to Keller2020": 0.4545454545454546}, "xgb": {"Keller2020": 0.6408496732026143, "Boeri2011": 0.7333333333333333, "Keller2020 to Boeri2011": 0.5701754385964912, "Boeri2011 to Keller2020": 0.46136363636363636}}