{"logreg": {"Keller2009": 0.95, "Leidinger2016": 0.9264550264550264, "Keller2009 to Leidinger2016": 0.7949471210340776, "Leidinger2016 to Keller2009": 0.8328173374613004}, "SVM": {"Keller2009": 0.8958333333333334, "Leidinger2016": 0.9207936507936509, "Keller2009 to Leidinger2016": 0.5346650998824912, "Leidinger2016 to Keller2009": 0.7801857585139319}, "random forest": {"Keller2009": 0.95625, "Leidinger2016": 0.932037037037037, "Keller2009 to Leidinger2016": 0.7235605170387779, "Leidinger2016 to Keller2009": 0.9520123839009288}, "xgb": {"Keller2009": 0.9, "Leidinger2016": 0.9315873015873015, "Keller2009 to Leidinger2016": 0.8297591069330199, "Leidinger2016 to Keller2009": 0.8111455108359134}}