{"logreg": {"Keller2014": 0.8485435811751602, "Halvorsen2016": 0.9333333333333333, "Keller2014 to Halvorsen2016": 0.2064144736842105, "Halvorsen2016 to Keller2014": 0.36403380938501895}, "SVM": {"Keller2014": 0.9166750208855472, "Halvorsen2016": 0.9916666666666668, "Keller2014 to Halvorsen2016": 0.21381578947368424, "Halvorsen2016 to Keller2014": 0.3502623141941124}, "random forest": {"Keller2014": 0.9065302144249513, "Halvorsen2016": 0.9833333333333334, "Keller2014 to Halvorsen2016": 0.4161184210526315, "Halvorsen2016 to Keller2014": 0.4189740600408044}, "xgb": {"Keller2014": 0.8885547201336674, "Halvorsen2016": 0.9416666666666668, "Keller2014 to Halvorsen2016": 0.5164473684210527, "Halvorsen2016 to Keller2014": 0.7027834450597493}}