{"logreg": {"Keller2020": 0.8382352941176471, "Jin2017": 1.0, "Keller2020 to Jin2017": 0.5673076923076923, "Jin2017 to Keller2020": 0.6840909090909091}, "SVM": {"Keller2020": 0.938562091503268, "Jin2017": 1.0, "Keller2020 to Jin2017": 0.971153846153846, "Jin2017 to Keller2020": 0.6909090909090909}, "random forest": {"Keller2020": 0.8758169934640522, "Jin2017": 1.0, "Keller2020 to Jin2017": 0.6794871794871795, "Jin2017 to Keller2020": 0.5835227272727272}, "xgb": {"Keller2020": 0.9215686274509804, "Jin2017": 0.9800000000000001, "Keller2020 to Jin2017": 0.6538461538461539, "Jin2017 to Keller2020": 0.47670454545454544}}