{"logreg": {"Keller2014": 0.859821776663882, "Patnaik2012": 0.7047619047619047, "Keller2014 to Patnaik2012": 0.7752525252525253, "Patnaik2012 to Keller2014": 0.63538327018362}, "SVM": {"Keller2014": 0.8889390142021721, "Patnaik2012": 0.846031746031746, "Keller2014 to Patnaik2012": 0.7146464646464648, "Patnaik2012 to Keller2014": 0.6871174584669192}, "random forest": {"Keller2014": 0.8744388749651908, "Patnaik2012": 0.8539682539682539, "Keller2014 to Patnaik2012": 0.7891414141414141, "Patnaik2012 to Keller2014": 0.6197172835907898}, "xgb": {"Keller2014": 0.828727373990532, "Patnaik2012": 0.734920634920635, "Keller2014 to Patnaik2012": 0.6893939393939394, "Patnaik2012 to Keller2014": 0.49883415913727774}}