{"logreg": {"Keller2020": 0.8767973856209151, "Keller2014": 0.7531551099972152, "Keller2020 to Keller2014": 0.2512387059166424, "Keller2014 to Keller2020": 0.14375000000000002}, "SVM": {"Keller2020": 0.9722222222222221, "Keller2014": 0.7489055973266501, "Keller2020 to Keller2014": 0.3251238705916642, "Keller2014 to Keller2020": 0.11363636363636365}, "random forest": {"Keller2020": 0.8862745098039216, "Keller2014": 0.8155555555555557, "Keller2020 to Keller2014": 0.3451617604197027, "Keller2014 to Keller2020": 0.2625}, "xgb": {"Keller2020": 0.9032679738562092, "Keller2014": 0.7320523531049847, "Keller2020 to Keller2014": 0.3707373943456718, "Keller2014 to Keller2020": 0.3443181818181818}}