{"logreg": {"Keller2020": 0.8094771241830065, "Chen2019": 0.6150000000000001, "Keller2020 to Chen2019": 0.55, "Chen2019 to Keller2020": 0.3210227272727273}, "SVM": {"Keller2020": 0.9552287581699346, "Chen2019": 0.6366666666666667, "Keller2020 to Chen2019": 0.5430555555555555, "Chen2019 to Keller2020": 0.6375000000000001}, "random forest": {"Keller2020": 0.8287581699346405, "Chen2019": 0.7799999999999999, "Keller2020 to Chen2019": 0.47708333333333336, "Chen2019 to Keller2020": 0.7369318181818182}, "xgb": {"Keller2020": 0.857516339869281, "Chen2019": 0.7366666666666666, "Keller2020 to Chen2019": 0.5125, "Chen2019 to Keller2020": 0.5329545454545455}}