{"logreg": {"Keller2014": 0.8888220551378445, "Leidinger2016": 0.925079365079365, "Keller2014 to Leidinger2016": 0.6847826086956521, "Leidinger2016 to Keller2014": 0.506266394637132}, "SVM": {"Keller2014": 0.9080757449178503, "Leidinger2016": 0.9207407407407407, "Keller2014 to Leidinger2016": 0.8733842538190364, "Leidinger2016 to Keller2014": 0.8023899737685806}, "random forest": {"Keller2014": 0.9078362573099416, "Leidinger2016": 0.9533862433862434, "Keller2014 to Leidinger2016": 0.8143360752056404, "Leidinger2016 to Keller2014": 0.8826872631885747}, "xgb": {"Keller2014": 0.8711723753829018, "Leidinger2016": 0.9404232804232804, "Keller2014 to Leidinger2016": 0.8252056404230318, "Leidinger2016 to Keller2014": 0.790148644709997}}