{"logreg": {"Keller2020": 0.8192810457516341, "Keller2009": 0.8416666666666666, "Keller2020 to Keller2009": 0.2848297213622291, "Keller2009 to Keller2020": 0.12159090909090911}, "SVM": {"Keller2020": 0.9549019607843137, "Keller2009": 0.8541666666666666, "Keller2020 to Keller2009": 0.3931888544891642, "Keller2009 to Keller2020": 0.45795454545454545}, "random forest": {"Keller2020": 0.906045751633987, "Keller2009": 0.8041666666666666, "Keller2020 to Keller2009": 0.1780185758513932, "Keller2009 to Keller2020": 0.19602272727272732}, "xgb": {"Keller2020": 0.8575163398692812, "Keller2009": 0.6500000000000001, "Keller2020 to Keller2009": 0.31269349845201244, "Keller2009 to Keller2020": 0.32897727272727273}}