{"logreg": {"Keller2009": 0.9041666666666666, "Jin2017": 1.0, "Keller2009 to Jin2017": 0.14423076923076925, "Jin2017 to Keller2009": 0.13931888544891644}, "SVM": {"Keller2009": 0.8958333333333334, "Jin2017": 1.0, "Keller2009 to Jin2017": 0.7147435897435896, "Jin2017 to Keller2009": 0.6594427244582044}, "random forest": {"Keller2009": 0.9125, "Jin2017": 1.0, "Keller2009 to Jin2017": 0.4503205128205128, "Jin2017 to Keller2009": 0.7492260061919505}, "xgb": {"Keller2009": 0.8, "Jin2017": 0.9800000000000001, "Keller2009 to Jin2017": 0.6602564102564102, "Jin2017 to Keller2009": 0.7058823529411764}}