{"logreg": {"Keller2020": 0.8362745098039216, "Yao2019": 0.6, "Keller2020 to Yao2019": 0.24, "Yao2019 to Keller2020": 0.6079545454545455}, "SVM": {"Keller2020": 0.9777777777777779, "Yao2019": 1.0, "Keller2020 to Yao2019": 0.68, "Yao2019 to Keller2020": 0.5772727272727273}, "random forest": {"Keller2020": 0.881045751633987, "Yao2019": 0.9, "Keller2020 to Yao2019": 0.52, "Yao2019 to Keller2020": 0.68125}, "xgb": {"Keller2020": 0.8696078431372548, "Yao2019": 0.5, "Keller2020 to Yao2019": 0.44000000000000006, "Yao2019 to Keller2020": 0.7244318181818181}}