{"logreg": {"Keller2020": 0.877124183006536, "Leidinger2014": 0.7128472222222222, "Keller2020 to Leidinger2014": 0.4486215538847118, "Leidinger2014 to Keller2020": 0.6784090909090909}, "SVM": {"Keller2020": 0.961111111111111, "Leidinger2014": 0.47400793650793654, "Keller2020 to Leidinger2014": 0.4661654135338346, "Leidinger2014 to Keller2020": 0.5159090909090909}, "random forest": {"Keller2020": 0.8862745098039216, "Leidinger2014": 0.509623015873016, "Keller2020 to Leidinger2014": 0.5175438596491228, "Leidinger2014 to Keller2020": 0.8073863636363636}, "xgb": {"Keller2020": 0.868954248366013, "Leidinger2014": 0.4967261904761905, "Keller2020 to Leidinger2014": 0.4273182957393483, "Leidinger2014 to Keller2020": 0.8306818181818182}}