{"logreg": {"Keller2020": 0.8709150326797385, "Qu2017": 1.0, "Keller2020 to Qu2017": 0.75, "Qu2017 to Keller2020": 0.34204545454545454}, "SVM": {"Keller2020": 0.9333333333333333, "Qu2017": 1.0, "Keller2020 to Qu2017": 0.5555555555555556, "Qu2017 to Keller2020": 0.42272727272727273}, "random forest": {"Keller2020": 0.9436274509803922, "Qu2017": 1.0, "Keller2020 to Qu2017": 0.8055555555555556, "Qu2017 to Keller2020": 0.43920454545454546}, "xgb": {"Keller2020": 0.9222222222222222, "Qu2017": 0.5625, "Keller2020 to Qu2017": 0.5, "Qu2017 to Keller2020": 0.3704545454545454}}