{"logreg": {"Keller2020": 0.7562091503267974, "Leidinger2016": 0.8573544973544974, "Keller2020 to Leidinger2016": 0.8034665099882492, "Leidinger2016 to Keller2020": 0.5397727272727272}, "SVM": {"Keller2020": 0.9330065359477124, "Leidinger2016": 0.9014814814814816, "Keller2020 to Leidinger2016": 0.7400117508813161, "Leidinger2016 to Keller2020": 0.5653409090909091}, "random forest": {"Keller2020": 0.778921568627451, "Leidinger2016": 0.8822222222222221, "Keller2020 to Leidinger2016": 0.6937426556991774, "Leidinger2016 to Keller2020": 0.49318181818181817}, "xgb": {"Keller2020": 0.8189542483660132, "Leidinger2016": 0.8790211640211639, "Keller2020 to Leidinger2016": 0.56786133960047, "Leidinger2016 to Keller2020": 0.5420454545454545}}