{"logreg": {"Keller2014": 0.8007073238652186, "Nigita2018": 0.7333333333333333, "Keller2014 to Nigita2018": 0.31203007518796994, "Nigita2018 to Keller2014": 0.4542407461381522}, "SVM": {"Keller2014": 0.8708214981899193, "Nigita2018": 0.325, "Keller2014 to Nigita2018": 0.368421052631579, "Nigita2018 to Keller2014": 0.5645584377732439}, "random forest": {"Keller2014": 0.8439292676134782, "Nigita2018": 0.3416666666666667, "Keller2014 to Nigita2018": 0.5451127819548872, "Nigita2018 to Keller2014": 0.42815505683474203}, "xgb": {"Keller2014": 0.8492620439988862, "Nigita2018": 0.3833333333333333, "Keller2014 to Nigita2018": 0.7744360902255638, "Nigita2018 to Keller2014": 0.33401340716992134}}