{"logreg": {"Keller2020": 0.8718954248366012, "Leidinger2011": 0.22000000000000003, "Keller2020 to Leidinger2011": 0.612781954887218, "Leidinger2011 to Keller2020": 0.27897727272727274}, "SVM": {"Keller2020": 0.9722222222222221, "Leidinger2011": 0.6200000000000001, "Keller2020 to Leidinger2011": 0.43609022556390975, "Leidinger2011 to Keller2020": 0.2693181818181818}, "random forest": {"Keller2020": 0.8529411764705882, "Leidinger2011": 0.7991666666666667, "Keller2020 to Leidinger2011": 0.5169172932330827, "Leidinger2011 to Keller2020": 0.2823863636363636}, "xgb": {"Keller2020": 0.8918300653594772, "Leidinger2011": 0.7744444444444445, "Keller2020 to Leidinger2011": 0.5169172932330828, "Leidinger2011 to Keller2020": 0.3738636363636364}}