{"logreg": {"Keller2009": 0.95, "Keller2014": 0.8689557226399331, "Keller2009 to Keller2014": 0.8453803555814631, "Keller2014 to Keller2009": 0.8637770897832817}, "SVM": {"Keller2009": 0.9, "Keller2014": 0.8977610693400166, "Keller2009 to Keller2014": 0.7800932672690178, "Keller2014 to Keller2009": 0.9597523219814241}, "random forest": {"Keller2009": 0.99375, "Keller2014": 0.8959732664995823, "Keller2009 to Keller2014": 0.8186388807927717, "Keller2014 to Keller2009": 0.93343653250774}, "xgb": {"Keller2009": 0.8, "Keller2014": 0.8340629351155666, "Keller2009 to Keller2014": 0.7967064995628097, "Keller2014 to Keller2009": 0.9907120743034055}}