{"logreg": {"Keller2014": 0.8549039264828739, "Boeri2011": 0.7833333333333333, "Keller2014 to Boeri2011": 0.49122807017543857, "Boeri2011 to Keller2014": 0.4191197901486447}, "SVM": {"Keller2014": 0.9097465886939571, "Boeri2011": 0.9, "Keller2014 to Boeri2011": 0.19298245614035084, "Boeri2011 to Keller2014": 0.39041095890410954}, "random forest": {"Keller2014": 0.8963297131718185, "Boeri2011": 0.95, "Keller2014 to Boeri2011": 0.2763157894736842, "Boeri2011 to Keller2014": 0.4600699504517633}, "xgb": {"Keller2014": 0.8521526037315512, "Boeri2011": 0.6166666666666666, "Keller2014 to Boeri2011": 0.22807017543859648, "Boeri2011 to Keller2014": 0.521349460798601}}