{"logreg": {"Keller2014": 0.8314062935115567, "Wozniak2015": 0.5389999999999999, "Keller2014 to Wozniak2015": 0.4572, "Wozniak2015 to Keller2014": 0.2842465753424657}, "SVM": {"Keller2014": 0.9154274575327207, "Wozniak2015": 0.5795, "Keller2014 to Wozniak2015": 0.4516, "Wozniak2015 to Keller2014": 0.42400174876129404}, "random forest": {"Keller2014": 0.8772598162071847, "Wozniak2015": 0.657, "Keller2014 to Wozniak2015": 0.48684999999999995, "Wozniak2015 to Keller2014": 0.4999271349460799}, "xgb": {"Keller2014": 0.8308103592314119, "Wozniak2015": 0.702, "Keller2014 to Wozniak2015": 0.43260000000000004, "Wozniak2015 to Keller2014": 0.32978723404255317}}