{"logreg": {"Keller2014": 0.8473071567808409, "Leidinger2011": 0.15333333333333338, "Keller2014 to Leidinger2011": 0.8703007518796992, "Leidinger2011 to Keller2014": 0.810405129699796}, "SVM": {"Keller2014": 0.8882261208576997, "Leidinger2011": 0.7533333333333334, "Keller2014 to Leidinger2011": 0.9605263157894737, "Leidinger2011 to Keller2014": 0.791168755464879}, "random forest": {"Keller2014": 0.8547813979392928, "Leidinger2011": 0.7, "Keller2014 to Leidinger2011": 0.8825187969924813, "Leidinger2011 to Keller2014": 0.8276741474788691}, "xgb": {"Keller2014": 0.8074074074074075, "Leidinger2011": 0.31111111111111106, "Keller2014 to Leidinger2011": 0.768796992481203, "Leidinger2011 to Keller2014": 0.7053337219469543}}