{"logreg": {"Keller2009": 0.95, "Boeri2011": 0.7333333333333333, "Keller2009 to Boeri2011": 0.6228070175438597, "Boeri2011 to Keller2009": 0.628482972136223}, "SVM": {"Keller2009": 0.9125, "Boeri2011": 0.95, "Keller2009 to Boeri2011": 0.2982456140350877, "Boeri2011 to Keller2009": 0.2724458204334365}, "random forest": {"Keller2009": 0.94375, "Boeri2011": 0.9, "Keller2009 to Boeri2011": 0.20614035087719296, "Boeri2011 to Keller2009": 0.7461300309597523}, "xgb": {"Keller2009": 0.99375, "Boeri2011": 0.7166666666666666, "Keller2009 to Boeri2011": 0.21052631578947364, "Boeri2011 to Keller2009": 0.7321981424148607}}