{"logreg": {"Keller2020": 0.8264705882352942, "Li2017": 0.3333333333333333, "Keller2020 to Li2017": 0.6111111111111112, "Li2017 to Keller2020": 0.5028409090909091}, "SVM": {"Keller2020": 0.9666666666666668, "Li2017": 0.3333333333333333, "Keller2020 to Li2017": 0.6111111111111112, "Li2017 to Keller2020": 0.2511363636363636}, "random forest": {"Keller2020": 0.9410130718954249, "Li2017": 0.8333333333333334, "Keller2020 to Li2017": 0.7777777777777778, "Li2017 to Keller2020": 0.42215909090909093}, "xgb": {"Keller2020": 0.9326797385620915, "Li2017": 0.5, "Keller2020 to Li2017": 0.9722222222222223, "Li2017 to Keller2020": 0.5306818181818183}}