{"logreg": {"Keller2009": 0.925, "Chen2019": 0.7649999999999999, "Keller2009 to Chen2019": 0.476388888888889, "Chen2019 to Keller2009": 0.5851393188854489}, "SVM": {"Keller2009": 0.9125, "Chen2019": 0.6799999999999999, "Keller2009 to Chen2019": 0.5125, "Chen2019 to Keller2009": 0.7089783281733746}, "random forest": {"Keller2009": 0.9583333333333334, "Chen2019": 0.7208333333333334, "Keller2009 to Chen2019": 0.5020833333333333, "Chen2019 to Keller2009": 0.47058823529411764}, "xgb": {"Keller2009": 0.8, "Chen2019": 0.5266666666666666, "Keller2009 to Chen2019": 0.5111111111111112, "Chen2019 to Keller2009": 0.5139318885448917}}