{"logreg": {"Keller2014": 0.8000334168755222, "Zaporozhchenko2018": 0.2416666666666667, "Keller2014 to Zaporozhchenko2018": 0.6352941176470589, "Zaporozhchenko2018 to Keller2014": 0.37438064704167884}, "SVM": {"Keller2014": 0.877415761626288, "Zaporozhchenko2018": 0.8083333333333333, "Keller2014 to Zaporozhchenko2018": 0.4235294117647058, "Zaporozhchenko2018 to Keller2014": 0.3845088895365782}, "random forest": {"Keller2014": 0.8644945697577275, "Zaporozhchenko2018": 0.8666666666666668, "Keller2014 to Zaporozhchenko2018": 0.5029411764705882, "Zaporozhchenko2018 to Keller2014": 0.3405712620227339}, "xgb": {"Keller2014": 0.8054859370648844, "Zaporozhchenko2018": 0.7166666666666666, "Keller2014 to Zaporozhchenko2018": 0.22941176470588237, "Zaporozhchenko2018 to Keller2014": 0.3712474497231128}}