{"logreg": {"Keller2009": 0.95, "Leidinger2011": 0.20611111111111113, "Keller2009 to Leidinger2011": 0.7650375939849624, "Leidinger2011 to Keller2009": 0.956656346749226}, "SVM": {"Keller2009": 0.9, "Leidinger2011": 0.745, "Keller2009 to Leidinger2011": 0.5639097744360902, "Leidinger2011 to Keller2009": 0.46439628482972134}, "random forest": {"Keller2009": 0.95, "Leidinger2011": 0.7286111111111111, "Keller2009 to Leidinger2011": 0.7772556390977443, "Leidinger2011 to Keller2009": 0.7538699690402477}, "xgb": {"Keller2009": 0.8083333333333333, "Leidinger2011": 0.3761111111111111, "Keller2009 to Leidinger2011": 0.5620300751879699, "Leidinger2011 to Keller2009": 0.7027863777089782}}