{"logreg": {"Keller2014": 0.8079309384572543, "Marzi2016": 0.9764030180600161, "Keller2014 to Marzi2016": 0.2779259823848238, "Marzi2016 to Keller2014": 0.4797435150102011}, "SVM": {"Keller2014": 0.8059203564466723, "Marzi2016": 0.9689123703626967, "Keller2014 to Marzi2016": 0.4825542005420054, "Marzi2016 to Keller2014": 0.517196152725153}, "random forest": {"Keller2014": 0.8178223336118073, "Marzi2016": 0.9542389527723103, "Keller2014 to Marzi2016": 0.42643758468834686, "Marzi2016 to Keller2014": 0.4978140483823958}, "xgb": {"Keller2014": 0.7972765246449457, "Marzi2016": 0.968569701992472, "Keller2014 to Marzi2016": 0.29640921409214094, "Marzi2016 to Keller2014": 0.5288545613523754}}