{"logreg": {"Keller2009": 0.8583333333333334, "Duan2021": 0.9, "Keller2009 to Duan2021": 0.08333333333333333, "Duan2021 to Keller2009": 0.5975232198142415}, "SVM": {"Keller2009": 0.8875, "Duan2021": 0.8, "Keller2009 to Duan2021": 0.2222222222222222, "Duan2021 to Keller2009": 0.476780185758514}, "random forest": {"Keller2009": 0.93125, "Duan2021": 0.9, "Keller2009 to Duan2021": 0.8611111111111112, "Duan2021 to Keller2009": 0.6795665634674922}, "xgb": {"Keller2009": 0.8, "Duan2021": 0.8, "Keller2009 to Duan2021": 0.8611111111111112, "Duan2021 to Keller2009": 0.49226006191950467}}