{"logreg": {"Keller2009": 0.9041666666666666, "Yao2019": 0.8, "Keller2009 to Yao2019": 0.76, "Yao2019 to Keller2009": 0.7120743034055728}, "SVM": {"Keller2009": 0.9125, "Yao2019": 1.0, "Keller2009 to Yao2019": 0.64, "Yao2019 to Keller2009": 0.21362229102167188}, "random forest": {"Keller2009": 0.95, "Yao2019": 1.0, "Keller2009 to Yao2019": 1.0, "Yao2019 to Keller2009": 0.5185758513931888}, "xgb": {"Keller2009": 0.8166666666666667, "Yao2019": 0.8, "Keller2009 to Yao2019": 0.8400000000000001, "Yao2019 to Keller2009": 0.5170278637770898}}