{"logreg": {"Keller2009": 0.95, "Asakura2020": 0.7974302403084206, "Keller2009 to Asakura2020": 0.5739969648886404, "Asakura2020 to Keller2009": 0.4055727554179567}, "SVM": {"Keller2009": 0.9125, "Asakura2020": 0.9293813231296806, "Keller2009 to Asakura2020": 0.6979684514950973, "Asakura2020 to Keller2009": 0.3869969040247679}, "random forest": {"Keller2009": 0.93125, "Asakura2020": 0.9693341217748891, "Keller2009 to Asakura2020": 0.5535237431789156, "Asakura2020 to Keller2009": 0.5386996904024768}, "xgb": {"Keller2009": 0.8, "Asakura2020": 0.955967117783081, "Keller2009 to Asakura2020": 0.3707241050936627, "Asakura2020 to Keller2009": 0.5386996904024768}}