{"logreg": {"Keller2020": 0.7630718954248366, "Nigita2018": 0.6916666666666667, "Keller2020 to Nigita2018": 0.5112781954887218, "Nigita2018 to Keller2020": 0.7301136363636364}, "SVM": {"Keller2020": 0.927124183006536, "Nigita2018": 0.6416666666666666, "Keller2020 to Nigita2018": 0.4962406015037594, "Nigita2018 to Keller2020": 0.4181818181818182}, "random forest": {"Keller2020": 0.8264705882352941, "Nigita2018": 0.5833333333333333, "Keller2020 to Nigita2018": 0.4548872180451128, "Nigita2018 to Keller2020": 0.6187499999999998}, "xgb": {"Keller2020": 0.9202614379084967, "Nigita2018": 0.41666666666666663, "Keller2020 to Nigita2018": 0.4548872180451128, "Nigita2018 to Keller2020": 0.6068181818181818}}