{"logreg": {"Keller2014": 0.8206739069896966, "Jin2017": 1.0, "Keller2014 to Jin2017": 0.12500000000000003, "Jin2017 to Keller2014": 0.20358496065287085}, "SVM": {"Keller2014": 0.8860985797827905, "Jin2017": 1.0, "Keller2014 to Jin2017": 0.03846153846153847, "Jin2017 to Keller2014": 0.29218886621976103}, "random forest": {"Keller2014": 0.8855249234196603, "Jin2017": 1.0, "Keller2014 to Jin2017": 0.09294871794871795, "Jin2017 to Keller2014": 0.3531040512969979}, "xgb": {"Keller2014": 0.8338902812587022, "Jin2017": 0.9800000000000001, "Keller2014 to Jin2017": 0.051282051282051294, "Jin2017 to Keller2014": 0.44914019236374236}}