{"logreg": {"Keller2014": 0.8464773043720413, "Patnaik2017": 0.5484259259259259, "Keller2014 to Patnaik2017": 0.5620658411356086, "Patnaik2017 to Keller2014": 0.6773535412416205}, "SVM": {"Keller2014": 0.8925368978000557, "Patnaik2017": 0.5401143790849673, "Keller2014 to Patnaik2017": 0.5469646632437329, "Patnaik2017 to Keller2014": 0.6748761294083359}, "random forest": {"Keller2014": 0.8848732943469786, "Patnaik2017": 0.514624183006536, "Keller2014 to Patnaik2017": 0.5358652974932046, "Patnaik2017 to Keller2014": 0.527105800058292}, "xgb": {"Keller2014": 0.805062656641604, "Patnaik2017": 0.5732244008714596, "Keller2014 to Patnaik2017": 0.5641800060404712, "Patnaik2017 to Keller2014": 0.5228796269309239}}