{"logreg": {"Keller2020": 0.8823529411764707, "Reis2020": 1.0, "Keller2020 to Reis2020": 0.689795918367347, "Reis2020 to Keller2020": 0.1647727272727273}, "SVM": {"Keller2020": 0.9555555555555555, "Reis2020": 1.0, "Keller2020 to Reis2020": 0.2163265306122449, "Reis2020 to Keller2020": 0.21590909090909094}, "random forest": {"Keller2020": 0.8895424836601308, "Reis2020": 0.9857142857142858, "Keller2020 to Reis2020": 0.610204081632653, "Reis2020 to Keller2020": 0.43693181818181814}, "xgb": {"Keller2020": 0.8913398692810457, "Reis2020": 0.9857142857142858, "Keller2020 to Reis2020": 0.43265306122448977, "Reis2020 to Keller2020": 0.4602272727272727}}