{"logreg": {"Keller2020": 0.7088235294117647, "Halvorsen2016": 0.975, "Keller2020 to Halvorsen2016": 0.6702302631578947, "Halvorsen2016 to Keller2020": 0.6715909090909091}, "SVM": {"Keller2020": 0.8493464052287582, "Halvorsen2016": 1.0, "Keller2020 to Halvorsen2016": 0.712171052631579, "Halvorsen2016 to Keller2020": 0.48068181818181815}, "random forest": {"Keller2020": 0.807843137254902, "Halvorsen2016": 0.9666666666666668, "Keller2020 to Halvorsen2016": 0.4991776315789474, "Halvorsen2016 to Keller2020": 0.6704545454545454}, "xgb": {"Keller2020": 0.9029411764705882, "Halvorsen2016": 0.9666666666666668, "Keller2020 to Halvorsen2016": 0.6513157894736842, "Halvorsen2016 to Keller2020": 0.7602272727272728}}