{"logreg": {"Keller2009": 0.25, "Abdollahi2019": 0.6700617283950617, "Keller2009 to Abdollahi2019": 0.47431043807463497, "Abdollahi2019 to Keller2009": 0.5882352941176471}, "SVM": {"Keller2009": 0.7333333333333333, "Abdollahi2019": 0.8141975308641977, "Keller2009 to Abdollahi2019": 0.46673877771768524, "Abdollahi2019 to Keller2009": 0.4148606811145511}, "random forest": {"Keller2009": 0.6458333333333333, "Abdollahi2019": 0.9233024691358024, "Keller2009 to Abdollahi2019": 0.5413737155219038, "Abdollahi2019 to Keller2009": 0.4582043343653251}, "xgb": {"Keller2009": 0.6166666666666666, "Abdollahi2019": 0.8527777777777779, "Keller2009 to Abdollahi2019": 0.5703082747431044, "Abdollahi2019 to Keller2009": 0.5356037151702786}}