{"logreg": {"Keller2014": 0.8549930381509329, "Reis2020": 1.0, "Keller2014 to Reis2020": 0.8244897959183672, "Reis2020 to Keller2014": 0.650539201399009}, "SVM": {"Keller2014": 0.8979949874686717, "Reis2020": 1.0, "Keller2014 to Reis2020": 0.17551020408163265, "Reis2020 to Keller2014": 0.5425531914893617}, "random forest": {"Keller2014": 0.8620133667502088, "Reis2020": 0.9571428571428571, "Keller2014 to Reis2020": 0.4387755102040817, "Reis2020 to Keller2014": 0.4441125036432527}, "xgb": {"Keller2014": 0.8104539125591759, "Reis2020": 0.9714285714285715, "Keller2014 to Reis2020": 0.40816326530612246, "Reis2020 to Keller2014": 0.40687846109006126}}