{"logreg": {"Keller2009": 0.925, "Li2017": 0.5, "Keller2009 to Li2017": 0.7222222222222223, "Li2017 to Keller2009": 0.26625386996904027}, "SVM": {"Keller2009": 0.9875, "Li2017": 0.5, "Keller2009 to Li2017": 0.5, "Li2017 to Keller2009": 0.35294117647058826}, "random forest": {"Keller2009": 0.88125, "Li2017": 0.6666666666666666, "Keller2009 to Li2017": 0.6111111111111112, "Li2017 to Keller2009": 0.5030959752321982}, "xgb": {"Keller2009": 0.7520833333333333, "Li2017": 0.5, "Keller2009 to Li2017": 0.16666666666666669, "Li2017 to Keller2009": 0.48142414860681115}}