{"logreg": {"Keller2014": 0.8536285157337788, "Duan2021": 0.9, "Keller2014 to Duan2021": 0.6666666666666667, "Duan2021 to Keller2014": 0.47129116875546484}, "SVM": {"Keller2014": 0.9177499303815093, "Duan2021": 0.8, "Keller2014 to Duan2021": 0.8333333333333334, "Duan2021 to Keller2014": 0.63538327018362}, "random forest": {"Keller2014": 0.8646922862712335, "Duan2021": 0.9, "Keller2014 to Duan2021": 0.8472222222222222, "Duan2021 to Keller2014": 0.7290148644709997}, "xgb": {"Keller2014": 0.8150932887774992, "Duan2021": 0.9, "Keller2014 to Duan2021": 0.9166666666666667, "Duan2021 to Keller2014": 0.3884436024482658}}