{"logreg": {"Keller2009": 0.95, "Reis2020": 0.9714285714285715, "Keller2009 to Reis2020": 0.8122448979591836, "Reis2020 to Keller2009": 0.7089783281733746}, "SVM": {"Keller2009": 0.9125, "Reis2020": 1.0, "Keller2009 to Reis2020": 0.2979591836734694, "Reis2020 to Keller2009": 0.6780185758513931}, "random forest": {"Keller2009": 0.85, "Reis2020": 0.9714285714285715, "Keller2009 to Reis2020": 0.9510204081632653, "Reis2020 to Keller2009": 0.7987616099071208}, "xgb": {"Keller2009": 0.7833333333333333, "Reis2020": 0.9285714285714286, "Keller2009 to Reis2020": 0.33061224489795915, "Reis2020 to Keller2009": 0.5479876160990713}}