{"logreg": {"Keller2020": 0.9660130718954247, "Asakura2020": 0.7088787195721322, "Keller2020 to Asakura2020": 0.4619203764101012, "Asakura2020 to Keller2020": 0.27045454545454545}, "SVM": {"Keller2020": 0.9722222222222221, "Asakura2020": 0.9290951183534965, "Keller2020 to Asakura2020": 0.15311304147946433, "Asakura2020 to Keller2020": 0.42613636363636365}, "random forest": {"Keller2020": 0.9313725490196079, "Asakura2020": 0.972098341910951, "Keller2020 to Asakura2020": 0.577080599328945, "Asakura2020 to Keller2020": 0.2823863636363636}, "xgb": {"Keller2020": 0.9718954248366012, "Asakura2020": 0.9563259599454643, "Keller2020 to Asakura2020": 0.5280394505838603, "Asakura2020 to Keller2020": 0.42045454545454547}}