{"logreg": {"Keller2020": 0.6375816993464052, "Zaporozhchenko2018": 0.6916666666666667, "Keller2020 to Zaporozhchenko2018": 0.37058823529411766, "Zaporozhchenko2018 to Keller2020": 0.4806818181818182}, "SVM": {"Keller2020": 0.542156862745098, "Zaporozhchenko2018": 0.7166666666666666, "Keller2020 to Zaporozhchenko2018": 0.5764705882352941, "Zaporozhchenko2018 to Keller2020": 0.6738636363636363}, "random forest": {"Keller2020": 0.7225490196078431, "Zaporozhchenko2018": 0.7083333333333334, "Keller2020 to Zaporozhchenko2018": 0.7441176470588236, "Zaporozhchenko2018 to Keller2020": 0.5750000000000001}, "xgb": {"Keller2020": 0.7555555555555555, "Zaporozhchenko2018": 0.6666666666666666, "Keller2020 to Zaporozhchenko2018": 0.7, "Zaporozhchenko2018 to Keller2020": 0.5897727272727273}}