{"logreg": {"Keller2014": 0.8473127262600947, "Chen2019": 0.8400000000000001, "Keller2014 to Chen2019": 0.5986111111111112, "Chen2019 to Keller2014": 0.5102011075488195}, "SVM": {"Keller2014": 0.9111779448621554, "Chen2019": 0.76, "Keller2014 to Chen2019": 0.5541666666666666, "Chen2019 to Keller2014": 0.496866802681434}, "random forest": {"Keller2014": 0.8926510721247564, "Chen2019": 0.7791666666666666, "Keller2014 to Chen2019": 0.47291666666666665, "Chen2019 to Keller2014": 0.6629262605654328}, "xgb": {"Keller2014": 0.8466332497911446, "Chen2019": 0.5733333333333333, "Keller2014 to Chen2019": 0.4777777777777778, "Chen2019 to Keller2014": 0.5279801807053337}}