{"logreg": {"Keller2014": 0.8402394876079086, "Li2017": 0.5, "Keller2014 to Li2017": 0.4444444444444444, "Li2017 to Keller2014": 0.43252696006995045}, "SVM": {"Keller2014": 0.9105987190197716, "Li2017": 0.3333333333333333, "Keller2014 to Li2017": 0.5555555555555557, "Li2017 to Keller2014": 0.46589915476537447}, "random forest": {"Keller2014": 0.90937343358396, "Li2017": 0.8333333333333334, "Keller2014 to Li2017": 0.5555555555555556, "Li2017 to Keller2014": 0.3453803555814632}, "xgb": {"Keller2014": 0.8904594820384293, "Li2017": 0.5, "Keller2014 to Li2017": 0.33333333333333337, "Li2017 to Keller2014": 0.4928592247158262}}