{"logreg": {"Keller2020": 0.8764705882352942, "Patnaik2017": 0.6021949891067538, "Keller2020 to Patnaik2017": 0.47825430383569917, "Patnaik2017 to Keller2020": 0.5113636363636364}, "SVM": {"Keller2020": 0.9666666666666668, "Patnaik2017": 0.4991448801742919, "Keller2020 to Patnaik2017": 0.4891271519178496, "Patnaik2017 to Keller2020": 0.47954545454545455}, "random forest": {"Keller2020": 0.940686274509804, "Patnaik2017": 0.4773910675381264, "Keller2020 to Patnaik2017": 0.42668378133494417, "Patnaik2017 to Keller2020": 0.3710227272727273}, "xgb": {"Keller2020": 0.9039215686274511, "Patnaik2017": 0.5007679738562093, "Keller2020 to Patnaik2017": 0.5045303533675626, "Patnaik2017 to Keller2020": 0.45000000000000007}}