{"logreg": {"Keller2009": 0.8791666666666667, "Qu2017": 1.0, "Keller2009 to Qu2017": 0.6111111111111112, "Qu2017 to Keller2009": 0.6191950464396285}, "SVM": {"Keller2009": 0.8958333333333334, "Qu2017": 1.0, "Keller2009 to Qu2017": 0.3055555555555555, "Qu2017 to Keller2009": 0.4705882352941177}, "random forest": {"Keller2009": 0.975, "Qu2017": 1.0, "Keller2009 to Qu2017": 0.4305555555555556, "Qu2017 to Keller2009": 0.391640866873065}, "xgb": {"Keller2009": 0.825, "Qu2017": 0.625, "Keller2009 to Qu2017": 0.3333333333333333, "Qu2017 to Keller2009": 0.3761609907120743}}