{"logreg": {"Keller2009": 0.9375, "Fehlmann2020": 0.9883160053593002, "Keller2009 to Fehlmann2020": 0.6512708324774387, "Fehlmann2020 to Keller2009": 0.6393188854489165}, "SVM": {"Keller2009": 0.9125, "Fehlmann2020": 0.9916546455487518, "Keller2009 to Fehlmann2020": 0.5491574572394998, "Fehlmann2020 to Keller2009": 0.6563467492260062}, "random forest": {"Keller2009": 0.91875, "Fehlmann2020": 0.978622515750191, "Keller2009 to Fehlmann2020": 0.5702492707777002, "Fehlmann2020 to Keller2009": 0.5340557275541795}, "xgb": {"Keller2009": 0.8166666666666667, "Fehlmann2020": 0.988795367499384, "Keller2009 to Fehlmann2020": 0.580408741081577, "Fehlmann2020 to Keller2009": 0.6563467492260062}}