{"logreg": {"Keller2014": 0.8492341966026176, "Asakura2020": 0.746702214915906, "Keller2014 to Asakura2020": 0.29828676876743754, "Asakura2020 to Keller2014": 0.2650830661614689}, "SVM": {"Keller2014": 0.8925368978000557, "Asakura2020": 0.9163499900343153, "Keller2014 to Asakura2020": 0.2305508938215312, "Asakura2020 to Keller2014": 0.46764791605945794}, "random forest": {"Keller2014": 0.8733611807296018, "Asakura2020": 0.9597591391378801, "Keller2014 to Asakura2020": 0.3693282236037374, "Asakura2020 to Keller2014": 0.5674001748761295}, "xgb": {"Keller2014": 0.805062656641604, "Asakura2020": 0.94696571399072, "Keller2014 to Asakura2020": 0.3842638037169559, "Asakura2020 to Keller2014": 0.36971728359078987}}