{"logreg": {"Keller2014": 0.8621609579504316, "Fehlmann2020": 0.9889333293788211, "Keller2014 to Fehlmann2020": 0.6326414280432193, "Fehlmann2020 to Keller2014": 0.5579277178665112}, "SVM": {"Keller2014": 0.9037983848510164, "Fehlmann2020": 0.9910052711865338, "Keller2014 to Fehlmann2020": 0.6315441710146119, "Fehlmann2020 to Keller2014": 0.5992422034392306}, "random forest": {"Keller2014": 0.8866945140629351, "Fehlmann2020": 0.9792234760371177, "Keller2014 to Fehlmann2020": 0.6171719869082344, "Fehlmann2020 to Keller2014": 0.6242349169338385}, "xgb": {"Keller2014": 0.8517738791423003, "Fehlmann2020": 0.9898835413664221, "Keller2014 to Fehlmann2020": 0.6202728934719198, "Fehlmann2020 to Keller2014": 0.5173418828329933}}