{"logreg": {"Keller2009": 0.95, "Patnaik2017": 0.540016339869281, "Keller2009 to Patnaik2017": 0.5619148293566898, "Patnaik2017 to Keller2009": 0.5603715170278638}, "SVM": {"Keller2009": 0.8958333333333334, "Patnaik2017": 0.5512636165577343, "Keller2009 to Patnaik2017": 0.5276351555421324, "Patnaik2017 to Keller2009": 0.7554179566563468}, "random forest": {"Keller2009": 0.925, "Patnaik2017": 0.48770697167755983, "Keller2009 to Patnaik2017": 0.5227272727272728, "Patnaik2017 to Keller2009": 0.7136222910216719}, "xgb": {"Keller2009": 0.8, "Patnaik2017": 0.5246732026143791, "Keller2009 to Patnaik2017": 0.5048323769254002, "Patnaik2017 to Keller2009": 0.6439628482972136}}