{"logreg": {"Keller2020": 0.877124183006536, "Patnaik2012": 0.6936507936507936, "Keller2020 to Patnaik2012": 0.6616161616161617, "Patnaik2012 to Keller2020": 0.4744318181818181}, "SVM": {"Keller2020": 0.9666666666666666, "Patnaik2012": 0.834920634920635, "Keller2020 to Patnaik2012": 0.5984848484848485, "Patnaik2012 to Keller2020": 0.43068181818181817}, "random forest": {"Keller2020": 0.906045751633987, "Patnaik2012": 0.7904761904761904, "Keller2020 to Patnaik2012": 0.7790404040404041, "Patnaik2012 to Keller2020": 0.5204545454545454}, "xgb": {"Keller2020": 0.9101307189542484, "Patnaik2012": 0.8579365079365081, "Keller2020 to Patnaik2012": 0.76010101010101, "Patnaik2012 to Keller2020": 0.7204545454545455}}