{"logreg": {"Kryczka2021": 0.7490476190476191, "Leidinger2014": 0.5344246031746032, "Kryczka2021 to Leidinger2014": 0.5140977443609023, "Leidinger2014 to Kryczka2021": 0.7450076804915515}, "SVM": {"Kryczka2021": 0.6583333333333333, "Leidinger2014": 0.5188988095238095, "Kryczka2021 to Leidinger2014": 0.48872180451127817, "Leidinger2014 to Kryczka2021": 0.5422427035330262}, "random forest": {"Kryczka2021": 0.6345238095238095, "Leidinger2014": 0.5062996031746032, "Kryczka2021 to Leidinger2014": 0.5046992481203008, "Leidinger2014 to Kryczka2021": 0.4961597542242704}, "xgb": {"Kryczka2021": 0.5895238095238095, "Leidinger2014": 0.5312996031746031, "Kryczka2021 to Leidinger2014": 0.4711779448621554, "Leidinger2014 to Kryczka2021": 0.5960061443932412}}