{"logreg": {"Leidinger2014": 0.4745039682539683, "Li2017": 0.3333333333333333, "Leidinger2014 to Li2017": 0.5, "Li2017 to Leidinger2014": 0.4721177944862155}, "SVM": {"Leidinger2014": 0.4744047619047619, "Li2017": 0.16666666666666666, "Leidinger2014 to Li2017": 0.5, "Li2017 to Leidinger2014": 0.587092731829574}, "random forest": {"Leidinger2014": 0.43851686507936505, "Li2017": 0.6666666666666666, "Leidinger2014 to Li2017": 0.38888888888888895, "Li2017 to Leidinger2014": 0.5288220551378446}, "xgb": {"Leidinger2014": 0.36498015873015877, "Li2017": 0.5, "Leidinger2014 to Li2017": 0.2777777777777778, "Li2017 to Leidinger2014": 0.5150375939849624}}