{"logreg": {"Leidinger2011": 0.1238888888888889, "Reis2020": 1.0, "Leidinger2011 to Reis2020": 0.7224489795918367, "Reis2020 to Leidinger2011": 0.6860902255639099}, "SVM": {"Leidinger2011": 0.7516666666666667, "Reis2020": 1.0, "Leidinger2011 to Reis2020": 0.9469387755102041, "Reis2020 to Leidinger2011": 0.9135338345864662}, "random forest": {"Leidinger2011": 0.6591666666666667, "Reis2020": 0.9714285714285715, "Leidinger2011 to Reis2020": 0.7244897959183674, "Reis2020 to Leidinger2011": 0.43609022556390975}, "xgb": {"Leidinger2011": 0.3866666666666666, "Reis2020": 0.9857142857142858, "Leidinger2011 to Reis2020": 0.8612244897959184, "Reis2020 to Leidinger2011": 0.6259398496240601}}