{"logreg": {"Leidinger2014": 0.7357638888888889, "Chen2019": 0.8616666666666667, "Leidinger2014 to Chen2019": 0.6861111111111111, "Chen2019 to Leidinger2014": 0.5667293233082706}, "SVM": {"Leidinger2014": 0.5464781746031746, "Chen2019": 0.7849999999999999, "Leidinger2014 to Chen2019": 0.4930555555555556, "Chen2019 to Leidinger2014": 0.5563909774436091}, "random forest": {"Leidinger2014": 0.4492559523809524, "Chen2019": 0.8016666666666665, "Leidinger2014 to Chen2019": 0.5423611111111112, "Chen2019 to Leidinger2014": 0.5031328320802005}, "xgb": {"Leidinger2014": 0.49394841269841266, "Chen2019": 0.49499999999999994, "Leidinger2014 to Chen2019": 0.4708333333333333, "Chen2019 to Leidinger2014": 0.4533208020050125}}