{"logreg": {"Leidinger2014": 0.5050099206349207, "Marzi2016": 0.9751750175535527, "Leidinger2014 to Marzi2016": 0.286034891598916, "Marzi2016 to Leidinger2014": 0.5363408521303258}, "SVM": {"Leidinger2014": 0.49905753968253974, "Marzi2016": 0.9733332182280696, "Leidinger2014 to Marzi2016": 0.5996570121951219, "Marzi2016 to Leidinger2014": 0.4956140350877193}, "random forest": {"Leidinger2014": 0.5001240079365079, "Marzi2016": 0.9506557259113458, "Leidinger2014 to Marzi2016": 0.32738397696476973, "Marzi2016 to Leidinger2014": 0.462092731829574}, "xgb": {"Leidinger2014": 0.5323908730158731, "Marzi2016": 0.9701961393694534, "Leidinger2014 to Marzi2016": 0.38447450880758804, "Marzi2016 to Leidinger2014": 0.47305764411027573}}