{"logreg": {"Leidinger2016": 0.9474603174603174, "Boeri2011": 0.8333333333333334, "Leidinger2016 to Boeri2011": 0.49122807017543857, "Boeri2011 to Leidinger2016": 0.29465334900117507}, "SVM": {"Leidinger2016": 0.9268253968253969, "Boeri2011": 0.9, "Leidinger2016 to Boeri2011": 0.2719298245614035, "Boeri2011 to Leidinger2016": 0.2900998824911868}, "random forest": {"Leidinger2016": 0.9323015873015873, "Boeri2011": 0.95, "Leidinger2016 to Boeri2011": 0.17543859649122806, "Boeri2011 to Leidinger2016": 0.30405405405405406}, "xgb": {"Leidinger2016": 0.9328571428571429, "Boeri2011": 0.65, "Leidinger2016 to Boeri2011": 0.30701754385964913, "Boeri2011 to Leidinger2016": 0.3917450058754407}}