{"logreg": {"Leidinger2016": 0.8573544973544974, "Keller2020": 0.7562091503267974, "Leidinger2016 to Keller2020": 0.5397727272727272, "Keller2020 to Leidinger2016": 0.8034665099882492}, "SVM": {"Leidinger2016": 0.9014814814814816, "Keller2020": 0.9330065359477124, "Leidinger2016 to Keller2020": 0.565909090909091, "Keller2020 to Leidinger2016": 0.7397179788484136}, "random forest": {"Leidinger2016": 0.8931216931216932, "Keller2020": 0.7622549019607843, "Leidinger2016 to Keller2020": 0.5926136363636364, "Keller2020 to Leidinger2016": 0.6734723854289071}, "xgb": {"Leidinger2016": 0.8790211640211639, "Keller2020": 0.8189542483660132, "Leidinger2016 to Keller2020": 0.5420454545454545, "Keller2020 to Leidinger2016": 0.56786133960047}}