{"logreg": {"Leidinger2011": 0.11000000000000001, "Duan2021": 0.9, "Leidinger2011 to Duan2021": 0.6666666666666666, "Duan2021 to Leidinger2011": 0.46240601503759404}, "SVM": {"Leidinger2011": 0.7172222222222222, "Duan2021": 0.9, "Leidinger2011 to Duan2021": 0.7500000000000001, "Duan2021 to Leidinger2011": 0.6635338345864663}, "random forest": {"Leidinger2011": 0.6991666666666666, "Duan2021": 0.9, "Leidinger2011 to Duan2021": 0.4305555555555555, "Duan2021 to Leidinger2011": 0.5770676691729323}, "xgb": {"Leidinger2011": 0.4761111111111111, "Duan2021": 0.8, "Leidinger2011 to Duan2021": 0.7777777777777778, "Duan2021 to Leidinger2011": 0.5545112781954886}}