{"logreg": {"Leidinger2016": 0.930952380952381, "Reis2020": 0.9714285714285715, "Leidinger2016 to Reis2020": 0.7877551020408163, "Reis2020 to Leidinger2016": 0.359283196239718}, "SVM": {"Leidinger2016": 0.9193650793650793, "Reis2020": 0.9714285714285715, "Leidinger2016 to Reis2020": 0.7755102040816326, "Reis2020 to Leidinger2016": 0.33666274970622806}, "random forest": {"Leidinger2016": 0.9414814814814815, "Reis2020": 0.9714285714285715, "Leidinger2016 to Reis2020": 0.6816326530612244, "Reis2020 to Leidinger2016": 0.4588719153936545}, "xgb": {"Leidinger2016": 0.9405291005291005, "Reis2020": 0.9142857142857143, "Leidinger2016 to Reis2020": 0.346938775510204, "Reis2020 to Leidinger2016": 0.4491774383078731}}