{"logreg": {"Leidinger2016": 0.915925925925926, "Wozniak2015": 0.46349999999999997, "Leidinger2016 to Wozniak2015": 0.55005, "Wozniak2015 to Leidinger2016": 0.336662749706228}, "SVM": {"Leidinger2016": 0.9149206349206349, "Wozniak2015": 0.5880000000000001, "Leidinger2016 to Wozniak2015": 0.39339999999999997, "Wozniak2015 to Leidinger2016": 0.334165687426557}, "random forest": {"Leidinger2016": 0.9394179894179896, "Wozniak2015": 0.648, "Leidinger2016 to Wozniak2015": 0.5097499999999999, "Wozniak2015 to Leidinger2016": 0.37485311398354876}, "xgb": {"Leidinger2016": 0.9505820105820106, "Wozniak2015": 0.621, "Leidinger2016 to Wozniak2015": 0.512, "Wozniak2015 to Leidinger2016": 0.32461809635722677}}