{"logreg": {"Leidinger2011": 0.18722222222222223, "Halvorsen2016": 0.9083333333333332, "Leidinger2011 to Halvorsen2016": 0.640625, "Halvorsen2016 to Leidinger2011": 0.343984962406015}, "SVM": {"Leidinger2011": 0.758888888888889, "Halvorsen2016": 0.9916666666666668, "Leidinger2011 to Halvorsen2016": 0.20559210526315788, "Halvorsen2016 to Leidinger2011": 0.36278195488721804}, "random forest": {"Leidinger2011": 0.7297222222222223, "Halvorsen2016": 0.9833333333333334, "Leidinger2011 to Halvorsen2016": 0.35690789473684215, "Halvorsen2016 to Leidinger2011": 0.28759398496240596}, "xgb": {"Leidinger2011": 0.65, "Halvorsen2016": 0.9416666666666668, "Leidinger2011 to Halvorsen2016": 0.24671052631578946, "Halvorsen2016 to Leidinger2011": 0.5300751879699248}}