{"logreg": {"Leidinger2011": 0.14055555555555554, "Patnaik2012": 0.6984126984126984, "Leidinger2011 to Patnaik2012": 0.702020202020202, "Patnaik2012 to Leidinger2011": 0.6015037593984962}, "SVM": {"Leidinger2011": 0.7516666666666667, "Patnaik2012": 0.8539682539682539, "Leidinger2011 to Patnaik2012": 0.787878787878788, "Patnaik2012 to Leidinger2011": 0.7274436090225563}, "random forest": {"Leidinger2011": 0.5566666666666666, "Patnaik2012": 0.7595238095238096, "Leidinger2011 to Patnaik2012": 0.36616161616161613, "Patnaik2012 to Leidinger2011": 0.218984962406015}, "xgb": {"Leidinger2011": 0.4, "Patnaik2012": 0.746031746031746, "Leidinger2011 to Patnaik2012": 0.5454545454545454, "Patnaik2012 to Leidinger2011": 0.4492481203007519}}