{"logreg": {"Leidinger2014": 0.8245039682539683, "Yao2019": 1.0, "Leidinger2014 to Yao2019": 0.4, "Yao2019 to Leidinger2014": 0.4135338345864662}, "SVM": {"Leidinger2014": 0.5244543650793652, "Yao2019": 1.0, "Leidinger2014 to Yao2019": 0.92, "Yao2019 to Leidinger2014": 0.45426065162907275}, "random forest": {"Leidinger2014": 0.444766865079365, "Yao2019": 1.0, "Leidinger2014 to Yao2019": 0.42, "Yao2019 to Leidinger2014": 0.46898496240601506}, "xgb": {"Leidinger2014": 0.5688492063492063, "Yao2019": 0.8, "Leidinger2014 to Yao2019": 0.6799999999999999, "Yao2019 to Leidinger2014": 0.4699248120300752}}