{"logreg": {"Leidinger2014": 0.8869047619047619, "Wozniak2015": 0.484, "Leidinger2014 to Wozniak2015": 0.4972, "Wozniak2015 to Leidinger2014": 0.49122807017543857}, "SVM": {"Leidinger2014": 0.5528769841269842, "Wozniak2015": 0.5665000000000001, "Leidinger2014 to Wozniak2015": 0.4763, "Wozniak2015 to Leidinger2014": 0.5028195488721805}, "random forest": {"Leidinger2014": 0.5384424603174602, "Wozniak2015": 0.6990000000000001, "Leidinger2014 to Wozniak2015": 0.5634, "Wozniak2015 to Leidinger2014": 0.531641604010025}, "xgb": {"Leidinger2014": 0.6061507936507937, "Wozniak2015": 0.6709999999999999, "Leidinger2014 to Wozniak2015": 0.5564, "Wozniak2015 to Leidinger2014": 0.5363408521303258}}