{"logreg": {"Leidinger2016": 0.875079365079365, "Li2017": 0.5, "Leidinger2016 to Li2017": 0.47222222222222227, "Li2017 to Leidinger2016": 0.4913337250293772}, "SVM": {"Leidinger2016": 0.8975132275132275, "Li2017": 0.3333333333333333, "Leidinger2016 to Li2017": 0.7222222222222222, "Li2017 to Leidinger2016": 0.24089306698002352}, "random forest": {"Leidinger2016": 0.9077248677248677, "Li2017": 0.8333333333333334, "Leidinger2016 to Li2017": 0.5277777777777779, "Li2017 to Leidinger2016": 0.7410399529964747}, "xgb": {"Leidinger2016": 0.9107936507936507, "Li2017": 0.5, "Leidinger2016 to Li2017": 0.5, "Li2017 to Leidinger2016": 0.5710928319623971}}