{"logreg": {"Leidinger2016": 0.925079365079365, "Keller2014": 0.8888220551378445, "Leidinger2016 to Keller2014": 0.506266394637132, "Keller2014 to Leidinger2016": 0.6847826086956521}, "SVM": {"Leidinger2016": 0.9207407407407407, "Keller2014": 0.9080757449178503, "Leidinger2016 to Keller2014": 0.8023899737685806, "Keller2014 to Leidinger2016": 0.8733842538190364}, "random forest": {"Leidinger2016": 0.9365343915343916, "Keller2014": 0.9034864940128099, "Leidinger2016 to Keller2014": 0.8632322937918974, "Keller2014 to Leidinger2016": 0.772473560517039}, "xgb": {"Leidinger2016": 0.9404232804232804, "Keller2014": 0.8711723753829018, "Leidinger2016 to Keller2014": 0.790148644709997, "Keller2014 to Leidinger2016": 0.8252056404230318}}