{"logreg": {"Leidinger2014": 0.8041170634920635, "Qu2017": 1.0, "Leidinger2014 to Qu2017": 0.5, "Qu2017 to Leidinger2014": 0.49122807017543857}, "SVM": {"Leidinger2014": 0.5562003968253968, "Qu2017": 1.0, "Leidinger2014 to Qu2017": 0.4444444444444445, "Qu2017 to Leidinger2014": 0.4630325814536341}, "random forest": {"Leidinger2014": 0.5282242063492063, "Qu2017": 1.0, "Leidinger2014 to Qu2017": 0.3194444444444444, "Qu2017 to Leidinger2014": 0.5278822055137844}, "xgb": {"Leidinger2014": 0.5027281746031746, "Qu2017": 0.875, "Leidinger2014 to Qu2017": 0.6944444444444444, "Qu2017 to Leidinger2014": 0.5216165413533834}}