{"logreg": {"Leidinger2014": 0.7128472222222222, "Keller2020": 0.877124183006536, "Leidinger2014 to Keller2020": 0.6784090909090909, "Keller2020 to Leidinger2014": 0.4486215538847118}, "SVM": {"Leidinger2014": 0.47400793650793654, "Keller2020": 0.961111111111111, "Leidinger2014 to Keller2020": 0.5159090909090909, "Keller2020 to Leidinger2014": 0.4661654135338346}, "random forest": {"Leidinger2014": 0.5141865079365079, "Keller2020": 0.9009803921568628, "Leidinger2014 to Keller2020": 0.6215909090909091, "Keller2020 to Leidinger2014": 0.5166040100250626}, "xgb": {"Leidinger2014": 0.4967261904761905, "Keller2020": 0.868954248366013, "Leidinger2014 to Keller2020": 0.8306818181818182, "Keller2020 to Leidinger2014": 0.4273182957393483}}