{"logreg": {"Leidinger2011": 0.12111111111111113, "Leidinger2014": 0.798859126984127, "Leidinger2011 to Leidinger2014": 0.44799498746867167, "Leidinger2014 to Leidinger2011": 0.4266917293233083}, "SVM": {"Leidinger2011": 0.7716666666666666, "Leidinger2014": 0.543452380952381, "Leidinger2011 to Leidinger2014": 0.45802005012531327, "Leidinger2014 to Leidinger2011": 0.7969924812030076}, "random forest": {"Leidinger2011": 0.7380555555555556, "Leidinger2014": 0.5409226190476191, "Leidinger2011 to Leidinger2014": 0.411967418546366, "Leidinger2014 to Leidinger2011": 0.5751879699248121}, "xgb": {"Leidinger2011": 0.3816666666666667, "Leidinger2014": 0.4587797619047619, "Leidinger2011 to Leidinger2014": 0.41259398496240607, "Leidinger2014 to Leidinger2011": 0.4962406015037594}}