{"logreg": {"Leidinger2016": 0.9217989417989418, "Leidinger2014": 0.8489583333333334, "Leidinger2016 to Leidinger2014": 0.5072055137844611, "Leidinger2014 to Leidinger2016": 0.5019095182138661}, "SVM": {"Leidinger2016": 0.9148148148148149, "Leidinger2014": 0.5624503968253969, "Leidinger2016 to Leidinger2014": 0.5426065162907269, "Leidinger2014 to Leidinger2016": 0.390716803760282}, "random forest": {"Leidinger2016": 0.9393650793650794, "Leidinger2014": 0.517361111111111, "Leidinger2016 to Leidinger2014": 0.47180451127819545, "Leidinger2014 to Leidinger2016": 0.6236780258519389}, "xgb": {"Leidinger2016": 0.9447619047619048, "Leidinger2014": 0.47554563492063495, "Leidinger2016 to Leidinger2014": 0.4833959899749374, "Leidinger2014 to Leidinger2016": 0.5420094007050529}}