{"logreg": {"Leidinger2014": 0.786359126984127, "Patnaik2017": 0.5732407407407407, "Leidinger2014 to Patnaik2017": 0.5529296285110239, "Patnaik2017 to Leidinger2014": 0.4736842105263158}, "SVM": {"Leidinger2014": 0.5499007936507937, "Patnaik2017": 0.5336274509803922, "Leidinger2014 to Patnaik2017": 0.4373301117487164, "Patnaik2017 to Leidinger2014": 0.5704887218045113}, "random forest": {"Leidinger2014": 0.4223958333333333, "Patnaik2017": 0.5204139433551198, "Leidinger2014 to Patnaik2017": 0.5074750830564784, "Patnaik2017 to Leidinger2014": 0.5034461152882206}, "xgb": {"Leidinger2014": 0.44032738095238094, "Patnaik2017": 0.4617483660130719, "Leidinger2014 to Patnaik2017": 0.5563273935366958, "Patnaik2017 to Leidinger2014": 0.5758145363408522}}