{"logreg": {"Leidinger2016": 0.8152380952380952, "Duan2021": 0.9, "Leidinger2016 to Duan2021": 0.6666666666666667, "Duan2021 to Leidinger2016": 0.47414806110458285}, "SVM": {"Leidinger2016": 0.8806878306878307, "Duan2021": 0.9, "Leidinger2016 to Duan2021": 0.75, "Duan2021 to Leidinger2016": 0.5002937720329025}, "random forest": {"Leidinger2016": 0.9032010582010581, "Duan2021": 1.0, "Leidinger2016 to Duan2021": 0.5972222222222222, "Duan2021 to Leidinger2016": 0.3645710928319624}, "xgb": {"Leidinger2016": 0.8943915343915345, "Duan2021": 0.8, "Leidinger2016 to Duan2021": 0.5277777777777777, "Duan2021 to Leidinger2016": 0.4118683901292597}}