{"logreg": {"Leidinger2011": 0.21444444444444444, "Chen2019": 0.8416666666666668, "Leidinger2011 to Chen2019": 0.6416666666666666, "Chen2019 to Leidinger2011": 0.43796992481203006}, "SVM": {"Leidinger2011": 0.7333333333333334, "Chen2019": 0.7616666666666667, "Leidinger2011 to Chen2019": 0.4125, "Chen2019 to Leidinger2011": 0.31203007518796994}, "random forest": {"Leidinger2011": 0.7202777777777778, "Chen2019": 0.7908333333333333, "Leidinger2011 to Chen2019": 0.38333333333333336, "Chen2019 to Leidinger2011": 0.33834586466165417}, "xgb": {"Leidinger2011": 0.5116666666666667, "Chen2019": 0.49833333333333335, "Leidinger2011 to Chen2019": 0.5305555555555556, "Chen2019 to Leidinger2011": 0.34586466165413543}}