{"logreg": {"Leidinger2011": 0.15333333333333338, "Keller2014": 0.8473071567808409, "Leidinger2011 to Keller2014": 0.810405129699796, "Keller2014 to Leidinger2011": 0.8703007518796992}, "SVM": {"Leidinger2011": 0.7533333333333334, "Keller2014": 0.8882261208576997, "Leidinger2011 to Keller2014": 0.791168755464879, "Keller2014 to Leidinger2011": 0.9605263157894737}, "random forest": {"Leidinger2011": 0.6566666666666666, "Keller2014": 0.8671567808409912, "Leidinger2011 to Keller2014": 0.7795103468376567, "Keller2014 to Leidinger2011": 0.8731203007518796}, "xgb": {"Leidinger2011": 0.31111111111111106, "Keller2014": 0.8074074074074075, "Leidinger2011 to Keller2014": 0.7053337219469543, "Keller2014 to Leidinger2011": 0.768796992481203}}