{"logreg": {"Leidinger2014": 0.7767857142857143, "Patnaik2012": 0.6984126984126984, "Leidinger2014 to Patnaik2012": 0.4419191919191919, "Patnaik2012 to Leidinger2014": 0.5231829573934836}, "SVM": {"Leidinger2014": 0.5529265873015874, "Patnaik2012": 0.8682539682539682, "Leidinger2014 to Patnaik2012": 0.4141414141414141, "Patnaik2012 to Leidinger2014": 0.5206766917293233}, "random forest": {"Leidinger2014": 0.5371279761904761, "Patnaik2012": 0.8373015873015873, "Leidinger2014 to Patnaik2012": 0.41414141414141414, "Patnaik2012 to Leidinger2014": 0.4692982456140351}, "xgb": {"Leidinger2014": 0.490079365079365, "Patnaik2012": 0.7746031746031747, "Leidinger2014 to Patnaik2012": 0.5656565656565656, "Patnaik2012 to Leidinger2014": 0.5241228070175439}}