{"logreg": {"Leidinger2011": 0.155, "Wozniak2015": 0.49800000000000005, "Leidinger2011 to Wozniak2015": 0.48644999999999994, "Wozniak2015 to Leidinger2011": 0.29887218045112784}, "SVM": {"Leidinger2011": 0.7833333333333334, "Wozniak2015": 0.5665, "Leidinger2011 to Wozniak2015": 0.4527, "Wozniak2015 to Leidinger2011": 0.3627819548872181}, "random forest": {"Leidinger2011": 0.7261111111111112, "Wozniak2015": 0.681, "Leidinger2011 to Wozniak2015": 0.48635, "Wozniak2015 to Leidinger2011": 0.46898496240601506}, "xgb": {"Leidinger2011": 0.5072222222222222, "Wozniak2015": 0.6865, "Leidinger2011 to Wozniak2015": 0.4657, "Wozniak2015 to Leidinger2011": 0.5093984962406015}}