{"logreg": {"Leidinger2016": 0.9264550264550264, "Keller2009": 0.95, "Leidinger2016 to Keller2009": 0.8328173374613004, "Keller2009 to Leidinger2016": 0.7949471210340776}, "SVM": {"Leidinger2016": 0.9207936507936509, "Keller2009": 0.8958333333333334, "Leidinger2016 to Keller2009": 0.7801857585139319, "Keller2009 to Leidinger2016": 0.5346650998824912}, "random forest": {"Leidinger2016": 0.9386507936507936, "Keller2009": 1.0, "Leidinger2016 to Keller2009": 0.958204334365325, "Keller2009 to Leidinger2016": 0.7999412455934195}, "xgb": {"Leidinger2016": 0.9315873015873015, "Keller2009": 0.9, "Leidinger2016 to Keller2009": 0.8111455108359134, "Keller2009 to Leidinger2016": 0.8297591069330199}}