{"logreg": {"Leidinger2011": 0.13833333333333336, "Boeri2011": 0.7333333333333333, "Leidinger2011 to Boeri2011": 0.7368421052631579, "Boeri2011 to Leidinger2011": 0.5018796992481204}, "SVM": {"Leidinger2011": 0.6905555555555557, "Boeri2011": 0.95, "Leidinger2011 to Boeri2011": 0.7807017543859649, "Boeri2011 to Leidinger2011": 0.5977443609022557}, "random forest": {"Leidinger2011": 0.5694444444444444, "Boeri2011": 0.975, "Leidinger2011 to Boeri2011": 0.368421052631579, "Boeri2011 to Leidinger2011": 0.2725563909774436}, "xgb": {"Leidinger2011": 0.5794444444444444, "Boeri2011": 0.8916666666666666, "Leidinger2011 to Boeri2011": 0.543859649122807, "Boeri2011 to Leidinger2011": 0.4652255639097744}}