{"logreg": {"Leidinger2014": 0.8489583333333334, "Leidinger2016": 0.9217989417989418, "Leidinger2014 to Leidinger2016": 0.5019095182138661, "Leidinger2016 to Leidinger2014": 0.5072055137844611}, "SVM": {"Leidinger2014": 0.5624503968253969, "Leidinger2016": 0.9148148148148149, "Leidinger2014 to Leidinger2016": 0.3943889541715629, "Leidinger2016 to Leidinger2014": 0.543859649122807}, "random forest": {"Leidinger2014": 0.4729662698412699, "Leidinger2016": 0.9503174603174603, "Leidinger2014 to Leidinger2016": 0.5221797884841363, "Leidinger2016 to Leidinger2014": 0.47211779448621555}, "xgb": {"Leidinger2014": 0.47554563492063495, "Leidinger2016": 0.9447619047619048, "Leidinger2014 to Leidinger2016": 0.5420094007050529, "Leidinger2016 to Leidinger2014": 0.4833959899749374}}