{"logreg": {"Leidinger2016": 0.9335978835978835, "Patnaik2012": 0.6777777777777778, "Leidinger2016 to Patnaik2012": 0.38131313131313127, "Patnaik2012 to Leidinger2016": 0.5943008225616923}, "SVM": {"Leidinger2016": 0.9207407407407409, "Patnaik2012": 0.8253968253968254, "Leidinger2016 to Patnaik2012": 0.6893939393939394, "Patnaik2012 to Leidinger2016": 0.7911280846063455}, "random forest": {"Leidinger2016": 0.9495767195767195, "Patnaik2012": 0.7531746031746032, "Leidinger2016 to Patnaik2012": 0.5984848484848485, "Patnaik2012 to Leidinger2016": 0.814042303172738}, "xgb": {"Leidinger2016": 0.9301587301587301, "Patnaik2012": 0.7690476190476191, "Leidinger2016 to Patnaik2012": 0.6212121212121212, "Patnaik2012 to Leidinger2016": 0.643213866039953}}