{"logreg": {"Leidinger2011": 0.35, "Marzi2016": 0.9764030180600161, "Leidinger2011 to Marzi2016": 0.6839430894308943, "Marzi2016 to Leidinger2011": 0.4943609022556391}, "SVM": {"Leidinger2011": 0.7588888888888888, "Marzi2016": 0.9689123703626967, "Leidinger2011 to Marzi2016": 0.7817369579945799, "Marzi2016 to Leidinger2011": 0.5206766917293233}, "random forest": {"Leidinger2011": 0.5725, "Marzi2016": 0.9558062548200329, "Leidinger2011 to Marzi2016": 0.5736365176151761, "Marzi2016 to Leidinger2011": 0.49718045112781956}, "xgb": {"Leidinger2011": 0.3844444444444445, "Marzi2016": 0.968569701992472, "Leidinger2011 to Marzi2016": 0.4117547425474255, "Marzi2016 to Leidinger2011": 0.5075187969924813}}