{"logreg": {"Leidinger2014": 0.8431547619047619, "Fehlmann2020": 0.9932636787079229, "Leidinger2014 to Fehlmann2020": 0.5592227791243856, "Fehlmann2020 to Leidinger2014": 0.40852130325814534}, "SVM": {"Leidinger2014": 0.5243551587301587, "Fehlmann2020": 0.9929132988963166, "Leidinger2014 to Fehlmann2020": 0.3855300727168153, "Fehlmann2020 to Leidinger2014": 0.4899749373433584}, "random forest": {"Leidinger2014": 0.5458829365079365, "Fehlmann2020": 0.9813026321974171, "Leidinger2014 to Fehlmann2020": 0.5199611766155869, "Fehlmann2020 to Leidinger2014": 0.5025062656641603}, "xgb": {"Leidinger2014": 0.5908730158730159, "Fehlmann2020": 0.9923489436245656, "Leidinger2014 to Fehlmann2020": 0.5700258822562754, "Fehlmann2020 to Leidinger2014": 0.5288220551378446}}