{"logreg": {"Leidinger2014": 0.8619543650793651, "Nigita2018": 0.65, "Leidinger2014 to Nigita2018": 0.4398496240601504, "Nigita2018 to Leidinger2014": 0.4342105263157895}, "SVM": {"Leidinger2014": 0.5500496031746032, "Nigita2018": 0.3, "Leidinger2014 to Nigita2018": 0.5338345864661654, "Nigita2018 to Leidinger2014": 0.5457393483709273}, "random forest": {"Leidinger2014": 0.38831845238095236, "Nigita2018": 0.3083333333333333, "Leidinger2014 to Nigita2018": 0.3609022556390977, "Nigita2018 to Leidinger2014": 0.5037593984962405}, "xgb": {"Leidinger2014": 0.49027777777777776, "Nigita2018": 0.2333333333333333, "Leidinger2014 to Nigita2018": 0.481203007518797, "Nigita2018 to Leidinger2014": 0.46303258145363413}}