{"logreg": {"Leidinger2011": 0.20611111111111113, "Keller2009": 0.95, "Leidinger2011 to Keller2009": 0.956656346749226, "Keller2009 to Leidinger2011": 0.7650375939849624}, "SVM": {"Leidinger2011": 0.745, "Keller2009": 0.9, "Leidinger2011 to Keller2009": 0.46439628482972134, "Keller2009 to Leidinger2011": 0.5657894736842105}, "random forest": {"Leidinger2011": 0.6494444444444445, "Keller2009": 0.98125, "Leidinger2011 to Keller2009": 0.7569659442724458, "Keller2009 to Leidinger2011": 0.6691729323308272}, "xgb": {"Leidinger2011": 0.3761111111111111, "Keller2009": 0.8083333333333333, "Leidinger2011 to Keller2009": 0.7027863777089782, "Keller2009 to Leidinger2011": 0.5620300751879699}}