{"logreg": {"Leidinger2016": 0.9031746031746032, "Nigita2018": 0.5, "Leidinger2016 to Nigita2018": 0.4548872180451128, "Nigita2018 to Leidinger2016": 0.40775558166862513}, "SVM": {"Leidinger2016": 0.9251851851851853, "Nigita2018": 0.31666666666666665, "Leidinger2016 to Nigita2018": 0.5789473684210527, "Nigita2018 to Leidinger2016": 0.2502937720329025}, "random forest": {"Leidinger2016": 0.9261111111111111, "Nigita2018": 0.2833333333333333, "Leidinger2016 to Nigita2018": 0.4210526315789474, "Nigita2018 to Leidinger2016": 0.528936545240893}, "xgb": {"Leidinger2016": 0.9413756613756614, "Nigita2018": 0.5333333333333333, "Leidinger2016 to Nigita2018": 0.5488721804511278, "Nigita2018 to Leidinger2016": 0.5443595769682726}}