{"logreg": {"Leidinger2011": 0.36777777777777776, "Zaporozhchenko2018": 0.20833333333333334, "Leidinger2011 to Zaporozhchenko2018": 0.6264705882352941, "Zaporozhchenko2018 to Leidinger2011": 0.43327067669172936}, "SVM": {"Leidinger2011": 0.7816666666666666, "Zaporozhchenko2018": 0.75, "Leidinger2011 to Zaporozhchenko2018": 0.21176470588235297, "Zaporozhchenko2018 to Leidinger2011": 0.3007518796992481}, "random forest": {"Leidinger2011": 0.8008333333333333, "Zaporozhchenko2018": 0.8416666666666668, "Leidinger2011 to Zaporozhchenko2018": 0.2911764705882353, "Zaporozhchenko2018 to Leidinger2011": 0.212406015037594}, "xgb": {"Leidinger2011": 0.6866666666666668, "Zaporozhchenko2018": 0.725, "Leidinger2011 to Zaporozhchenko2018": 0.31176470588235294, "Zaporozhchenko2018 to Leidinger2011": 0.17951127819548873}}