{"logreg": {"Leidinger2011": 0.22000000000000003, "Keller2020": 0.8718954248366012, "Leidinger2011 to Keller2020": 0.27897727272727274, "Keller2020 to Leidinger2011": 0.612781954887218}, "SVM": {"Leidinger2011": 0.6200000000000001, "Keller2020": 0.9722222222222221, "Leidinger2011 to Keller2020": 0.2693181818181818, "Keller2020 to Leidinger2011": 0.43609022556390975}, "random forest": {"Leidinger2011": 0.768888888888889, "Keller2020": 0.8696078431372548, "Leidinger2011 to Keller2020": 0.37159090909090914, "Keller2020 to Leidinger2011": 0.5385338345864662}, "xgb": {"Leidinger2011": 0.7744444444444445, "Keller2020": 0.8918300653594772, "Leidinger2011 to Keller2020": 0.3738636363636364, "Keller2020 to Leidinger2011": 0.5169172932330828}}