{"logreg": {"Leidinger2016": 0.9604761904761905, "Chen2019": 0.6833333333333332, "Leidinger2016 to Chen2019": 0.5208333333333333, "Chen2019 to Leidinger2016": 0.4571092831962398}, "SVM": {"Leidinger2016": 0.9237566137566138, "Chen2019": 0.6499999999999999, "Leidinger2016 to Chen2019": 0.5486111111111112, "Chen2019 to Leidinger2016": 0.4324324324324324}, "random forest": {"Leidinger2016": 0.9400000000000001, "Chen2019": 0.6533333333333332, "Leidinger2016 to Chen2019": 0.575, "Chen2019 to Leidinger2016": 0.5070505287896593}, "xgb": {"Leidinger2016": 0.9403703703703703, "Chen2019": 0.5583333333333333, "Leidinger2016 to Chen2019": 0.5375, "Chen2019 to Leidinger2016": 0.3773501762632197}}