{"logreg": {"Leidinger2014": 0.8206845238095237, "Halvorsen2016": 0.9416666666666668, "Leidinger2014 to Halvorsen2016": 0.6291118421052632, "Halvorsen2016 to Leidinger2014": 0.48746867167919794}, "SVM": {"Leidinger2014": 0.5493551587301587, "Halvorsen2016": 0.9916666666666668, "Leidinger2014 to Halvorsen2016": 0.4580592105263157, "Halvorsen2016 to Leidinger2014": 0.46867167919799496}, "random forest": {"Leidinger2014": 0.45696924603174605, "Halvorsen2016": 0.9833333333333334, "Leidinger2014 to Halvorsen2016": 0.3503289473684211, "Halvorsen2016 to Leidinger2014": 0.43170426065162915}, "xgb": {"Leidinger2014": 0.5969742063492063, "Halvorsen2016": 0.9416666666666668, "Leidinger2014 to Halvorsen2016": 0.4835526315789474, "Halvorsen2016 to Leidinger2014": 0.45426065162907264}}