{"logreg": {"Leidinger2016": 0.9248148148148149, "Patnaik2017": 0.6574400871459695, "Leidinger2016 to Patnaik2017": 0.5649350649350648, "Patnaik2017 to Leidinger2016": 0.5896004700352526}, "SVM": {"Leidinger2016": 0.9177777777777777, "Patnaik2017": 0.5731100217864925, "Leidinger2016 to Patnaik2017": 0.49441256418000606, "Patnaik2017 to Leidinger2016": 0.676556991774383}, "random forest": {"Leidinger2016": 0.9340740740740742, "Patnaik2017": 0.5501470588235294, "Leidinger2016 to Patnaik2017": 0.48784355179704014, "Patnaik2017 to Leidinger2016": 0.6593713278495887}, "xgb": {"Leidinger2016": 0.9388888888888889, "Patnaik2017": 0.5074618736383443, "Leidinger2016 to Patnaik2017": 0.4907882814859559, "Patnaik2017 to Leidinger2016": 0.5481786133960047}}