{"logreg": {"Leidinger2011": 0.24888888888888888, "Li2017": 0.5, "Leidinger2011 to Li2017": 0.6388888888888888, "Li2017 to Leidinger2011": 0.5028195488721805}, "SVM": {"Leidinger2011": 0.7433333333333333, "Li2017": 0.3333333333333333, "Leidinger2011 to Li2017": 0.3888888888888889, "Li2017 to Leidinger2011": 0.6964285714285714}, "random forest": {"Leidinger2011": 0.7527777777777778, "Li2017": 0.6666666666666666, "Leidinger2011 to Li2017": 0.08333333333333334, "Li2017 to Leidinger2011": 0.30545112781954886}, "xgb": {"Leidinger2011": 0.6166666666666666, "Li2017": 0.5, "Leidinger2011 to Li2017": 0.4444444444444444, "Li2017 to Leidinger2011": 0.5046992481203008}}