{"logreg": {"Leidinger2011": 0.2394444444444445, "Qu2017": 1.0, "Leidinger2011 to Qu2017": 0.9722222222222222, "Qu2017 to Leidinger2011": 0.46052631578947373}, "SVM": {"Leidinger2011": 0.6222222222222222, "Qu2017": 1.0, "Leidinger2011 to Qu2017": 0.8333333333333333, "Qu2017 to Leidinger2011": 0.5300751879699248}, "random forest": {"Leidinger2011": 0.6649999999999999, "Qu2017": 1.0, "Leidinger2011 to Qu2017": 0.9166666666666666, "Qu2017 to Leidinger2011": 0.4765037593984963}, "xgb": {"Leidinger2011": 0.6333333333333334, "Qu2017": 0.625, "Leidinger2011 to Qu2017": 0.6666666666666667, "Qu2017 to Leidinger2011": 0.49530075187969924}}