{"logreg": {"Leidinger2014": 0.7896825396825398, "Reis2020": 1.0, "Leidinger2014 to Reis2020": 0.4163265306122449, "Reis2020 to Leidinger2014": 0.49999999999999994}, "SVM": {"Leidinger2014": 0.5498015873015873, "Reis2020": 1.0, "Leidinger2014 to Reis2020": 0.9142857142857143, "Reis2020 to Leidinger2014": 0.4611528822055138}, "random forest": {"Leidinger2014": 0.5353918650793651, "Reis2020": 0.9642857142857142, "Leidinger2014 to Reis2020": 0.4469387755102041, "Reis2020 to Leidinger2014": 0.37593984962406013}, "xgb": {"Leidinger2014": 0.46215277777777775, "Reis2020": 0.9857142857142858, "Leidinger2014 to Reis2020": 0.05714285714285714, "Reis2020 to Leidinger2014": 0.43295739348370926}}