{"logreg": {"Leidinger2016": 0.865873015873016, "Marzi2016": 0.9684718049656411, "Leidinger2016 to Marzi2016": 0.8888465447154472, "Marzi2016 to Leidinger2016": 0.6524676850763808}, "SVM": {"Leidinger2016": 0.917989417989418, "Marzi2016": 0.965722918609068, "Leidinger2016 to Marzi2016": 0.4626947831978319, "Marzi2016 to Leidinger2016": 0.6977085781433608}, "random forest": {"Leidinger2016": 0.8952116402116402, "Marzi2016": 0.9354312130943748, "Leidinger2016 to Marzi2016": 0.4704225948509485, "Marzi2016 to Leidinger2016": 0.5262925969447709}, "xgb": {"Leidinger2016": 0.8797354497354497, "Marzi2016": 0.9672463943276126, "Leidinger2016 to Marzi2016": 0.4358062330623307, "Marzi2016 to Leidinger2016": 0.6474735605170389}}