{"logreg": {"Leidinger2016": 0.9312169312169314, "Yao2019": 0.8, "Leidinger2016 to Yao2019": 0.78, "Yao2019 to Leidinger2016": 0.3619271445358402}, "SVM": {"Leidinger2016": 0.9223280423280424, "Yao2019": 1.0, "Leidinger2016 to Yao2019": 0.72, "Yao2019 to Leidinger2016": 0.4430082256169212}, "random forest": {"Leidinger2016": 0.9466666666666667, "Yao2019": 0.6, "Leidinger2016 to Yao2019": 0.8, "Yao2019 to Leidinger2016": 0.5906286721504114}, "xgb": {"Leidinger2016": 0.9388359788359788, "Yao2019": 0.6, "Leidinger2016 to Yao2019": 0.8, "Yao2019 to Leidinger2016": 0.3319623971797885}}