{"logreg": {"Leidinger2016": 0.9321164021164021, "Leidinger2011": 0.23444444444444446, "Leidinger2016 to Leidinger2011": 0.5657894736842106, "Leidinger2011 to Leidinger2016": 0.7082843713278496}, "SVM": {"Leidinger2016": 0.9177777777777777, "Leidinger2011": 0.7605555555555557, "Leidinger2016 to Leidinger2011": 0.7199248120300752, "Leidinger2011 to Leidinger2016": 0.6921269095182139}, "random forest": {"Leidinger2016": 0.940978835978836, "Leidinger2011": 0.7536111111111112, "Leidinger2016 to Leidinger2011": 0.6240601503759399, "Leidinger2011 to Leidinger2016": 0.6280846063454758}, "xgb": {"Leidinger2016": 0.9330158730158731, "Leidinger2011": 0.5816666666666667, "Leidinger2016 to Leidinger2011": 0.5827067669172933, "Leidinger2011 to Leidinger2016": 0.4466803760282021}}