{"logreg": {"Leidinger2014": 0.798859126984127, "Leidinger2011": 0.12111111111111113, "Leidinger2014 to Leidinger2011": 0.4266917293233083, "Leidinger2011 to Leidinger2014": 0.44799498746867167}, "SVM": {"Leidinger2014": 0.543452380952381, "Leidinger2011": 0.7716666666666666, "Leidinger2014 to Leidinger2011": 0.7988721804511278, "Leidinger2011 to Leidinger2014": 0.4592731829573935}, "random forest": {"Leidinger2014": 0.49198908730158736, "Leidinger2011": 0.7069444444444445, "Leidinger2014 to Leidinger2011": 0.5582706766917294, "Leidinger2011 to Leidinger2014": 0.47901002506265666}, "xgb": {"Leidinger2014": 0.4587797619047619, "Leidinger2011": 0.3816666666666667, "Leidinger2014 to Leidinger2011": 0.4962406015037594, "Leidinger2011 to Leidinger2014": 0.41259398496240607}}