{"logreg": {"Leidinger2014": 0.6875496031746031, "Zaporozhchenko2018": 0.2416666666666667, "Leidinger2014 to Zaporozhchenko2018": 0.31176470588235294, "Zaporozhchenko2018 to Leidinger2014": 0.44830827067669177}, "SVM": {"Leidinger2014": 0.4961805555555555, "Zaporozhchenko2018": 0.7166666666666667, "Leidinger2014 to Zaporozhchenko2018": 0.7617647058823529, "Zaporozhchenko2018 to Leidinger2014": 0.4530075187969925}, "random forest": {"Leidinger2014": 0.4890625, "Zaporozhchenko2018": 0.8416666666666668, "Leidinger2014 to Zaporozhchenko2018": 0.3382352941176471, "Zaporozhchenko2018 to Leidinger2014": 0.4370300751879699}, "xgb": {"Leidinger2014": 0.5119543650793651, "Zaporozhchenko2018": 0.75, "Leidinger2014 to Zaporozhchenko2018": 0.5411764705882353, "Zaporozhchenko2018 to Leidinger2014": 0.3941102756892231}}