{"logreg": {"Leidinger2016": 0.9428042328042329, "Halvorsen2016": 0.975, "Leidinger2016 to Halvorsen2016": 0.10855263157894737, "Halvorsen2016 to Leidinger2016": 0.43977673325499417}, "SVM": {"Leidinger2016": 0.9178835978835979, "Halvorsen2016": 0.9833333333333334, "Leidinger2016 to Halvorsen2016": 0.49177631578947373, "Halvorsen2016 to Leidinger2016": 0.4811985898942421}, "random forest": {"Leidinger2016": 0.9371693121693122, "Halvorsen2016": 0.9833333333333334, "Leidinger2016 to Halvorsen2016": 0.2713815789473684, "Halvorsen2016 to Leidinger2016": 0.5468566392479435}, "xgb": {"Leidinger2016": 0.9402116402116402, "Halvorsen2016": 0.9833333333333334, "Leidinger2016 to Halvorsen2016": 0.23684210526315788, "Halvorsen2016 to Leidinger2016": 0.5744712103407755}}