{"logreg": {"Leidinger2016": 0.9234391534391534, "Jin2017": 1.0, "Leidinger2016 to Jin2017": 0.3141025641025641, "Jin2017 to Leidinger2016": 0.2661574618096357}, "SVM": {"Leidinger2016": 0.9207936507936509, "Jin2017": 1.0, "Leidinger2016 to Jin2017": 0.27243589743589747, "Jin2017 to Leidinger2016": 0.25558166862514686}, "random forest": {"Leidinger2016": 0.9296825396825398, "Jin2017": 1.0, "Leidinger2016 to Jin2017": 0.25, "Jin2017 to Leidinger2016": 0.4103995299647474}, "xgb": {"Leidinger2016": 0.9476719576719577, "Jin2017": 0.9916666666666668, "Leidinger2016 to Jin2017": 0.4903846153846154, "Jin2017 to Leidinger2016": 0.368096357226792}}