{"logreg": {"Leidinger2016": 0.8116402116402115, "Zaporozhchenko2018": 0.2833333333333333, "Leidinger2016 to Zaporozhchenko2018": 0.4294117647058824, "Zaporozhchenko2018 to Leidinger2016": 0.8014101057579318}, "SVM": {"Leidinger2016": 0.9019576719576718, "Zaporozhchenko2018": 0.7, "Leidinger2016 to Zaporozhchenko2018": 0.7176470588235295, "Zaporozhchenko2018 to Leidinger2016": 0.2688014101057579}, "random forest": {"Leidinger2016": 0.9242328042328042, "Zaporozhchenko2018": 0.8291666666666668, "Leidinger2016 to Zaporozhchenko2018": 0.6352941176470588, "Zaporozhchenko2018 to Leidinger2016": 0.763219741480611}, "xgb": {"Leidinger2016": 0.8855026455026455, "Zaporozhchenko2018": 0.7, "Leidinger2016 to Zaporozhchenko2018": 0.5941176470588235, "Zaporozhchenko2018 to Leidinger2016": 0.7353113983548767}}