{"logreg": {"Leidinger2016": 0.9484126984126984, "Qu2017": 1.0, "Leidinger2016 to Qu2017": 0.38888888888888884, "Qu2017 to Leidinger2016": 0.7176850763807285}, "SVM": {"Leidinger2016": 0.8986772486772487, "Qu2017": 1.0, "Leidinger2016 to Qu2017": 0.7777777777777778, "Qu2017 to Leidinger2016": 0.7652761457109283}, "random forest": {"Leidinger2016": 0.9042328042328043, "Qu2017": 1.0, "Leidinger2016 to Qu2017": 0.7916666666666666, "Qu2017 to Leidinger2016": 0.755728554641598}, "xgb": {"Leidinger2016": 0.9156084656084656, "Qu2017": 0.7291666666666666, "Leidinger2016 to Qu2017": 0.7777777777777777, "Qu2017 to Leidinger2016": 0.7222385428907168}}