{"logreg": {"Leidinger2011": 0.3572222222222222, "Bianchi2011": 0.7786581839213417, "Leidinger2011 to Bianchi2011": 0.6994660564454614, "Bianchi2011 to Leidinger2011": 0.34398496240601506}, "SVM": {"Leidinger2011": 0.8116666666666668, "Bianchi2011": 0.8370734528629266, "Leidinger2011 to Bianchi2011": 0.6444698703279939, "Bianchi2011 to Leidinger2011": 0.5545112781954887}, "random forest": {"Leidinger2011": 0.6816666666666668, "Bianchi2011": 0.8208212839791788, "Leidinger2011 to Bianchi2011": 0.6070938215102974, "Bianchi2011 to Leidinger2011": 0.6419172932330828}, "xgb": {"Leidinger2011": 0.6655555555555556, "Bianchi2011": 0.8117987275882012, "Leidinger2011 to Bianchi2011": 0.6289092295957284, "Bianchi2011 to Leidinger2011": 0.6090225563909775}}