{"logreg": {"Leidinger2016": 0.933968253968254, "Fehlmann2020": 0.9712605895815214, "Leidinger2016 to Fehlmann2020": 0.5536123892472236, "Fehlmann2020 to Leidinger2016": 0.5267332549941246}, "SVM": {"Leidinger2016": 0.917936507936508, "Fehlmann2020": 0.9868019053583408, "Leidinger2016 to Fehlmann2020": 0.6683211111567587, "Fehlmann2020 to Leidinger2016": 0.7015276145710928}, "random forest": {"Leidinger2016": 0.9444708994708995, "Fehlmann2020": 0.9763807174731415, "Leidinger2016 to Fehlmann2020": 0.621060316612574, "Fehlmann2020 to Leidinger2016": 0.7100470035252643}, "xgb": {"Leidinger2016": 0.9418518518518517, "Fehlmann2020": 0.9838581273944982, "Leidinger2016 to Fehlmann2020": 0.6306437697711679, "Fehlmann2020 to Leidinger2016": 0.5423031727379555}}