{"logreg": {"Leidinger2014": 0.7957837301587302, "Jin2017": 1.0, "Leidinger2014 to Jin2017": 0.21474358974358976, "Jin2017 to Leidinger2014": 0.4179197994987468}, "SVM": {"Leidinger2014": 0.5336805555555555, "Jin2017": 1.0, "Leidinger2014 to Jin2017": 0.8397435897435896, "Jin2017 to Leidinger2014": 0.4642857142857143}, "random forest": {"Leidinger2014": 0.531076388888889, "Jin2017": 1.0, "Leidinger2014 to Jin2017": 0.45993589743589747, "Jin2017 to Leidinger2014": 0.5194235588972431}, "xgb": {"Leidinger2014": 0.5439484126984127, "Jin2017": 0.9800000000000001, "Leidinger2014 to Jin2017": 0.3525641025641026, "Jin2017 to Leidinger2014": 0.4586466165413534}}