{"logreg": {"Leidinger2011": 0.16722222222222224, "Yao2019": 1.0, "Leidinger2011 to Yao2019": 0.8600000000000001, "Yao2019 to Leidinger2011": 0.6221804511278195}, "SVM": {"Leidinger2011": 0.775, "Yao2019": 1.0, "Leidinger2011 to Yao2019": 0.48, "Yao2019 to Leidinger2011": 0.4887218045112782}, "random forest": {"Leidinger2011": 0.8305555555555555, "Yao2019": 1.0, "Leidinger2011 to Yao2019": 0.8200000000000001, "Yao2019 to Leidinger2011": 0.4802631578947369}, "xgb": {"Leidinger2011": 0.6494444444444445, "Yao2019": 0.8, "Leidinger2011 to Yao2019": 0.52, "Yao2019 to Leidinger2011": 0.5845864661654137}}