{"logreg": {"Leidinger2016": 0.9337037037037037, "Bianchi2011": 0.7345286292654715, "Leidinger2016 to Bianchi2011": 0.2863463005339435, "Bianchi2011 to Leidinger2016": 0.6462984723854289}, "SVM": {"Leidinger2016": 0.9121693121693122, "Bianchi2011": 0.7625216888374783, "Leidinger2016 to Bianchi2011": 0.48314263920671247, "Bianchi2011 to Leidinger2016": 0.5190951821386605}, "random forest": {"Leidinger2016": 0.9346560846560846, "Bianchi2011": 0.7884904569115095, "Leidinger2016 to Bianchi2011": 0.5221967963386728, "Bianchi2011 to Leidinger2016": 0.5920975323149237}, "xgb": {"Leidinger2016": 0.9268253968253969, "Bianchi2011": 0.7483516483516484, "Leidinger2016 to Bianchi2011": 0.49641495041952705, "Bianchi2011 to Leidinger2016": 0.5655111633372503}}