{"logreg": {"Leidinger2014": 0.613045634920635, "Abdollahi2019": 0.6700617283950617, "Leidinger2014 to Abdollahi2019": 0.40400216333153055, "Abdollahi2019 to Leidinger2014": 0.5281954887218046}, "SVM": {"Leidinger2014": 0.47093253968253973, "Abdollahi2019": 0.8141975308641977, "Leidinger2014 to Abdollahi2019": 0.5248783126014062, "Abdollahi2019 to Leidinger2014": 0.5050125313283208}, "random forest": {"Leidinger2014": 0.5592013888888889, "Abdollahi2019": 0.9330246913580247, "Leidinger2014 to Abdollahi2019": 0.510275824770146, "Abdollahi2019 to Leidinger2014": 0.4395363408521304}, "xgb": {"Leidinger2014": 0.5950644841269842, "Abdollahi2019": 0.8527777777777779, "Leidinger2014 to Abdollahi2019": 0.6998377501352081, "Abdollahi2019 to Leidinger2014": 0.5084586466165414}}