{"logreg": {"Leidinger2011": 0.13777777777777778, "Jin2017": 1.0, "Leidinger2011 to Jin2017": 0.2211538461538462, "Jin2017 to Leidinger2011": 0.32894736842105265}, "SVM": {"Leidinger2011": 0.7733333333333334, "Jin2017": 1.0, "Leidinger2011 to Jin2017": 0.12179487179487179, "Jin2017 to Leidinger2011": 0.3383458646616541}, "random forest": {"Leidinger2011": 0.8025, "Jin2017": 1.0, "Leidinger2011 to Jin2017": 0.46794871794871795, "Jin2017 to Leidinger2011": 0.5103383458646616}, "xgb": {"Leidinger2011": 0.5894444444444444, "Jin2017": 0.9800000000000001, "Leidinger2011 to Jin2017": 0.5288461538461539, "Jin2017 to Leidinger2011": 0.6785714285714286}}