{"logreg": {"Leidinger2014": 0.6226686507936507, "Bianchi2011": 0.7748409485251591, "Leidinger2014 to Bianchi2011": 0.3735316552250191, "Bianchi2011 to Leidinger2014": 0.4317042606516291}, "SVM": {"Leidinger2014": 0.44260912698412697, "Bianchi2011": 0.809253903990746, "Leidinger2014 to Bianchi2011": 0.40007627765064835, "Bianchi2011 to Leidinger2014": 0.4830827067669173}, "random forest": {"Leidinger2014": 0.42891865079365077, "Bianchi2011": 0.8177559282822442, "Leidinger2014 to Bianchi2011": 0.492143401983219, "Bianchi2011 to Leidinger2014": 0.48872180451127817}, "xgb": {"Leidinger2014": 0.4828373015873016, "Bianchi2011": 0.8122035858877965, "Leidinger2014 to Bianchi2011": 0.4430205949656751, "Bianchi2011 to Leidinger2014": 0.46804511278195493}}