{"logreg": {"Leidinger2011": 0.16166666666666668, "Patnaik2017": 0.5644825708061003, "Leidinger2011 to Patnaik2017": 0.5308064028994262, "Patnaik2017 to Leidinger2011": 0.5545112781954887}, "SVM": {"Leidinger2011": 0.7516666666666667, "Patnaik2017": 0.5422766884531589, "Leidinger2011 to Patnaik2017": 0.5103443068559348, "Patnaik2017 to Leidinger2011": 0.44454887218045114}, "random forest": {"Leidinger2011": 0.6891666666666667, "Patnaik2017": 0.5076688453159042, "Leidinger2011 to Patnaik2017": 0.5123829658713379, "Patnaik2017 to Leidinger2011": 0.4351503759398496}, "xgb": {"Leidinger2011": 0.4011111111111111, "Patnaik2017": 0.5236111111111111, "Leidinger2011 to Patnaik2017": 0.5288432497734824, "Patnaik2017 to Leidinger2011": 0.45300751879699247}}