{"logreg": {"Leidinger2014": 0.7295634920634921, "Keller2009": 0.95, "Leidinger2014 to Keller2009": 0.5077399380804954, "Keller2009 to Leidinger2014": 0.5551378446115288}, "SVM": {"Leidinger2014": 0.5245039682539682, "Keller2009": 0.8833333333333334, "Leidinger2014 to Keller2009": 0.4086687306501548, "Keller2009 to Leidinger2014": 0.5438596491228069}, "random forest": {"Leidinger2014": 0.5019345238095239, "Keller2009": 0.95, "Leidinger2014 to Keller2009": 0.5185758513931888, "Keller2009 to Leidinger2014": 0.50031328320802}, "xgb": {"Leidinger2014": 0.5130952380952382, "Keller2009": 0.825, "Leidinger2014 to Keller2009": 0.4148606811145511, "Keller2009 to Leidinger2014": 0.46397243107769426}}