{"logreg": {"Leidinger2011": 0.5022222222222222, "Abdollahi2019": 0.6700617283950617, "Leidinger2011 to Abdollahi2019": 0.3645213628988642, "Abdollahi2019 to Leidinger2011": 0.6240601503759398}, "SVM": {"Leidinger2011": 0.4833333333333333, "Abdollahi2019": 0.8141975308641977, "Leidinger2011 to Abdollahi2019": 0.4672796106003245, "Abdollahi2019 to Leidinger2011": 0.4849624060150376}, "random forest": {"Leidinger2011": 0.48277777777777775, "Abdollahi2019": 0.9248456790123456, "Leidinger2011 to Abdollahi2019": 0.30259599783666846, "Abdollahi2019 to Leidinger2011": 0.46804511278195493}, "xgb": {"Leidinger2011": 0.5266666666666666, "Abdollahi2019": 0.8527777777777779, "Leidinger2011 to Abdollahi2019": 0.2733910221741482, "Abdollahi2019 to Leidinger2011": 0.5028195488721805}}