{"logreg": {"Leidinger2014": 0.7703869047619047, "Keller2014": 0.8521804511278196, "Leidinger2014 to Keller2014": 0.5746138152142233, "Keller2014 to Leidinger2014": 0.46303258145363413}, "SVM": {"Leidinger2014": 0.5528769841269842, "Keller2014": 0.8981008075744918, "Leidinger2014 to Keller2014": 0.46123579131448555, "Keller2014 to Leidinger2014": 0.4956140350877193}, "random forest": {"Leidinger2014": 0.5015128968253968, "Keller2014": 0.8559314954051797, "Leidinger2014 to Keller2014": 0.5907898571844943, "Keller2014 to Leidinger2014": 0.47650375939849626}, "xgb": {"Leidinger2014": 0.48115079365079366, "Keller2014": 0.8129768866610974, "Leidinger2014 to Keller2014": 0.6514135820460507, "Keller2014 to Leidinger2014": 0.5388471177944862}}