{"logreg": {"Leidinger2014": 0.883531746031746, "Boeri2011": 0.6833333333333333, "Leidinger2014 to Boeri2011": 0.2543859649122807, "Boeri2011 to Leidinger2014": 0.46428571428571436}, "SVM": {"Leidinger2014": 0.5560019841269842, "Boeri2011": 0.9, "Leidinger2014 to Boeri2011": 0.6754385964912282, "Boeri2011 to Leidinger2014": 0.45739348370927313}, "random forest": {"Leidinger2014": 0.560218253968254, "Boeri2011": 0.95, "Leidinger2014 to Boeri2011": 0.09649122807017542, "Boeri2011 to Leidinger2014": 0.4273182957393484}, "xgb": {"Leidinger2014": 0.6978670634920634, "Boeri2011": 0.8916666666666666, "Leidinger2014 to Boeri2011": 0.2894736842105263, "Boeri2011 to Leidinger2014": 0.4379699248120301}}