{"logreg": {"Leidinger2014": 0.6064980158730159, "Duan2021": 0.9, "Leidinger2014 to Duan2021": 0.1388888888888889, "Duan2021 to Leidinger2014": 0.4636591478696742}, "SVM": {"Leidinger2014": 0.420734126984127, "Duan2021": 0.8, "Leidinger2014 to Duan2021": 0.8333333333333333, "Duan2021 to Leidinger2014": 0.474937343358396}, "random forest": {"Leidinger2014": 0.5030009920634921, "Duan2021": 1.0, "Leidinger2014 to Duan2021": 0.2361111111111111, "Duan2021 to Leidinger2014": 0.4705513784461153}, "xgb": {"Leidinger2014": 0.436954365079365, "Duan2021": 0.8, "Leidinger2014 to Duan2021": 0.8333333333333335, "Duan2021 to Leidinger2014": 0.4843358395989975}}