{"logreg": {"Leidinger2014": 0.7864087301587301, "Asakura2020": 0.7336661831709236, "Leidinger2014 to Asakura2020": 0.26018603543856067, "Asakura2020 to Leidinger2014": 0.5795739348370927}, "SVM": {"Leidinger2014": 0.5530753968253969, "Asakura2020": 0.9184947539828852, "Leidinger2014 to Asakura2020": 0.6973435152641005, "Asakura2020 to Leidinger2014": 0.518796992481203}, "random forest": {"Leidinger2014": 0.49781746031746027, "Asakura2020": 0.9659901092651968, "Leidinger2014 to Asakura2020": 0.36034632285938456, "Asakura2020 to Leidinger2014": 0.5485588972431078}, "xgb": {"Leidinger2014": 0.440327380952381, "Asakura2020": 0.9550400729948081, "Leidinger2014 to Asakura2020": 0.3965883729903235, "Asakura2020 to Leidinger2014": 0.5814536340852131}}