{"logreg": {"Leidinger2011": 0.16722222222222222, "Fehlmann2020": 0.9903796165860438, "Leidinger2011 to Fehlmann2020": 0.628732556865645, "Fehlmann2020 to Leidinger2011": 0.6296992481203008}, "SVM": {"Leidinger2011": 0.7244444444444444, "Fehlmann2020": 0.9912446018127812, "Leidinger2011 to Fehlmann2020": 0.6141113073962998, "Fehlmann2020 to Leidinger2011": 0.6409774436090225}, "random forest": {"Leidinger2011": 0.766388888888889, "Fehlmann2020": 0.9791092869338585, "Leidinger2011 to Fehlmann2020": 0.5408355928953892, "Fehlmann2020 to Leidinger2011": 0.5234962406015038}, "xgb": {"Leidinger2011": 0.7055555555555555, "Fehlmann2020": 0.9896174537988941, "Leidinger2011 to Fehlmann2020": 0.503213884666475, "Fehlmann2020 to Leidinger2011": 0.4548872180451128}}