{"logreg": {"Li2017": 0.5, "Nigita2018": 0.5, "Li2017 to Nigita2018": 0.5864661654135338, "Nigita2018 to Li2017": 0.5833333333333334}, "SVM": {"Li2017": 0.3333333333333333, "Nigita2018": 0.35, "Li2017 to Nigita2018": 0.3834586466165414, "Nigita2018 to Li2017": 0.5555555555555557}, "random forest": {"Li2017": 0.3333333333333333, "Nigita2018": 0.3416666666666667, "Li2017 to Nigita2018": 0.5413533834586466, "Nigita2018 to Li2017": 0.5555555555555556}, "xgb": {"Li2017": 0.5, "Nigita2018": 0.3833333333333333, "Li2017 to Nigita2018": 0.45112781954887216, "Nigita2018 to Li2017": 0.33333333333333337}}