{"logreg": {"Li2017": 0.6666666666666666, "Zaporozhchenko2018": 0.6416666666666666, "Li2017 to Zaporozhchenko2018": 0.24705882352941172, "Zaporozhchenko2018 to Li2017": 0.22222222222222224}, "SVM": {"Li2017": 0.6666666666666666, "Zaporozhchenko2018": 0.6666666666666666, "Li2017 to Zaporozhchenko2018": 0.8, "Zaporozhchenko2018 to Li2017": 0.5}, "random forest": {"Li2017": 0.75, "Zaporozhchenko2018": 0.8333333333333333, "Li2017 to Zaporozhchenko2018": 0.27647058823529413, "Zaporozhchenko2018 to Li2017": 0.33333333333333337}, "xgb": {"Li2017": 0.5, "Zaporozhchenko2018": 0.725, "Li2017 to Zaporozhchenko2018": 0.5558823529411764, "Zaporozhchenko2018 to Li2017": 0.5555555555555556}}