{"logreg": {"Li2017": 0.5, "Patnaik2012": 0.7126984126984126, "Li2017 to Patnaik2012": 0.6843434343434344, "Patnaik2012 to Li2017": 0.6111111111111112}, "SVM": {"Li2017": 0.16666666666666666, "Patnaik2012": 0.7571428571428571, "Li2017 to Patnaik2012": 0.5732323232323232, "Patnaik2012 to Li2017": 0.7777777777777779}, "random forest": {"Li2017": 0.5, "Patnaik2012": 0.7555555555555555, "Li2017 to Patnaik2012": 0.5315656565656566, "Patnaik2012 to Li2017": 0.5555555555555556}, "xgb": {"Li2017": 0.5, "Patnaik2012": 0.6698412698412698, "Li2017 to Patnaik2012": 0.6856060606060606, "Patnaik2012 to Li2017": 0.6666666666666666}}