{"logreg": {"Li2017": 0.3333333333333333, "Leidinger2014": 0.4745039682539683, "Li2017 to Leidinger2014": 0.4721177944862155, "Leidinger2014 to Li2017": 0.5}, "SVM": {"Li2017": 0.16666666666666666, "Leidinger2014": 0.4744047619047619, "Li2017 to Leidinger2014": 0.5883458646616542, "Leidinger2014 to Li2017": 0.5}, "random forest": {"Li2017": 0.6666666666666666, "Leidinger2014": 0.4611607142857143, "Li2017 to Leidinger2014": 0.45864661654135336, "Leidinger2014 to Li2017": 0.7222222222222223}, "xgb": {"Li2017": 0.5, "Leidinger2014": 0.36498015873015877, "Li2017 to Leidinger2014": 0.5150375939849624, "Leidinger2014 to Li2017": 0.2777777777777778}}