{"logreg": {"Li2017": 0.6666666666666666, "Halvorsen2016": 0.8202380952380952, "Li2017 to Halvorsen2016": 0.2894736842105263, "Halvorsen2016 to Li2017": 0.6111111111111112}, "SVM": {"Li2017": 0.16666666666666666, "Halvorsen2016": 0.9833333333333334, "Li2017 to Halvorsen2016": 0.8634868421052632, "Halvorsen2016 to Li2017": 0.44444444444444453}, "random forest": {"Li2017": 0.6666666666666666, "Halvorsen2016": 0.9666666666666668, "Li2017 to Halvorsen2016": 0.644736842105263, "Halvorsen2016 to Li2017": 0.5277777777777778}, "xgb": {"Li2017": 0.5, "Halvorsen2016": 0.9666666666666668, "Li2017 to Halvorsen2016": 0.4769736842105263, "Halvorsen2016 to Li2017": 0.5277777777777778}}