{"logreg": {"Li2017": 0.3333333333333333, "Fehlmann2020": 0.9536274044137037, "Li2017 to Fehlmann2020": 0.40243313750462184, "Fehlmann2020 to Li2017": 0.4444444444444445}, "SVM": {"Li2017": 0.3333333333333333, "Fehlmann2020": 0.9749589547504339, "Li2017 to Fehlmann2020": 0.48063623789764864, "Fehlmann2020 to Li2017": 0.5555555555555556}, "random forest": {"Li2017": 0.8333333333333334, "Fehlmann2020": 0.9720608533053756, "Li2017 to Fehlmann2020": 0.4603703627624173, "Fehlmann2020 to Li2017": 0.05555555555555556}, "xgb": {"Li2017": 0.5, "Fehlmann2020": 0.9773135674112148, "Li2017 to Fehlmann2020": 0.46677416704326036, "Fehlmann2020 to Li2017": 0.2777777777777778}}