{"logreg": {"Li2017": 0.5, "Leidinger2011": 0.24888888888888888, "Li2017 to Leidinger2011": 0.5028195488721805, "Leidinger2011 to Li2017": 0.6388888888888888}, "SVM": {"Li2017": 0.3333333333333333, "Leidinger2011": 0.7433333333333333, "Li2017 to Leidinger2011": 0.6992481203007518, "Leidinger2011 to Li2017": 0.3888888888888889}, "random forest": {"Li2017": 0.5833333333333334, "Leidinger2011": 0.6891666666666667, "Li2017 to Leidinger2011": 0.21616541353383462, "Leidinger2011 to Li2017": 0.1388888888888889}, "xgb": {"Li2017": 0.5, "Leidinger2011": 0.6166666666666666, "Li2017 to Leidinger2011": 0.5046992481203008, "Leidinger2011 to Li2017": 0.4444444444444444}}