{"logreg": {"Li2017": 0.5, "Keller2014": 0.8402394876079086, "Li2017 to Keller2014": 0.43252696006995045, "Keller2014 to Li2017": 0.4444444444444444}, "SVM": {"Li2017": 0.3333333333333333, "Keller2014": 0.9105987190197716, "Li2017 to Keller2014": 0.4634217429320898, "Keller2014 to Li2017": 0.5555555555555557}, "random forest": {"Li2017": 0.6666666666666666, "Keller2014": 0.8935756056808689, "Li2017 to Keller2014": 0.43405712620227344, "Keller2014 to Li2017": 0.5}, "xgb": {"Li2017": 0.5, "Keller2014": 0.8904594820384293, "Li2017 to Keller2014": 0.4928592247158262, "Keller2014 to Li2017": 0.33333333333333337}}