{"logreg": {"Li2017": 0.3333333333333333, "Reis2020": 1.0, "Li2017 to Reis2020": 0.15714285714285714, "Reis2020 to Li2017": 0.22222222222222224}, "SVM": {"Li2017": 0.16666666666666666, "Reis2020": 1.0, "Li2017 to Reis2020": 0.8938775510204082, "Reis2020 to Li2017": 0.27777777777777785}, "random forest": {"Li2017": 0.75, "Reis2020": 0.9785714285714284, "Li2017 to Reis2020": 0.06938775510204082, "Reis2020 to Li2017": 0.16666666666666669}, "xgb": {"Li2017": 0.5, "Reis2020": 0.9142857142857143, "Li2017 to Reis2020": 0.3, "Reis2020 to Li2017": 0.3055555555555556}}