{"logreg": {"Li2017": 0.3333333333333333, "Patnaik2017": 0.5602450980392157, "Li2017 to Patnaik2017": 0.5138930836605256, "Patnaik2017 to Li2017": 0.5833333333333334}, "SVM": {"Li2017": 0.16666666666666666, "Patnaik2017": 0.5313943355119826, "Li2017 to Patnaik2017": 0.48082150407731805, "Patnaik2017 to Li2017": 0.7222222222222223}, "random forest": {"Li2017": 0.4166666666666667, "Patnaik2017": 0.5020506535947713, "Li2017 to Patnaik2017": 0.5103443068559348, "Patnaik2017 to Li2017": 0.6111111111111112}, "xgb": {"Li2017": 0.5, "Patnaik2017": 0.5154847494553376, "Li2017 to Patnaik2017": 0.510797342192691, "Patnaik2017 to Li2017": 0.33333333333333337}}