{"logreg": {"Li2017": 0.3333333333333333, "Yao2019": 1.0, "Li2017 to Yao2019": 0.42, "Yao2019 to Li2017": 0.22222222222222224}, "SVM": {"Li2017": 0.5, "Yao2019": 1.0, "Li2017 to Yao2019": 0.32, "Yao2019 to Li2017": 0.5}, "random forest": {"Li2017": 0.8333333333333334, "Yao2019": 1.0, "Li2017 to Yao2019": 0.92, "Yao2019 to Li2017": 0.2777777777777778}, "xgb": {"Li2017": 0.5, "Yao2019": 0.3, "Li2017 to Yao2019": 0.19999999999999998, "Yao2019 to Li2017": 0.5555555555555556}}