{"logreg": {"Li2017": 0.5, "Keller2009": 0.925, "Li2017 to Keller2009": 0.26625386996904027, "Keller2009 to Li2017": 0.7222222222222223}, "SVM": {"Li2017": 0.5, "Keller2009": 0.9875, "Li2017 to Keller2009": 0.34674922600619196, "Keller2009 to Li2017": 0.5}, "random forest": {"Li2017": 0.75, "Keller2009": 0.8916666666666666, "Li2017 to Keller2009": 0.4303405572755419, "Keller2009 to Li2017": 0.5555555555555557}, "xgb": {"Li2017": 0.5, "Keller2009": 0.7520833333333333, "Li2017 to Keller2009": 0.48142414860681115, "Keller2009 to Li2017": 0.16666666666666669}}