{"logreg": {"Li2017": 0.5, "Leidinger2016": 0.875079365079365, "Li2017 to Leidinger2016": 0.4913337250293772, "Leidinger2016 to Li2017": 0.47222222222222227}, "SVM": {"Li2017": 0.3333333333333333, "Leidinger2016": 0.8975132275132275, "Li2017 to Leidinger2016": 0.2408930669800235, "Leidinger2016 to Li2017": 0.7222222222222222}, "random forest": {"Li2017": 0.5, "Leidinger2016": 0.8945767195767196, "Li2017 to Leidinger2016": 0.742508813160987, "Leidinger2016 to Li2017": 0.5}, "xgb": {"Li2017": 0.5, "Leidinger2016": 0.9107936507936507, "Li2017 to Leidinger2016": 0.5710928319623971, "Leidinger2016 to Li2017": 0.5}}