{"logreg": {"Li2017": 0.3333333333333333, "Asakura2020": 0.8249907254786553, "Li2017 to Asakura2020": 0.21702292283100366, "Asakura2020 to Li2017": 0.6666666666666666}, "SVM": {"Li2017": 0.16666666666666666, "Asakura2020": 0.9268869355856294, "Li2017 to Asakura2020": 0.6251347211813948, "Asakura2020 to Li2017": 0.6111111111111112}, "random forest": {"Li2017": 0.4166666666666667, "Asakura2020": 0.9520967739204649, "Li2017 to Asakura2020": 0.17883437885179437, "Asakura2020 to Li2017": 0.6666666666666667}, "xgb": {"Li2017": 0.5, "Asakura2020": 0.9415975551507108, "Li2017 to Asakura2020": 0.6094698289055656, "Asakura2020 to Li2017": 0.9444444444444445}}