{"logreg": {"Li2017": 0.3333333333333333, "Qu2017": 1.0, "Li2017 to Qu2017": 0.7777777777777778, "Qu2017 to Li2017": 0.888888888888889}, "SVM": {"Li2017": 0.16666666666666666, "Qu2017": 1.0, "Li2017 to Qu2017": 0.3055555555555556, "Qu2017 to Li2017": 0.7777777777777778}, "random forest": {"Li2017": 0.6666666666666666, "Qu2017": 1.0, "Li2017 to Qu2017": 0.6805555555555556, "Qu2017 to Li2017": 0.6666666666666667}, "xgb": {"Li2017": 0.5, "Qu2017": 0.8958333333333333, "Li2017 to Qu2017": 0.875, "Qu2017 to Li2017": 0.08333333333333334}}