{"logreg": {"Li2017": 0.5, "Duan2021": 0.9, "Li2017 to Duan2021": 0.2777777777777778, "Duan2021 to Li2017": 0.2777777777777778}, "SVM": {"Li2017": 0.3333333333333333, "Duan2021": 0.8, "Li2017 to Duan2021": 0.7777777777777779, "Duan2021 to Li2017": 0.22222222222222224}, "random forest": {"Li2017": 0.4166666666666667, "Duan2021": 1.0, "Li2017 to Duan2021": 0.05555555555555554, "Duan2021 to Li2017": 0.22222222222222224}, "xgb": {"Li2017": 0.5, "Duan2021": 0.8, "Li2017 to Duan2021": 0.5, "Duan2021 to Li2017": 0.5}}