{"logreg": {"Li2017": 0.3333333333333333, "Keller2020": 0.8264705882352942, "Li2017 to Keller2020": 0.5028409090909091, "Keller2020 to Li2017": 0.6111111111111112}, "SVM": {"Li2017": 0.3333333333333333, "Keller2020": 0.9666666666666668, "Li2017 to Keller2020": 0.2409090909090909, "Keller2020 to Li2017": 0.6111111111111112}, "random forest": {"Li2017": 0.6666666666666666, "Keller2020": 0.9382352941176471, "Li2017 to Keller2020": 0.45227272727272727, "Keller2020 to Li2017": 0.75}, "xgb": {"Li2017": 0.5, "Keller2020": 0.9326797385620915, "Li2017 to Keller2020": 0.5306818181818183, "Keller2020 to Li2017": 0.9722222222222223}}