{"logreg": {"Li2017": 0.6666666666666666, "Wozniak2015": 0.5974999999999999, "Li2017 to Wozniak2015": 0.52045, "Wozniak2015 to Li2017": 0.44444444444444453}, "SVM": {"Li2017": 0.5, "Wozniak2015": 0.6115, "Li2017 to Wozniak2015": 0.47240000000000004, "Wozniak2015 to Li2017": 0.5555555555555556}, "random forest": {"Li2017": 0.8333333333333334, "Wozniak2015": 0.70875, "Li2017 to Wozniak2015": 0.55175, "Wozniak2015 to Li2017": 0.6666666666666667}, "xgb": {"Li2017": 0.5, "Wozniak2015": 0.6275, "Li2017 to Wozniak2015": 0.42000000000000004, "Wozniak2015 to Li2017": 0.6111111111111112}}