{"logreg": {"Li2017": 0.5, "Chen2019": 0.7716666666666667, "Li2017 to Chen2019": 0.44999999999999996, "Chen2019 to Li2017": 0.2777777777777778}, "SVM": {"Li2017": 0.3333333333333333, "Chen2019": 0.6366666666666666, "Li2017 to Chen2019": 0.4902777777777778, "Chen2019 to Li2017": 0.5}, "random forest": {"Li2017": 0.5, "Chen2019": 0.7491666666666666, "Li2017 to Chen2019": 0.4409722222222222, "Chen2019 to Li2017": 0.3055555555555556}, "xgb": {"Li2017": 0.5, "Chen2019": 0.6133333333333333, "Li2017 to Chen2019": 0.525, "Chen2019 to Li2017": 0.6666666666666666}}