{"logreg": {"Li2017": 0.3333333333333333, "Jin2017": 1.0, "Li2017 to Jin2017": 0.21955128205128205, "Jin2017 to Li2017": 0.38888888888888895}, "SVM": {"Li2017": 0.3333333333333333, "Jin2017": 1.0, "Li2017 to Jin2017": 0.30448717948717946, "Jin2017 to Li2017": 0.3888888888888889}, "random forest": {"Li2017": 0.6666666666666666, "Jin2017": 1.0, "Li2017 to Jin2017": 0.21634615384615388, "Jin2017 to Li2017": 0.4444444444444445}, "xgb": {"Li2017": 0.5, "Jin2017": 1.0, "Li2017 to Jin2017": 0.16666666666666669, "Jin2017 to Li2017": 0.5}}