{"logreg": {"Marzi2016": 0.8648233134201228, "Duan2021": 0.9, "Marzi2016 to Duan2021": 0.8611111111111112, "Duan2021 to Marzi2016": 0.6959159044715447}, "SVM": {"Marzi2016": 0.7500277979211989, "Duan2021": 0.6, "Marzi2016 to Duan2021": 0.7222222222222223, "Duan2021 to Marzi2016": 0.736746273712737}, "random forest": {"Marzi2016": 0.7905438723712835, "Duan2021": 0.9, "Marzi2016 to Duan2021": 0.6111111111111112, "Duan2021 to Marzi2016": 0.7283832994579945}, "xgb": {"Marzi2016": 0.8442669521277206, "Duan2021": 0.5, "Marzi2016 to Duan2021": 0.5833333333333334, "Duan2021 to Marzi2016": 0.7216188177506776}}