{"logreg": {"Marzi2016": 0.9659425394523291, "Halvorsen2016": 0.9333333333333333, "Marzi2016 to Halvorsen2016": 0.3256578947368421, "Halvorsen2016 to Marzi2016": 0.43697069783197834}, "SVM": {"Marzi2016": 0.9620562979845069, "Halvorsen2016": 0.9916666666666668, "Marzi2016 to Halvorsen2016": 0.11348684210526315, "Halvorsen2016 to Marzi2016": 0.2560763888888889}, "random forest": {"Marzi2016": 0.9496411593402166, "Halvorsen2016": 0.95, "Marzi2016 to Halvorsen2016": 0.22615131578947367, "Halvorsen2016 to Marzi2016": 0.33178777100271}, "xgb": {"Marzi2016": 0.9591445376797081, "Halvorsen2016": 0.9136904761904763, "Marzi2016 to Halvorsen2016": 0.46381578947368424, "Halvorsen2016 to Marzi2016": 0.4526909722222222}}