{"logreg": {"Marzi2016": 0.9764030180600161, "Fehlmann2020": 0.8557762610477726, "Marzi2016 to Fehlmann2020": 0.3186838393382907, "Fehlmann2020 to Marzi2016": 0.4761602303523035}, "SVM": {"Marzi2016": 0.9689123703626967, "Fehlmann2020": 0.9378500851243882, "Marzi2016 to Fehlmann2020": 0.3070933130657464, "Fehlmann2020 to Marzi2016": 0.37129488482384826}, "random forest": {"Marzi2016": 0.9333746561230244, "Fehlmann2020": 0.9458553491375185, "Marzi2016 to Fehlmann2020": 0.3869551374224559, "Fehlmann2020 to Marzi2016": 0.39474297086720866}, "xgb": {"Marzi2016": 0.968569701992472, "Fehlmann2020": 0.947866289045837, "Marzi2016 to Fehlmann2020": 0.41982662996590114, "Fehlmann2020 to Marzi2016": 0.3835535230352304}}