{"logreg": {"Marzi2016": 0.9638782416519908, "Keller2009": 0.9083333333333334, "Marzi2016 to Keller2009": 0.44272445820433437, "Keller2009 to Marzi2016": 0.4348852472899729}, "SVM": {"Marzi2016": 0.9575970625136687, "Keller2009": 0.925, "Marzi2016 to Keller2009": 0.5913312693498451, "Keller2009 to Marzi2016": 0.4815379403794038}, "random forest": {"Marzi2016": 0.9378129712121736, "Keller2009": 0.9395833333333334, "Marzi2016 to Keller2009": 0.35913312693498456, "Keller2009 to Marzi2016": 0.5261157689701896}, "xgb": {"Marzi2016": 0.9589097229416301, "Keller2009": 0.8541666666666666, "Marzi2016 to Keller2009": 0.5294117647058824, "Keller2009 to Marzi2016": 0.42813135162601623}}