{"logreg": {"Marzi2016": 0.9205957272926092, "Nigita2018": 0.6416666666666666, "Marzi2016 to Nigita2018": 0.5263157894736843, "Nigita2018 to Marzi2016": 0.4551575203252032}, "SVM": {"Marzi2016": 0.9128009139357944, "Nigita2018": 0.625, "Marzi2016 to Nigita2018": 0.5488721804511278, "Nigita2018 to Marzi2016": 0.26907605013550134}, "random forest": {"Marzi2016": 0.8804315008575342, "Nigita2018": 0.3916666666666667, "Marzi2016 to Nigita2018": 0.4285714285714286, "Nigita2018 to Marzi2016": 0.6886538787262874}, "xgb": {"Marzi2016": 0.911705514693187, "Nigita2018": 0.7166666666666667, "Marzi2016 to Nigita2018": 0.518796992481203, "Nigita2018 to Marzi2016": 0.8041899559620596}}