{"logreg": {"Marzi2016": 0.9523975275389344, "Bianchi2011": 0.7362058993637941, "Marzi2016 to Bianchi2011": 0.6692601067887108, "Bianchi2011 to Marzi2016": 0.8417598238482384}, "SVM": {"Marzi2016": 0.967045938510768, "Bianchi2011": 0.7159629843840369, "Marzi2016 to Bianchi2011": 0.699160945842868, "Bianchi2011 to Marzi2016": 0.7884379234417344}, "random forest": {"Marzi2016": 0.9288934067704917, "Bianchi2011": 0.7797281665702719, "Marzi2016 to Bianchi2011": 0.7281464530892447, "Bianchi2011 to Marzi2016": 0.7504551998644987}, "xgb": {"Marzi2016": 0.9439934620210181, "Bianchi2011": 0.742857142857143, "Marzi2016 to Bianchi2011": 0.6681922196796338, "Bianchi2011 to Marzi2016": 0.7763380758807588}}