{"logreg": {"Marzi2016": 0.9764030180600161, "Keller2014": 0.8079309384572543, "Marzi2016 to Keller2014": 0.4797435150102011, "Keller2014 to Marzi2016": 0.2779259823848238}, "SVM": {"Marzi2016": 0.9689123703626967, "Keller2014": 0.8059203564466723, "Marzi2016 to Keller2014": 0.517196152725153, "Keller2014 to Marzi2016": 0.48249068428184283}, "random forest": {"Marzi2016": 0.9362074542168812, "Keller2014": 0.806694514062935, "Marzi2016 to Keller2014": 0.4755173418828329, "Keller2014 to Marzi2016": 0.41555513211382117}, "xgb": {"Marzi2016": 0.968569701992472, "Keller2014": 0.7972765246449457, "Marzi2016 to Keller2014": 0.5288545613523754, "Keller2014 to Marzi2016": 0.29640921409214094}}