{"logreg": {"Marzi2016": 0.9764030180600161, "Reis2020": 0.9428571428571428, "Marzi2016 to Reis2020": 0.4, "Reis2020 to Marzi2016": 0.3214769647696477}, "SVM": {"Marzi2016": 0.9689123703626967, "Reis2020": 0.9857142857142858, "Marzi2016 to Reis2020": 0.5755102040816326, "Reis2020 to Marzi2016": 0.27544884823848237}, "random forest": {"Marzi2016": 0.9394224305627497, "Reis2020": 1.0, "Marzi2016 to Reis2020": 0.6571428571428573, "Reis2020 to Marzi2016": 0.28207571138211385}, "xgb": {"Marzi2016": 0.968569701992472, "Reis2020": 1.0, "Marzi2016 to Reis2020": 0.4489795918367347, "Reis2020 to Marzi2016": 0.36204268292682923}}