{"logreg": {"Marzi2016": 0.9764030180600161, "Yao2019": 0.8, "Marzi2016 to Yao2019": 0.4, "Yao2019 to Marzi2016": 0.16884739159891599}, "SVM": {"Marzi2016": 0.9689123703626967, "Yao2019": 0.6, "Marzi2016 to Yao2019": 0.24, "Yao2019 to Marzi2016": 0.6987847222222222}, "random forest": {"Marzi2016": 0.9565304971396342, "Yao2019": 0.8, "Marzi2016 to Yao2019": 0.5, "Yao2019 to Marzi2016": 0.218188939701897}, "xgb": {"Marzi2016": 0.968569701992472, "Yao2019": 0.9, "Marzi2016 to Yao2019": 0.56, "Yao2019 to Marzi2016": 0.4286077235772358}}