{"logreg": {"Marzi2016": 0.9684718049656411, "Leidinger2016": 0.865873015873016, "Marzi2016 to Leidinger2016": 0.6524676850763808, "Leidinger2016 to Marzi2016": 0.8888465447154472}, "SVM": {"Marzi2016": 0.965722918609068, "Leidinger2016": 0.917989417989418, "Marzi2016 to Leidinger2016": 0.6977085781433608, "Leidinger2016 to Marzi2016": 0.4626736111111111}, "random forest": {"Marzi2016": 0.9429534284102813, "Leidinger2016": 0.88994708994709, "Marzi2016 to Leidinger2016": 0.48751468860164515, "Leidinger2016 to Marzi2016": 0.5523797425474255}, "xgb": {"Marzi2016": 0.9672463943276126, "Leidinger2016": 0.8797354497354497, "Marzi2016 to Leidinger2016": 0.6474735605170389, "Leidinger2016 to Marzi2016": 0.4358062330623307}}