{"logreg": {"Marzi2016": 0.9751750175535527, "Boeri2011": 0.9, "Marzi2016 to Boeri2011": 0.6491228070175439, "Boeri2011 to Marzi2016": 0.7110221883468835}, "SVM": {"Marzi2016": 0.9733332182280696, "Boeri2011": 1.0, "Marzi2016 to Boeri2011": 0.8684210526315789, "Boeri2011 to Marzi2016": 0.8215404810298103}, "random forest": {"Marzi2016": 0.9278494308044707, "Boeri2011": 0.9, "Marzi2016 to Boeri2011": 0.9035087719298246, "Boeri2011 to Marzi2016": 0.7652227303523036}, "xgb": {"Marzi2016": 0.9701961393694534, "Boeri2011": 0.875, "Marzi2016 to Boeri2011": 0.8596491228070176, "Boeri2011 to Marzi2016": 0.5960365853658537}}