{"logreg": {"Marzi2016": 0.9764030180600161, "Leidinger2011": 0.35, "Marzi2016 to Leidinger2011": 0.4943609022556391, "Leidinger2011 to Marzi2016": 0.6839430894308943}, "SVM": {"Marzi2016": 0.9689123703626967, "Leidinger2011": 0.7588888888888888, "Marzi2016 to Leidinger2011": 0.5206766917293233, "Leidinger2011 to Marzi2016": 0.7818216463414634}, "random forest": {"Marzi2016": 0.9406945451615503, "Leidinger2011": 0.6244444444444445, "Marzi2016 to Leidinger2011": 0.48214285714285715, "Leidinger2011 to Marzi2016": 0.4595824864498645}, "xgb": {"Marzi2016": 0.968569701992472, "Leidinger2011": 0.3844444444444445, "Marzi2016 to Leidinger2011": 0.5075187969924813, "Leidinger2011 to Marzi2016": 0.4117547425474255}}