{"logreg": {"Marzi2016": 0.9764030180600161, "Asakura2020": 0.8455750452051276, "Marzi2016 to Asakura2020": 0.3062172872343545, "Asakura2020 to Marzi2016": 0.22031673441734417}, "SVM": {"Marzi2016": 0.9689123703626967, "Asakura2020": 0.9015262920764455, "Marzi2016 to Asakura2020": 0.2879256984098503, "Asakura2020 to Marzi2016": 0.20547510162601626}, "random forest": {"Marzi2016": 0.9453218343174832, "Asakura2020": 0.9270169386684562, "Marzi2016 to Asakura2020": 0.3786472937901012, "Asakura2020 to Marzi2016": 0.34679878048780494}, "xgb": {"Marzi2016": 0.968569701992472, "Asakura2020": 0.9315210229382895, "Marzi2016 to Asakura2020": 0.33520418395026547, "Asakura2020 to Marzi2016": 0.3200796070460704}}