{"logreg": {"Marzi2016": 0.9764030180600161, "Patnaik2017": 0.49511437908496736, "Marzi2016 to Patnaik2017": 0.466626396858955, "Patnaik2017 to Marzi2016": 0.661352472899729}, "SVM": {"Marzi2016": 0.9689123703626967, "Patnaik2017": 0.458338779956427, "Marzi2016 to Patnaik2017": 0.5057384475989127, "Patnaik2017 to Marzi2016": 0.3065082994579946}, "random forest": {"Marzi2016": 0.9482113793063757, "Patnaik2017": 0.3630092592592592, "Marzi2016 to Patnaik2017": 0.47206282090003016, "Patnaik2017 to Marzi2016": 0.6011814024390243}, "xgb": {"Marzi2016": 0.968569701992472, "Patnaik2017": 0.3744607843137254, "Marzi2016 to Patnaik2017": 0.45560253699788583, "Patnaik2017 to Marzi2016": 0.5776168699186992}}