{"logreg": {"Marzi2016": 0.9566843928772863, "Chen2019": 0.4616666666666666, "Marzi2016 to Chen2019": 0.6041666666666666, "Chen2019 to Marzi2016": 0.5282647357723577}, "SVM": {"Marzi2016": 0.9204624353971707, "Chen2019": 0.6616666666666667, "Marzi2016 to Chen2019": 0.513888888888889, "Chen2019 to Marzi2016": 0.44735560636856364}, "random forest": {"Marzi2016": 0.9373956858547141, "Chen2019": 0.7566666666666666, "Marzi2016 to Chen2019": 0.45069444444444445, "Chen2019 to Marzi2016": 0.35545816395663965}, "xgb": {"Marzi2016": 0.9428893723309967, "Chen2019": 0.6516666666666666, "Marzi2016 to Chen2019": 0.5013888888888889, "Chen2019 to Marzi2016": 0.37171832655826553}}