{"logreg": {"Marzi2016": 0.9764030180600161, "Jin2017": 1.0, "Marzi2016 to Jin2017": 0.47756410256410253, "Jin2017 to Marzi2016": 0.45551744579945797}, "SVM": {"Marzi2016": 0.9689123703626967, "Jin2017": 1.0, "Marzi2016 to Jin2017": 0.46474358974358976, "Jin2017 to Marzi2016": 0.4633511178861789}, "random forest": {"Marzi2016": 0.9458936197152296, "Jin2017": 0.99, "Marzi2016 to Jin2017": 0.40705128205128205, "Jin2017 to Marzi2016": 0.4574758638211382}, "xgb": {"Marzi2016": 0.968569701992472, "Jin2017": 0.9199999999999999, "Marzi2016 to Jin2017": 0.45833333333333337, "Jin2017 to Marzi2016": 0.6335852811653117}}