{"logreg": {"Marzi2016": 0.9771110880900583, "Patnaik2012": 0.5904761904761905, "Marzi2016 to Patnaik2012": 0.5101010101010102, "Patnaik2012 to Marzi2016": 0.2884485094850948}, "SVM": {"Marzi2016": 0.9696947408404988, "Patnaik2012": 0.7174603174603174, "Marzi2016 to Patnaik2012": 0.6262626262626263, "Patnaik2012 to Marzi2016": 0.580835027100271}, "random forest": {"Marzi2016": 0.929068165337201, "Patnaik2012": 0.8055555555555556, "Marzi2016 to Patnaik2012": 0.5214646464646464, "Patnaik2012 to Marzi2016": 0.44882706639566394}, "xgb": {"Marzi2016": 0.9696055342610819, "Patnaik2012": 0.8365079365079365, "Marzi2016 to Patnaik2012": 0.5050505050505051, "Patnaik2012 to Marzi2016": 0.40942581300813014}}