{"logreg": {"Marzi2016": 0.9764030180600161, "Wozniak2015": 0.47850000000000004, "Marzi2016 to Wozniak2015": 0.5009, "Wozniak2015 to Marzi2016": 0.27341632791327913}, "SVM": {"Marzi2016": 0.9689123703626967, "Wozniak2015": 0.565, "Marzi2016 to Wozniak2015": 0.48819999999999997, "Wozniak2015 to Marzi2016": 0.4599953421409214}, "random forest": {"Marzi2016": 0.9592482475223593, "Wozniak2015": 0.60725, "Marzi2016 to Wozniak2015": 0.46105, "Wozniak2015 to Marzi2016": 0.24971417682926828}, "xgb": {"Marzi2016": 0.968569701992472, "Wozniak2015": 0.642, "Marzi2016 to Wozniak2015": 0.48574999999999996, "Wozniak2015 to Marzi2016": 0.3203125}}