{"logreg": {"Nigita2018": 0.45, "Wozniak2015": 0.557, "Nigita2018 to Wozniak2015": 0.43610000000000004, "Wozniak2015 to Nigita2018": 0.2406015037593985}, "SVM": {"Nigita2018": 0.325, "Wozniak2015": 0.5599999999999999, "Nigita2018 to Wozniak2015": 0.5328999999999999, "Wozniak2015 to Nigita2018": 0.4135338345864662}, "random forest": {"Nigita2018": 0.2708333333333333, "Wozniak2015": 0.66675, "Nigita2018 to Wozniak2015": 0.49634999999999996, "Wozniak2015 to Nigita2018": 0.4360902255639098}, "xgb": {"Nigita2018": 0.3416666666666667, "Wozniak2015": 0.6095, "Nigita2018 to Wozniak2015": 0.44715000000000005, "Wozniak2015 to Nigita2018": 0.518796992481203}}