{"logreg": {"Nigita2018": 0.21666666666666665, "Duan2021": 0.8, "Nigita2018 to Duan2021": 0.5694444444444444, "Duan2021 to Nigita2018": 0.4285714285714286}, "SVM": {"Nigita2018": 0.025, "Duan2021": 0.9, "Nigita2018 to Duan2021": 0.25, "Duan2021 to Nigita2018": 0.4736842105263158}, "random forest": {"Nigita2018": 0.15833333333333333, "Duan2021": 0.8, "Nigita2018 to Duan2021": 0.40277777777777785, "Duan2021 to Nigita2018": 0.4511278195488722}, "xgb": {"Nigita2018": 0.2583333333333333, "Duan2021": 0.7, "Nigita2018 to Duan2021": 0.38888888888888895, "Duan2021 to Nigita2018": 0.4887218045112782}}