{"logreg": {"Nigita2018": 0.5, "Leidinger2016": 0.9031746031746032, "Nigita2018 to Leidinger2016": 0.40775558166862513, "Leidinger2016 to Nigita2018": 0.4548872180451128}, "SVM": {"Nigita2018": 0.31666666666666665, "Leidinger2016": 0.9251851851851853, "Nigita2018 to Leidinger2016": 0.2502937720329025, "Leidinger2016 to Nigita2018": 0.5789473684210527}, "random forest": {"Nigita2018": 0.36666666666666664, "Leidinger2016": 0.9400793650793651, "Nigita2018 to Leidinger2016": 0.5292303172737955, "Leidinger2016 to Nigita2018": 0.443609022556391}, "xgb": {"Nigita2018": 0.5333333333333333, "Leidinger2016": 0.9413756613756614, "Nigita2018 to Leidinger2016": 0.5443595769682726, "Leidinger2016 to Nigita2018": 0.5488721804511278}}