{"logreg": {"Nigita2018": 0.65, "Leidinger2014": 0.8619543650793651, "Nigita2018 to Leidinger2014": 0.4342105263157895, "Leidinger2014 to Nigita2018": 0.4398496240601504}, "SVM": {"Nigita2018": 0.3, "Leidinger2014": 0.5500496031746032, "Nigita2018 to Leidinger2014": 0.5457393483709273, "Leidinger2014 to Nigita2018": 0.5338345864661654}, "random forest": {"Nigita2018": 0.19166666666666665, "Leidinger2014": 0.5014880952380952, "Nigita2018 to Leidinger2014": 0.48245614035087714, "Leidinger2014 to Nigita2018": 0.5150375939849624}, "xgb": {"Nigita2018": 0.2333333333333333, "Leidinger2014": 0.49027777777777776, "Nigita2018 to Leidinger2014": 0.46303258145363413, "Leidinger2014 to Nigita2018": 0.481203007518797}}