{"logreg": {"Nigita2018": 0.7333333333333333, "Leidinger2011": 0.17555555555555555, "Nigita2018 to Leidinger2011": 0.5657894736842105, "Leidinger2011 to Nigita2018": 0.5338345864661653}, "SVM": {"Nigita2018": 0.325, "Leidinger2011": 0.7233333333333334, "Nigita2018 to Leidinger2011": 0.32706766917293234, "Leidinger2011 to Nigita2018": 0.5864661654135339}, "random forest": {"Nigita2018": 0.2333333333333333, "Leidinger2011": 0.6599999999999999, "Nigita2018 to Leidinger2011": 0.3129699248120301, "Leidinger2011 to Nigita2018": 0.48120300751879697}, "xgb": {"Nigita2018": 0.3833333333333333, "Leidinger2011": 0.5361111111111111, "Nigita2018 to Leidinger2011": 0.4229323308270677, "Leidinger2011 to Nigita2018": 0.3533834586466166}}