{"logreg": {"Nigita2018": 0.6416666666666666, "Marzi2016": 0.9205957272926092, "Nigita2018 to Marzi2016": 0.4551575203252032, "Marzi2016 to Nigita2018": 0.5263157894736843}, "SVM": {"Nigita2018": 0.625, "Marzi2016": 0.9128009139357944, "Nigita2018 to Marzi2016": 0.26907605013550134, "Marzi2016 to Nigita2018": 0.5488721804511278}, "random forest": {"Nigita2018": 0.5291666666666667, "Marzi2016": 0.904768580867203, "Nigita2018 to Marzi2016": 0.7022992886178862, "Marzi2016 to Nigita2018": 0.4887218045112782}, "xgb": {"Nigita2018": 0.7166666666666667, "Marzi2016": 0.911705514693187, "Nigita2018 to Marzi2016": 0.8041899559620596, "Marzi2016 to Nigita2018": 0.518796992481203}}