{"logreg": {"Nigita2018": 0.7333333333333333, "Keller2014": 0.8007073238652186, "Nigita2018 to Keller2014": 0.4542407461381522, "Keller2014 to Nigita2018": 0.31203007518796994}, "SVM": {"Nigita2018": 0.325, "Keller2014": 0.8708214981899193, "Nigita2018 to Keller2014": 0.5645584377732439, "Keller2014 to Nigita2018": 0.368421052631579}, "random forest": {"Nigita2018": 0.36666666666666664, "Keller2014": 0.8669033695349485, "Nigita2018 to Keller2014": 0.3475663071990673, "Keller2014 to Nigita2018": 0.6052631578947368}, "xgb": {"Nigita2018": 0.3833333333333333, "Keller2014": 0.8492620439988862, "Nigita2018 to Keller2014": 0.33401340716992134, "Keller2014 to Nigita2018": 0.7744360902255638}}