{"logreg": {"Nigita2018": 0.5833333333333333, "Patnaik2012": 0.6158730158730159, "Nigita2018 to Patnaik2012": 0.4166666666666667, "Patnaik2012 to Nigita2018": 0.518796992481203}, "SVM": {"Nigita2018": 0.3, "Patnaik2012": 0.753968253968254, "Nigita2018 to Patnaik2012": 0.46212121212121215, "Patnaik2012 to Nigita2018": 0.6090225563909775}, "random forest": {"Nigita2018": 0.2833333333333333, "Patnaik2012": 0.723015873015873, "Nigita2018 to Patnaik2012": 0.4974747474747475, "Patnaik2012 to Nigita2018": 0.6090225563909775}, "xgb": {"Nigita2018": 0.5333333333333333, "Patnaik2012": 0.6222222222222222, "Nigita2018 to Patnaik2012": 0.6767676767676768, "Patnaik2012 to Nigita2018": 0.368421052631579}}