{"logreg": {"Nigita2018": 0.6833333333333333, "Patnaik2017": 0.6231154684095861, "Nigita2018 to Patnaik2017": 0.42449411054062214, "Patnaik2017 to Nigita2018": 0.3609022556390977}, "SVM": {"Nigita2018": 0.3, "Patnaik2017": 0.5590359477124183, "Nigita2018 to Patnaik2017": 0.5628209000302024, "Patnaik2017 to Nigita2018": 0.5037593984962406}, "random forest": {"Nigita2018": 0.20833333333333331, "Patnaik2017": 0.5019281045751633, "Nigita2018 to Patnaik2017": 0.5134400483237692, "Patnaik2017 to Nigita2018": 0.23308270676691728}, "xgb": {"Nigita2018": 0.3333333333333333, "Patnaik2017": 0.5267047930283225, "Nigita2018 to Patnaik2017": 0.47712171549380855, "Patnaik2017 to Nigita2018": 0.4285714285714286}}