{"logreg": {"Nigita2018": 0.6833333333333333, "Reis2020": 0.9428571428571428, "Nigita2018 to Reis2020": 0.4163265306122449, "Reis2020 to Nigita2018": 0.3533834586466166}, "SVM": {"Nigita2018": 0.35, "Reis2020": 1.0, "Nigita2018 to Reis2020": 0.8285714285714285, "Reis2020 to Nigita2018": 0.3984962406015038}, "random forest": {"Nigita2018": 0.19166666666666665, "Reis2020": 0.9714285714285715, "Nigita2018 to Reis2020": 0.04285714285714286, "Reis2020 to Nigita2018": 0.4285714285714286}, "xgb": {"Nigita2018": 0.2333333333333333, "Reis2020": 0.9428571428571428, "Nigita2018 to Reis2020": 0.04081632653061225, "Reis2020 to Nigita2018": 0.46616541353383456}}