{"logreg": {"Nigita2018": 0.6083333333333333, "Keller2009": 0.8333333333333334, "Nigita2018 to Keller2009": 0.27244582043343657, "Keller2009 to Nigita2018": 0.20300751879699247}, "SVM": {"Nigita2018": 0.4583333333333333, "Keller2009": 0.8625, "Nigita2018 to Keller2009": 0.8173374613003096, "Keller2009 to Nigita2018": 0.3308270676691729}, "random forest": {"Nigita2018": 0.3583333333333333, "Keller2009": 0.95, "Nigita2018 to Keller2009": 0.43653250773993807, "Keller2009 to Nigita2018": 0.518796992481203}, "xgb": {"Nigita2018": 0.425, "Keller2009": 0.9458333333333334, "Nigita2018 to Keller2009": 0.30959752321981426, "Keller2009 to Nigita2018": 0.6691729323308271}}