{"logreg": {"Nigita2018": 0.6916666666666667, "Keller2020": 0.7630718954248366, "Nigita2018 to Keller2020": 0.7301136363636364, "Keller2020 to Nigita2018": 0.5112781954887218}, "SVM": {"Nigita2018": 0.6416666666666666, "Keller2020": 0.927124183006536, "Nigita2018 to Keller2020": 0.4181818181818182, "Keller2020 to Nigita2018": 0.4962406015037594}, "random forest": {"Nigita2018": 0.3833333333333333, "Keller2020": 0.825, "Nigita2018 to Keller2020": 0.5988636363636364, "Keller2020 to Nigita2018": 0.4962406015037594}, "xgb": {"Nigita2018": 0.41666666666666663, "Keller2020": 0.9202614379084967, "Nigita2018 to Keller2020": 0.6068181818181818, "Keller2020 to Nigita2018": 0.4548872180451128}}