{"logreg": {"Nigita2018": 0.4833333333333333, "Yao2019": 0.6, "Nigita2018 to Yao2019": 0.6, "Yao2019 to Nigita2018": 0.4736842105263158}, "SVM": {"Nigita2018": 0.225, "Yao2019": 0.8, "Nigita2018 to Yao2019": 0.28, "Yao2019 to Nigita2018": 0.42105263157894735}, "random forest": {"Nigita2018": 0.3333333333333333, "Yao2019": 0.8, "Nigita2018 to Yao2019": 0.42000000000000004, "Yao2019 to Nigita2018": 0.575187969924812}, "xgb": {"Nigita2018": 0.45, "Yao2019": 0.3, "Nigita2018 to Yao2019": 0.8, "Yao2019 to Nigita2018": 0.4699248120300752}}