{"logreg": {"Nigita2018": 0.6833333333333333, "Fehlmann2020": 0.9656742347024135, "Nigita2018 to Fehlmann2020": 0.46075038001725477, "Fehlmann2020 to Nigita2018": 0.24060150375939848}, "SVM": {"Nigita2018": 0.26666666666666666, "Fehlmann2020": 0.9822586967974768, "Nigita2018 to Fehlmann2020": 0.4896017350697725, "Fehlmann2020 to Nigita2018": 0.406015037593985}, "random forest": {"Nigita2018": 0.20833333333333331, "Fehlmann2020": 0.9710211443343771, "Nigita2018 to Fehlmann2020": 0.47923085877052435, "Fehlmann2020 to Nigita2018": 0.3984962406015038}, "xgb": {"Nigita2018": 0.475, "Fehlmann2020": 0.9798618341794587, "Nigita2018 to Fehlmann2020": 0.3426052408145379, "Fehlmann2020 to Nigita2018": 0.443609022556391}}