{"logreg": {"Nigita2018": 0.6166666666666666, "Bianchi2011": 0.714864083285136, "Nigita2018 to Bianchi2011": 0.759115179252479, "Bianchi2011 to Nigita2018": 0.6240601503759399}, "SVM": {"Nigita2018": 0.5583333333333333, "Bianchi2011": 0.7662810873337189, "Nigita2018 to Bianchi2011": 0.28405797101449276, "Bianchi2011 to Nigita2018": 0.6240601503759399}, "random forest": {"Nigita2018": 0.6416666666666667, "Bianchi2011": 0.7834297281665703, "Nigita2018 to Bianchi2011": 0.7212051868802442, "Bianchi2011 to Nigita2018": 0.6616541353383458}, "xgb": {"Nigita2018": 0.7416666666666667, "Bianchi2011": 0.7232504337767496, "Nigita2018 to Bianchi2011": 0.7344774980930587, "Bianchi2011 to Nigita2018": 0.4774436090225564}}