{"logreg": {"Nigita2018": 0.65, "Jin2017": 1.0, "Nigita2018 to Jin2017": 0.6602564102564102, "Jin2017 to Nigita2018": 0.5714285714285714}, "SVM": {"Nigita2018": 0.3, "Jin2017": 1.0, "Nigita2018 to Jin2017": 0.44230769230769235, "Jin2017 to Nigita2018": 0.5112781954887218}, "random forest": {"Nigita2018": 0.2958333333333333, "Jin2017": 1.0, "Nigita2018 to Jin2017": 0.5705128205128205, "Jin2017 to Nigita2018": 0.5112781954887218}, "xgb": {"Nigita2018": 0.325, "Jin2017": 0.9916666666666668, "Nigita2018 to Jin2017": 0.8205128205128206, "Jin2017 to Nigita2018": 0.4022556390977443}}