{"logreg": {"Nigita2018": 0.5, "Li2017": 0.5, "Nigita2018 to Li2017": 0.5833333333333334, "Li2017 to Nigita2018": 0.5864661654135338}, "SVM": {"Nigita2018": 0.35, "Li2017": 0.3333333333333333, "Nigita2018 to Li2017": 0.5555555555555557, "Li2017 to Nigita2018": 0.3834586466165414}, "random forest": {"Nigita2018": 0.375, "Li2017": 0.3333333333333333, "Nigita2018 to Li2017": 0.6111111111111112, "Li2017 to Nigita2018": 0.5112781954887218}, "xgb": {"Nigita2018": 0.3833333333333333, "Li2017": 0.5, "Nigita2018 to Li2017": 0.33333333333333337, "Li2017 to Nigita2018": 0.45112781954887216}}