{"logreg": {"Nigita2018": 0.7, "Asakura2020": 0.8560968083793888, "Nigita2018 to Asakura2020": 0.5674398988139845, "Asakura2020 to Nigita2018": 0.41353383458646614}, "SVM": {"Nigita2018": 0.3, "Asakura2020": 0.9047374405842946, "Nigita2018 to Asakura2020": 0.5552855268111276, "Asakura2020 to Nigita2018": 0.5338345864661654}, "random forest": {"Nigita2018": 0.20833333333333331, "Asakura2020": 0.9342040669114022, "Nigita2018 to Asakura2020": 0.2685057647178859, "Asakura2020 to Nigita2018": 0.4473684210526316}, "xgb": {"Nigita2018": 0.2833333333333333, "Asakura2020": 0.9265219444537809, "Nigita2018 to Asakura2020": 0.3431690057430217, "Asakura2020 to Nigita2018": 0.5939849624060151}}