{"logreg": {"Nigita2018": 0.39166666666666666, "Zaporozhchenko2018": 0.2, "Nigita2018 to Zaporozhchenko2018": 0.2852941176470588, "Zaporozhchenko2018 to Nigita2018": 0.5789473684210527}, "SVM": {"Nigita2018": 0.425, "Zaporozhchenko2018": 0.6249999999999999, "Nigita2018 to Zaporozhchenko2018": 0.5588235294117647, "Zaporozhchenko2018 to Nigita2018": 0.33834586466165417}, "random forest": {"Nigita2018": 0.4416666666666666, "Zaporozhchenko2018": 0.8333333333333334, "Nigita2018 to Zaporozhchenko2018": 0.6617647058823529, "Zaporozhchenko2018 to Nigita2018": 0.5150375939849624}, "xgb": {"Nigita2018": 0.36666666666666664, "Zaporozhchenko2018": 0.7583333333333333, "Nigita2018 to Zaporozhchenko2018": 0.47058823529411764, "Zaporozhchenko2018 to Nigita2018": 0.4736842105263158}}