{"logreg": {"Nigita2018": 0.625, "Boeri2011": 0.8833333333333334, "Nigita2018 to Boeri2011": 0.3157894736842105, "Boeri2011 to Nigita2018": 0.30827067669172936}, "SVM": {"Nigita2018": 0.26666666666666666, "Boeri2011": 0.9666666666666666, "Nigita2018 to Boeri2011": 0.7982456140350878, "Boeri2011 to Nigita2018": 0.406015037593985}, "random forest": {"Nigita2018": 0.3, "Boeri2011": 0.85, "Nigita2018 to Boeri2011": 0.18859649122807018, "Boeri2011 to Nigita2018": 0.29699248120300753}, "xgb": {"Nigita2018": 0.5916666666666667, "Boeri2011": 0.3, "Nigita2018 to Boeri2011": 0.2543859649122807, "Boeri2011 to Nigita2018": 0.5526315789473684}}