{"logreg": {"Patnaik2012": 0.6984126984126984, "Leidinger2011": 0.14055555555555554, "Patnaik2012 to Leidinger2011": 0.6015037593984962, "Leidinger2011 to Patnaik2012": 0.702020202020202}, "SVM": {"Patnaik2012": 0.8539682539682539, "Leidinger2011": 0.7516666666666667, "Patnaik2012 to Leidinger2011": 0.7293233082706767, "Leidinger2011 to Patnaik2012": 0.787878787878788}, "random forest": {"Patnaik2012": 0.8293650793650794, "Leidinger2011": 0.6341666666666668, "Patnaik2012 to Leidinger2011": 0.3101503759398497, "Leidinger2011 to Patnaik2012": 0.577020202020202}, "xgb": {"Patnaik2012": 0.746031746031746, "Leidinger2011": 0.4, "Patnaik2012 to Leidinger2011": 0.4492481203007519, "Leidinger2011 to Patnaik2012": 0.5454545454545454}}