{"logreg": {"Patnaik2017": 0.6062745098039215, "Chen2019": 0.8683333333333334, "Patnaik2017 to Chen2019": 0.3416666666666667, "Chen2019 to Patnaik2017": 0.41505587435819996}, "SVM": {"Patnaik2017": 0.5392701525054466, "Chen2019": 0.7933333333333333, "Patnaik2017 to Chen2019": 0.4236111111111111, "Chen2019 to Patnaik2017": 0.4770462096043491}, "random forest": {"Patnaik2017": 0.489572440087146, "Chen2019": 0.8133333333333332, "Patnaik2017 to Chen2019": 0.4159722222222222, "Chen2019 to Patnaik2017": 0.46398369072787676}, "xgb": {"Patnaik2017": 0.5323747276688453, "Chen2019": 0.61, "Patnaik2017 to Chen2019": 0.4291666666666667, "Chen2019 to Patnaik2017": 0.46315312594382363}}