{"logreg": {"Patnaik2012": 0.7047619047619047, "Keller2014": 0.859821776663882, "Patnaik2012 to Keller2014": 0.63538327018362, "Keller2014 to Patnaik2012": 0.7752525252525253}, "SVM": {"Patnaik2012": 0.846031746031746, "Keller2014": 0.8889390142021721, "Patnaik2012 to Keller2014": 0.6865345380355581, "Keller2014 to Patnaik2012": 0.7146464646464648}, "random forest": {"Patnaik2012": 0.846031746031746, "Keller2014": 0.8757115009746588, "Patnaik2012 to Keller2014": 0.45773826872631884, "Keller2014 to Patnaik2012": 0.6931818181818183}, "xgb": {"Patnaik2012": 0.734920634920635, "Keller2014": 0.828727373990532, "Patnaik2012 to Keller2014": 0.49883415913727774, "Keller2014 to Patnaik2012": 0.6893939393939394}}