{"logreg": {"Patnaik2012": 0.6873015873015873, "Yao2019": 1.0, "Patnaik2012 to Yao2019": 0.15999999999999998, "Yao2019 to Patnaik2012": 0.22474747474747475}, "SVM": {"Patnaik2012": 0.8031746031746032, "Yao2019": 1.0, "Patnaik2012 to Yao2019": 0.15999999999999998, "Yao2019 to Patnaik2012": 0.15656565656565657}, "random forest": {"Patnaik2012": 0.7682539682539682, "Yao2019": 1.0, "Patnaik2012 to Yao2019": 0.28, "Yao2019 to Patnaik2012": 0.21085858585858586}, "xgb": {"Patnaik2012": 0.7555555555555556, "Yao2019": 0.8, "Patnaik2012 to Yao2019": 0.32000000000000006, "Yao2019 to Patnaik2012": 0.3787878787878788}}