{"logreg": {"Patnaik2017": 0.49511437908496736, "Marzi2016": 0.9764030180600161, "Patnaik2017 to Marzi2016": 0.661352472899729, "Marzi2016 to Patnaik2017": 0.466626396858955}, "SVM": {"Patnaik2017": 0.458338779956427, "Marzi2016": 0.9689123703626967, "Patnaik2017 to Marzi2016": 0.6942538956639566, "Marzi2016 to Patnaik2017": 0.5057384475989127}, "random forest": {"Patnaik2017": 0.3962881263616558, "Marzi2016": 0.9364479378891998, "Patnaik2017 to Marzi2016": 0.501757283197832, "Marzi2016 to Patnaik2017": 0.47553609181516154}, "xgb": {"Patnaik2017": 0.3744607843137254, "Marzi2016": 0.968569701992472, "Patnaik2017 to Marzi2016": 0.5776168699186992, "Marzi2016 to Patnaik2017": 0.45560253699788583}}