{"logreg": {"Patnaik2017": 0.5652015250544662, "Reis2020": 1.0, "Patnaik2017 to Reis2020": 0.4040816326530612, "Reis2020 to Patnaik2017": 0.474025974025974}, "SVM": {"Patnaik2017": 0.5103594771241831, "Reis2020": 1.0, "Patnaik2017 to Reis2020": 0.0326530612244898, "Reis2020 to Patnaik2017": 0.4432195711265479}, "random forest": {"Patnaik2017": 0.531130174291939, "Reis2020": 0.9714285714285715, "Patnaik2017 to Reis2020": 0.35918367346938773, "Reis2020 to Patnaik2017": 0.4778012684989429}, "xgb": {"Patnaik2017": 0.481557734204793, "Reis2020": 1.0, "Patnaik2017 to Reis2020": 0.7469387755102042, "Reis2020 to Patnaik2017": 0.5074750830564784}}