{"logreg": {"Patnaik2017": 0.5949618736383442, "Fehlmann2020": 0.9934088808987461, "Patnaik2017 to Fehlmann2020": 0.654138079783082, "Fehlmann2020 to Patnaik2017": 0.47130776200543645}, "SVM": {"Patnaik2017": 0.5628376906318083, "Fehlmann2020": 0.9928876062658194, "Patnaik2017 to Fehlmann2020": 0.687031825589198, "Fehlmann2020 to Patnaik2017": 0.5824524312896406}, "random forest": {"Patnaik2017": 0.493937908496732, "Fehlmann2020": 0.9788939616161343, "Patnaik2017 to Fehlmann2020": 0.5282265519083029, "Fehlmann2020 to Patnaik2017": 0.556553911205074}, "xgb": {"Patnaik2017": 0.529144880174292, "Fehlmann2020": 0.9913613089196014, "Patnaik2017 to Fehlmann2020": 0.5725995576736097, "Fehlmann2020 to Patnaik2017": 0.6146179401993356}}