{"logreg": {"Patnaik2012": 0.6587301587301587, "Halvorsen2016": 0.9583333333333333, "Patnaik2012 to Halvorsen2016": 0.7286184210526316, "Halvorsen2016 to Patnaik2012": 0.43434343434343436}, "SVM": {"Patnaik2012": 0.8253968253968254, "Halvorsen2016": 0.9916666666666668, "Patnaik2012 to Halvorsen2016": 0.7138157894736842, "Halvorsen2016 to Patnaik2012": 0.5833333333333333}, "random forest": {"Patnaik2012": 0.8246031746031747, "Halvorsen2016": 0.9833333333333334, "Patnaik2012 to Halvorsen2016": 0.46463815789473684, "Halvorsen2016 to Patnaik2012": 0.7070707070707071}, "xgb": {"Patnaik2012": 0.7063492063492064, "Halvorsen2016": 0.9416666666666668, "Patnaik2012 to Halvorsen2016": 0.6595394736842104, "Halvorsen2016 to Patnaik2012": 0.7840909090909092}}