{"logreg": {"Patnaik2017": 0.5484259259259259, "Keller2014": 0.8464773043720413, "Patnaik2017 to Keller2014": 0.6773535412416205, "Keller2014 to Patnaik2017": 0.5620658411356086}, "SVM": {"Patnaik2017": 0.5401143790849673, "Keller2014": 0.8925368978000557, "Patnaik2017 to Keller2014": 0.6736374234916933, "Keller2014 to Patnaik2017": 0.5470401691331923}, "random forest": {"Patnaik2017": 0.5078050108932461, "Keller2014": 0.8611194653299915, "Patnaik2017 to Keller2014": 0.5657242786359662, "Keller2014 to Patnaik2017": 0.5666717003926306}, "xgb": {"Patnaik2017": 0.5732244008714596, "Keller2014": 0.805062656641604, "Patnaik2017 to Keller2014": 0.5228796269309239, "Keller2014 to Patnaik2017": 0.5641800060404712}}