{"logreg": {"Patnaik2017": 0.6223638344226579, "Duan2021": 0.9, "Patnaik2017 to Duan2021": 0.9722222222222223, "Duan2021 to Patnaik2017": 0.45575354877680463}, "SVM": {"Patnaik2017": 0.5746132897603486, "Duan2021": 0.9, "Patnaik2017 to Duan2021": 0.8333333333333334, "Duan2021 to Patnaik2017": 0.49577167019027485}, "random forest": {"Patnaik2017": 0.5461955337690632, "Duan2021": 1.0, "Patnaik2017 to Duan2021": 0.3888888888888889, "Duan2021 to Patnaik2017": 0.48905164602839024}, "xgb": {"Patnaik2017": 0.5297113289760349, "Duan2021": 0.8, "Patnaik2017 to Duan2021": 0.7777777777777778, "Duan2021 to Patnaik2017": 0.5001510117789187}}