{"logreg": {"Patnaik2017": 0.5975272331154683, "Bianchi2011": 0.7710237131289762, "Patnaik2017 to Bianchi2011": 0.7032799389778795, "Bianchi2011 to Patnaik2017": 0.4936575052854122}, "SVM": {"Patnaik2017": 0.5203213507625272, "Bianchi2011": 0.8078658183921341, "Patnaik2017 to Bianchi2011": 0.74744469870328, "Bianchi2011 to Patnaik2017": 0.554364240410752}, "random forest": {"Patnaik2017": 0.564556100217865, "Bianchi2011": 0.8063331405436667, "Patnaik2017 to Bianchi2011": 0.616094584286804, "Bianchi2011 to Patnaik2017": 0.48255813953488363}, "xgb": {"Patnaik2017": 0.5132788671023965, "Bianchi2011": 0.8169462116830537, "Patnaik2017 to Bianchi2011": 0.7099923722349353, "Bianchi2011 to Patnaik2017": 0.45454545454545453}}