{"logreg": {"Patnaik2017": 0.5271132897603485, "Zaporozhchenko2018": 0.20833333333333334, "Patnaik2017 to Zaporozhchenko2018": 0.38823529411764707, "Zaporozhchenko2018 to Patnaik2017": 0.4645122319540924}, "SVM": {"Patnaik2017": 0.5481263616557734, "Zaporozhchenko2018": 0.7166666666666667, "Patnaik2017 to Zaporozhchenko2018": 0.47058823529411764, "Zaporozhchenko2018 to Patnaik2017": 0.5294472968891575}, "random forest": {"Patnaik2017": 0.5290087145969499, "Zaporozhchenko2018": 0.8083333333333333, "Patnaik2017 to Zaporozhchenko2018": 0.5176470588235293, "Zaporozhchenko2018 to Patnaik2017": 0.49229839927514346}, "xgb": {"Patnaik2017": 0.6193464052287582, "Zaporozhchenko2018": 0.75, "Patnaik2017 to Zaporozhchenko2018": 0.42352941176470593, "Zaporozhchenko2018 to Patnaik2017": 0.4226064633041377}}