{"logreg": {"Patnaik2017": 0.6053703703703703, "Halvorsen2016": 0.9166666666666667, "Patnaik2017 to Halvorsen2016": 0.3042763157894737, "Halvorsen2016 to Patnaik2017": 0.5584415584415584}, "SVM": {"Patnaik2017": 0.5811546840958605, "Halvorsen2016": 0.9916666666666668, "Patnaik2017 to Halvorsen2016": 0.5822368421052632, "Halvorsen2016 to Patnaik2017": 0.5394140742977953}, "random forest": {"Patnaik2017": 0.48323257080610016, "Halvorsen2016": 0.9833333333333334, "Patnaik2017 to Halvorsen2016": 0.29851973684210525, "Halvorsen2016 to Patnaik2017": 0.5909090909090909}, "xgb": {"Patnaik2017": 0.5341176470588234, "Halvorsen2016": 0.9416666666666668, "Patnaik2017 to Halvorsen2016": 0.2565789473684211, "Halvorsen2016 to Patnaik2017": 0.5400936273029296}}