{"logreg": {"Patnaik2017": 0.5950381263616558, "Qu2017": 1.0, "Patnaik2017 to Qu2017": 0.625, "Qu2017 to Patnaik2017": 0.4761401389308366}, "SVM": {"Patnaik2017": 0.4741938997821351, "Qu2017": 1.0, "Patnaik2017 to Qu2017": 0.16666666666666666, "Qu2017 to Patnaik2017": 0.5009815765629719}, "random forest": {"Patnaik2017": 0.5470533769063182, "Qu2017": 1.0, "Patnaik2017 to Qu2017": 0.625, "Qu2017 to Patnaik2017": 0.4978858350951374}, "xgb": {"Patnaik2017": 0.40967320261437906, "Qu2017": 0.875, "Patnaik2017 to Qu2017": 0.5833333333333333, "Qu2017 to Patnaik2017": 0.5853971609785564}}