{"logreg": {"Patnaik2017": 0.6002124183006536, "Jin2017": 1.0, "Patnaik2017 to Jin2017": 0.5673076923076923, "Jin2017 to Patnaik2017": 0.4012382965871338}, "SVM": {"Patnaik2017": 0.541334422657952, "Jin2017": 1.0, "Patnaik2017 to Jin2017": 0.22756410256410253, "Jin2017 to Patnaik2017": 0.4435215946843854}, "random forest": {"Patnaik2017": 0.5003676470588235, "Jin2017": 1.0, "Patnaik2017 to Jin2017": 0.6041666666666666, "Jin2017 to Patnaik2017": 0.4240410752038659}, "xgb": {"Patnaik2017": 0.5593681917211328, "Jin2017": 0.9800000000000001, "Patnaik2017 to Jin2017": 0.7115384615384615, "Jin2017 to Patnaik2017": 0.466626396858955}}