{"logreg": {"Patnaik2017": 0.6574400871459695, "Leidinger2016": 0.9248148148148149, "Patnaik2017 to Leidinger2016": 0.5896004700352526, "Leidinger2016 to Patnaik2017": 0.5649350649350648}, "SVM": {"Patnaik2017": 0.5731100217864925, "Leidinger2016": 0.9177777777777777, "Patnaik2017 to Leidinger2016": 0.6774383078730905, "Leidinger2016 to Patnaik2017": 0.49441256418000606}, "random forest": {"Patnaik2017": 0.5496623093681917, "Leidinger2016": 0.9459788359788359, "Patnaik2017 to Leidinger2016": 0.7151880141010576, "Leidinger2016 to Patnaik2017": 0.47583811537299914}, "xgb": {"Patnaik2017": 0.5074618736383443, "Leidinger2016": 0.9388888888888889, "Patnaik2017 to Leidinger2016": 0.5481786133960047, "Leidinger2016 to Patnaik2017": 0.4907882814859559}}