{"logreg": {"Patnaik2017": 0.6231154684095861, "Nigita2018": 0.6833333333333333, "Patnaik2017 to Nigita2018": 0.3609022556390977, "Nigita2018 to Patnaik2017": 0.42449411054062214}, "SVM": {"Patnaik2017": 0.5590359477124183, "Nigita2018": 0.3, "Patnaik2017 to Nigita2018": 0.5037593984962406, "Nigita2018 to Patnaik2017": 0.5628209000302024}, "random forest": {"Patnaik2017": 0.49230392156862746, "Nigita2018": 0.29166666666666663, "Patnaik2017 to Nigita2018": 0.4285714285714286, "Nigita2018 to Patnaik2017": 0.523180308064029}, "xgb": {"Patnaik2017": 0.5267047930283225, "Nigita2018": 0.3333333333333333, "Patnaik2017 to Nigita2018": 0.4285714285714286, "Nigita2018 to Patnaik2017": 0.47712171549380855}}