{"logreg": {"Patnaik2012": 0.5904761904761905, "Marzi2016": 0.9771110880900583, "Patnaik2012 to Marzi2016": 0.2884485094850948, "Marzi2016 to Patnaik2012": 0.5101010101010102}, "SVM": {"Patnaik2012": 0.7174603174603174, "Marzi2016": 0.9696947408404988, "Patnaik2012 to Marzi2016": 0.5804115853658537, "Marzi2016 to Patnaik2012": 0.6262626262626263}, "random forest": {"Patnaik2012": 0.7968253968253969, "Marzi2016": 0.9366178620348309, "Patnaik2012 to Marzi2016": 0.47881732723577236, "Marzi2016 to Patnaik2012": 0.587121212121212}, "xgb": {"Patnaik2012": 0.8365079365079365, "Marzi2016": 0.9696055342610819, "Patnaik2012 to Marzi2016": 0.40942581300813014, "Marzi2016 to Patnaik2012": 0.5050505050505051}}