{"logreg": {"Patnaik2012": 0.6984126984126984, "Leidinger2014": 0.7767857142857143, "Patnaik2012 to Leidinger2014": 0.5231829573934836, "Leidinger2014 to Patnaik2012": 0.4419191919191919}, "SVM": {"Patnaik2012": 0.8682539682539682, "Leidinger2014": 0.5529265873015874, "Patnaik2012 to Leidinger2014": 0.5213032581453634, "Leidinger2014 to Patnaik2012": 0.4141414141414141}, "random forest": {"Patnaik2012": 0.8063492063492064, "Leidinger2014": 0.4811259920634921, "Patnaik2012 to Leidinger2014": 0.5820802005012532, "Leidinger2014 to Patnaik2012": 0.32702020202020204}, "xgb": {"Patnaik2012": 0.7746031746031747, "Leidinger2014": 0.490079365079365, "Patnaik2012 to Leidinger2014": 0.5241228070175439, "Leidinger2014 to Patnaik2012": 0.5656565656565656}}