{"logreg": {"Patnaik2017": 0.5937418300653595, "Yao2019": 0.8, "Patnaik2017 to Yao2019": 0.48, "Yao2019 to Patnaik2017": 0.44578677136816675}, "SVM": {"Patnaik2017": 0.5527723311546842, "Yao2019": 1.0, "Patnaik2017 to Yao2019": 0.32, "Yao2019 to Patnaik2017": 0.5521745696164301}, "random forest": {"Patnaik2017": 0.5746160130718955, "Yao2019": 1.0, "Patnaik2017 to Yao2019": 0.43999999999999995, "Yao2019 to Patnaik2017": 0.45945333736031413}, "xgb": {"Patnaik2017": 0.47366013071895424, "Yao2019": 0.8, "Patnaik2017 to Yao2019": 0.7200000000000001, "Yao2019 to Patnaik2017": 0.5422077922077922}}