{"logreg": {"Patnaik2017": 0.5478703703703703, "Patnaik2012": 0.6904761904761905, "Patnaik2017 to Patnaik2012": 0.3813131313131314, "Patnaik2012 to Patnaik2017": 0.4119601328903655}, "SVM": {"Patnaik2017": 0.5110021786492375, "Patnaik2012": 0.8714285714285716, "Patnaik2017 to Patnaik2012": 0.5353535353535354, "Patnaik2012 to Patnaik2017": 0.4954696466324373}, "random forest": {"Patnaik2017": 0.5151171023965142, "Patnaik2012": 0.7928571428571429, "Patnaik2017 to Patnaik2012": 0.14520202020202017, "Patnaik2012 to Patnaik2017": 0.45990637269707035}, "xgb": {"Patnaik2017": 0.49420479302832243, "Patnaik2012": 0.7269841269841268, "Patnaik2017 to Patnaik2012": 0.4646464646464647, "Patnaik2012 to Patnaik2017": 0.4577922077922078}}