{"logreg": {"Patnaik2017": 0.5644825708061003, "Leidinger2011": 0.16166666666666668, "Patnaik2017 to Leidinger2011": 0.5545112781954887, "Leidinger2011 to Patnaik2017": 0.5308064028994262}, "SVM": {"Patnaik2017": 0.5422766884531589, "Leidinger2011": 0.7516666666666667, "Patnaik2017 to Leidinger2011": 0.44548872180451127, "Leidinger2011 to Patnaik2017": 0.5103443068559348}, "random forest": {"Patnaik2017": 0.48434640522875816, "Leidinger2011": 0.758888888888889, "Patnaik2017 to Leidinger2011": 0.25751879699248126, "Leidinger2011 to Patnaik2017": 0.5166112956810631}, "xgb": {"Patnaik2017": 0.5236111111111111, "Leidinger2011": 0.4011111111111111, "Patnaik2017 to Leidinger2011": 0.45300751879699247, "Leidinger2011 to Patnaik2017": 0.5288432497734824}}