{"logreg": {"Patnaik2012": 0.7206349206349206, "Jin2017": 1.0, "Patnaik2012 to Jin2017": 0.009615384615384616, "Jin2017 to Patnaik2012": 0.1717171717171717}, "SVM": {"Patnaik2012": 0.8142857142857143, "Jin2017": 1.0, "Patnaik2012 to Jin2017": 0.1282051282051282, "Jin2017 to Patnaik2012": 0.16540404040404041}, "random forest": {"Patnaik2012": 0.8150793650793652, "Jin2017": 1.0, "Patnaik2012 to Jin2017": 0.5352564102564102, "Jin2017 to Patnaik2012": 0.20328282828282826}, "xgb": {"Patnaik2012": 0.788888888888889, "Jin2017": 0.9400000000000001, "Patnaik2012 to Jin2017": 0.548076923076923, "Jin2017 to Patnaik2012": 0.3573232323232323}}