{"logreg": {"Patnaik2012": 0.619047619047619, "Duan2021": 0.9, "Patnaik2012 to Duan2021": 0.05555555555555554, "Duan2021 to Patnaik2012": 0.3686868686868687}, "SVM": {"Patnaik2012": 0.788888888888889, "Duan2021": 0.9, "Patnaik2012 to Duan2021": 0.3611111111111111, "Duan2021 to Patnaik2012": 0.5227272727272727}, "random forest": {"Patnaik2012": 0.7769841269841269, "Duan2021": 0.9, "Patnaik2012 to Duan2021": 0.08333333333333333, "Duan2021 to Patnaik2012": 0.303030303030303}, "xgb": {"Patnaik2012": 0.7571428571428571, "Duan2021": 0.8, "Patnaik2012 to Duan2021": 0.0, "Duan2021 to Patnaik2012": 0.5075757575757577}}