{"logreg": {"Patnaik2012": 0.6936507936507936, "Keller2020": 0.877124183006536, "Patnaik2012 to Keller2020": 0.4744318181818181, "Keller2020 to Patnaik2012": 0.6616161616161617}, "SVM": {"Patnaik2012": 0.834920634920635, "Keller2020": 0.9666666666666666, "Patnaik2012 to Keller2020": 0.43068181818181817, "Keller2020 to Patnaik2012": 0.5984848484848485}, "random forest": {"Patnaik2012": 0.7984126984126985, "Keller2020": 0.8769607843137255, "Patnaik2012 to Keller2020": 0.7244318181818182, "Keller2020 to Patnaik2012": 0.736111111111111}, "xgb": {"Patnaik2012": 0.8579365079365081, "Keller2020": 0.9101307189542484, "Patnaik2012 to Keller2020": 0.7204545454545455, "Keller2020 to Patnaik2012": 0.76010101010101}}