{"logreg": {"Patnaik2012": 0.4587301587301587, "Bianchi2011": 0.7786581839213417, "Patnaik2012 to Bianchi2011": 0.5949656750572082, "Bianchi2011 to Patnaik2012": 0.26515151515151514}, "SVM": {"Patnaik2012": 0.7190476190476192, "Bianchi2011": 0.8370734528629266, "Patnaik2012 to Bianchi2011": 0.4703279938977879, "Bianchi2011 to Patnaik2012": 0.6843434343434344}, "random forest": {"Patnaik2012": 0.7650793650793651, "Bianchi2011": 0.8277906304222092, "Patnaik2012 to Bianchi2011": 0.4061022120518688, "Bianchi2011 to Patnaik2012": 0.4898989898989899}, "xgb": {"Patnaik2012": 0.7698412698412698, "Bianchi2011": 0.8117987275882012, "Patnaik2012 to Bianchi2011": 0.425629290617849, "Bianchi2011 to Patnaik2012": 0.43939393939393945}}