{"logreg": {"Patnaik2012": 0.7126984126984126, "Li2017": 0.5, "Patnaik2012 to Li2017": 0.6111111111111112, "Li2017 to Patnaik2012": 0.6843434343434344}, "SVM": {"Patnaik2012": 0.7571428571428571, "Li2017": 0.16666666666666666, "Patnaik2012 to Li2017": 0.7777777777777779, "Li2017 to Patnaik2012": 0.5694444444444444}, "random forest": {"Patnaik2012": 0.7452380952380953, "Li2017": 0.6666666666666666, "Patnaik2012 to Li2017": 0.7777777777777778, "Li2017 to Patnaik2012": 0.6565656565656566}, "xgb": {"Patnaik2012": 0.6698412698412698, "Li2017": 0.5, "Patnaik2012 to Li2017": 0.6666666666666666, "Li2017 to Patnaik2012": 0.6856060606060606}}