{"logreg": {"Patnaik2012": 0.7238095238095238, "Fehlmann2020": 0.9889093240702976, "Patnaik2012 to Fehlmann2020": 0.6850324555277104, "Fehlmann2020 to Patnaik2012": 0.6590909090909092}, "SVM": {"Patnaik2012": 0.8142857142857143, "Fehlmann2020": 0.9903467096029599, "Patnaik2012 to Fehlmann2020": 0.6196951645372006, "Fehlmann2020 to Patnaik2012": 0.6363636363636362}, "random forest": {"Patnaik2012": 0.8063492063492064, "Fehlmann2020": 0.9782070347425554, "Patnaik2012 to Fehlmann2020": 0.5203266436602166, "Fehlmann2020 to Patnaik2012": 0.6691919191919192}, "xgb": {"Patnaik2012": 0.6825396825396826, "Fehlmann2020": 0.9896186998212746, "Patnaik2012 to Fehlmann2020": 0.5098624748366953, "Fehlmann2020 to Patnaik2012": 0.6893939393939394}}