{"logreg": {"Patnaik2017": 0.5602450980392157, "Li2017": 0.3333333333333333, "Patnaik2017 to Li2017": 0.5833333333333334, "Li2017 to Patnaik2017": 0.5138930836605256}, "SVM": {"Patnaik2017": 0.5313943355119826, "Li2017": 0.16666666666666666, "Patnaik2017 to Li2017": 0.7222222222222223, "Li2017 to Patnaik2017": 0.48082150407731805}, "random forest": {"Patnaik2017": 0.5095942265795207, "Li2017": 0.4166666666666667, "Patnaik2017 to Li2017": 0.4444444444444445, "Li2017 to Patnaik2017": 0.5929477499244941}, "xgb": {"Patnaik2017": 0.5154847494553376, "Li2017": 0.5, "Patnaik2017 to Li2017": 0.33333333333333337, "Li2017 to Patnaik2017": 0.510797342192691}}