{"logreg": {"Patnaik2012": 0.7158730158730158, "Asakura2020": 0.7404836665569017, "Patnaik2012 to Asakura2020": 0.49482928671364756, "Asakura2020 to Patnaik2012": 0.5467171717171717}, "SVM": {"Patnaik2012": 0.8682539682539682, "Asakura2020": 0.9221185310679549, "Patnaik2012 to Asakura2020": 0.15815958845391098, "Asakura2020 to Patnaik2012": 0.3257575757575757}, "random forest": {"Patnaik2012": 0.8547619047619047, "Asakura2020": 0.9719562155657672, "Patnaik2012 to Asakura2020": 0.32789141853927645, "Asakura2020 to Patnaik2012": 0.2904040404040404}, "xgb": {"Patnaik2012": 0.7746031746031747, "Asakura2020": 0.955616194832087, "Patnaik2012 to Asakura2020": 0.5887563373195557, "Asakura2020 to Patnaik2012": 0.47979797979797983}}