{"logreg": {"Patnaik2012": 0.6841269841269841, "Keller2009": 0.95, "Patnaik2012 to Keller2009": 0.8823529411764706, "Keller2009 to Patnaik2012": 0.7626262626262628}, "SVM": {"Patnaik2012": 0.8428571428571429, "Keller2009": 0.9083333333333334, "Patnaik2012 to Keller2009": 0.5108359133126935, "Keller2009 to Patnaik2012": 0.4494949494949495}, "random forest": {"Patnaik2012": 0.8222222222222222, "Keller2009": 0.9625, "Patnaik2012 to Keller2009": 0.6052631578947368, "Keller2009 to Patnaik2012": 0.7007575757575758}, "xgb": {"Patnaik2012": 0.6841269841269841, "Keller2009": 0.8, "Patnaik2012 to Keller2009": 0.3188854489164087, "Keller2009 to Patnaik2012": 0.6603535353535352}}