{"logreg": {"Patnaik2017": 0.5732407407407407, "Leidinger2014": 0.786359126984127, "Patnaik2017 to Leidinger2014": 0.4736842105263158, "Leidinger2014 to Patnaik2017": 0.5529296285110239}, "SVM": {"Patnaik2017": 0.5336274509803922, "Leidinger2014": 0.5499007936507937, "Patnaik2017 to Leidinger2014": 0.5689223057644109, "Leidinger2014 to Patnaik2017": 0.4386892177589852}, "random forest": {"Patnaik2017": 0.4563943355119826, "Leidinger2014": 0.4897321428571429, "Patnaik2017 to Leidinger2014": 0.48151629072681706, "Leidinger2014 to Patnaik2017": 0.45092117185140446}, "xgb": {"Patnaik2017": 0.4617483660130719, "Leidinger2014": 0.44032738095238094, "Patnaik2017 to Leidinger2014": 0.5758145363408522, "Leidinger2014 to Patnaik2017": 0.5563273935366958}}