{"logreg": {"Patnaik2017": 0.540016339869281, "Keller2009": 0.95, "Patnaik2017 to Keller2009": 0.5603715170278638, "Keller2009 to Patnaik2017": 0.5619148293566898}, "SVM": {"Patnaik2017": 0.5512636165577343, "Keller2009": 0.8958333333333334, "Patnaik2017 to Keller2009": 0.7461300309597524, "Keller2009 to Patnaik2017": 0.5276351555421324}, "random forest": {"Patnaik2017": 0.4477178649237473, "Keller2009": 0.95, "Patnaik2017 to Keller2009": 0.7678018575851392, "Keller2009 to Patnaik2017": 0.5369978858350952}, "xgb": {"Patnaik2017": 0.5246732026143791, "Keller2009": 0.8, "Patnaik2017 to Keller2009": 0.6439628482972136, "Keller2009 to Patnaik2017": 0.5048323769254002}}