{"logreg": {"Patnaik2012": 0.8412698412698413, "Abdollahi2019": 0.6700617283950617, "Patnaik2012 to Abdollahi2019": 0.6673877771768524, "Abdollahi2019 to Patnaik2012": 0.6742424242424243}, "SVM": {"Patnaik2012": 0.773015873015873, "Abdollahi2019": 0.8141975308641977, "Patnaik2012 to Abdollahi2019": 0.5976203353163873, "Abdollahi2019 to Patnaik2012": 0.6060606060606061}, "random forest": {"Patnaik2012": 0.7444444444444445, "Abdollahi2019": 0.925, "Patnaik2012 to Abdollahi2019": 0.5210924824229313, "Abdollahi2019 to Patnaik2012": 0.8042929292929294}, "xgb": {"Patnaik2012": 0.7968253968253969, "Abdollahi2019": 0.8527777777777779, "Patnaik2012 to Abdollahi2019": 0.6522444564629529, "Abdollahi2019 to Patnaik2012": 0.6767676767676768}}