{"logreg": {"Patnaik2012": 0.7142857142857142, "Zaporozhchenko2018": 0.20833333333333334, "Patnaik2012 to Zaporozhchenko2018": 0.4411764705882353, "Zaporozhchenko2018 to Patnaik2012": 0.6957070707070707}, "SVM": {"Patnaik2012": 0.7825396825396826, "Zaporozhchenko2018": 0.7166666666666667, "Patnaik2012 to Zaporozhchenko2018": 0.7294117647058823, "Zaporozhchenko2018 to Patnaik2012": 0.6515151515151516}, "random forest": {"Patnaik2012": 0.8595238095238095, "Zaporozhchenko2018": 0.8333333333333334, "Patnaik2012 to Zaporozhchenko2018": 0.7, "Zaporozhchenko2018 to Patnaik2012": 0.2689393939393939}, "xgb": {"Patnaik2012": 0.7126984126984126, "Zaporozhchenko2018": 0.725, "Patnaik2012 to Zaporozhchenko2018": 0.4117647058823529, "Zaporozhchenko2018 to Patnaik2012": 0.44191919191919193}}