{"logreg": {"Patnaik2012": 0.6158730158730159, "Nigita2018": 0.5833333333333333, "Patnaik2012 to Nigita2018": 0.518796992481203, "Nigita2018 to Patnaik2012": 0.4166666666666667}, "SVM": {"Patnaik2012": 0.753968253968254, "Nigita2018": 0.3, "Patnaik2012 to Nigita2018": 0.6090225563909775, "Nigita2018 to Patnaik2012": 0.46212121212121215}, "random forest": {"Patnaik2012": 0.7317460317460317, "Nigita2018": 0.30416666666666664, "Patnaik2012 to Nigita2018": 0.6541353383458647, "Nigita2018 to Patnaik2012": 0.49242424242424243}, "xgb": {"Patnaik2012": 0.6222222222222222, "Nigita2018": 0.5333333333333333, "Patnaik2012 to Nigita2018": 0.368421052631579, "Nigita2018 to Patnaik2012": 0.6767676767676768}}