{"logreg": {"Patnaik2012": 0.7238095238095238, "Wozniak2015": 0.509, "Patnaik2012 to Wozniak2015": 0.4232, "Wozniak2015 to Patnaik2012": 0.24873737373737373}, "SVM": {"Patnaik2012": 0.850793650793651, "Wozniak2015": 0.5429999999999999, "Patnaik2012 to Wozniak2015": 0.3737, "Wozniak2015 to Patnaik2012": 0.16666666666666669}, "random forest": {"Patnaik2012": 0.7666666666666667, "Wozniak2015": 0.672, "Patnaik2012 to Wozniak2015": 0.4739, "Wozniak2015 to Patnaik2012": 0.2550505050505051}, "xgb": {"Patnaik2012": 0.6777777777777778, "Wozniak2015": 0.689, "Patnaik2012 to Wozniak2015": 0.57785, "Wozniak2015 to Patnaik2012": 0.3106060606060606}}