{"logreg": {"Patnaik2012": 0.5793650793650793, "Boeri2011": 0.7333333333333333, "Patnaik2012 to Boeri2011": 0.631578947368421, "Boeri2011 to Patnaik2012": 0.4141414141414142}, "SVM": {"Patnaik2012": 0.7571428571428571, "Boeri2011": 0.9, "Patnaik2012 to Boeri2011": 0.48245614035087714, "Boeri2011 to Patnaik2012": 0.5833333333333333}, "random forest": {"Patnaik2012": 0.7825396825396826, "Boeri2011": 0.9, "Patnaik2012 to Boeri2011": 0.2675438596491228, "Boeri2011 to Patnaik2012": 0.38888888888888884}, "xgb": {"Patnaik2012": 0.6952380952380953, "Boeri2011": 0.9166666666666666, "Patnaik2012 to Boeri2011": 0.3157894736842105, "Boeri2011 to Patnaik2012": 0.48989898989898994}}