{"logreg": {"Patnaik2017": 0.5810294117647059, "Asakura2020": 0.7442465737259829, "Patnaik2017 to Asakura2020": 0.7823568319911058, "Asakura2020 to Patnaik2017": 0.49622470552703113}, "SVM": {"Patnaik2017": 0.4900816993464052, "Asakura2020": 0.9142801555333084, "Patnaik2017 to Asakura2020": 0.3586091672559802, "Asakura2020 to Patnaik2017": 0.559951676230746}, "random forest": {"Patnaik2017": 0.5002968409586057, "Asakura2020": 0.9785670342906829, "Patnaik2017 to Asakura2020": 0.46821181160261627, "Asakura2020 to Patnaik2017": 0.4356689821806101}, "xgb": {"Patnaik2017": 0.5162200435729847, "Asakura2020": 0.9480038255585918, "Patnaik2017 to Asakura2020": 0.5418544553863258, "Asakura2020 to Patnaik2017": 0.4693446088794926}}