{"logreg": {"Patnaik2012": 0.6841269841269841, "Reis2020": 1.0, "Patnaik2012 to Reis2020": 0.8693877551020408, "Reis2020 to Patnaik2012": 0.22474747474747475}, "SVM": {"Patnaik2012": 0.8539682539682539, "Reis2020": 1.0, "Patnaik2012 to Reis2020": 0.8428571428571429, "Reis2020 to Patnaik2012": 0.4545454545454546}, "random forest": {"Patnaik2012": 0.7380952380952381, "Reis2020": 0.9571428571428571, "Patnaik2012 to Reis2020": 0.17755102040816328, "Reis2020 to Patnaik2012": 0.2335858585858586}, "xgb": {"Patnaik2012": 0.7079365079365079, "Reis2020": 0.9571428571428571, "Patnaik2012 to Reis2020": 0.0489795918367347, "Reis2020 to Patnaik2012": 0.2512626262626263}}