{"logreg": {"Patnaik2017": 0.5687581699346406, "Wozniak2015": 0.4755, "Patnaik2017 to Wozniak2015": 0.47734999999999994, "Wozniak2015 to Patnaik2017": 0.4625490788281486}, "SVM": {"Patnaik2017": 0.564313725490196, "Wozniak2015": 0.5660000000000001, "Patnaik2017 to Wozniak2015": 0.47040000000000004, "Wozniak2015 to Patnaik2017": 0.47923588039867104}, "random forest": {"Patnaik2017": 0.5383115468409587, "Wozniak2015": 0.6852499999999999, "Patnaik2017 to Wozniak2015": 0.47000000000000003, "Wozniak2015 to Patnaik2017": 0.4590758079130172}, "xgb": {"Patnaik2017": 0.47378540305010886, "Wozniak2015": 0.6615, "Patnaik2017 to Wozniak2015": 0.43629999999999997, "Wozniak2015 to Patnaik2017": 0.4509211718514044}}