{"logreg": {"Patnaik2017": 0.6537799564270154, "Boeri2011": 0.6833333333333333, "Patnaik2017 to Boeri2011": 0.7149122807017544, "Boeri2011 to Patnaik2017": 0.47100573844759885}, "SVM": {"Patnaik2017": 0.5630882352941177, "Boeri2011": 0.9, "Patnaik2017 to Boeri2011": 0.5350877192982456, "Boeri2011 to Patnaik2017": 0.5209906372697071}, "random forest": {"Patnaik2017": 0.49055283224400875, "Boeri2011": 0.95, "Patnaik2017 to Boeri2011": 0.6008771929824561, "Boeri2011 to Patnaik2017": 0.6105406221685291}, "xgb": {"Patnaik2017": 0.5525326797385621, "Boeri2011": 0.8916666666666666, "Patnaik2017 to Boeri2011": 0.49122807017543857, "Boeri2011 to Patnaik2017": 0.5872093023255814}}