{"logreg": {"Patnaik2012": 0.6904761904761905, "Patnaik2017": 0.5478703703703703, "Patnaik2012 to Patnaik2017": 0.4119601328903655, "Patnaik2017 to Patnaik2012": 0.3813131313131314}, "SVM": {"Patnaik2012": 0.8714285714285716, "Patnaik2017": 0.5110021786492375, "Patnaik2012 to Patnaik2017": 0.4954696466324373, "Patnaik2017 to Patnaik2012": 0.5353535353535354}, "random forest": {"Patnaik2012": 0.8365079365079365, "Patnaik2017": 0.4929030501089325, "Patnaik2012 to Patnaik2017": 0.5074750830564783, "Patnaik2017 to Patnaik2012": 0.33585858585858586}, "xgb": {"Patnaik2012": 0.7269841269841268, "Patnaik2017": 0.49420479302832243, "Patnaik2012 to Patnaik2017": 0.4577922077922078, "Patnaik2017 to Patnaik2012": 0.4646464646464647}}