{"logreg": {"Qu2017": 0.9166666666666666, "Bianchi2011": 0.7242336610757665, "Qu2017 to Bianchi2011": 0.4404271548436309, "Bianchi2011 to Qu2017": 0.6944444444444444}, "SVM": {"Qu2017": 0.9166666666666666, "Bianchi2011": 0.7636205899363794, "Qu2017 to Bianchi2011": 0.5574370709382152, "Bianchi2011 to Qu2017": 0.5555555555555556}, "random forest": {"Qu2017": 0.7916666666666666, "Bianchi2011": 0.7066801619433198, "Qu2017 to Bianchi2011": 0.5393592677345538, "Bianchi2011 to Qu2017": 0.6111111111111112}, "xgb": {"Qu2017": 0.8541666666666666, "Bianchi2011": 0.7248120300751879, "Qu2017 to Bianchi2011": 0.5999237223493517, "Bianchi2011 to Qu2017": 0.6944444444444444}}