{"logreg": {"Qu2017": 1.0, "Patnaik2017": 0.5950381263616558, "Qu2017 to Patnaik2017": 0.4761401389308366, "Patnaik2017 to Qu2017": 0.625}, "SVM": {"Qu2017": 1.0, "Patnaik2017": 0.4741938997821351, "Qu2017 to Patnaik2017": 0.5009815765629719, "Patnaik2017 to Qu2017": 0.8333333333333333}, "random forest": {"Qu2017": 1.0, "Patnaik2017": 0.47132625272331163, "Qu2017 to Patnaik2017": 0.5489278163696768, "Patnaik2017 to Qu2017": 0.29166666666666663}, "xgb": {"Qu2017": 0.875, "Patnaik2017": 0.40967320261437906, "Qu2017 to Patnaik2017": 0.5853971609785564, "Patnaik2017 to Qu2017": 0.5833333333333333}}