{"logreg": {"Qu2017": 1.0, "Halvorsen2016": 0.9083333333333334, "Qu2017 to Halvorsen2016": 0.28125, "Halvorsen2016 to Qu2017": 0.5833333333333333}, "SVM": {"Qu2017": 1.0, "Halvorsen2016": 0.975, "Qu2017 to Halvorsen2016": 0.33223684210526316, "Halvorsen2016 to Qu2017": 0.4444444444444444}, "random forest": {"Qu2017": 1.0, "Halvorsen2016": 0.9833333333333334, "Qu2017 to Halvorsen2016": 0.5830592105263158, "Halvorsen2016 to Qu2017": 0.5833333333333333}, "xgb": {"Qu2017": 0.75, "Halvorsen2016": 0.9511904761904763, "Qu2017 to Halvorsen2016": 0.43667763157894735, "Halvorsen2016 to Qu2017": 0.861111111111111}}