{"logreg": {"Qu2017": 1.0, "Keller2014": 0.8235143414090782, "Qu2017 to Keller2014": 0.37350626639463713, "Keller2014 to Qu2017": 0.375}, "SVM": {"Qu2017": 1.0, "Keller2014": 0.8847507658033974, "Qu2017 to Keller2014": 0.45118041387350627, "Keller2014 to Qu2017": 0.6666666666666666}, "random forest": {"Qu2017": 1.0, "Keller2014": 0.8814118629908105, "Qu2017 to Keller2014": 0.45664529291751677, "Keller2014 to Qu2017": 0.6527777777777777}, "xgb": {"Qu2017": 0.625, "Keller2014": 0.8722528543581175, "Qu2017 to Keller2014": 0.3985718449431652, "Keller2014 to Qu2017": 0.7222222222222222}}