{"logreg": {"Qu2017": 1.0, "Duan2021": 0.9, "Qu2017 to Duan2021": 0.02777777777777777, "Duan2021 to Qu2017": 0.3888888888888889}, "SVM": {"Qu2017": 1.0, "Duan2021": 0.8, "Qu2017 to Duan2021": 0.36111111111111105, "Duan2021 to Qu2017": 0.41666666666666663}, "random forest": {"Qu2017": 0.875, "Duan2021": 0.9, "Qu2017 to Duan2021": 0.4027777777777778, "Duan2021 to Qu2017": 0.6388888888888888}, "xgb": {"Qu2017": 0.6875, "Duan2021": 0.8, "Qu2017 to Duan2021": 0.06944444444444443, "Duan2021 to Qu2017": 0.6527777777777778}}