{"logreg": {"Qu2017": 1.0, "Boeri2011": 0.7833333333333333, "Qu2017 to Boeri2011": 0.2894736842105263, "Boeri2011 to Qu2017": 0.19444444444444442}, "SVM": {"Qu2017": 1.0, "Boeri2011": 0.95, "Qu2017 to Boeri2011": 0.26315789473684215, "Boeri2011 to Qu2017": 0.41666666666666663}, "random forest": {"Qu2017": 1.0, "Boeri2011": 0.9166666666666666, "Qu2017 to Boeri2011": 0.33771929824561403, "Boeri2011 to Qu2017": 0.2222222222222222}, "xgb": {"Qu2017": 0.7083333333333333, "Boeri2011": 0.75, "Qu2017 to Boeri2011": 0.2192982456140351, "Boeri2011 to Qu2017": 0.0}}