{"logreg": {"Qu2017": 1.0, "Asakura2020": 0.793635309515719, "Qu2017 to Asakura2020": 0.6113884696260176, "Asakura2020 to Qu2017": 1.0}, "SVM": {"Qu2017": 1.0, "Asakura2020": 0.9317908022582367, "Qu2017 to Asakura2020": 0.462104207053702, "Asakura2020 to Qu2017": 1.0}, "random forest": {"Qu2017": 1.0, "Asakura2020": 0.9663550252045742, "Qu2017 to Asakura2020": 0.3916651127553253, "Asakura2020 to Qu2017": 0.7222222222222222}, "xgb": {"Qu2017": 0.6875, "Asakura2020": 0.9349227849180547, "Qu2017 to Asakura2020": 0.4631186472879263, "Asakura2020 to Qu2017": 0.9444444444444444}}