{"logreg": {"Qu2017": 1.0, "Yao2019": 0.8, "Qu2017 to Yao2019": 0.76, "Yao2019 to Qu2017": 0.25}, "SVM": {"Qu2017": 1.0, "Yao2019": 0.8, "Qu2017 to Yao2019": 0.76, "Yao2019 to Qu2017": 0.5555555555555556}, "random forest": {"Qu2017": 1.0, "Yao2019": 0.8, "Qu2017 to Yao2019": 0.7, "Yao2019 to Qu2017": 0.6388888888888888}, "xgb": {"Qu2017": 0.7916666666666666, "Yao2019": 0.6, "Qu2017 to Yao2019": 0.64, "Yao2019 to Qu2017": 0.05555555555555555}}