{"logreg": {"Qu2017": 1.0, "Chen2019": 0.7533333333333334, "Qu2017 to Chen2019": 0.5291666666666667, "Chen2019 to Qu2017": 0.19444444444444442}, "SVM": {"Qu2017": 1.0, "Chen2019": 0.6599999999999999, "Qu2017 to Chen2019": 0.5611111111111111, "Chen2019 to Qu2017": 0.3888888888888889}, "random forest": {"Qu2017": 1.0, "Chen2019": 0.7608333333333335, "Qu2017 to Chen2019": 0.5465277777777777, "Chen2019 to Qu2017": 0.5972222222222222}, "xgb": {"Qu2017": 0.9166666666666666, "Chen2019": 0.8, "Qu2017 to Chen2019": 0.41805555555555557, "Chen2019 to Qu2017": 0.6388888888888888}}