{"logreg": {"Qu2017": 1.0, "Patnaik2012": 0.7206349206349205, "Qu2017 to Patnaik2012": 0.8257575757575758, "Patnaik2012 to Qu2017": 0.5555555555555556}, "SVM": {"Qu2017": 1.0, "Patnaik2012": 0.7793650793650794, "Qu2017 to Patnaik2012": 0.7803030303030303, "Patnaik2012 to Qu2017": 0.9166666666666666}, "random forest": {"Qu2017": 1.0, "Patnaik2012": 0.7849206349206349, "Qu2017 to Patnaik2012": 0.8068181818181818, "Patnaik2012 to Qu2017": 0.8888888888888888}, "xgb": {"Qu2017": 0.625, "Patnaik2012": 0.7841269841269842, "Qu2017 to Patnaik2012": 0.6881313131313131, "Patnaik2012 to Qu2017": 0.8055555555555555}}