{"logreg": {"Qu2017": 1.0, "Keller2009": 0.8791666666666667, "Qu2017 to Keller2009": 0.6191950464396285, "Keller2009 to Qu2017": 0.6111111111111112}, "SVM": {"Qu2017": 1.0, "Keller2009": 0.8958333333333334, "Qu2017 to Keller2009": 0.4705882352941177, "Keller2009 to Qu2017": 0.3055555555555555}, "random forest": {"Qu2017": 1.0, "Keller2009": 0.9520833333333334, "Qu2017 to Keller2009": 0.33591331269349844, "Keller2009 to Qu2017": 0.3055555555555556}, "xgb": {"Qu2017": 0.625, "Keller2009": 0.825, "Qu2017 to Keller2009": 0.3761609907120743, "Keller2009 to Qu2017": 0.3333333333333333}}