{"logreg": {"Qu2017": 1.0, "Fehlmann2020": 0.9734712482675609, "Qu2017 to Fehlmann2020": 0.5971954041877218, "Fehlmann2020 to Qu2017": 0.41666666666666663}, "SVM": {"Qu2017": 1.0, "Fehlmann2020": 0.9830302544763793, "Qu2017 to Fehlmann2020": 0.5970259370335373, "Fehlmann2020 to Qu2017": 0.8333333333333333}, "random forest": {"Qu2017": 1.0, "Fehlmann2020": 0.9736314513539993, "Qu2017 to Fehlmann2020": 0.5811739109595606, "Fehlmann2020 to Qu2017": 0.8472222222222222}, "xgb": {"Qu2017": 0.875, "Fehlmann2020": 0.9795389381555217, "Qu2017 to Fehlmann2020": 0.5949983224463525, "Fehlmann2020 to Qu2017": 0.6111111111111112}}