{"logreg": {"Qu2017": 1.0, "Reis2020": 1.0, "Qu2017 to Reis2020": 0.8204081632653061, "Reis2020 to Qu2017": 0.3055555555555555}, "SVM": {"Qu2017": 1.0, "Reis2020": 1.0, "Qu2017 to Reis2020": 0.8, "Reis2020 to Qu2017": 0.7222222222222222}, "random forest": {"Qu2017": 1.0, "Reis2020": 0.9857142857142858, "Qu2017 to Reis2020": 0.4775510204081633, "Reis2020 to Qu2017": 0.4305555555555555}, "xgb": {"Qu2017": 0.6666666666666666, "Reis2020": 0.9714285714285715, "Qu2017 to Reis2020": 0.42653061224489797, "Reis2020 to Qu2017": 0.3888888888888889}}