{"logreg": {"Qu2017": 1.0, "Leidinger2016": 0.9484126984126984, "Qu2017 to Leidinger2016": 0.7176850763807285, "Leidinger2016 to Qu2017": 0.38888888888888884}, "SVM": {"Qu2017": 1.0, "Leidinger2016": 0.8986772486772487, "Qu2017 to Leidinger2016": 0.7652761457109283, "Leidinger2016 to Qu2017": 0.7777777777777778}, "random forest": {"Qu2017": 1.0, "Leidinger2016": 0.9226719576719576, "Qu2017 to Leidinger2016": 0.7589600470035253, "Leidinger2016 to Qu2017": 0.8055555555555556}, "xgb": {"Qu2017": 0.7291666666666666, "Leidinger2016": 0.9156084656084656, "Qu2017 to Leidinger2016": 0.7222385428907168, "Leidinger2016 to Qu2017": 0.7777777777777777}}