{"logreg": {"Qu2017": 1.0, "Jin2017": 1.0, "Qu2017 to Jin2017": 0.20512820512820515, "Jin2017 to Qu2017": 0.1388888888888889}, "SVM": {"Qu2017": 1.0, "Jin2017": 1.0, "Qu2017 to Jin2017": 0.15705128205128205, "Jin2017 to Qu2017": 0.16666666666666669}, "random forest": {"Qu2017": 1.0, "Jin2017": 1.0, "Qu2017 to Jin2017": 0.31730769230769235, "Jin2017 to Qu2017": 0.16666666666666666}, "xgb": {"Qu2017": 0.7916666666666666, "Jin2017": 0.9800000000000001, "Qu2017 to Jin2017": 0.5032051282051282, "Jin2017 to Qu2017": 0.3333333333333333}}