{"logreg": {"Qu2017": 1.0, "Nigita2018": 0.625, "Qu2017 to Nigita2018": 0.6090225563909775, "Nigita2018 to Qu2017": 0.7777777777777778}, "SVM": {"Qu2017": 1.0, "Nigita2018": 0.5833333333333333, "Qu2017 to Nigita2018": 0.6466165413533835, "Nigita2018 to Qu2017": 0.5277777777777777}, "random forest": {"Qu2017": 1.0, "Nigita2018": 0.5166666666666666, "Qu2017 to Nigita2018": 0.6390977443609023, "Nigita2018 to Qu2017": 0.8472222222222222}, "xgb": {"Qu2017": 0.47916666666666663, "Nigita2018": 0.4416666666666666, "Qu2017 to Nigita2018": 0.7030075187969924, "Nigita2018 to Qu2017": 0.6111111111111112}}