{"logreg": {"Qu2017": 1.0, "Keller2020": 0.8709150326797385, "Qu2017 to Keller2020": 0.34204545454545454, "Keller2020 to Qu2017": 0.75}, "SVM": {"Qu2017": 1.0, "Keller2020": 0.9333333333333333, "Qu2017 to Keller2020": 0.42272727272727273, "Keller2020 to Qu2017": 0.5555555555555556}, "random forest": {"Qu2017": 1.0, "Keller2020": 0.9235294117647058, "Qu2017 to Keller2020": 0.390909090909091, "Keller2020 to Qu2017": 0.7777777777777778}, "xgb": {"Qu2017": 0.5625, "Keller2020": 0.9222222222222222, "Qu2017 to Keller2020": 0.3704545454545454, "Keller2020 to Qu2017": 0.5}}