{"logreg": {"Qu2017": 1.0, "Leidinger2014": 0.8041170634920635, "Qu2017 to Leidinger2014": 0.49122807017543857, "Leidinger2014 to Qu2017": 0.5}, "SVM": {"Qu2017": 1.0, "Leidinger2014": 0.5562003968253968, "Qu2017 to Leidinger2014": 0.4630325814536341, "Leidinger2014 to Qu2017": 0.5555555555555556}, "random forest": {"Qu2017": 1.0, "Leidinger2014": 0.4016369047619047, "Qu2017 to Leidinger2014": 0.5607769423558897, "Leidinger2014 to Qu2017": 0.625}, "xgb": {"Qu2017": 0.875, "Leidinger2014": 0.5027281746031746, "Qu2017 to Leidinger2014": 0.5216165413533834, "Leidinger2014 to Qu2017": 0.6944444444444444}}