{"logreg": {"Reis2020": 1.0, "Asakura2020": 0.743905098041594, "Reis2020 to Asakura2020": 0.8295092454792907, "Asakura2020 to Reis2020": 0.40408163265306124}, "SVM": {"Reis2020": 1.0, "Asakura2020": 0.9164219061822296, "Reis2020 to Asakura2020": 0.8123552370330497, "Asakura2020 to Reis2020": 0.4775510204081633}, "random forest": {"Reis2020": 0.9571428571428571, "Asakura2020": 0.9666150724320983, "Reis2020 to Asakura2020": 0.8263627216082806, "Asakura2020 to Reis2020": 0.9714285714285714}, "xgb": {"Reis2020": 1.0, "Asakura2020": 0.9312660208702066, "Reis2020 to Asakura2020": 0.7820878294145449, "Asakura2020 to Reis2020": 0.9142857142857143}}