{"logreg": {"Reis2020": 0.9714285714285715, "Wozniak2015": 0.49450000000000005, "Reis2020 to Wozniak2015": 0.5618000000000001, "Wozniak2015 to Reis2020": 0.07755102040816328}, "SVM": {"Reis2020": 1.0, "Wozniak2015": 0.5795, "Reis2020 to Wozniak2015": 0.40519999999999995, "Wozniak2015 to Reis2020": 0.0489795918367347}, "random forest": {"Reis2020": 0.9857142857142858, "Wozniak2015": 0.6984999999999999, "Reis2020 to Wozniak2015": 0.39555, "Wozniak2015 to Reis2020": 0.36326530612244895}, "xgb": {"Reis2020": 0.9571428571428571, "Wozniak2015": 0.6575, "Reis2020 to Wozniak2015": 0.5004, "Wozniak2015 to Reis2020": 0.044897959183673466}}