{"logreg": {"Reis2020": 0.9714285714285715, "Leidinger2016": 0.930952380952381, "Reis2020 to Leidinger2016": 0.359283196239718, "Leidinger2016 to Reis2020": 0.7877551020408163}, "SVM": {"Reis2020": 0.9714285714285715, "Leidinger2016": 0.9193650793650793, "Reis2020 to Leidinger2016": 0.33666274970622806, "Leidinger2016 to Reis2020": 0.7755102040816326}, "random forest": {"Reis2020": 0.9714285714285715, "Leidinger2016": 0.942989417989418, "Reis2020 to Leidinger2016": 0.49427144535840184, "Leidinger2016 to Reis2020": 0.8020408163265307}, "xgb": {"Reis2020": 0.9142857142857143, "Leidinger2016": 0.9405291005291005, "Reis2020 to Leidinger2016": 0.4491774383078731, "Leidinger2016 to Reis2020": 0.346938775510204}}