{"logreg": {"Reis2020": 0.9714285714285715, "Halvorsen2016": 0.9, "Reis2020 to Halvorsen2016": 0.5279605263157895, "Halvorsen2016 to Reis2020": 0.3918367346938776}, "SVM": {"Reis2020": 1.0, "Halvorsen2016": 0.9916666666666668, "Reis2020 to Halvorsen2016": 0.3059210526315789, "Halvorsen2016 to Reis2020": 0.8081632653061225}, "random forest": {"Reis2020": 0.9857142857142858, "Halvorsen2016": 0.9833333333333334, "Reis2020 to Halvorsen2016": 0.28207236842105265, "Halvorsen2016 to Reis2020": 0.055102040816326525}, "xgb": {"Reis2020": 0.9714285714285715, "Halvorsen2016": 0.95, "Reis2020 to Halvorsen2016": 0.48026315789473684, "Halvorsen2016 to Reis2020": 0.07551020408163266}}