{"logreg": {"Reis2020": 1.0, "Leidinger2011": 0.1238888888888889, "Reis2020 to Leidinger2011": 0.6860902255639099, "Leidinger2011 to Reis2020": 0.7224489795918367}, "SVM": {"Reis2020": 1.0, "Leidinger2011": 0.7516666666666667, "Reis2020 to Leidinger2011": 0.9135338345864662, "Leidinger2011 to Reis2020": 0.9469387755102041}, "random forest": {"Reis2020": 0.9714285714285715, "Leidinger2011": 0.6602777777777777, "Reis2020 to Leidinger2011": 0.5592105263157895, "Leidinger2011 to Reis2020": 0.9183673469387755}, "xgb": {"Reis2020": 0.9857142857142858, "Leidinger2011": 0.3866666666666666, "Reis2020 to Leidinger2011": 0.6259398496240601, "Leidinger2011 to Reis2020": 0.8612244897959184}}