{"logreg": {"Reis2020": 0.9857142857142858, "Zaporozhchenko2018": 0.2416666666666667, "Reis2020 to Zaporozhchenko2018": 0.48823529411764705, "Zaporozhchenko2018 to Reis2020": 0.5918367346938775}, "SVM": {"Reis2020": 1.0, "Zaporozhchenko2018": 0.7166666666666667, "Reis2020 to Zaporozhchenko2018": 0.34705882352941175, "Zaporozhchenko2018 to Reis2020": 0.10612244897959183}, "random forest": {"Reis2020": 0.95, "Zaporozhchenko2018": 0.8416666666666668, "Reis2020 to Zaporozhchenko2018": 0.37058823529411766, "Zaporozhchenko2018 to Reis2020": 0.07755102040816327}, "xgb": {"Reis2020": 0.9857142857142858, "Zaporozhchenko2018": 0.75, "Reis2020 to Zaporozhchenko2018": 0.611764705882353, "Zaporozhchenko2018 to Reis2020": 0.008163265306122448}}