{"logreg": {"Reis2020": 1.0, "Patnaik2012": 0.6841269841269841, "Reis2020 to Patnaik2012": 0.22474747474747475, "Patnaik2012 to Reis2020": 0.8693877551020408}, "SVM": {"Reis2020": 1.0, "Patnaik2012": 0.8539682539682539, "Reis2020 to Patnaik2012": 0.4545454545454546, "Patnaik2012 to Reis2020": 0.8448979591836734}, "random forest": {"Reis2020": 0.9714285714285715, "Patnaik2012": 0.7444444444444445, "Reis2020 to Patnaik2012": 0.32196969696969696, "Patnaik2012 to Reis2020": 0.20408163265306123}, "xgb": {"Reis2020": 0.9571428571428571, "Patnaik2012": 0.7079365079365079, "Reis2020 to Patnaik2012": 0.2512626262626263, "Patnaik2012 to Reis2020": 0.0489795918367347}}