{"logreg": {"Reis2020": 1.0, "Patnaik2017": 0.5652015250544662, "Reis2020 to Patnaik2017": 0.474025974025974, "Patnaik2017 to Reis2020": 0.4040816326530612}, "SVM": {"Reis2020": 1.0, "Patnaik2017": 0.5103594771241831, "Reis2020 to Patnaik2017": 0.4432195711265479, "Patnaik2017 to Reis2020": 0.0326530612244898}, "random forest": {"Reis2020": 0.9714285714285715, "Patnaik2017": 0.5153594771241831, "Reis2020 to Patnaik2017": 0.4670794321957112, "Patnaik2017 to Reis2020": 0.6673469387755102}, "xgb": {"Reis2020": 1.0, "Patnaik2017": 0.481557734204793, "Reis2020 to Patnaik2017": 0.5074750830564784, "Patnaik2017 to Reis2020": 0.7469387755102042}}