{"logreg": {"Reis2020": 1.0, "Li2017": 0.3333333333333333, "Reis2020 to Li2017": 0.22222222222222224, "Li2017 to Reis2020": 0.15714285714285714}, "SVM": {"Reis2020": 1.0, "Li2017": 0.16666666666666666, "Reis2020 to Li2017": 0.27777777777777785, "Li2017 to Reis2020": 0.8918367346938776}, "random forest": {"Reis2020": 0.9428571428571428, "Li2017": 0.8333333333333334, "Reis2020 to Li2017": 0.16666666666666669, "Li2017 to Reis2020": 0.022448979591836733}, "xgb": {"Reis2020": 0.9142857142857143, "Li2017": 0.5, "Reis2020 to Li2017": 0.3055555555555556, "Li2017 to Reis2020": 0.3}}