{"logreg": {"Reis2020": 1.0, "Keller2014": 0.8549930381509329, "Reis2020 to Keller2014": 0.650539201399009, "Keller2014 to Reis2020": 0.8244897959183672}, "SVM": {"Reis2020": 1.0, "Keller2014": 0.8979949874686717, "Reis2020 to Keller2014": 0.5425531914893617, "Keller2014 to Reis2020": 0.17551020408163265}, "random forest": {"Reis2020": 0.9571428571428571, "Keller2014": 0.8760902255639099, "Reis2020 to Keller2014": 0.40374526377149517, "Keller2014 to Reis2020": 0.6836734693877551}, "xgb": {"Reis2020": 0.9714285714285715, "Keller2014": 0.8104539125591759, "Reis2020 to Keller2014": 0.40687846109006126, "Keller2014 to Reis2020": 0.40816326530612246}}