{"logreg": {"Reis2020": 0.9714285714285715, "Keller2009": 0.95, "Reis2020 to Keller2009": 0.7089783281733746, "Keller2009 to Reis2020": 0.8122448979591836}, "SVM": {"Reis2020": 1.0, "Keller2009": 0.9125, "Reis2020 to Keller2009": 0.6780185758513931, "Keller2009 to Reis2020": 0.2979591836734694}, "random forest": {"Reis2020": 0.9857142857142858, "Keller2009": 0.8875, "Reis2020 to Keller2009": 0.7879256965944272, "Keller2009 to Reis2020": 0.9775510204081632}, "xgb": {"Reis2020": 0.9285714285714286, "Keller2009": 0.7833333333333333, "Reis2020 to Keller2009": 0.5479876160990713, "Keller2009 to Reis2020": 0.33061224489795915}}