{"logreg": {"Reis2020": 0.9714285714285715, "Chen2019": 0.8483333333333334, "Reis2020 to Chen2019": 0.41666666666666663, "Chen2019 to Reis2020": 0.7061224489795919}, "SVM": {"Reis2020": 1.0, "Chen2019": 0.8, "Reis2020 to Chen2019": 0.29166666666666674, "Chen2019 to Reis2020": 0.02448979591836735}, "random forest": {"Reis2020": 0.9857142857142858, "Chen2019": 0.7833333333333333, "Reis2020 to Chen2019": 0.39861111111111114, "Chen2019 to Reis2020": 0.12857142857142856}, "xgb": {"Reis2020": 0.9142857142857143, "Chen2019": 0.5433333333333333, "Reis2020 to Chen2019": 0.4791666666666667, "Chen2019 to Reis2020": 0.2285714285714286}}