{"logreg": {"Reis2020": 0.9428571428571428, "Marzi2016": 0.9764030180600161, "Reis2020 to Marzi2016": 0.3214769647696477, "Marzi2016 to Reis2020": 0.4}, "SVM": {"Reis2020": 0.9857142857142858, "Marzi2016": 0.9689123703626967, "Reis2020 to Marzi2016": 0.27544884823848237, "Marzi2016 to Reis2020": 0.5755102040816326}, "random forest": {"Reis2020": 1.0, "Marzi2016": 0.9388408036649516, "Reis2020 to Marzi2016": 0.26783748306233063, "Marzi2016 to Reis2020": 0.6326530612244898}, "xgb": {"Reis2020": 1.0, "Marzi2016": 0.968569701992472, "Reis2020 to Marzi2016": 0.36204268292682923, "Marzi2016 to Reis2020": 0.4489795918367347}}