{"logreg": {"Reis2020": 0.8571428571428571, "Bianchi2011": 0.7786581839213419, "Reis2020 to Bianchi2011": 0.38283752860411896, "Bianchi2011 to Reis2020": 0.6938775510204082}, "SVM": {"Reis2020": 0.9714285714285715, "Bianchi2011": 0.8362637362637362, "Reis2020 to Bianchi2011": 0.461022120518688, "Bianchi2011 to Reis2020": 0.8081632653061224}, "random forest": {"Reis2020": 0.9928571428571429, "Bianchi2011": 0.8222382880277618, "Reis2020 to Bianchi2011": 0.5797101449275361, "Bianchi2011 to Reis2020": 0.6632653061224489}, "xgb": {"Reis2020": 0.8714285714285716, "Bianchi2011": 0.7972816657027183, "Reis2020 to Bianchi2011": 0.4213577421815408, "Bianchi2011 to Reis2020": 0.746938775510204}}