{"logreg": {"Reis2020": 0.9428571428571428, "Nigita2018": 0.6833333333333333, "Reis2020 to Nigita2018": 0.3533834586466166, "Nigita2018 to Reis2020": 0.4163265306122449}, "SVM": {"Reis2020": 1.0, "Nigita2018": 0.35, "Reis2020 to Nigita2018": 0.3984962406015038, "Nigita2018 to Reis2020": 0.8285714285714285}, "random forest": {"Reis2020": 0.9857142857142858, "Nigita2018": 0.2458333333333333, "Reis2020 to Nigita2018": 0.3984962406015038, "Nigita2018 to Reis2020": 0.1142857142857143}, "xgb": {"Reis2020": 0.9428571428571428, "Nigita2018": 0.2333333333333333, "Reis2020 to Nigita2018": 0.46616541353383456, "Nigita2018 to Reis2020": 0.04081632653061225}}