{"logreg": {"Reis2020": 1.0, "Duan2021": 0.9, "Reis2020 to Duan2021": 0.6944444444444444, "Duan2021 to Reis2020": 0.8367346938775511}, "SVM": {"Reis2020": 1.0, "Duan2021": 0.9, "Reis2020 to Duan2021": 0.8333333333333334, "Duan2021 to Reis2020": 0.9836734693877551}, "random forest": {"Reis2020": 0.9428571428571428, "Duan2021": 0.9, "Reis2020 to Duan2021": 0.8333333333333333, "Duan2021 to Reis2020": 0.9836734693877551}, "xgb": {"Reis2020": 0.9, "Duan2021": 0.8, "Reis2020 to Duan2021": 0.9444444444444445, "Duan2021 to Reis2020": 0.7428571428571429}}