{"logreg": {"Reis2020": 1.0, "Yao2019": 0.8, "Reis2020 to Yao2019": 0.6799999999999999, "Yao2019 to Reis2020": 0.946938775510204}, "SVM": {"Reis2020": 1.0, "Yao2019": 1.0, "Reis2020 to Yao2019": 0.6, "Yao2019 to Reis2020": 0.5775510204081633}, "random forest": {"Reis2020": 0.9857142857142858, "Yao2019": 1.0, "Reis2020 to Yao2019": 0.64, "Yao2019 to Reis2020": 0.963265306122449}, "xgb": {"Reis2020": 0.8857142857142858, "Yao2019": 0.8, "Reis2020 to Yao2019": 0.62, "Yao2019 to Reis2020": 0.8142857142857143}}