{"logreg": {"Reis2020": 0.9857142857142858, "Jin2017": 1.0, "Reis2020 to Jin2017": 0.4743589743589744, "Jin2017 to Reis2020": 0.47346938775510206}, "SVM": {"Reis2020": 1.0, "Jin2017": 1.0, "Reis2020 to Jin2017": 0.46794871794871795, "Jin2017 to Reis2020": 0.07346938775510206}, "random forest": {"Reis2020": 0.9714285714285715, "Jin2017": 1.0, "Reis2020 to Jin2017": 0.5993589743589743, "Jin2017 to Reis2020": 0.5306122448979592}, "xgb": {"Reis2020": 0.9857142857142858, "Jin2017": 1.0, "Reis2020 to Jin2017": 0.6442307692307692, "Jin2017 to Reis2020": 0.5387755102040817}}