{"logreg": {"Reis2020": 0.9714285714285715, "Boeri2011": 0.6833333333333333, "Reis2020 to Boeri2011": 0.631578947368421, "Boeri2011 to Reis2020": 0.43265306122448977}, "SVM": {"Reis2020": 1.0, "Boeri2011": 0.9, "Reis2020 to Boeri2011": 0.8157894736842105, "Boeri2011 to Reis2020": 0.9346938775510204}, "random forest": {"Reis2020": 0.9857142857142858, "Boeri2011": 0.95, "Reis2020 to Boeri2011": 0.5307017543859649, "Boeri2011 to Reis2020": 0.36122448979591837}, "xgb": {"Reis2020": 0.9714285714285715, "Boeri2011": 0.8916666666666666, "Reis2020 to Boeri2011": 0.4649122807017544, "Boeri2011 to Reis2020": 0.5510204081632653}}