{"logreg": {"Reis2020": 1.0, "Leidinger2014": 0.7896825396825398, "Reis2020 to Leidinger2014": 0.49999999999999994, "Leidinger2014 to Reis2020": 0.4163265306122449}, "SVM": {"Reis2020": 1.0, "Leidinger2014": 0.5498015873015873, "Reis2020 to Leidinger2014": 0.4611528822055138, "Leidinger2014 to Reis2020": 0.9204081632653061}, "random forest": {"Reis2020": 0.9571428571428571, "Leidinger2014": 0.4921378968253968, "Reis2020 to Leidinger2014": 0.5015664160401002, "Leidinger2014 to Reis2020": 0.4285714285714285}, "xgb": {"Reis2020": 0.9857142857142858, "Leidinger2014": 0.46215277777777775, "Reis2020 to Leidinger2014": 0.43295739348370926, "Leidinger2014 to Reis2020": 0.05714285714285714}}