{"logreg": {"Reis2020": 1.0, "Keller2020": 0.8823529411764707, "Reis2020 to Keller2020": 0.1647727272727273, "Keller2020 to Reis2020": 0.689795918367347}, "SVM": {"Reis2020": 1.0, "Keller2020": 0.9555555555555555, "Reis2020 to Keller2020": 0.21590909090909094, "Keller2020 to Reis2020": 0.2163265306122449}, "random forest": {"Reis2020": 0.9714285714285715, "Keller2020": 0.9119281045751635, "Reis2020 to Keller2020": 0.42045454545454547, "Keller2020 to Reis2020": 0.7204081632653061}, "xgb": {"Reis2020": 0.9857142857142858, "Keller2020": 0.8913398692810457, "Reis2020 to Keller2020": 0.4602272727272727, "Keller2020 to Reis2020": 0.43265306122448977}}