{"logreg": {"Wozniak2015": 0.484, "Jin2017": 1.0, "Wozniak2015 to Jin2017": 0.4471153846153846, "Jin2017 to Wozniak2015": 0.5398000000000001}, "SVM": {"Wozniak2015": 0.5675, "Jin2017": 1.0, "Wozniak2015 to Jin2017": 0.7483974358974359, "Jin2017 to Wozniak2015": 0.5754}, "random forest": {"Wozniak2015": 0.69275, "Jin2017": 1.0, "Wozniak2015 to Jin2017": 0.6458333333333334, "Jin2017 to Wozniak2015": 0.6193}, "xgb": {"Wozniak2015": 0.6575, "Jin2017": 0.9400000000000001, "Wozniak2015 to Jin2017": 0.5608974358974359, "Jin2017 to Wozniak2015": 0.5860500000000001}}