{"logreg": {"Wozniak2015": 0.5495, "Abdollahi2019": 0.6700617283950617, "Wozniak2015 to Abdollahi2019": 0.27852893455922123, "Abdollahi2019 to Wozniak2015": 0.5285}, "SVM": {"Wozniak2015": 0.5630000000000001, "Abdollahi2019": 0.8141975308641977, "Wozniak2015 to Abdollahi2019": 0.35532720389399675, "Abdollahi2019 to Wozniak2015": 0.4757}, "random forest": {"Wozniak2015": 0.5285, "Abdollahi2019": 0.9220679012345678, "Wozniak2015 to Abdollahi2019": 0.2939426717144402, "Abdollahi2019 to Wozniak2015": 0.5289}, "xgb": {"Wozniak2015": 0.5605, "Abdollahi2019": 0.8527777777777779, "Wozniak2015 to Abdollahi2019": 0.37344510546241216, "Abdollahi2019 to Wozniak2015": 0.6004499999999999}}