{"logreg": {"Wozniak2015": 0.47850000000000004, "Marzi2016": 0.9764030180600161, "Wozniak2015 to Marzi2016": 0.27341632791327913, "Marzi2016 to Wozniak2015": 0.5009}, "SVM": {"Wozniak2015": 0.565, "Marzi2016": 0.9689123703626967, "Wozniak2015 to Marzi2016": 0.4581851287262873, "Marzi2016 to Wozniak2015": 0.48819999999999997}, "random forest": {"Wozniak2015": 0.60625, "Marzi2016": 0.9462444605591813, "Wozniak2015 to Marzi2016": 0.23219427506775067, "Marzi2016 to Wozniak2015": 0.46430000000000005}, "xgb": {"Wozniak2015": 0.642, "Marzi2016": 0.968569701992472, "Wozniak2015 to Marzi2016": 0.3203125, "Marzi2016 to Wozniak2015": 0.48574999999999996}}