{"logreg": {"Wozniak2015": 0.484, "Leidinger2014": 0.8869047619047619, "Wozniak2015 to Leidinger2014": 0.49122807017543857, "Leidinger2014 to Wozniak2015": 0.4972}, "SVM": {"Wozniak2015": 0.5665000000000001, "Leidinger2014": 0.5528769841269842, "Wozniak2015 to Leidinger2014": 0.5059523809523809, "Leidinger2014 to Wozniak2015": 0.4763}, "random forest": {"Wozniak2015": 0.697, "Leidinger2014": 0.5645337301587301, "Wozniak2015 to Leidinger2014": 0.5720551378446115, "Leidinger2014 to Wozniak2015": 0.5273500000000001}, "xgb": {"Wozniak2015": 0.6709999999999999, "Leidinger2014": 0.6061507936507937, "Wozniak2015 to Leidinger2014": 0.5363408521303258, "Leidinger2014 to Wozniak2015": 0.5564}}