{"logreg": {"Wozniak2015": 0.48200000000000004, "Asakura2020": 0.8378587594968021, "Wozniak2015 to Asakura2020": 0.6975112204126485, "Asakura2020 to Wozniak2015": 0.5111}, "SVM": {"Wozniak2015": 0.5660000000000001, "Asakura2020": 0.9214773692239359, "Wozniak2015 to Asakura2020": 0.6496410757992088, "Asakura2020 to Wozniak2015": 0.4987}, "random forest": {"Wozniak2015": 0.6809999999999999, "Asakura2020": 0.9731223859095506, "Wozniak2015 to Asakura2020": 0.47751827458375695, "Asakura2020 to Wozniak2015": 0.46475}, "xgb": {"Wozniak2015": 0.6595, "Asakura2020": 0.9699136265759446, "Wozniak2015 to Asakura2020": 0.5100036707490557, "Asakura2020 to Wozniak2015": 0.4973}}