{"logreg": {"Wozniak2015": 0.4755, "Patnaik2017": 0.5687581699346406, "Wozniak2015 to Patnaik2017": 0.4625490788281486, "Patnaik2017 to Wozniak2015": 0.47734999999999994}, "SVM": {"Wozniak2015": 0.5660000000000001, "Patnaik2017": 0.564313725490196, "Wozniak2015 to Patnaik2017": 0.45379039565086077, "Patnaik2017 to Wozniak2015": 0.47119999999999995}, "random forest": {"Wozniak2015": 0.7005, "Patnaik2017": 0.527617102396514, "Wozniak2015 to Patnaik2017": 0.4303080640289943, "Patnaik2017 to Wozniak2015": 0.5547000000000001}, "xgb": {"Wozniak2015": 0.6615, "Patnaik2017": 0.47378540305010886, "Wozniak2015 to Patnaik2017": 0.4509211718514044, "Patnaik2017 to Wozniak2015": 0.43629999999999997}}