{"logreg": {"Wozniak2015": 0.46349999999999997, "Leidinger2016": 0.915925925925926, "Wozniak2015 to Leidinger2016": 0.336662749706228, "Leidinger2016 to Wozniak2015": 0.55005}, "SVM": {"Wozniak2015": 0.5880000000000001, "Leidinger2016": 0.9149206349206349, "Wozniak2015 to Leidinger2016": 0.3331374853113983, "Leidinger2016 to Wozniak2015": 0.39335}, "random forest": {"Wozniak2015": 0.65375, "Leidinger2016": 0.9334920634920636, "Wozniak2015 to Leidinger2016": 0.3935076380728555, "Leidinger2016 to Wozniak2015": 0.57485}, "xgb": {"Wozniak2015": 0.621, "Leidinger2016": 0.9505820105820106, "Wozniak2015 to Leidinger2016": 0.32461809635722677, "Leidinger2016 to Wozniak2015": 0.512}}