{"logreg": {"Wozniak2015": 0.47400000000000003, "Qu2017": 1.0, "Wozniak2015 to Qu2017": 0.36111111111111105, "Qu2017 to Wozniak2015": 0.3864}, "SVM": {"Wozniak2015": 0.621, "Qu2017": 1.0, "Wozniak2015 to Qu2017": 0.16666666666666666, "Qu2017 to Wozniak2015": 0.36019999999999996}, "random forest": {"Wozniak2015": 0.6955, "Qu2017": 1.0, "Wozniak2015 to Qu2017": 0.3055555555555555, "Qu2017 to Wozniak2015": 0.40599999999999997}, "xgb": {"Wozniak2015": 0.6515000000000001, "Qu2017": 0.75, "Wozniak2015 to Qu2017": 0.3055555555555555, "Qu2017 to Wozniak2015": 0.38774999999999993}}