{"logreg": {"Wozniak2015": 0.5025000000000001, "Chen2019": 0.8316666666666667, "Wozniak2015 to Chen2019": 0.42500000000000004, "Chen2019 to Wozniak2015": 0.5772999999999999}, "SVM": {"Wozniak2015": 0.594, "Chen2019": 0.7333333333333334, "Wozniak2015 to Chen2019": 0.46805555555555556, "Chen2019 to Wozniak2015": 0.534}, "random forest": {"Wozniak2015": 0.6415, "Chen2019": 0.7883333333333333, "Wozniak2015 to Chen2019": 0.4673611111111111, "Chen2019 to Wozniak2015": 0.5275000000000001}, "xgb": {"Wozniak2015": 0.6355000000000001, "Chen2019": 0.615, "Wozniak2015 to Chen2019": 0.5777777777777777, "Chen2019 to Wozniak2015": 0.518}}