{"logreg": {"Wozniak2015": 0.539, "Boeri2011": 0.7333333333333333, "Wozniak2015 to Boeri2011": 0.7149122807017544, "Boeri2011 to Wozniak2015": 0.5384}, "SVM": {"Wozniak2015": 0.6225, "Boeri2011": 0.95, "Wozniak2015 to Boeri2011": 0.6754385964912281, "Boeri2011 to Wozniak2015": 0.516}, "random forest": {"Wozniak2015": 0.6619999999999999, "Boeri2011": 0.95, "Wozniak2015 to Boeri2011": 0.45614035087719296, "Boeri2011 to Wozniak2015": 0.557}, "xgb": {"Wozniak2015": 0.7045, "Boeri2011": 0.8916666666666666, "Wozniak2015 to Boeri2011": 0.5964912280701755, "Boeri2011 to Wozniak2015": 0.51075}}