{"logreg": {"Wozniak2015": 0.49849999999999994, "Halvorsen2016": 0.9083333333333332, "Wozniak2015 to Halvorsen2016": 0.5476973684210527, "Halvorsen2016 to Wozniak2015": 0.49329999999999996}, "SVM": {"Wozniak2015": 0.6265000000000001, "Halvorsen2016": 0.9916666666666668, "Wozniak2015 to Halvorsen2016": 0.6776315789473684, "Halvorsen2016 to Wozniak2015": 0.4553}, "random forest": {"Wozniak2015": 0.7100000000000001, "Halvorsen2016": 0.9833333333333334, "Wozniak2015 to Halvorsen2016": 0.3963815789473684, "Halvorsen2016 to Wozniak2015": 0.43195000000000006}, "xgb": {"Wozniak2015": 0.6575, "Halvorsen2016": 0.9416666666666668, "Wozniak2015 to Halvorsen2016": 0.5394736842105263, "Halvorsen2016 to Wozniak2015": 0.44875000000000004}}