{"logreg": {"Wozniak2015": 0.5035000000000001, "Zaporozhchenko2018": 0.275, "Wozniak2015 to Zaporozhchenko2018": 0.3999999999999999, "Zaporozhchenko2018 to Wozniak2015": 0.5125500000000001}, "SVM": {"Wozniak2015": 0.5795, "Zaporozhchenko2018": 0.775, "Wozniak2015 to Zaporozhchenko2018": 0.47058823529411764, "Zaporozhchenko2018 to Wozniak2015": 0.49169999999999997}, "random forest": {"Wozniak2015": 0.6297500000000001, "Zaporozhchenko2018": 0.8666666666666668, "Wozniak2015 to Zaporozhchenko2018": 0.3441176470588235, "Zaporozhchenko2018 to Wozniak2015": 0.48415}, "xgb": {"Wozniak2015": 0.622, "Zaporozhchenko2018": 0.7499999999999999, "Wozniak2015 to Zaporozhchenko2018": 0.4117647058823529, "Zaporozhchenko2018 to Wozniak2015": 0.505}}