{"logreg": {"Wozniak2015": 0.509, "Patnaik2012": 0.7238095238095238, "Wozniak2015 to Patnaik2012": 0.24873737373737373, "Patnaik2012 to Wozniak2015": 0.4232}, "SVM": {"Wozniak2015": 0.5429999999999999, "Patnaik2012": 0.850793650793651, "Wozniak2015 to Patnaik2012": 0.16414141414141414, "Patnaik2012 to Wozniak2015": 0.3744}, "random forest": {"Wozniak2015": 0.6785, "Patnaik2012": 0.7698412698412698, "Wozniak2015 to Patnaik2012": 0.39646464646464646, "Patnaik2012 to Wozniak2015": 0.5134}, "xgb": {"Wozniak2015": 0.689, "Patnaik2012": 0.6777777777777778, "Wozniak2015 to Patnaik2012": 0.3106060606060606, "Patnaik2012 to Wozniak2015": 0.57785}}