{"logreg": {"Wozniak2015": 0.5289999999999999, "Bianchi2011": 0.7890688259109312, "Wozniak2015 to Bianchi2011": 0.37620137299771167, "Bianchi2011 to Wozniak2015": 0.5088999999999999}, "SVM": {"Wozniak2015": 0.603, "Bianchi2011": 0.8409485251590514, "Wozniak2015 to Bianchi2011": 0.326697177726926, "Bianchi2011 to Wozniak2015": 0.4222}, "random forest": {"Wozniak2015": 0.6537499999999999, "Bianchi2011": 0.8211972238288027, "Wozniak2015 to Bianchi2011": 0.3191456903127384, "Bianchi2011 to Wozniak2015": 0.46405}, "xgb": {"Wozniak2015": 0.6205, "Bianchi2011": 0.8228455754771545, "Wozniak2015 to Bianchi2011": 0.3325705568268498, "Bianchi2011 to Wozniak2015": 0.4455}}