{"logreg": {"Wozniak2015": 0.5005000000000001, "Keller2009": 0.8916666666666666, "Wozniak2015 to Keller2009": 0.390092879256966, "Keller2009 to Wozniak2015": 0.4823}, "SVM": {"Wozniak2015": 0.5585, "Keller2009": 0.9125, "Wozniak2015 to Keller2009": 0.6470588235294119, "Keller2009 to Wozniak2015": 0.5512999999999999}, "random forest": {"Wozniak2015": 0.6295, "Keller2009": 0.96875, "Wozniak2015 to Keller2009": 0.41950464396284826, "Keller2009 to Wozniak2015": 0.5404500000000001}, "xgb": {"Wozniak2015": 0.6599999999999999, "Keller2009": 0.9, "Wozniak2015 to Keller2009": 0.13931888544891644, "Keller2009 to Wozniak2015": 0.44325000000000003}}