{"logreg": {"Wozniak2015": 0.4245, "Duan2021": 0.9, "Wozniak2015 to Duan2021": 0.6666666666666667, "Duan2021 to Wozniak2015": 0.5317000000000001}, "SVM": {"Wozniak2015": 0.508, "Duan2021": 0.9, "Wozniak2015 to Duan2021": 0.5555555555555556, "Duan2021 to Wozniak2015": 0.5128999999999999}, "random forest": {"Wozniak2015": 0.599, "Duan2021": 0.9, "Wozniak2015 to Duan2021": 0.7222222222222223, "Duan2021 to Wozniak2015": 0.49465}, "xgb": {"Wozniak2015": 0.557, "Duan2021": 0.9, "Wozniak2015 to Duan2021": 0.5555555555555556, "Duan2021 to Wozniak2015": 0.53}}