{"logreg": {"Wozniak2015": 0.4455, "Keller2020": 0.8029411764705883, "Wozniak2015 to Keller2020": 0.38977272727272727, "Keller2020 to Wozniak2015": 0.4639}, "SVM": {"Wozniak2015": 0.59, "Keller2020": 0.9333333333333333, "Wozniak2015 to Keller2020": 0.6193181818181819, "Keller2020 to Wozniak2015": 0.45294999999999996}, "random forest": {"Wozniak2015": 0.60175, "Keller2020": 0.8398692810457516, "Wozniak2015 to Keller2020": 0.3931818181818182, "Keller2020 to Wozniak2015": 0.46005}, "xgb": {"Wozniak2015": 0.5555, "Keller2020": 0.8977124183006536, "Wozniak2015 to Keller2020": 0.509090909090909, "Keller2020 to Wozniak2015": 0.44090000000000007}}