{"logreg": {"Wozniak2015": 0.52, "Yao2019": 0.8, "Wozniak2015 to Yao2019": 0.56, "Yao2019 to Wozniak2015": 0.5037}, "SVM": {"Wozniak2015": 0.6125, "Yao2019": 1.0, "Wozniak2015 to Yao2019": 0.56, "Yao2019 to Wozniak2015": 0.4918499999999999}, "random forest": {"Wozniak2015": 0.69325, "Yao2019": 1.0, "Wozniak2015 to Yao2019": 0.6200000000000001, "Yao2019 to Wozniak2015": 0.49135}, "xgb": {"Wozniak2015": 0.6609999999999999, "Yao2019": 0.8, "Wozniak2015 to Yao2019": 0.8, "Yao2019 to Wozniak2015": 0.475}}