{"logreg": {"Wozniak2015": 0.5974999999999999, "Li2017": 0.6666666666666666, "Wozniak2015 to Li2017": 0.44444444444444453, "Li2017 to Wozniak2015": 0.52045}, "SVM": {"Wozniak2015": 0.6115, "Li2017": 0.5, "Wozniak2015 to Li2017": 0.5555555555555556, "Li2017 to Wozniak2015": 0.4716}, "random forest": {"Wozniak2015": 0.70875, "Li2017": 0.8333333333333334, "Wozniak2015 to Li2017": 0.5833333333333334, "Li2017 to Wozniak2015": 0.53925}, "xgb": {"Wozniak2015": 0.6275, "Li2017": 0.5, "Wozniak2015 to Li2017": 0.6111111111111112, "Li2017 to Wozniak2015": 0.42000000000000004}}