{"logreg": {"Wozniak2015": 0.557, "Nigita2018": 0.45, "Wozniak2015 to Nigita2018": 0.2406015037593985, "Nigita2018 to Wozniak2015": 0.43610000000000004}, "SVM": {"Wozniak2015": 0.5599999999999999, "Nigita2018": 0.325, "Wozniak2015 to Nigita2018": 0.41729323308270677, "Nigita2018 to Wozniak2015": 0.5328999999999999}, "random forest": {"Wozniak2015": 0.6515, "Nigita2018": 0.39166666666666666, "Wozniak2015 to Nigita2018": 0.44736842105263164, "Nigita2018 to Wozniak2015": 0.47045000000000003}, "xgb": {"Wozniak2015": 0.6095, "Nigita2018": 0.3416666666666667, "Wozniak2015 to Nigita2018": 0.518796992481203, "Nigita2018 to Wozniak2015": 0.44715000000000005}}