{"logreg": {"Wozniak2015": 0.5029999999999999, "Fehlmann2020": 0.9821104055095015, "Wozniak2015 to Fehlmann2020": 0.3603582090574202, "Fehlmann2020 to Wozniak2015": 0.502}, "SVM": {"Wozniak2015": 0.5780000000000001, "Fehlmann2020": 0.987144759311765, "Wozniak2015 to Fehlmann2020": 0.4149428947044082, "Fehlmann2020 to Wozniak2015": 0.4512}, "random forest": {"Wozniak2015": 0.64475, "Fehlmann2020": 0.9790915874199356, "Wozniak2015 to Fehlmann2020": 0.3252708050888076, "Fehlmann2020 to Wozniak2015": 0.50515}, "xgb": {"Wozniak2015": 0.681, "Fehlmann2020": 0.9860401319531851, "Wozniak2015 to Fehlmann2020": 0.3890589266395519, "Fehlmann2020 to Wozniak2015": 0.42000000000000004}}