{"logreg": {"Wozniak2015": 0.49800000000000005, "Leidinger2011": 0.155, "Wozniak2015 to Leidinger2011": 0.29887218045112784, "Leidinger2011 to Wozniak2015": 0.48644999999999994}, "SVM": {"Wozniak2015": 0.5665, "Leidinger2011": 0.7833333333333334, "Wozniak2015 to Leidinger2011": 0.3439849624060151, "Leidinger2011 to Wozniak2015": 0.4527}, "random forest": {"Wozniak2015": 0.69025, "Leidinger2011": 0.7952777777777778, "Wozniak2015 to Leidinger2011": 0.4755639097744361, "Leidinger2011 to Wozniak2015": 0.4556}, "xgb": {"Wozniak2015": 0.6865, "Leidinger2011": 0.5072222222222222, "Wozniak2015 to Leidinger2011": 0.5093984962406015, "Leidinger2011 to Wozniak2015": 0.4657}}