{"logreg": {"Wozniak2015": 0.49450000000000005, "Reis2020": 0.9714285714285715, "Wozniak2015 to Reis2020": 0.07755102040816328, "Reis2020 to Wozniak2015": 0.5618000000000001}, "SVM": {"Wozniak2015": 0.5795, "Reis2020": 1.0, "Wozniak2015 to Reis2020": 0.0489795918367347, "Reis2020 to Wozniak2015": 0.40519999999999995}, "random forest": {"Wozniak2015": 0.6857500000000001, "Reis2020": 0.9857142857142858, "Wozniak2015 to Reis2020": 0.40816326530612246, "Reis2020 to Wozniak2015": 0.40355}, "xgb": {"Wozniak2015": 0.6575, "Reis2020": 0.9571428571428571, "Wozniak2015 to Reis2020": 0.044897959183673466, "Reis2020 to Wozniak2015": 0.5004}}