{"logreg": {"Wozniak2015": 0.5389999999999999, "Keller2014": 0.8314062935115567, "Wozniak2015 to Keller2014": 0.2842465753424657, "Keller2014 to Wozniak2015": 0.4572}, "SVM": {"Wozniak2015": 0.5795, "Keller2014": 0.9154274575327207, "Wozniak2015 to Keller2014": 0.4228359078985718, "Keller2014 to Wozniak2015": 0.4517}, "random forest": {"Wozniak2015": 0.6845000000000001, "Keller2014": 0.8949178501810081, "Wozniak2015 to Keller2014": 0.5795686388807928, "Keller2014 to Wozniak2015": 0.45585}, "xgb": {"Wozniak2015": 0.702, "Keller2014": 0.8308103592314119, "Wozniak2015 to Keller2014": 0.32978723404255317, "Keller2014 to Wozniak2015": 0.43260000000000004}}