{"logreg": {"Yao2019": 0.8, "Halvorsen2016": 0.9833333333333334, "Yao2019 to Halvorsen2016": 0.4078947368421053, "Halvorsen2016 to Yao2019": 0.16}, "SVM": {"Yao2019": 1.0, "Halvorsen2016": 0.9916666666666668, "Yao2019 to Halvorsen2016": 0.42927631578947373, "Halvorsen2016 to Yao2019": 0.4}, "random forest": {"Yao2019": 0.8, "Halvorsen2016": 0.9833333333333334, "Yao2019 to Halvorsen2016": 0.4901315789473684, "Halvorsen2016 to Yao2019": 0.68}, "xgb": {"Yao2019": 0.5, "Halvorsen2016": 0.95, "Yao2019 to Halvorsen2016": 0.46875, "Halvorsen2016 to Yao2019": 0.56}}