{"logreg": {"Yao2019": 0.8, "Keller2014": 0.8546867167919799, "Yao2019 to Keller2014": 0.6732730982220927, "Keller2014 to Yao2019": 0.88}, "SVM": {"Yao2019": 1.0, "Keller2014": 0.8876190476190476, "Yao2019 to Keller2014": 0.6616146895948702, "Keller2014 to Yao2019": 0.92}, "random forest": {"Yao2019": 1.0, "Keller2014": 0.8914452798663325, "Yao2019 to Keller2014": 0.6053628679685223, "Keller2014 to Yao2019": 0.84}, "xgb": {"Yao2019": 0.8, "Keller2014": 0.8566026176552493, "Yao2019 to Keller2014": 0.6547653745263772, "Keller2014 to Yao2019": 0.8}}