{"logreg": {"Yao2019": 0.8, "Duan2021": 0.9, "Yao2019 to Duan2021": 0.9444444444444444, "Duan2021 to Yao2019": 0.8}, "SVM": {"Yao2019": 1.0, "Duan2021": 0.9, "Yao2019 to Duan2021": 0.13888888888888887, "Duan2021 to Yao2019": 0.76}, "random forest": {"Yao2019": 0.7, "Duan2021": 0.95, "Yao2019 to Duan2021": 0.9444444444444445, "Duan2021 to Yao2019": 0.6400000000000001}, "xgb": {"Yao2019": 0.5, "Duan2021": 0.7, "Yao2019 to Duan2021": 0.7222222222222222, "Duan2021 to Yao2019": 0.6000000000000001}}