{"logreg": {"Yao2019": 0.8, "Patnaik2017": 0.5937418300653595, "Yao2019 to Patnaik2017": 0.44578677136816675, "Patnaik2017 to Yao2019": 0.48}, "SVM": {"Yao2019": 1.0, "Patnaik2017": 0.5527723311546842, "Yao2019 to Patnaik2017": 0.45001510117789184, "Patnaik2017 to Yao2019": 0.32}, "random forest": {"Yao2019": 0.8, "Patnaik2017": 0.5099019607843137, "Yao2019 to Patnaik2017": 0.46836303231652066, "Patnaik2017 to Yao2019": 0.58}, "xgb": {"Yao2019": 0.8, "Patnaik2017": 0.47366013071895424, "Yao2019 to Patnaik2017": 0.5422077922077922, "Patnaik2017 to Yao2019": 0.7200000000000001}}