{"logreg": {"Yao2019": 1.0, "Patnaik2012": 0.6873015873015873, "Yao2019 to Patnaik2012": 0.22474747474747475, "Patnaik2012 to Yao2019": 0.15999999999999998}, "SVM": {"Yao2019": 1.0, "Patnaik2012": 0.8031746031746032, "Yao2019 to Patnaik2012": 0.15656565656565657, "Patnaik2012 to Yao2019": 0.15999999999999998}, "random forest": {"Yao2019": 0.9, "Patnaik2012": 0.8174603174603174, "Yao2019 to Patnaik2012": 0.2537878787878788, "Patnaik2012 to Yao2019": 0.14}, "xgb": {"Yao2019": 0.8, "Patnaik2012": 0.7555555555555556, "Yao2019 to Patnaik2012": 0.3787878787878788, "Patnaik2012 to Yao2019": 0.32000000000000006}}