{"logreg": {"Yao2019": 1.0, "Leidinger2011": 0.16722222222222224, "Yao2019 to Leidinger2011": 0.6221804511278195, "Leidinger2011 to Yao2019": 0.8600000000000001}, "SVM": {"Yao2019": 1.0, "Leidinger2011": 0.775, "Yao2019 to Leidinger2011": 0.49060150375939854, "Leidinger2011 to Yao2019": 0.48}, "random forest": {"Yao2019": 0.9, "Leidinger2011": 0.8319444444444445, "Yao2019 to Leidinger2011": 0.5977443609022557, "Leidinger2011 to Yao2019": 0.8}, "xgb": {"Yao2019": 0.8, "Leidinger2011": 0.6494444444444445, "Yao2019 to Leidinger2011": 0.5845864661654137, "Leidinger2011 to Yao2019": 0.52}}