{"logreg": {"Yao2019": 0.8, "Boeri2011": 0.7333333333333333, "Yao2019 to Boeri2011": 0.5614035087719298, "Boeri2011 to Yao2019": 0.4}, "SVM": {"Yao2019": 1.0, "Boeri2011": 0.9, "Yao2019 to Boeri2011": 0.12280701754385966, "Boeri2011 to Yao2019": 0.24000000000000002}, "random forest": {"Yao2019": 0.6, "Boeri2011": 0.95, "Yao2019 to Boeri2011": 0.20175438596491227, "Boeri2011 to Yao2019": 0.4}, "xgb": {"Yao2019": 0.4, "Boeri2011": 0.9166666666666666, "Yao2019 to Boeri2011": 0.45175438596491224, "Boeri2011 to Yao2019": 0.36}}