{"logreg": {"Yao2019": 0.8, "Fehlmann2020": 0.983646330279818, "Yao2019 to Fehlmann2020": 0.5247661695630144, "Fehlmann2020 to Yao2019": 0.7000000000000002}, "SVM": {"Yao2019": 1.0, "Fehlmann2020": 0.9876400298085992, "Yao2019 to Fehlmann2020": 0.5487004094600332, "Fehlmann2020 to Yao2019": 0.36}, "random forest": {"Yao2019": 0.8, "Fehlmann2020": 0.9763809370260874, "Yao2019 to Fehlmann2020": 0.5157946811278639, "Fehlmann2020 to Yao2019": 0.62}, "xgb": {"Yao2019": 0.8, "Fehlmann2020": 0.9862938393670067, "Yao2019 to Fehlmann2020": 0.4601529655040193, "Fehlmann2020 to Yao2019": 0.72}}