{"logreg": {"Yao2019": 1.0, "Asakura2020": 0.7807530128549105, "Yao2019 to Asakura2020": 0.6997532506066119, "Asakura2020 to Yao2019": 0.8400000000000001}, "SVM": {"Yao2019": 1.0, "Asakura2020": 0.9117396423653377, "Yao2019 to Asakura2020": 0.6453009721034799, "Asakura2020 to Yao2019": 0.76}, "random forest": {"Yao2019": 1.0, "Asakura2020": 0.9551073035616598, "Yao2019 to Asakura2020": 0.756746907130049, "Asakura2020 to Yao2019": 0.45999999999999996}, "xgb": {"Yao2019": 0.8, "Asakura2020": 0.9284718707079709, "Yao2019 to Asakura2020": 0.48097748646337984, "Asakura2020 to Yao2019": 0.48}}