{"logreg": {"Yao2019": 0.8, "Reis2020": 1.0, "Yao2019 to Reis2020": 0.946938775510204, "Reis2020 to Yao2019": 0.6799999999999999}, "SVM": {"Yao2019": 1.0, "Reis2020": 1.0, "Yao2019 to Reis2020": 0.4142857142857143, "Reis2020 to Yao2019": 0.6}, "random forest": {"Yao2019": 1.0, "Reis2020": 0.9785714285714284, "Yao2019 to Reis2020": 0.9836734693877551, "Reis2020 to Yao2019": 0.76}, "xgb": {"Yao2019": 0.8, "Reis2020": 0.8857142857142858, "Yao2019 to Reis2020": 0.8142857142857143, "Reis2020 to Yao2019": 0.62}}