{"logreg": {"Yao2019": 1.0, "Li2017": 0.3333333333333333, "Yao2019 to Li2017": 0.22222222222222224, "Li2017 to Yao2019": 0.42}, "SVM": {"Yao2019": 1.0, "Li2017": 0.5, "Yao2019 to Li2017": 0.5, "Li2017 to Yao2019": 0.32}, "random forest": {"Yao2019": 1.0, "Li2017": 0.6666666666666666, "Yao2019 to Li2017": 0.33333333333333337, "Li2017 to Yao2019": 0.45999999999999996}, "xgb": {"Yao2019": 0.3, "Li2017": 0.5, "Yao2019 to Li2017": 0.5555555555555556, "Li2017 to Yao2019": 0.19999999999999998}}