{"logreg": {"Yao2019": 0.8, "Bianchi2011": 0.7553499132446501, "Yao2019 to Bianchi2011": 0.5841342486651412, "Bianchi2011 to Yao2019": 0.56}, "SVM": {"Yao2019": 0.4, "Bianchi2011": 0.7877385772122615, "Yao2019 to Bianchi2011": 0.5135774218154081, "Bianchi2011 to Yao2019": 0.39999999999999997}, "random forest": {"Yao2019": 0.8, "Bianchi2011": 0.8065644881434355, "Yao2019 to Bianchi2011": 0.6630816170861937, "Bianchi2011 to Yao2019": 0.4800000000000001}, "xgb": {"Yao2019": 0.4, "Bianchi2011": 0.7881434355118565, "Yao2019 to Bianchi2011": 0.5901601830663615, "Bianchi2011 to Yao2019": 0.6}}