{"logreg": {"Yao2019": 0.8, "Chen2019": 0.8333333333333333, "Yao2019 to Chen2019": 0.6486111111111111, "Chen2019 to Yao2019": 0.72}, "SVM": {"Yao2019": 1.0, "Chen2019": 0.76, "Yao2019 to Chen2019": 0.6215277777777778, "Chen2019 to Yao2019": 0.76}, "random forest": {"Yao2019": 0.8, "Chen2019": 0.6991666666666666, "Yao2019 to Chen2019": 0.5972222222222223, "Chen2019 to Yao2019": 1.0}, "xgb": {"Yao2019": 0.5, "Chen2019": 0.6216666666666667, "Yao2019 to Chen2019": 0.575, "Chen2019 to Yao2019": 0.6799999999999999}}