{"logreg": {"Yao2019": 0.8, "Leidinger2016": 0.9312169312169314, "Yao2019 to Leidinger2016": 0.3619271445358402, "Leidinger2016 to Yao2019": 0.78}, "SVM": {"Yao2019": 1.0, "Leidinger2016": 0.9223280423280424, "Yao2019 to Leidinger2016": 0.4500587544065805, "Leidinger2016 to Yao2019": 0.72}, "random forest": {"Yao2019": 0.8, "Leidinger2016": 0.9459259259259258, "Yao2019 to Leidinger2016": 0.3701527614571093, "Leidinger2016 to Yao2019": 0.74}, "xgb": {"Yao2019": 0.6, "Leidinger2016": 0.9388359788359788, "Yao2019 to Leidinger2016": 0.3319623971797885, "Leidinger2016 to Yao2019": 0.8}}