{"logreg": {"Yao2019": 0.8, "Qu2017": 1.0, "Yao2019 to Qu2017": 0.25, "Qu2017 to Yao2019": 0.76}, "SVM": {"Yao2019": 0.8, "Qu2017": 1.0, "Yao2019 to Qu2017": 0.5555555555555556, "Qu2017 to Yao2019": 0.76}, "random forest": {"Yao2019": 1.0, "Qu2017": 1.0, "Yao2019 to Qu2017": 0.3194444444444444, "Qu2017 to Yao2019": 0.66}, "xgb": {"Yao2019": 0.6, "Qu2017": 0.7916666666666666, "Yao2019 to Qu2017": 0.05555555555555555, "Qu2017 to Yao2019": 0.64}}