{"logreg": {"Yao2019": 0.6, "Nigita2018": 0.4833333333333333, "Yao2019 to Nigita2018": 0.4736842105263158, "Nigita2018 to Yao2019": 0.6}, "SVM": {"Yao2019": 0.8, "Nigita2018": 0.225, "Yao2019 to Nigita2018": 0.42105263157894735, "Nigita2018 to Yao2019": 0.28}, "random forest": {"Yao2019": 0.6, "Nigita2018": 0.36666666666666664, "Yao2019 to Nigita2018": 0.6766917293233083, "Nigita2018 to Yao2019": 0.64}, "xgb": {"Yao2019": 0.3, "Nigita2018": 0.45, "Yao2019 to Nigita2018": 0.4699248120300752, "Nigita2018 to Yao2019": 0.8}}