{"logreg": {"Yao2019": 0.8, "Keller2009": 0.9041666666666666, "Yao2019 to Keller2009": 0.7120743034055728, "Keller2009 to Yao2019": 0.76}, "SVM": {"Yao2019": 1.0, "Keller2009": 0.9125, "Yao2019 to Keller2009": 0.7894736842105263, "Keller2009 to Yao2019": 0.64}, "random forest": {"Yao2019": 0.8, "Keller2009": 0.96875, "Yao2019 to Keller2009": 0.7693498452012384, "Keller2009 to Yao2019": 0.8}, "xgb": {"Yao2019": 0.8, "Keller2009": 0.8166666666666667, "Yao2019 to Keller2009": 0.5170278637770898, "Keller2009 to Yao2019": 0.8400000000000001}}