{"logreg": {"Yao2019": 0.4, "Zaporozhchenko2018": 0.2666666666666667, "Yao2019 to Zaporozhchenko2018": 0.5588235294117647, "Zaporozhchenko2018 to Yao2019": 0.44000000000000006}, "SVM": {"Yao2019": 0.6, "Zaporozhchenko2018": 0.775, "Yao2019 to Zaporozhchenko2018": 0.3529411764705882, "Zaporozhchenko2018 to Yao2019": 0.8800000000000001}, "random forest": {"Yao2019": 0.5, "Zaporozhchenko2018": 0.8416666666666668, "Yao2019 to Zaporozhchenko2018": 0.6029411764705883, "Zaporozhchenko2018 to Yao2019": 0.72}, "xgb": {"Yao2019": 0.4, "Zaporozhchenko2018": 0.6916666666666667, "Yao2019 to Zaporozhchenko2018": 0.6235294117647058, "Zaporozhchenko2018 to Yao2019": 0.54}}