{"logreg": {"Yao2019": 0.8, "Wozniak2015": 0.52, "Yao2019 to Wozniak2015": 0.5037, "Wozniak2015 to Yao2019": 0.56}, "SVM": {"Yao2019": 1.0, "Wozniak2015": 0.6125, "Yao2019 to Wozniak2015": 0.49269999999999997, "Wozniak2015 to Yao2019": 0.56}, "random forest": {"Yao2019": 1.0, "Wozniak2015": 0.6602500000000001, "Yao2019 to Wozniak2015": 0.55255, "Wozniak2015 to Yao2019": 0.6000000000000001}, "xgb": {"Yao2019": 0.8, "Wozniak2015": 0.6609999999999999, "Yao2019 to Wozniak2015": 0.475, "Wozniak2015 to Yao2019": 0.8}}