{"logreg": {"Yao2019": 0.8, "Marzi2016": 0.9764030180600161, "Yao2019 to Marzi2016": 0.16884739159891599, "Marzi2016 to Yao2019": 0.4}, "SVM": {"Yao2019": 0.6, "Marzi2016": 0.9689123703626967, "Yao2019 to Marzi2016": 0.3012152777777778, "Marzi2016 to Yao2019": 0.24}, "random forest": {"Yao2019": 0.8, "Marzi2016": 0.9479254866075024, "Yao2019 to Marzi2016": 0.260596629403794, "Marzi2016 to Yao2019": 0.5}, "xgb": {"Yao2019": 0.9, "Marzi2016": 0.968569701992472, "Yao2019 to Marzi2016": 0.4286077235772358, "Marzi2016 to Yao2019": 0.56}}