{"logreg": {"Yao2019": 1.0, "Leidinger2014": 0.8245039682539683, "Yao2019 to Leidinger2014": 0.4135338345864662, "Leidinger2014 to Yao2019": 0.4}, "SVM": {"Yao2019": 1.0, "Leidinger2014": 0.5244543650793652, "Yao2019 to Leidinger2014": 0.550125313283208, "Leidinger2014 to Yao2019": 0.92}, "random forest": {"Yao2019": 0.9, "Leidinger2014": 0.5105654761904762, "Yao2019 to Leidinger2014": 0.4943609022556391, "Leidinger2014 to Yao2019": 0.42}, "xgb": {"Yao2019": 0.8, "Leidinger2014": 0.5688492063492063, "Yao2019 to Leidinger2014": 0.4699248120300752, "Leidinger2014 to Yao2019": 0.6799999999999999}}