{"logreg": {"Zaporozhchenko2018": 0.20833333333333334, "Patnaik2017": 0.5271132897603485, "Zaporozhchenko2018 to Patnaik2017": 0.4645122319540924, "Patnaik2017 to Zaporozhchenko2018": 0.38823529411764707}, "SVM": {"Zaporozhchenko2018": 0.7166666666666667, "Patnaik2017": 0.5481263616557734, "Zaporozhchenko2018 to Patnaik2017": 0.5295983086680762, "Patnaik2017 to Zaporozhchenko2018": 0.47058823529411764}, "random forest": {"Zaporozhchenko2018": 0.8416666666666668, "Patnaik2017": 0.5288153594771241, "Zaporozhchenko2018 to Patnaik2017": 0.48067049229839925, "Patnaik2017 to Zaporozhchenko2018": 0.5735294117647058}, "xgb": {"Zaporozhchenko2018": 0.75, "Patnaik2017": 0.6193464052287582, "Zaporozhchenko2018 to Patnaik2017": 0.4226064633041377, "Patnaik2017 to Zaporozhchenko2018": 0.42352941176470593}}