{"logreg": {"Zaporozhchenko2018": 0.6416666666666666, "Li2017": 0.6666666666666666, "Zaporozhchenko2018 to Li2017": 0.22222222222222224, "Li2017 to Zaporozhchenko2018": 0.24705882352941172}, "SVM": {"Zaporozhchenko2018": 0.6666666666666666, "Li2017": 0.6666666666666666, "Zaporozhchenko2018 to Li2017": 0.5, "Li2017 to Zaporozhchenko2018": 0.8}, "random forest": {"Zaporozhchenko2018": 0.7999999999999999, "Li2017": 0.8333333333333334, "Zaporozhchenko2018 to Li2017": 0.4722222222222222, "Li2017 to Zaporozhchenko2018": 0.23529411764705882}, "xgb": {"Zaporozhchenko2018": 0.725, "Li2017": 0.5, "Zaporozhchenko2018 to Li2017": 0.5555555555555556, "Li2017 to Zaporozhchenko2018": 0.5558823529411764}}