{"logreg": {"Zaporozhchenko2018": 0.20833333333333334, "Patnaik2012": 0.7142857142857142, "Zaporozhchenko2018 to Patnaik2012": 0.6957070707070707, "Patnaik2012 to Zaporozhchenko2018": 0.4411764705882353}, "SVM": {"Zaporozhchenko2018": 0.7166666666666667, "Patnaik2012": 0.7825396825396826, "Zaporozhchenko2018 to Patnaik2012": 0.6515151515151516, "Patnaik2012 to Zaporozhchenko2018": 0.7294117647058823}, "random forest": {"Zaporozhchenko2018": 0.8125, "Patnaik2012": 0.8293650793650794, "Zaporozhchenko2018 to Patnaik2012": 0.33585858585858586, "Patnaik2012 to Zaporozhchenko2018": 0.6029411764705882}, "xgb": {"Zaporozhchenko2018": 0.725, "Patnaik2012": 0.7126984126984126, "Zaporozhchenko2018 to Patnaik2012": 0.44191919191919193, "Patnaik2012 to Zaporozhchenko2018": 0.4117647058823529}}