{"logreg": {"Zaporozhchenko2018": 0.20833333333333334, "Asakura2020": 0.8331175736450543, "Zaporozhchenko2018 to Asakura2020": 0.6075280261104016, "Asakura2020 to Zaporozhchenko2018": 0.38823529411764707}, "SVM": {"Zaporozhchenko2018": 0.7166666666666667, "Asakura2020": 0.8843496417240774, "Zaporozhchenko2018 to Asakura2020": 0.72478998741625, "Asakura2020 to Zaporozhchenko2018": 0.31176470588235294}, "random forest": {"Zaporozhchenko2018": 0.8375, "Asakura2020": 0.9472410718559704, "Zaporozhchenko2018 to Asakura2020": 0.3774136934185698, "Asakura2020 to Zaporozhchenko2018": 0.40882352941176464}, "xgb": {"Zaporozhchenko2018": 0.75, "Asakura2020": 0.9488456400243326, "Zaporozhchenko2018 to Asakura2020": 0.5309795681181958, "Asakura2020 to Zaporozhchenko2018": 0.5}}