{"logreg": {"Zaporozhchenko2018": 0.31666666666666665, "Halvorsen2016": 0.9083333333333334, "Zaporozhchenko2018 to Halvorsen2016": 0.4769736842105263, "Halvorsen2016 to Zaporozhchenko2018": 0.7176470588235295}, "SVM": {"Zaporozhchenko2018": 0.6416666666666666, "Halvorsen2016": 0.9833333333333334, "Zaporozhchenko2018 to Halvorsen2016": 0.3157894736842105, "Halvorsen2016 to Zaporozhchenko2018": 0.7352941176470588}, "random forest": {"Zaporozhchenko2018": 0.8291666666666668, "Halvorsen2016": 0.9833333333333334, "Zaporozhchenko2018 to Halvorsen2016": 0.7088815789473685, "Halvorsen2016 to Zaporozhchenko2018": 0.7205882352941176}, "xgb": {"Zaporozhchenko2018": 0.6583333333333333, "Halvorsen2016": 0.9291666666666666, "Zaporozhchenko2018 to Halvorsen2016": 0.3865131578947369, "Halvorsen2016 to Zaporozhchenko2018": 0.7}}