{"logreg": {"Zaporozhchenko2018": 0.2, "Nigita2018": 0.39166666666666666, "Zaporozhchenko2018 to Nigita2018": 0.5789473684210527, "Nigita2018 to Zaporozhchenko2018": 0.2852941176470588}, "SVM": {"Zaporozhchenko2018": 0.6249999999999999, "Nigita2018": 0.425, "Zaporozhchenko2018 to Nigita2018": 0.3458646616541354, "Nigita2018 to Zaporozhchenko2018": 0.5588235294117647}, "random forest": {"Zaporozhchenko2018": 0.7833333333333334, "Nigita2018": 0.36666666666666664, "Zaporozhchenko2018 to Nigita2018": 0.4736842105263158, "Nigita2018 to Zaporozhchenko2018": 0.6764705882352942}, "xgb": {"Zaporozhchenko2018": 0.7583333333333333, "Nigita2018": 0.36666666666666664, "Zaporozhchenko2018 to Nigita2018": 0.4736842105263158, "Nigita2018 to Zaporozhchenko2018": 0.47058823529411764}}