{"logreg": {"Zaporozhchenko2018": 0.2416666666666667, "Leidinger2014": 0.6875496031746031, "Zaporozhchenko2018 to Leidinger2014": 0.44830827067669177, "Leidinger2014 to Zaporozhchenko2018": 0.31176470588235294}, "SVM": {"Zaporozhchenko2018": 0.7166666666666667, "Leidinger2014": 0.4961805555555555, "Zaporozhchenko2018 to Leidinger2014": 0.45332080200501257, "Leidinger2014 to Zaporozhchenko2018": 0.7647058823529412}, "random forest": {"Zaporozhchenko2018": 0.8541666666666667, "Leidinger2014": 0.515451388888889, "Zaporozhchenko2018 to Leidinger2014": 0.4395363408521303, "Leidinger2014 to Zaporozhchenko2018": 0.5705882352941176}, "xgb": {"Zaporozhchenko2018": 0.75, "Leidinger2014": 0.5119543650793651, "Zaporozhchenko2018 to Leidinger2014": 0.3941102756892231, "Leidinger2014 to Zaporozhchenko2018": 0.5411764705882353}}