{"logreg": {"Zaporozhchenko2018": 0.2416666666666667, "Reis2020": 0.9857142857142858, "Zaporozhchenko2018 to Reis2020": 0.5918367346938775, "Reis2020 to Zaporozhchenko2018": 0.48823529411764705}, "SVM": {"Zaporozhchenko2018": 0.7166666666666667, "Reis2020": 1.0, "Zaporozhchenko2018 to Reis2020": 0.8938775510204082, "Reis2020 to Zaporozhchenko2018": 0.34705882352941175}, "random forest": {"Zaporozhchenko2018": 0.8166666666666668, "Reis2020": 0.9571428571428571, "Zaporozhchenko2018 to Reis2020": 0.21224489795918366, "Reis2020 to Zaporozhchenko2018": 0.39705882352941174}, "xgb": {"Zaporozhchenko2018": 0.75, "Reis2020": 0.9857142857142858, "Zaporozhchenko2018 to Reis2020": 0.008163265306122448, "Reis2020 to Zaporozhchenko2018": 0.611764705882353}}