{"logreg": {"Zaporozhchenko2018": 0.35, "Duan2021": 0.9, "Zaporozhchenko2018 to Duan2021": 0.5833333333333334, "Duan2021 to Zaporozhchenko2018": 0.6235294117647059}, "SVM": {"Zaporozhchenko2018": 0.85, "Duan2021": 0.9, "Zaporozhchenko2018 to Duan2021": 0.8611111111111112, "Duan2021 to Zaporozhchenko2018": 0.7705882352941176}, "random forest": {"Zaporozhchenko2018": 0.9416666666666667, "Duan2021": 1.0, "Zaporozhchenko2018 to Duan2021": 0.9444444444444445, "Duan2021 to Zaporozhchenko2018": 0.6911764705882353}, "xgb": {"Zaporozhchenko2018": 0.875, "Duan2021": 0.7, "Zaporozhchenko2018 to Duan2021": 0.6944444444444444, "Duan2021 to Zaporozhchenko2018": 0.6911764705882353}}