{"logreg": {"Zaporozhchenko2018": 0.23333333333333334, "Chen2019": 0.615, "Zaporozhchenko2018 to Chen2019": 0.30972222222222223, "Chen2019 to Zaporozhchenko2018": 0.27058823529411763}, "SVM": {"Zaporozhchenko2018": 0.8083333333333333, "Chen2019": 0.7066666666666667, "Zaporozhchenko2018 to Chen2019": 0.5777777777777778, "Chen2019 to Zaporozhchenko2018": 0.5735294117647058}, "random forest": {"Zaporozhchenko2018": 0.8, "Chen2019": 0.7191666666666667, "Zaporozhchenko2018 to Chen2019": 0.6972222222222222, "Chen2019 to Zaporozhchenko2018": 0.7352941176470588}, "xgb": {"Zaporozhchenko2018": 0.8083333333333332, "Chen2019": 0.6249999999999999, "Zaporozhchenko2018 to Chen2019": 0.6083333333333333, "Chen2019 to Zaporozhchenko2018": 0.611764705882353}}