{"logreg": {"Zaporozhchenko2018": 0.6916666666666667, "Keller2020": 0.6375816993464052, "Zaporozhchenko2018 to Keller2020": 0.4806818181818182, "Keller2020 to Zaporozhchenko2018": 0.37058823529411766}, "SVM": {"Zaporozhchenko2018": 0.7166666666666666, "Keller2020": 0.542156862745098, "Zaporozhchenko2018 to Keller2020": 0.675, "Keller2020 to Zaporozhchenko2018": 0.42352941176470593}, "random forest": {"Zaporozhchenko2018": 0.775, "Keller2020": 0.72859477124183, "Zaporozhchenko2018 to Keller2020": 0.6193181818181818, "Keller2020 to Zaporozhchenko2018": 0.6941176470588235}, "xgb": {"Zaporozhchenko2018": 0.6666666666666666, "Keller2020": 0.7555555555555555, "Zaporozhchenko2018 to Keller2020": 0.5897727272727273, "Keller2020 to Zaporozhchenko2018": 0.7}}