{"logreg": {"Zaporozhchenko2018": 0.2416666666666667, "Keller2014": 0.8000334168755222, "Zaporozhchenko2018 to Keller2014": 0.37438064704167884, "Keller2014 to Zaporozhchenko2018": 0.6352941176470589}, "SVM": {"Zaporozhchenko2018": 0.8083333333333333, "Keller2014": 0.877415761626288, "Zaporozhchenko2018 to Keller2014": 0.3841445642669775, "Keller2014 to Zaporozhchenko2018": 0.4235294117647058}, "random forest": {"Zaporozhchenko2018": 0.8, "Keller2014": 0.8597076023391812, "Zaporozhchenko2018 to Keller2014": 0.331754590498397, "Keller2014 to Zaporozhchenko2018": 0.4529411764705882}, "xgb": {"Zaporozhchenko2018": 0.7166666666666666, "Keller2014": 0.8054859370648844, "Zaporozhchenko2018 to Keller2014": 0.3712474497231128, "Keller2014 to Zaporozhchenko2018": 0.22941176470588237}}