{"logreg": {"Zaporozhchenko2018": 0.36666666666666664, "Boeri2011": 0.7333333333333333, "Zaporozhchenko2018 to Boeri2011": 0.7105263157894736, "Boeri2011 to Zaporozhchenko2018": 0.6176470588235294}, "SVM": {"Zaporozhchenko2018": 0.6916666666666667, "Boeri2011": 0.9, "Zaporozhchenko2018 to Boeri2011": 0.5526315789473684, "Boeri2011 to Zaporozhchenko2018": 0.4588235294117647}, "random forest": {"Zaporozhchenko2018": 0.8208333333333334, "Boeri2011": 0.925, "Zaporozhchenko2018 to Boeri2011": 0.48245614035087725, "Boeri2011 to Zaporozhchenko2018": 0.6647058823529411}, "xgb": {"Zaporozhchenko2018": 0.6749999999999999, "Boeri2011": 0.925, "Zaporozhchenko2018 to Boeri2011": 0.3508771929824561, "Boeri2011 to Zaporozhchenko2018": 0.5882352941176471}}