{"logreg": {"Zaporozhchenko2018": 0.375, "Keller2009": 0.875, "Zaporozhchenko2018 to Keller2009": 0.6284829721362228, "Keller2009 to Zaporozhchenko2018": 0.44705882352941173}, "SVM": {"Zaporozhchenko2018": 0.8166666666666668, "Keller2009": 0.9, "Zaporozhchenko2018 to Keller2009": 0.32198142414860687, "Keller2009 to Zaporozhchenko2018": 0.3705882352941176}, "random forest": {"Zaporozhchenko2018": 0.8416666666666668, "Keller2009": 0.9125, "Zaporozhchenko2018 to Keller2009": 0.48761609907120745, "Keller2009 to Zaporozhchenko2018": 0.438235294117647}, "xgb": {"Zaporozhchenko2018": 0.7583333333333332, "Keller2009": 0.9, "Zaporozhchenko2018 to Keller2009": 0.6006191950464397, "Keller2009 to Zaporozhchenko2018": 0.611764705882353}}