{"logreg": {"Zaporozhchenko2018": 0.20833333333333334, "Leidinger2011": 0.36777777777777776, "Zaporozhchenko2018 to Leidinger2011": 0.43327067669172936, "Leidinger2011 to Zaporozhchenko2018": 0.6264705882352941}, "SVM": {"Zaporozhchenko2018": 0.75, "Leidinger2011": 0.7816666666666666, "Zaporozhchenko2018 to Leidinger2011": 0.3007518796992481, "Leidinger2011 to Zaporozhchenko2018": 0.21176470588235297}, "random forest": {"Zaporozhchenko2018": 0.8666666666666668, "Leidinger2011": 0.7833333333333332, "Zaporozhchenko2018 to Leidinger2011": 0.1475563909774436, "Leidinger2011 to Zaporozhchenko2018": 0.20294117647058824}, "xgb": {"Zaporozhchenko2018": 0.725, "Leidinger2011": 0.6866666666666668, "Zaporozhchenko2018 to Leidinger2011": 0.17951127819548873, "Leidinger2011 to Zaporozhchenko2018": 0.31176470588235294}}