{"logreg": {"Zaporozhchenko2018": 0.275, "Wozniak2015": 0.5035000000000001, "Zaporozhchenko2018 to Wozniak2015": 0.5125500000000001, "Wozniak2015 to Zaporozhchenko2018": 0.3999999999999999}, "SVM": {"Zaporozhchenko2018": 0.775, "Wozniak2015": 0.5795, "Zaporozhchenko2018 to Wozniak2015": 0.4925, "Wozniak2015 to Zaporozhchenko2018": 0.47058823529411764}, "random forest": {"Zaporozhchenko2018": 0.8208333333333334, "Wozniak2015": 0.6255000000000001, "Zaporozhchenko2018 to Wozniak2015": 0.5225, "Wozniak2015 to Zaporozhchenko2018": 0.4147058823529412}, "xgb": {"Zaporozhchenko2018": 0.7499999999999999, "Wozniak2015": 0.622, "Zaporozhchenko2018 to Wozniak2015": 0.505, "Wozniak2015 to Zaporozhchenko2018": 0.4117647058823529}}