{"logreg": {"Zaporozhchenko2018": 0.2416666666666667, "Jin2017": 1.0, "Zaporozhchenko2018 to Jin2017": 0.5833333333333334, "Jin2017 to Zaporozhchenko2018": 0.7}, "SVM": {"Zaporozhchenko2018": 0.775, "Jin2017": 1.0, "Zaporozhchenko2018 to Jin2017": 0.3862179487179487, "Jin2017 to Zaporozhchenko2018": 0.6176470588235294}, "random forest": {"Zaporozhchenko2018": 0.8416666666666668, "Jin2017": 0.9800000000000001, "Zaporozhchenko2018 to Jin2017": 0.8685897435897436, "Jin2017 to Zaporozhchenko2018": 0.7323529411764707}, "xgb": {"Zaporozhchenko2018": 0.75, "Jin2017": 0.9800000000000001, "Zaporozhchenko2018 to Jin2017": 0.7019230769230769, "Jin2017 to Zaporozhchenko2018": 0.7117647058823529}}