{"logreg": {"Zaporozhchenko2018": 0.5, "Bianchi2011": 0.686871023713129, "Zaporozhchenko2018 to Bianchi2011": 0.5813882532418001, "Bianchi2011 to Zaporozhchenko2018": 0.5235294117647058}, "SVM": {"Zaporozhchenko2018": 0.41666666666666663, "Bianchi2011": 0.6558126084441873, "Zaporozhchenko2018 to Bianchi2011": 0.4204424103737605, "Bianchi2011 to Zaporozhchenko2018": 0.6294117647058823}, "random forest": {"Zaporozhchenko2018": 0.6833333333333332, "Bianchi2011": 0.7516194331983805, "Zaporozhchenko2018 to Bianchi2011": 0.632875667429443, "Bianchi2011 to Zaporozhchenko2018": 0.5529411764705883}, "xgb": {"Zaporozhchenko2018": 0.5416666666666666, "Bianchi2011": 0.6893580104106419, "Zaporozhchenko2018 to Bianchi2011": 0.6520213577421815, "Bianchi2011 to Zaporozhchenko2018": 0.47647058823529415}}