{"logreg": {"Zaporozhchenko2018": 0.2666666666666667, "Yao2019": 0.4, "Zaporozhchenko2018 to Yao2019": 0.44000000000000006, "Yao2019 to Zaporozhchenko2018": 0.5588235294117647}, "SVM": {"Zaporozhchenko2018": 0.775, "Yao2019": 0.6, "Zaporozhchenko2018 to Yao2019": 0.92, "Yao2019 to Zaporozhchenko2018": 0.3529411764705882}, "random forest": {"Zaporozhchenko2018": 0.8, "Yao2019": 0.6, "Zaporozhchenko2018 to Yao2019": 0.5800000000000001, "Yao2019 to Zaporozhchenko2018": 0.6735294117647059}, "xgb": {"Zaporozhchenko2018": 0.6916666666666667, "Yao2019": 0.4, "Zaporozhchenko2018 to Yao2019": 0.54, "Yao2019 to Zaporozhchenko2018": 0.6235294117647058}}