{"logreg": {"Zaporozhchenko2018": 0.2416666666666667, "Fehlmann2020": 0.956043521879919, "Zaporozhchenko2018 to Fehlmann2020": 0.48230180901907616, "Fehlmann2020 to Zaporozhchenko2018": 0.3941176470588235}, "SVM": {"Zaporozhchenko2018": 0.75, "Fehlmann2020": 0.9772137539986788, "Zaporozhchenko2018 to Fehlmann2020": 0.5722957150486833, "Fehlmann2020 to Zaporozhchenko2018": 0.32352941176470584}, "random forest": {"Zaporozhchenko2018": 0.75, "Fehlmann2020": 0.9601531119101837, "Zaporozhchenko2018 to Fehlmann2020": 0.5838083549018802, "Fehlmann2020 to Zaporozhchenko2018": 0.4794117647058823}, "xgb": {"Zaporozhchenko2018": 0.7166666666666666, "Fehlmann2020": 0.9703537967939904, "Zaporozhchenko2018 to Fehlmann2020": 0.44716219547265934, "Fehlmann2020 to Zaporozhchenko2018": 0.48235294117647065}}