{"Boeri2011": {"Boeri2011": {"0": [-2.0225401427695586, 1.9917655479723855, -0.5270644410801075, -0.9433463833335429, -0.6578494427606048, 1.8222039037601274, -1.6825379193829748, -2.1804777751529056, -0.32161542678701, 1.8135491318433883, 1.496186867563766, 2.6082222699533637, -0.9584814954364081, -1.5239722768351331, 1.5027471561386156, 0.7982101415532533, 1.805377876211007, 1.260387782098343, -0.9564157805190732, -1.3453792052847438, -1.8950680480035742, 1.7548948377392648, -0.18732809358147373, -0.8236872278662025, -0.8277818560401995], "1": [0.582439995173417, 0.5127625096573099, -1.665451766526436, 2.9254261998507354, 0.7816944776048792, 0.8599616490000187, 0.45452366896779645, -1.390357883085398, 0.2059279186262641, -0.8620735443046345, 0.3069525050692372, 0.22085623985626618, -1.4451556376058259, 0.8443833993423924, -0.38777683424368403, -1.821058549282551, 0.6934230765866038, -0.806710769616244, -0.07501711389510063, 1.586243998328807, -0.8427665838923164, 0.32415136380259707, 0.13428076239436568, -0.790095466167278, -0.34656361564122307], "2": [-1.1267486180983404, -1.3353724891215186, 0.41166112175841857, -0.9272372595551283, -1.2182509227116949, -0.4650973541868802, 0.7943298517467948, -1.706639425522877, 1.5915677464177038, -0.18640349391963537, -0.5591393170850374, 0.7766781595382823, 1.0399802700788177, 1.2290952305560234, -0.6776663604526575, -0.3370946556336925, 1.9867424617498501, -0.5566083570626126, -0.7487086935534167, 0.6782976247558571, -0.17965497482601356, -0.44447039526688104, 0.8961011853937692, 0.5858264342115966, 0.4788122307892731], "3": [1.697837222352826, 0.5860787158339518, 0.6194255159026074, 0.20417331900217514, -1.5429551749181725, 0.8791125995441043, -0.37274708030182047, -0.3860531304572374, 0.3267615032212027, -0.2752791852324719, 0.2679111568816744, 0.20668473884351768, -0.196808889093135, 0.026890762579029368, -0.42839956622786, 0.620938473773212, -0.6662607102607523, -0.6936951165512646, -0.2429593481459616, -0.374955976968423, -1.0087181711702564, -0.6645620465691207, 0.20339408193746716, 0.6978946663836045, 0.5162916396411044], "4": [0.4132536275688578, 0.6541396835615422, -0.6497723917208854, -0.6048425527395158, -0.008783044229198024, -0.28131841023332577, 0.1398575576655823, 0.4805998728433811, 0.36562393567016405, -0.687973357041975, -0.7462725204688921, 0.7795786995090315, -0.42027585740407636, -0.35615313934755227, -0.16941132208357024, -0.051643304562281826, 0.1756526186456761, -0.04040692007283064, -0.25264476806564407, 0.06850949118966114, 0.3635781161968085, 0.42554218956356166, 0.10574583167488653, 0.31105414889797545, -0.013638185017380408], "cancer": [1, 1, 1, 1, 1, 1, 1, 1, 1, 1, 1, 1, 1, 1, 1, 1, 1, 1, 1, 0, 0, 0, 0, 0, 0]}, "Yao2019": {"0": [0.23872790430958205, -0.3664988414847888, -1.2477716716724183, 0.318096123871497, -2.206115693421504, 0.318096123871497, 0.28157239414853097, 0.6490598721678161, 0.9555007336359859, -0.8361294326840972], "1": [-0.4235586394491192, 0.2808842728108443, -1.0922298234832744, 0.28411834935673685, -0.08442339622277911, 0.28411834935673685, -0.0415410041347993, 1.373998370668611, -0.5418993775898356, -0.002262892333982511], "2": [0.4150100188142393, -0.7930422751162097, 1.6549427870978999, -1.0275976767026516, 0.9342276861156322, -1.0275976767026516, -0.3637373323714186, -0.17954399485215808, 1.3041717239504311, 0.23202013300148258], "3": [-2.077795132481454, 0.7372257215747887, 0.6001470595260932, 0.6392589093745408, 0.11055403545931897, 0.6392589093745408, -0.6110771573180754, 1.0202229235581224, -1.5207640968731013, 0.10338437659061525], "4": [3.7593790505089704, 0.1472135699859478, -1.2357276623607285, 0.18323393979257602, -1.13880827169692, 0.18323393979257602, 1.8289072104651038, 0.35359673076210973, -2.547833029665987, -0.8143230783480487], "cancer": [1, 1, 1, 1, 1, 0, 0, 0, 0, 0]}, "variance explained": [0.4519189879125958, 0.2297843095409067, 0.1885802107590177, 0.09386640740774814, 0.03585008437973162]}, "Yao2019": {"Boeri2011": {"0": [-0.0535389951385002, 1.3437538391423345, -1.0883462228696217, -0.296591178304635, 0.52894208069721, 0.19524308609007943, -0.3558974583440655, 0.34395607597099187, -0.20550263904552354, -0.18770875579326282, -0.21246158181659416, 1.0829693964035414, -0.9704035512467201, -0.9287920777005391, 0.4167104509246666, -0.05446443172189262, 0.23385838964177172, 0.45955852442166434, -0.20963686544848495, -0.21131538131016983, 0.06306749164912392, 1.063813904460539, -0.21004506408110182, -0.26197122924966965, -0.4567017485831705], "1": [-1.9525225131199229, -1.6407649201318655, 0.3480977208597971, -1.920689790537729, 0.006654112537265011, -1.543561571597173, 0.6022676548984314, -0.029158705199300344, 0.5630251618587457, 0.07382044939909575, -0.9608084461281352, -0.08209664851579633, 1.2575283068210839, 0.3617489204305596, -0.21729671395919645, -0.10279777875383485, 1.0674651019709922, 0.23978625538711223, -0.2795930926660407, 0.047214773634919785, 1.0366034699122881, -0.17232089601612707, 0.23762017085975312, 0.15997927168802617, 0.020028419325111447], "2": [-2.0587704410305294, 1.7318106158235302, -0.48714367782837475, -0.06175426139727322, 0.3635043353583668, 1.7298262289320585, -1.2437584368316523, -1.6783711119156022, -0.4912247605983544, 2.014018859750865, 1.752870801117573, 2.058168937443403, -0.7237812817100391, -1.0833442529905382, 1.7341849764496402, 0.540322182008482, 1.7502051652859227, 1.5071868829528212, -0.39272012602183765, -0.7886460669552543, -1.3155962127403136, 1.8819920393939842, -0.16985982826677268, -1.0158274907940112, -0.7903457989950401], "3": [-0.4563686972588563, 0.01764542469318263, -0.5363908700627347, 0.33789294840667805, -1.3042139358059923, 0.7213423586142758, 0.23889601838154345, -2.563441059651604, 1.3525723971342412, -0.3473083702594212, 0.013057226957232666, 1.5166225597587002, -0.314271370588371, 0.8352392054395924, -0.5340734905350473, -0.7282467318119727, 2.0267888163643972, -0.7670356450308503, -1.0111374626358218, 0.7459615339490777, -1.3293895977010801, 0.06055528941670447, 0.7389013957347519, 0.12907106109220676, 0.12935211052649542], "4": [-0.3114443252035882, 0.5909125449710818, 1.4518117282749237, -2.6098322661247195, -1.663255017081804, 0.3813674356555245, -0.9584067016062553, 0.08667044830090989, 0.1636629348743626, 1.1268756324938665, 0.32963293484450673, 1.0754363600415955, 0.8177499154947426, -1.0253111883303965, 0.5865175254565752, 2.029954464873775, 0.045241424527120315, 0.7256660618804417, -0.43532235333290403, -1.745677570879047, -0.40847220943867746, 0.09830962788600131, 0.10185896699999344, 0.8408436455501095, 0.3527393630364335], "cancer": [1, 1, 1, 1, 1, 1, 1, 1, 1, 1, 1, 1, 1, 1, 1, 1, 1, 1, 1, 0, 0, 0, 0, 0, 0]}, "Yao2019": {"0": [3.732091304692938, 0.14828947568536527, -2.063713864250868, 0.41890581117297554, -1.8196614183938173, 0.41890581117297554, 1.9435701183138876, 0.44991974416915786, -2.21353273497197, -1.014774247590645], "1": [2.052117508441603, -1.1533883949859562, 0.8746718113616323, -1.286223259144859, 0.499078854516738, -1.286223259144859, 0.2500170218075259, -1.5101372262689832, 1.601793770614425, -0.0417068271972667], "2": [-0.26677472941926944, -0.2903757513392765, -1.0029301534436743, 0.3538434829933926, -1.5083979535774412, 0.35384348299339247, 0.06824690571818139, 0.4741980417728522, 2.1464570603394986, -0.3281103860376563], "3": [0.09714184149122991, -0.3143706314023233, 0.3686712285295471, -0.345042049696468, -0.10215051370025989, -0.3450420496964681, -0.1415575187502982, 1.0452780914288686, -0.07185033185162966, -0.19107806635219834], "4": [-0.0495662299361648, 0.022602133581346377, 0.8009112395079864, 0.18919884914362636, -0.6220502981473589, 0.1891988491436264, 0.07932374719819363, -0.24915366669284852, -0.11360871845292554, -0.24685590534548116], "cancer": [1, 1, 1, 1, 1, 0, 0, 0, 0, 0]}, "variance explained": [0.5471969364267691, 0.2543903767104145, 0.148615005052993, 0.028358449563216943, 0.02143923224660632]},