{"Duan2021": {"Duan2021": {"0": [5.60014848017321, -13.481120583286515, -6.435725554312952, -11.245008623874346, -14.709109797860823, -11.792202221221652, -2.2230224533875953, 3.4321255483263937, 10.201634768367542, 9.95800367272698, 16.970564431328942, 13.72371233302081], "1": [-4.5984955097631905, -0.7259160106552294, 8.393410377658379, -2.9560367637721887, -7.228318155596787, 0.9508936908051813, 2.4779974895044607, 6.64748543946742, 3.7330442329346885, 1.5944846370506864, -4.89200042604536, -3.396549001588053], "2": [8.342070183585363, -0.20975886483835302, 3.3294013890026015, -2.3078582574031343, -4.472035099970281, 0.7781498806610575, 6.746149590056416, -4.128226990539386, -4.053431814722946, -3.2219936913192355, 0.9059744680573615, -1.7084407925694585], "3": [0.5466819831936036, -4.924919099960323, 2.1256229528973845, -4.3732477120783, 6.4143531005253624, -0.791387810576657, 1.4904487552599497, 0.49745607275716613, 0.2617107980713544, 0.3944639101429844, -0.7403635243110936, -0.9008194259214327], "4": [5.206482512541058, -0.17933072189583799, -2.2772278648063358, 0.6937216359206321, -0.12668073372847632, -1.2178590045317381, -1.8972170340532228, 3.4936176868342668, -0.45946056839144706, 2.270950828439609, -4.069326663892901, -1.4376700724356142], "5": [-0.5431552189509073, -4.951000556003626, 0.5293770865242751, 5.5234418128786515, -0.719697346487003, -0.17748448319550886, 1.598992734051089, -2.217708727319367, 0.3443891724282867, 2.1439397135832627, -1.0929336007850685, -0.43816058672408487], "6": [-1.701134171556161, 0.7608940131824964, -4.526859030251247, -1.3470946765994958, -0.06289074730246251, 0.8553469371993572, 5.191135619625342, 0.2582748190460447, 0.3895159086064254, 1.5105860054413982, -1.686738808051479, 0.35896413065977434], "7": [-0.24507635013348178, -2.5783357573187087, -1.2628547915884822, 0.4905165401443508, -0.5512287011248609, 3.538947171649789, -0.1906200793993139, 3.3419878589348597, -2.2551179253739737, -2.074604469475382, 1.503321023778259, 0.283065479906944], "8": [0.49411122040334043, -0.33298829865576074, -0.09907232725984895, -1.7053900971318985, -0.5702591123159092, 4.157327859791387, -1.8511980374955408, -2.3593953868647852, 0.6692297865175837, 2.3902875448208536, -0.6787907369270599, -0.11386241488235789], "9": [0.8274236420392409, -0.5161113861929587, -0.7055465038762496, 0.24835008820416882, -0.00826815771388393, 0.599464390457991, -0.03509263272635738, -0.33646852116898457, 3.301354348634748, -2.6512597854146867, -0.8190674113946159, 0.09522192915158781], "cancer": [true, true, true, true, true, true, false, false, false, false, false, false]}, "Qu2017": {"0": [1.1416167344140185, 1.1852045684865775, 2.3781128550479353, -3.371053704267935, -7.0436192170551335, 1.4546438059669615, -1.2285979520466468, -2.0784450708897912, -5.615522454163607, 4.407919769387274, 2.0012965664216438, -1.5190222915736082, 0.9665439266569681], "1": [-1.0443075499385162, 1.3843391570412633, -1.6812091373427942, 2.506948558665116, 5.186693618475684, 0.37391720327774264, 0.8086046319185874, 2.2369754492614753, 3.1909241996657314, -4.7556876469922456, -2.7667061553068044, 3.126717084069515, -1.365606006670154], "2": [2.9051439890862603, 1.9564079280166473, -0.17046979015530014, -1.5434330619180354, -7.095107834831667, 0.6025981761638093, 2.0985202305349064, -2.092023926809948, -6.200670420478152, -0.19957113431189433, 1.0234221069064435, 1.6999510744901911, 1.7157689353114718], "3": [1.4395187238224458, -0.049522449699701994, -1.244977553624186, 1.7921466491409033, 0.3131546232187977, 1.0355807186128536, 2.4755284585314477, 1.5704089370775995, 2.8266854753711494, -3.589371316784779, -1.4503261979229765, 2.074612703705648, -1.5498145589762493], "4": [0.197231074694738, -1.3668514921694948, -0.7960108714800689, 2.2247319613274024, 2.924181984049724, 0.23396358574210693, 0.7572726738768751, 1.8123658765702044, 2.822292994397679, -1.250864164255803, -1.0264702957702658, -1.0089524491366904, -0.6289032183968708], "5": [-0.38291343751495494, 0.7695344002975056, -0.10369474481226719, 0.5007319977138215, -0.52293553548586, 0.19175487085218432, 0.35161252277338334, 1.1312752320548418, -0.9176403357629199, -1.0139694956400744, -0.24816214119648794, 0.8450730992578439, -0.035263671361606075], "6": [-1.101088359899961, -1.498882823235396, -2.30237988092984, -0.5356612744690121, 6.755155185622478, -0.91544828019412, -2.3568055018355483, -0.42224342500234496, 5.2114584307090945, -1.364100148026027, 0.01801890827493345, 1.6392710401292532, -1.5527916096072034], "7": [-1.195066119897005, -0.1260307861682144, 1.7372587748899786, -0.9022096322156032, -1.4731440986036788, -0.7630524443720941, 0.3568565389207937, -0.7024491370609087, -0.19703212100605186, 1.1844696328945754, 0.8474800747329013, -0.8845958124509979, 0.3036990050514248], "8": [-0.22048839450763916, 0.7121758348541473, -1.134176369007913, -1.638105736237031, -0.7916927864055758, -0.7969264638901813, -0.7860525342891672, -1.0798771129159677, -1.6086373313779712, 0.7441766747021024, 1.103686758364489, 1.0712529900976187, 0.34478619629236695], "9": [1.6355660486801984, 0.45674543107140053, 0.6368968770458021, 1.7784527385849114, -1.6962294691225885, 0.07545612201354536, 2.270482023134613, 0.1900578560524735, -0.2193148793192105, -1.4585312824399106, -0.8792072471229587, -0.04419123125708321, 0.1027685394238895], "cancer": [true, true, true, true, true, true, true, true, true, false, false, false, false]}, "variance explained": [0.6223870722680357, 0.11133738170901392, 0.0867772346956393, 0.040844299490544966, 0.03219289737031612, 0.03028875207109192, 0.025603747465020803, 0.019247520114456174, 0.015860933633778027, 0.008945771159341281]}, "Qu2017": {"Duan2021": {"0": [-7.2130913193844135, 2.7634393634977856, 0.8114452124748364, 1.4680081446318214, 4.041443187954446, 1.986415539799083, -0.8572016563523887, 0.7773396382252862, -3.1609458562659816, -3.2510475934784617, -11.056454433016565, -7.699994325477259], "1": [-0.4790831552971542, 2.7723457766637574, -0.9222389290784583, 1.8297506241607282, 1.659238669068833, 1.8537613874117524, 0.9490366988911204, 1.6943102123037368, 1.4120616453671908, 2.5652749571938167, 1.5572266633020948, 2.181693555487137], "2": [0.8402565059370963, 0.04857509658298261, 4.158580274260448, -0.8794263125093816, -0.452617094948936, 1.6086822499381912, 3.6480055845641255, -0.34360090266158155, 0.20353829283554614, 0.01090986868602784, -1.609795032219407, -1.9064712217212547], "3": [0.6401083805544602, -0.9395902705830776, -0.3490833455376353, -1.279941313112724, 0.2154813380187018, 0.287922007727173, 0.8268871381373432, -0.3394681566997093, -0.08339639483224144, -0.5620476320957533, 1.4430469358485654, -0.3231379094880355], "4": [2.286499069609663, 0.2271386289146639, -1.3914435460846362, -0.291987657355681, 2.0448190159883266, -0.19066857401541049, 0.46860675383262196, -1.0299338958418074, -0.42947112957321576, -0.2844400293311937, 1.0279997111131507, 1.1140237685281809], "5": [0.8896321394708361, -0.552849931701132, -0.13287853419754828, -1.9422322038679238, -1.0725373462487515, -1.3029554499716511, 0.7726294002088733, -0.7727948024937471, 0.18078049788910225, -0.40361421428543504, -0.18598622062299916, -1.1131685277812842], "6": [3.0750753632807566, -3.9184030194089425, -3.136848812533185, -2.631000634352676, -1.9186607796250674, -4.137700618310666, -1.7970516883395524, -0.2125617578142304, 1.4285587241401643, 1.8768525388825963, 5.777339536600639, 4.441440620089889], "7": [-1.5075575116205426, -2.864934044328973, -1.3790629179208298, -1.8711012381696712, -3.0631802516474704, -2.6012629983408564, -1.0592123624549483, 1.6603610503225616, 2.60222359874076, 2.155299525878174, 3.5270171498958076, 2.555750139314611], "8": [0.9167745163873826, 1.9565376364723022, 0.8365226671535817, 1.3640866684145887, 0.22362571920501806, 1.521135047937371, 0.9164394217008448, -0.7956126928999295, -1.598531453529564, -2.2778612831593525, -0.5783858709021807, -1.1517081185874247],