{"Duan2021": {"Duan2021": {"0": [1.2925816552056797, -23.808459446223967, -15.571776923366388, -23.578574707528556, -26.188770743390698, -22.29129807705538, -8.523703106943035, 14.79544745351033, 26.419745513827557, 24.06044044527768, 26.119670060098432, 27.274697876588295], "1": [15.96246613429762, -3.547608042341309, 4.01420946312046, -5.614513648215091, -9.355609943121609, 0.14763753467078206, 10.393391193485373, 1.44547555874887, -3.752869865948131, -3.251982170110809, -3.092920467913144, -3.347675746673014], "2": [-7.786293960047532, 2.673616619219501, 7.982963804982862, -4.617809993117671, -5.787072431785783, 3.1762509993793855, -1.1063045659757922, 11.595055294696452, 5.174870226069368, 4.417681955028121, -11.461255217353205, -4.261702731095718], "3": [-7.889601855147492, 2.0667491633188138, 6.533543665381896, -3.4041306260806703, -5.730449717061331, 3.499181086730147, 5.3385208013792225, -5.2991954849456615, -1.2280797819328386, -2.419770036453108, 8.104449037282418, 0.4287837475285947], "4": [3.5175784031575095, 10.952146903150236, -1.4751092372260954, -6.159503680629116, -1.0500116799996224, -0.30753015438062636, -5.910592313820564, 1.4084412307167253, -0.36946925926659635, -3.536807481060213, 2.292267185685442, 0.6385900836729456], "5": [-3.1867324329681446, 1.4357603283861697, -5.531490217620351, -5.2443332988142615, 5.206278169890103, -1.9447501121374497, 8.104831624610668, 3.5693615644107837, -0.8575067748468193, -0.8409026315625758, -0.04149590414491382, -0.6690203152032048], "6": [-0.5779111390967362, -3.748015806042481, 4.115096503509265, 0.7895425742294652, 2.247512239849475, -2.373898764846054, -2.352541217684928, 7.157566520277146, -3.194181102729602, -6.046547139660838, 3.9606579522409784, 0.02271937995429523], "7": [-1.5380994962004375, 2.3367724492077184, -5.833946948671951, 6.7447106035599385, -6.507678417972746, 1.4008317812168347, 1.8916827856734877, 3.822671781377378, -0.6221916763215125, -2.9225844468721713, 0.4838355213513799, 0.7439960636520937], "8": [0.4823058687697279, -3.230433874827305, -3.0224604529853116, -2.7317161793150477, 0.6369194023195832, 8.937910216762113, -2.1284255510038235, 1.4190180097575995, -1.707243255350144, 0.6460546357671338, 1.4792299136569524, -0.7811587335514765], "9": [0.1773386528051196, 1.308990027652019, -0.19792751681140686, 1.0204865609970346, -0.7381267383851706, -1.8938329883413467, -0.515736864995348, 1.3972794795442423, -4.299309016617091, 5.976026467983533, 3.407488092184207, -5.642676156015785], "cancer": [true, true, true, true, true, true, false, false, false, false, false, false]}, "Yao2019": {"0": [-1.9024791322634766, 1.4741299562988182, 0.9448839101158447, -0.8464661454953444, 3.1911159197362857, -2.5742467417464066, -0.008244941119482707, 0.49439471464685414, -2.452564556129559, 1.6794770159564707], "1": [-0.11574376666558539, 0.24055358873764168, -0.6960229590826947, 0.16120841183625872, 3.1776740887979518, -0.30814376490443013, 1.596151467995004, -0.9785611190777063, -1.9084602614566115, -1.1686556861798287], "2": [-0.7612084641310655, 0.45214090725292233, 1.2174489052199222, 2.7110062611230044, 0.39432181247432846, -1.456301968038384, -0.9242055129860116, -0.5600875503872771, 0.3488942535967181, -1.4220086441241566], "3": [1.723834458410501, 0.42215738422671945, 0.2004303620089573, -0.02800643237131817, -0.2986960657325389, 0.09507613117664121, 0.6139560390594128, -0.4633547933752846, -2.911031832980094, 0.6456347495770038], "4": [-0.17694200075701372, 0.5467652508949055, 0.7644267331629289, 1.3440768509999723, -0.7483279080387834, 1.348874257095063, -1.8486586140616357, -1.2209617602465956, -2.0935354471303964, 2.084282638081552], "5": [-2.625053108631534, 0.43028153652770584, -0.4266734291241202, 0.5312426799177401, 1.693270433212639, 1.0185560148490123, -0.49717950451904225, 0.18757529878306525, -0.7658303058866568, 0.45381038487119135], "6": [-0.48280348485280256, 0.11003440794949829, -0.2674119884137218, 0.6325192043369394, -0.1309563099199162, -0.030503746835102652, 0.8333103820125913, 0.7763838825902606, -1.3710589638707176, -0.06951338299702806], "7": [-0.24502731048824694, 1.1660859802040044, -0.48930209680793313, -1.1830640306881999, -1.2770243530797243, -0.5101582651341912, 1.7740058911110206, -0.1694696410512309, -0.28848576601762227, 1.2224395919521223], "8": [2.02795372446251, -1.372775994088936, -0.10704706324331092, -2.176882129930057, 0.12399437555364234, 0.8212620261844987, 0.7352106350659411, -0.10261682937112167, 1.0421848648265473, -0.9912836094597145], "9": [1.001794116568302, -0.34035966625622666, -0.6494498007999652, 0.5688419031970813, -0.24219778265260278, 0.02664938942164169, -0.9077854332419537, 0.642827244101748, 0.7268895879847673, -0.8272095583227929], "cancer": [1, 1, 1, 1, 1, 0, 0, 0, 0, 0]}, "variance explained": [0.6955000969463031, 0.07001230436448143, 0.06622087853510501, 0.0370919686288003, 0.02870935670768569, 0.022771195516636866, 0.02030207129842885, 0.020017349369974277, 0.015082373844542113, 0.013400299525261627]}, "Yao2019": {"Duan2021": {"0": [-1.0093984544210501, 2.12414099416598, 1.5812991638560272, 1.512205934823315, 2.373647171598996, 0.9536427368081979, -0.2220514981849325, 0.3097817341888476, -1.0699960112066944, -0.560282448273569, -3.6203325776167494, -2.3726567457383663], "1": [-1.0317119070089742, 2.868551729774161, 0.99103526921913, 5.8864191111252, 5.288910222776137, 4.197908710660905, -0.15425201895777577, -3.309214703418097, -4.192530476150364, -3.0938164181327195, -3.599263281579028, -3.852036238308574], "2": [-1.3071893898784523, 3.620993536159414, 2.59582396228042, 2.6166128165877587, 2.1803686797071924, 2.813834583316131, -0.373610118144547, -2.1680045549716915, -3.2731329877025033, -2.5940411259502993, -1.6301891312693677, -2.481466270134053], "3": [-0.07397429242348341, -0.8307527987439505, -0.33790567566219115, 0.17169615030395388, -0.10930053959883429, 0.2371302084514021, -0.9809474594615181, -0.3917915262403019, 0.39040181534589, 1.5986957754444657, -0.04083482355430623, 0.36758316613887454], "4": [-1.409796201152729, -0.9365287083670513, -2.513609989573251, -1.5181733453999713, -1.8542855276089867, -3.139538747353039, -1.9172929663145293, 1.4921547142698006, 3.197490034457237, 1.8488502505172832, 3.195408982329226, 3.5553215041960105], "5": [0.9881096712611402, -2.756947459251598, -0.3750774025226755, -0.5685868246021255, -3.150897911850793, -0.9580775167970017, 0.982450860526584, 1.0661857396098788, 1.1990226737664151, 0.7692382020043338, 1.2816466106186337, 1.5229333572372092], "6": [-0.9875728357058065, -1.9609702248394065, 0.3211110417974348, -1.6272740718993721, -2.771414214640454, -1.1446733666992819, -1.0788261821040843, 1.9145313603931702, 2.4216996927728047, 2.5497207580465466, 0.4733789056217937, 1.8902891372566548], "7": [-0.14443389562433812, -0.22058248152104315, -0.9498323071733894, -1.37897862051552, -2.4907165981816326, -1.863549932223656, -0.0821997000444764, 1.21946219698967, 1.8755886234438885, 0.9610978238136758, 1.523564976095104, 1.550579914941717], "8": [0.06781857711473566, -3.0186642842909603, -0.2274126788091538, -0.251100685137911, -0.626383108890792, -1.559083087746926, 0.48656822509312403, 1.2379922834479522, -0.01491018006087147, 2.038030160575557, 0.6215573484473222, 1.2455874302579255], "9": [-0.040682943485499, 0.9208040466332489, 0.811410669152056, -0.1701156797116474, -2.4328718438842682, 0.18056181416561684, 0.18501637502873328, 0.8874122499477644, 0.4917848295960817, 0.46755842089027894, -1.0231163013914994, -0.27776163694086325], "cancer": [true, true, true, true, true, true, false, false, false, false, false, false]}, "Yao2019": {"0": [-8.563856450901739, -1.691487575911143, -1.5269368003116672, 20.00230469768391, -4.713912302241718, -3.718011726577318, -4.997217117612479, -2.982542533110664, 13.433090810164385, -5.241431001181563],