{"Duan2021": {"Duan2021": {"0": [1.268291289038666, -2.4014996022636383, -2.3136899995989775, -2.3597560135589846, -2.4227898664455614, -2.3559979189800946, -2.3250713772414207, 0.41428559945186705, 2.0943246950077836, 2.7038972242275072, 4.339274938889836, 3.3587310314730177], "1": [-0.6106266993947219, -0.5386474022150785, 0.6558669118982506, -0.7444922603547381, -0.6667231101624824, 0.1833464487149391, 0.6181877516304867, 0.7980471995463252, 0.753730768200725, 0.5202644368484453, -0.5771835775205658, -0.3917704671915854], "2": [0.0848668657015333, -0.13044879363712092, 0.11592474377500557, 0.4275750510987339, -0.28224251824039787, -0.06148473720944306, 0.017233998499351394, -0.3930305986998079, 0.20086438536539936, 0.19987634547134084, -0.13151054880352217, -0.047624193321071914], "cancer": [true, true, true, true, true, true, false, false, false, false, false, false]}, "Kryczka2021": {"0": [-1.035491752077056, -1.6431396764220918, -1.5415881994927096, 0.3621711199233683, -1.869765619517553, 3.32205999931531, -0.9691135300029825, -0.6580323015409187, -0.9542467956773364, -0.006853765411475475, -1.7823219572967115, -0.5535827420949716, 3.786879306005415, 2.035453151093112, -0.7709636885322187, -1.1789339273051866, -0.2369345990093514, -1.0660466335033736, -1.3654784729793736, 1.9644911519320596, 2.8413032665768325, 2.112799353025918, 3.897939108082115, 3.8585956603072273, 5.313846805351346, 3.1967781120579266, 2.9416459857085338, 2.813135486035464, 4.0861719902663625, 0.9528512429734532, 2.558811847531681, -1.7709919092213273, -0.8731222460248906, -0.527416936278719, -1.1911079307535346, 1.006603491854212, -1.862008789873009, -0.9607394551585305, -1.6634832504280839, -0.2194245063220243, -1.6090579494216095, -0.8271830095822418, -1.5499643322018497, -1.8112324807782818, -0.9202174714179872, -0.511998423726516, -1.4419300900781764, -0.5297122680190949, -0.3838365795860913, -1.2217305984818918, -0.2339547135900591, -1.499465984193495], "1": [0.0719282821517827, 0.09605453257459552, 0.012145992089125165, 0.25257765100177665, -0.010748891790067371, 0.12570809537465888, 0.07677057929841578, 0.1136468444291688, 0.109131778481123, 0.06828865123894506, -0.07086842901274884, 0.16967325865704502, 0.08988010991610772, 0.25909225489232046, 0.009317216413434406, -0.0017496133029987887, -0.023071181445207437, 0.011999923321217958, 0.050388292512671955, -0.12876276400632616, -0.16348993632143913, -0.1730776711278355, -0.020775118480068078, -0.46945531957647796, -0.21958683145254765, -0.09841526442915978, -0.24545410887794933, -0.09686530689117556, -0.5505174850991913, -0.27374926411519673, -0.15025832762535568, -0.21340407323173669, 0.054059447557940815, 0.10702471557195162, 0.006604172951328631, -0.009611980731859232, -0.13530988761018442, 0.035925695145090746, -0.08517681610123279, 0.21622175801067434, -0.019307657598515455, 0.10614266109079228, 0.004516721327364015, 0.002559382366578903, 0.05674304754390457, 0.15512526398337326, 0.013316751552297666, 0.06415280337365788, 0.20825357270108422, 0.05484889952046311, 0.12770399015566455, 0.049130341299700016], "2": [0.18113790240490926, 0.19454104622178006, -0.22622919825740492, 1.388196709498444, -0.40772458280029805, 1.2790905327088669, 0.22017742859774625, 0.471795123776841, 0.3916210421402128, 0.3567890230299464, -0.7053508833155875, 0.7824245154630385, 1.1809927493785737, 1.7390571776982213, -0.095364392732865, -0.23003121111243305, -0.16571169726479637, -0.13819594518391645, 0.006781976651783837, -0.30580691592696485, -0.3213135092636865, -0.5085970366710133, 0.6227453187120979, -1.7324522162941034, -0.1502579237015308, 0.08410547338696218, -0.7318876577383885, 0.022147686647151485, -2.1140409425303037, -1.253556757617934, -0.3067091603624137, -1.4493868434408221, 0.11790068892453683, 0.4615375606508486, -0.18950103714749078, 0.13838048459417757, -1.0573303255408806, 0.007781545579215097, -0.7585112452024279, 1.0919835753903113, -0.4034798508537836, 0.3990933837335051, -0.2666834701610741, -0.3265536929565011, 0.12382121176803944, 0.7165890069111401, -0.2009558624015707, 0.23554180987891443, 1.0197634753531464, 0.05778109687580575, 0.6254131029387517, -0.023695814455186016], "cancer": [1, 1, 1, 1, 1, 1, 1, 1, 1, 1, 1, 1, 1, 1, 1, 1, 1, 1, 1, 1, 1, 1, 1, 1, 1, 1, 1, 1, 1, 1, 1, 0, 0, 0, 0, 0, 0, 0, 0, 0, 0, 0, 0, 0, 0, 0, 0, 0, 0, 0, 0, 0]}, "variance explained": [0.9387744241415155, 0.05442492573536181, 0.006800650123122718]}, "Kryczka2021": {"Duan2021": {"0": [1.10060904165401, -2.568832547561953, -2.5250749298473845, -2.5210164454223296, -2.585082453716867, -2.5497547559584954, -2.5348367982130413, 0.19718352640169517, 1.8762537829965191, 2.4939044409875595, 4.168876007811618, 3.182040762184547], "1": [0.01683499103048163, 0.24872891066541336, -0.21789199242908044, -0.26120559394156995, 0.4220213560986161, 0.04529249003357995, -0.11378845168490724, 0.2301978063813004, -0.3603639938686878, -0.32127887865025834, 0.19474721335069234, 0.08666456855987463], "2": [-0.5706650692122042, -0.588849448026625, 0.5405862945306711, -0.8941127204680852, -0.6868477441844522, 0.10853941456683132, 0.5217109982647666, 0.8716845781695565, 0.7759432898689796, 0.5684193372060343, -0.3891071690897412, -0.2573663767229992], "cancer": [true, true, true, true, true, true, false, false, false, false, false, false]}, "Kryczka2021": {"0": [-1.2266754988620254, -1.834829980205473, -1.7292603600301921, 0.16052236774108383, -2.0559410237375375, 3.1233263647353904, -1.1606134436492148, -0.8516984111734447, -1.1473548153981197, -0.19902040723317976, -1.9656376376321885, -0.7501191811033451, 3.589380820529599, 1.8315932291080186, -0.9593667020441629, -1.3663324002509027, -0.42434171545364935, -1.2542458416597724, -1.5552310844704331, 1.7798091430938905, 2.6573396183998894, 1.9301287724721363, 3.7057630126752716, 3.6885511781931988, 5.12985977698531, 3.0092153003532913, 2.761605512296218, 2.6259235000768335, 3.919862090292622, 0.7764434684923763, 2.374518847681275, -1.9473029216273365, -1.0636086359930768, -0.7209038044876211, -1.3789017182144927, 0.8171331872570983, -2.042062923907821, -1.1502375249662524, -1.8462268919905047, -0.4186366540338106, -1.7951057752231652, -1.0202851185214998, -1.7372540585105394, -1.9981302600405348, -1.1107847172226515, -0.707871648713629, -1.6297731699082803, -0.7210830526672051, -0.5824722025817861, -1.4118662973813767, -0.42879139454931975, -1.6890089169389622], "1": [-0.18434064087279875, -0.1964151796911532, 0.23166890194891618, -1.4167239918834118, 0.41726230997934516, -1.3131157362633932, -0.22420731593662951, -0.4811399041318679, -0.39880792079289634, -0.3656900122587411, 0.7200616733739758, -0.7977165649037703, -1.2143387578638165, -1.7780274589360185, 0.09654134513060834, 0.23465818684690565, 0.1667769525669185, 0.14083468318229433, -0.005997097031651812, 0.303859803318733, 0.3175012055401135, 0.5099833546422395, -0.6462945356485127, 1.7515213475846032, 0.13716129145724426, -0.09619555860965688, 0.7352170581724029, -0.03208552964799418, 2.139422466707523, 1.2712911689242965, 0.30328553792801133, 1.477490300908724, -0.12037742006343073, -0.4710298023154437, 0.19339475532400888, -0.1459213893469409, 1.0786023191012566, -0.00800653095936546, 0.7738618012391975, -1.1135872155476072, 0.41228915099889973, -0.4067608675988411, 0.2729117917913911, 0.3344984454581118, -0.12626076693611638, -0.7307080448984007, 0.20570463376019033, -0.24099227230298242, -1.039638087601604, -0.058253969650211346, -0.6385804830948427, 0.02541256890218915],