{"Kryczka2021": {"Kryczka2021": {"0": [-1.126830173351851, -1.948756091170584, -1.669477449856347, 0.18398706302229378, -2.4332416858453074, 3.157338303532511, -1.4396462855604244, -0.7556086757146171, -1.1022553767882206, 0.08703775873292195, -2.057976733514155, -0.8770366991290944, 3.377487874035434, 1.2434022762918595, -0.4962419213989664, -1.655251664104004, -0.22754219004665815, -1.1239041485142631, -1.7108610709811, 1.937331955223518, 2.771531142440936, 1.8296659125909012, 3.8402293221756207, 4.272608910956635, 6.03733773276511, 2.9559537593209444, 3.1104698200619074, 2.9999958418021193, 4.038928165180464, 0.9794069561771908, 2.186680797805187, -2.23524980520176, -1.191566472879168, -0.7674999538762769, -1.5338271983907905, 0.9064116959680458, -2.568711959549955, -1.5240194264004159, -2.144581650393352, -0.38550641913496786, -2.1672062016115072, -1.0306998867058241, -1.8822023645107, -2.1153456255143883, -1.1608684309309312, -0.5173065214963048, -1.6806317274797193, -0.5546398416082072, -0.3120949917180378, -1.4276000276799599, -0.3822180189285222, -1.7093985980972213], "1": [-0.5147861290113226, -0.1327642716988503, -0.356708528936798, -0.550589105952103, 0.6637533618373681, -0.014871684950874356, 0.3568923384185225, -0.5500535210254373, -0.453855483713546, -0.8310209908240661, 0.13379980039187542, -0.13443061227849018, 0.6715217338542191, 1.0220970174501343, -1.2025534163708778, 0.5134460907300968, -0.4673523110964083, -0.4696231169711528, 0.08331032689489432, 0.062213784811367946, 0.3217895155179003, 0.7606890914924613, 0.10264438434364212, -0.05043590706305102, -1.1413925756445191, 0.6172283566074617, -0.046998319549845784, -0.41329527980976843, 1.20764466760649, 0.13890596896572555, 0.9641654046554722, 0.8692289133178294, 0.06362725655588686, -0.19380918580554318, 0.1865767091316984, -0.11630865401992964, 1.2559681511847152, 0.6575782766210327, 0.6504640103150495, -0.5626927902464205, 0.6958282097861983, -0.3062238729226907, 0.12986431099939968, 0.042718771589191525, -0.1266909520533435, -0.8353169854721486, -0.09334365306562085, -0.6005265419113516, -1.1119725308184207, -0.23384388231348785, -0.419577538741992, -0.2409186108105745], "2": [-0.05781397302627254, 0.09334108535962349, -0.31470529460996566, 0.8656349270375663, -0.07244609623181074, 0.9973655198468638, 0.3005192660617175, 0.1549183048610107, 0.1277560187354989, -0.03616707550578591, -0.5005881550082901, 0.5508420824900915, 1.18239434892814, 1.7358718611572268, -0.5280517859867976, 0.011441780453814152, -0.303317505478974, -0.28705860585798076, 0.03115744264061489, -0.20141915715404893, -0.11129114042295796, -0.09416757725714496, 0.5388270018297187, -1.3338331883285803, -0.5175597698271261, 0.3137460428994998, -0.56592449059156, -0.12316441586032471, -1.1537025160650742, -0.9077580664635271, 0.13995701898900836, -0.7973708434726781, 0.11172912682543455, 0.281598634200783, -0.08040296953682242, 0.06911958132011507, -0.35021318083724506, 0.2499307050184715, -0.34675619414474446, 0.630348766202407, -0.05583013742110321, 0.1895652523817114, -0.16283170795597945, -0.2430800973182968, 0.04457690017626614, 0.23703733100606855, -0.19565782517319383, -0.04564517813071422, 0.36738239506287246, -0.048025517212759446, 0.3244825034376097, -0.11476143204237549], "cancer": [1, 1, 1, 1, 1, 1, 1, 1, 1, 1, 1, 1, 1, 1, 1, 1, 1, 1, 1, 1, 1, 1, 1, 1, 1, 1, 1, 1, 1, 1, 1, 0, 0, 0, 0, 0, 0, 0, 0, 0, 0, 0, 0, 0, 0, 0, 0, 0, 0, 0, 0, 0]}, "Nigita2018": {"0": [0.2299100121343978, 0.7318741112912064, 0.11345225910926861, -1.3482564163941069, 1.1796918462799444, 0.39627985004813004, -0.9461277622032506, -2.622293233619885, 0.19214284683050242, 0.6632437140526092, -1.3177830112910887, 1.0251258634334943, 0.14122074308312582, -2.936960793337022, -0.6444391156430317, 0.4075618733802954, 2.9194792634464464, 0.6807352878753348, -1.7160261616403283, -0.42356286299332985, -1.3690380564686013, -1.5027488162413187, -1.2233691469387036, -0.3317541849474583, -0.6786320979872977, 0.06795367589428557], "1": [-0.4629677579415227, -0.2527383505816396, -1.0427815752681766, 0.43716478790944696, -0.7631805335534795, 0.8205569163002222, 0.8650042506615692, 0.469144938534681, -0.656048035145879, -0.5987206217402946, -0.555301321480914, -0.04056589160417363, 0.41052060124535766, 1.8586891107338404, -0.11527877436850927, -0.9237882266569203, -0.7144126272645157, -0.44166653490128244, 0.7511827656374825, -0.5022107839747153, 0.8092422673684992, 0.025518905176543413, 0.316080339810233, 0.10439796836339586, 0.7354374143143677, 0.06616647206879911], "2": [-1.556363671540288, -0.7019453906306902, 0.17016728095367625, -0.7754206595979193, 0.2602647548764768, 1.2602480996761802, 0.8394790766589721, 0.20161859091564416, 0.3969394720577832, 0.4055149833116046, -0.9315825391760335, 0.8969171700669412, -0.23261616117004877, -1.4351444521680004, 0.008141729376490225, 0.6488886623847541, 0.5436706262094869, 1.0834980929565008, 0.49533740737068843, 1.0590685581701629, -0.09480877480394319, -0.1774038214514929, -0.9703555980297857, 0.19217551387151274, -1.0500802601772043, 0.34608309187150427], "cancer": [0, 0, 0, 0, 0, 0, 0, 1, 1, 1, 1, 1, 1, 1, 1, 1, 1, 1, 1, 1, 1, 1, 1, 1, 1, 1]}, "variance explained": [0.878852051797085, 0.0673141198421361, 0.05383382836077882]}, "Nigita2018": {"Kryczka2021": {"0": [0.5379875788896287, 1.3559966491897422, 1.1507900781388698, -0.9056344618312419, 2.1263802229051723, -3.360065176888995, 1.027260657412966, 0.13457332161430843, 0.48296958339708185, -0.6522215836547379, 1.7296886839631773, 0.2756261040258024, -3.3554191115050878, -1.5172907643035745, -0.12875500200870307, 1.3618132078599814, -0.16069237482254511, 0.6212546860328112, 1.2456237182849463, -1.8979420070182518, -2.5621656349275574, -1.577299445057458, -3.7784153760119503, -3.6502719894306934, -5.850766330464823, -2.7431200833365317, -2.859329335707, -3.0312666115250773, -3.0338665890956937, -0.8147762277116324, -1.8863669766508462, 2.247011516264959, 0.757708023486759, 0.23859888119575792, 1.1618947758965128, -1.139629126503252, 2.548257454325279, 1.227887119643121, 1.950522772219028, -0.3387075888926781, 1.8994519616939736, 0.4560601179634115, 1.4719132996522442, 1.6687551961342462, 0.6805818842893694, -0.20512389714608895, 1.2221127652586008, -0.00021830259725056844, -0.5271014121812612, 0.9032645952403717, -0.19641902766537916, 1.1684070939404676], "1": [0.02275632366780856, -0.3954964813649444, 0.10553995358570847, -0.5420876202207331, -0.5297160877202695, -0.10431444025574192, -0.5851488587578869, -0.08534818966503133, -0.16102606170333192, 0.35265599854470303, 0.08148688176837487, -0.581897390297222, -0.38382742979521145, -1.4774493218708673, 0.7681216331160703, -0.3963815102854172, 0.4511611630854871, 0.23025561909956155, -0.3307265896877975, 0.7327386036858665, 0.7805561491657036, 0.4487811710360226, 0.4602081543460211, 2.3669627742031314, 2.246106152788049, 0.353875604837145, 1.3721061149189708, 1.0102501519720488, 1.858719626596311, 1.1639288161517098, 0.2632643207294049, 0.1556808725058519, -0.2832007849804374, -0.28842796513981556, -0.20773537502530665, 0.27997068418507054, -0.4315856636603417, -0.6245288198395459, -0.20068361150812725, -0.44751015639028063, -0.4915394150557858, -0.23642014211992557, -0.1969719054664899, -0.15491669019672044, -0.16960961781401374, -0.0439190183013308, -0.0691774340733357, 0.1621080612791659, -0.057693614510391504, -0.11906265689727787, -0.18950338902040145, -0.11905835373885397],