{"Kryczka2021": {"Kryczka2021": {"0": [-1.2266754988620254, -1.834829980205473, -1.7292603600301921, 0.16052236774108383, -2.0559410237375375, 3.1233263647353904, -1.1606134436492148, -0.8516984111734447, -1.1473548153981197, -0.19902040723317976, -1.9656376376321885, -0.7501191811033451, 3.589380820529599, 1.8315932291080186, -0.9593667020441629, -1.3663324002509027, -0.42434171545364935, -1.2542458416597724, -1.5552310844704331, 1.7798091430938905, 2.6573396183998894, 1.9301287724721363, 3.7057630126752716, 3.6885511781931988, 5.12985977698531, 3.0092153003532913, 2.761605512296218, 2.6259235000768335, 3.919862090292622, 0.7764434684923763, 2.374518847681275, -1.9473029216273365, -1.0636086359930768, -0.7209038044876211, -1.3789017182144927, 0.8171331872570983, -2.042062923907821, -1.1502375249662524, -1.8462268919905047, -0.4186366540338106, -1.7951057752231652, -1.0202851185214998, -1.7372540585105394, -1.9981302600405348, -1.1107847172226515, -0.707871648713629, -1.6297731699082803, -0.7210830526672051, -0.5824722025817861, -1.4118662973813767, -0.42879139454931975, -1.6890089169389622], "1": [-0.18434064087279875, -0.1964151796911532, 0.23166890194891618, -1.4167239918834118, 0.41726230997934516, -1.3131157362633932, -0.22420731593662951, -0.4811399041318679, -0.39880792079289634, -0.3656900122587411, 0.7200616733739758, -0.7977165649037703, -1.2143387578638165, -1.7780274589360185, 0.09654134513060834, 0.23465818684690565, 0.1667769525669185, 0.14083468318229433, -0.005997097031651812, 0.303859803318733, 0.3175012055401135, 0.5099833546422395, -0.6462945356485127, 1.7515213475846032, 0.13716129145724426, -0.09619555860965688, 0.7352170581724029, -0.03208552964799418, 2.139422466707523, 1.2712911689242965, 0.30328553792801133, 1.477490300908724, -0.12037742006343073, -0.4710298023154437, 0.19339475532400888, -0.1459213893469409, 1.0786023191012566, -0.00800653095936546, 0.7738618012391975, -1.1135872155476072, 0.41228915099889973, -0.4067608675988411, 0.2729117917913911, 0.3344984454581118, -0.12626076693611638, -0.7307080448984007, 0.20570463376019033, -0.24099227230298242, -1.039638087601604, -0.058253969650211346, -0.6385804830948427, 0.02541256890218915], "2": [0.0001595522589495393, -6.961727969145204e-05, 6.681746411986043e-05, 0.0002901665032371772, 8.051986156317094e-05, 0.000448497442350859, -7.259671725505995e-05, -0.00011723403424007182, 5.850353392486205e-05, -0.000138522674192205, -2.7009641317955347e-05, 0.00029070211339706425, 4.8146573190118256e-05, -0.0002048394563082872, -0.00012018815265368641, -8.962123504685917e-05, 8.7656150119848e-05, 0.00015628674091192993, 0.00010033703351071104, 0.00013882382605382001, -0.00016511105799244324, -0.00010031973454045438, 5.183787849455817e-05, 1.3020772180622369e-05, -0.00024822712405002585, 0.00018412671316268088, -7.516094670333162e-05, -0.00018225402321693626, 3.184591745724375e-05, -3.120810460041937e-05, 0.00013614320452890306, 1.9912007153130568e-05, 0.000198691752313632, -9.404728387424383e-05, 7.940910910611691e-05, 4.913533506297059e-05, -6.701699443851295e-05, -3.1354506487829025e-05, 8.404982104927405e-05, -0.000315284235576925, 6.347529099508172e-05, 0.00019714431362383172, -0.00012890892693069047, -2.037618985377557e-05, 6.399265098146577e-05, -0.00017633444961782615, -1.5244414762244965e-05, 0.00013272608935957486, -0.0003798559375665619, -2.5313605600004094e-05, -0.0002000342140956553, -0.0001358394161838356], "cancer": [1, 1, 1, 1, 1, 1, 1, 1, 1, 1, 1, 1, 1, 1, 1, 1, 1, 1, 1, 1, 1, 1, 1, 1, 1, 1, 1, 1, 1, 1, 1, 0, 0, 0, 0, 0, 0, 0, 0, 0, 0, 0, 0, 0, 0, 0, 0, 0, 0, 0, 0, 0]}, "Keller2009": {"0": [-1.9803335196420917, -1.2118915530016057, -1.7224436409999715, -1.1646643838126962, -0.9389128874495432, 0.4244019715563359, 0.6071457024101998, 0.6629517530686035, 0.9103731000893281, 0.5590233052974501, 0.6255075606108845, 0.5091615053435424, 0.3487140654669336, 0.6790838444966404, 0.4720956637515639, 0.741290403825172, 0.15901786212507446, -0.821479026590892, -0.3019850202564474, 0.2520081631715625, -0.6226043563449883, -0.21886283919998198, -0.5076972826180652, -5.191444608212265, 0.374759496491609, 0.08824025292385396, 0.3369393165264274, -0.4918656600876125, -0.010864677632840332, -0.16324997833907462, -0.09173953742241309, 0.2002377800442493, -0.20502770790759817, 0.13704901666878444, 0.22652333781139272, 0.1933155374208001], "1": [-0.2057530721111166, 1.0959742486154456, 0.9707286293706664, 0.5923411475747976, 0.5570700494289049, -0.9536508965174546, -0.9146125567889747, -1.0808363916958597, -0.9306836568136646, -0.9914839810424797, -0.9154804014981149, -1.3211359111928054, -1.0781030481200182, -0.7637996023897898, -0.9258565445018853, -1.0008522770547428, -0.6744122743644787, 0.441577353735189, 0.7673839270152403, -0.27182130317072767, 1.22422569451919, 1.8353782117555077, 2.026305923195765, 1.4130908950954888, -0.42425603188373867, 2.0904893903957333, -0.5617555238266904, 1.8574758220558039, -1.8313771365521472, -0.20631027521415418, 0.9113628431405587, -0.8125154133213106, 1.4284456528223803, 1.377276380674078, -0.7746269441757281, -1.0401643985274889], "2": [0.4816118808151009, -1.197888689867171, -0.5638900705225252, -0.5844202328197451, -0.5773927507270017, -0.2703916609296672, -0.2838198116633044, -0.27303235914489954, -0.33235472053238835, -0.23371436527592349, -0.5671689216555998, -0.22400219629946966, -0.23096610161907646, -0.5871884767722029, -0.38701871582612335, -0.4375836940783329, -0.4740077155021115, -0.16843969078434107, -0.8022388925946408, -0.9789203119518723, -0.8412511445054406, 1.1405899340427077, 0.9235239388814046, 1.0967976883954218, -0.7029373690793133, 0.9152564879831223, -0.46933952356967085, 1.0931001234176227, 1.1521390930688045, 0.1315327036149337, 2.0724675672077497, -0.07641953333335114, 1.5470498579033118, 1.6299341436103432, -0.10466237883355067, -0.021837693478015452], "cancer": [true, true, true, true, true, true, true, true, true, true, true, true, true, true, true, true, true, false, false, false, false, false, false, false, false, false, false, false, false, false, false, false, false, false, false, false]}, "variance explained": [0.8740488796631006, 0.1259511149371038, 5.399795549905935e-09]}, "Keller2009": {"Kryczka2021": {"0": [0.49433834144847183, 0.8702284255463396, 1.1084589891212546, -1.2606906692769437, 1.4472439884623682, -3.0603403378040213, 0.42409493307380036, 0.045716099178049543, 0.2913743975400274, -0.284765025528239, 1.6058073618911064, -0.24390533049801066, -3.2848040416036013, -2.5749023279658796, 0.5253086554785333, 0.8810464655952499, 0.23708582018077856, 0.7434093581951341, 0.8291222999504205, -1.0590232576310876, -1.6042970467530318, -1.0073175685866502, -2.9537507366383546, -1.2347983085624399, -3.2962636012563333, -2.1213924671635436, -1.3726420288283079, -1.8334641388132074, -1.1047392266690415, 0.26454269586837786, -1.435492604054738, 2.133780981753098, 0.4368004642839375, -0.029781745052576934, 0.8596520859627506, -0.770711836307309, 1.9095279218105663, 0.5715566693804629, 1.5686572805931458, -0.6787098762915884, 1.2787593004040712, 0.205399934803957, 1.1428334503382374, 1.351700427184832, 0.4623998389648169, -0.2230289693018645, 1.0270285465038465, 0.13426753184808765, -0.5224520192186134, 0.7012034762741501, -0.3338832019580266, 0.9360182543709938],