{"Kryczka2021": {"Kryczka2021": {"0": [-1.2266754988620254, -1.834829980205473, -1.7292603600301921, 0.16052236774108383, -2.0559410237375375, 3.1233263647353904, -1.1606134436492148, -0.8516984111734447, -1.1473548153981197, -0.19902040723317976, -1.9656376376321885, -0.7501191811033451, 3.589380820529599, 1.8315932291080186, -0.9593667020441629, -1.3663324002509027, -0.42434171545364935, -1.2542458416597724, -1.5552310844704331, 1.7798091430938905, 2.6573396183998894, 1.9301287724721363, 3.7057630126752716, 3.6885511781931988, 5.12985977698531, 3.0092153003532913, 2.761605512296218, 2.6259235000768335, 3.919862090292622, 0.7764434684923763, 2.374518847681275, -1.9473029216273365, -1.0636086359930768, -0.7209038044876211, -1.3789017182144927, 0.8171331872570983, -2.042062923907821, -1.1502375249662524, -1.8462268919905047, -0.4186366540338106, -1.7951057752231652, -1.0202851185214998, -1.7372540585105394, -1.9981302600405348, -1.1107847172226515, -0.707871648713629, -1.6297731699082803, -0.7210830526672051, -0.5824722025817861, -1.4118662973813767, -0.42879139454931975, -1.6890089169389622], "1": [-0.18434064087279875, -0.1964151796911532, 0.23166890194891618, -1.4167239918834118, 0.41726230997934516, -1.3131157362633932, -0.22420731593662951, -0.4811399041318679, -0.39880792079289634, -0.3656900122587411, 0.7200616733739758, -0.7977165649037703, -1.2143387578638165, -1.7780274589360185, 0.09654134513060834, 0.23465818684690565, 0.1667769525669185, 0.14083468318229433, -0.005997097031651812, 0.303859803318733, 0.3175012055401135, 0.5099833546422395, -0.6462945356485127, 1.7515213475846032, 0.13716129145724426, -0.09619555860965688, 0.7352170581724029, -0.03208552964799418, 2.139422466707523, 1.2712911689242965, 0.30328553792801133, 1.477490300908724, -0.12037742006343073, -0.4710298023154437, 0.19339475532400888, -0.1459213893469409, 1.0786023191012566, -0.00800653095936546, 0.7738618012391975, -1.1135872155476072, 0.41228915099889973, -0.4067608675988411, 0.2729117917913911, 0.3344984454581118, -0.12626076693611638, -0.7307080448984007, 0.20570463376019033, -0.24099227230298242, -1.039638087601604, -0.058253969650211346, -0.6385804830948427, 0.02541256890218915], "2": [0.0001595522589495393, -6.961727969145204e-05, 6.681746411986043e-05, 0.0002901665032371772, 8.051986156317094e-05, 0.000448497442350859, -7.259671725505995e-05, -0.00011723403424007182, 5.850353392486205e-05, -0.000138522674192205, -2.7009641317955347e-05, 0.00029070211339706425, 4.8146573190118256e-05, -0.0002048394563082872, -0.00012018815265368641, -8.962123504685917e-05, 8.7656150119848e-05, 0.00015628674091192993, 0.00010033703351071104, 0.00013882382605382001, -0.00016511105799244324, -0.00010031973454045438, 5.183787849455817e-05, 1.3020772180622369e-05, -0.00024822712405002585, 0.00018412671316268088, -7.516094670333162e-05, -0.00018225402321693626, 3.184591745724375e-05, -3.120810460041937e-05, 0.00013614320452890306, 1.9912007153130568e-05, 0.000198691752313632, -9.404728387424383e-05, 7.940910910611691e-05, 4.913533506297059e-05, -6.701699443851295e-05, -3.1354506487829025e-05, 8.404982104927405e-05, -0.000315284235576925, 6.347529099508172e-05, 0.00019714431362383172, -0.00012890892693069047, -2.037618985377557e-05, 6.399265098146577e-05, -0.00017633444961782615, -1.5244414762244965e-05, 0.00013272608935957486, -0.0003798559375665619, -2.5313605600004094e-05, -0.0002000342140956553, -0.0001358394161838356], "cancer": [1, 1, 1, 1, 1, 1, 1, 1, 1, 1, 1, 1, 1, 1, 1, 1, 1, 1, 1, 1, 1, 1, 1, 1, 1, 1, 1, 1, 1, 1, 1, 0, 0, 0, 0, 0, 0, 0, 0, 0, 0, 0, 0, 0, 0, 0, 0, 0, 0, 0, 0, 0]}, "Reis2020": {"0": [-0.23834182396492998, 1.1245258551291695, 1.897118720721984, 1.3197982872012104, 0.29769583839113883, 0.9877001348001554, -1.2222482348890826, -0.15987223694875022, -1.195959167176532, -0.37340987376400164, -1.076447075884166, -0.045484373421562634, -0.7829016589471159, -0.8099422351624833, -0.3100976019555865, -2.7042881545236845, -0.3690342721010449, -1.1354478987360759, -1.8350496845559605, -1.3244434377655459, -1.0962145903239493, -1.2332511384501532, -1.8011978812873575, -0.20171063930236183, -0.6514158812868741, -0.645293531796374, -1.2379251357677548, 1.3737788086269036, -1.1309373523967092, -1.4977085824469176, -1.296205515340362, -0.3105413192877396, -1.1931334190653995, -1.4904102694139953, -0.2892628592590249, 0.2465707978131672, 1.1044052021569268, -0.22193385148881986, 0.24164152071667408, 0.04984347844125522, -0.05445348958453759, 0.12208588521737208], "1": [-1.4242061558377848, -0.08919387331536188, -2.3423479492040977, -1.7039835579904616, -1.5599966645865473, -2.0906700392969695, 3.9554801779917512, 0.1707633010906133, 5.888799508505714, 0.047417258484387895, 3.4605833161711086, 1.3515500398361204, 0.5795252697386699, 2.1150541832649674, 1.0869373438175254, 2.675421352667996, -0.4669294095821608, 3.684577127082412, 3.1951765105364034, 5.48193389153602, 1.4266861372190907, 2.8257754830427113, 2.8965683247142864, -1.1913064389846983, 0.4244313792314158, 1.4503637513406107, 2.7509298511571916, -2.3107988010077034, 4.197688806436023, 1.3435623917102018, 4.401336995193774, 0.5928171956173497, 3.4579814102551434, 6.597139615092247, 0.6464989396687444, -1.4200872865649312, -2.0569786958641307, -1.0691670390281798, -1.616932214614221, -1.5356889689800588, -1.4834512972631442, -1.557856335534976], "2": [-0.4559015093166907, -3.0533629464097243, -1.5693702291338316, -2.76930646009895, -0.7687449278092566, -1.7360873295417596, 0.3034854693575676, -1.3779975560661561, 4.61742602476436, 1.0218571567698733, -1.7011862551719823, -0.5588559938911708, -1.9007846869137055, 1.3182038387813138, -0.6905758945722619, 1.4807931866847412, -0.1492461567791671, 2.3308095119727845, 1.192637310153608, 5.969665211597203, 0.49082167553882944, 2.1723425811206267, 3.1767397867566265, -0.256260601244264, -0.556782487703457, 0.46406451326706794, 2.958573370751754, -1.4891009043963168, 3.438108868780184, 0.7007589086539625, 4.681254030054686, -1.4747393187424058, 2.7156952190595596, 5.8646795166897645, -1.1063237181250702, -0.9004714789130129, -1.2112488262350634, -0.10395630347247331, -0.6925908489147443, -0.5937987948857161, -0.5320537942137522, -0.6226131786130521], "cancer": [1, 1, 1, 1, 1, 1, 1, 1, 1, 1, 1, 1, 1, 1, 1, 1, 1, 1, 1, 1, 1, 1, 1, 1, 1, 1, 1, 1, 1, 1, 1, 1, 1, 1, 1, 0, 0, 0, 0, 0, 0, 0]}, "variance explained": [0.8740488796631006, 0.1259511149371038, 5.399795549905935e-09]}, "Reis2020": {"Kryczka2021": {"0": [-0.9743410598137024, -0.834845818134162, -0.5473086339183685, -2.2146518662575425, -0.33174691954319724, -2.8620862298627254, -1.0197873059849998, -1.2832294511399511, -1.1506941540614417, -1.358115556276539, -0.13230729193068635, -1.539405144145617, -2.9038503620076312, -2.887306725360238, -0.8342621374862382, -0.6338268315848176, -0.9133611893546749, -0.7296849409460613, -0.7636726487956916, -1.3511518716526856, -1.5556058575004938, -1.2371850793647792, -2.5166301981008083, -0.7579978739508555, -2.2912568133763536, -1.943988405217143, -1.2753662793837135, -1.8037354622615958, -0.5306356577769638, -0.39843799688159814, -1.4967672231986198, 0.4174483042746877, -0.9673264094741109, -1.3077496698137903, -0.6608425512072814, -1.4452794056712475, 0.14866600514980874, -0.8641025719789224, -0.1220248108427652, -1.851838525774728, -0.3990773428675696, -1.1874480193114583, -0.5153046436132457, -0.4064825403097436, -0.9601992624010307, -1.500987380054641, -0.5906475980519281, -1.1392457132026537, -1.7577727795892002, -0.836989709226131, -1.501728901490619, -0.7081801035493778],