{"Kryczka2021": {"Kryczka2021": {"0": [-1.2266754988620254, -1.834829980205473, -1.7292603600301921, 0.16052236774108383, -2.0559410237375375, 3.1233263647353904, -1.1606134436492148, -0.8516984111734447, -1.1473548153981197, -0.19902040723317976, -1.9656376376321885, -0.7501191811033451, 3.589380820529599, 1.8315932291080186, -0.9593667020441629, -1.3663324002509027, -0.42434171545364935, -1.2542458416597724, -1.5552310844704331, 1.7798091430938905, 2.6573396183998894, 1.9301287724721363, 3.7057630126752716, 3.6885511781931988, 5.12985977698531, 3.0092153003532913, 2.761605512296218, 2.6259235000768335, 3.919862090292622, 0.7764434684923763, 2.374518847681275, -1.9473029216273365, -1.0636086359930768, -0.7209038044876211, -1.3789017182144927, 0.8171331872570983, -2.042062923907821, -1.1502375249662524, -1.8462268919905047, -0.4186366540338106, -1.7951057752231652, -1.0202851185214998, -1.7372540585105394, -1.9981302600405348, -1.1107847172226515, -0.707871648713629, -1.6297731699082803, -0.7210830526672051, -0.5824722025817861, -1.4118662973813767, -0.42879139454931975, -1.6890089169389622], "1": [-0.18434064087279875, -0.1964151796911532, 0.23166890194891618, -1.4167239918834118, 0.41726230997934516, -1.3131157362633932, -0.22420731593662951, -0.4811399041318679, -0.39880792079289634, -0.3656900122587411, 0.7200616733739758, -0.7977165649037703, -1.2143387578638165, -1.7780274589360185, 0.09654134513060834, 0.23465818684690565, 0.1667769525669185, 0.14083468318229433, -0.005997097031651812, 0.303859803318733, 0.3175012055401135, 0.5099833546422395, -0.6462945356485127, 1.7515213475846032, 0.13716129145724426, -0.09619555860965688, 0.7352170581724029, -0.03208552964799418, 2.139422466707523, 1.2712911689242965, 0.30328553792801133, 1.477490300908724, -0.12037742006343073, -0.4710298023154437, 0.19339475532400888, -0.1459213893469409, 1.0786023191012566, -0.00800653095936546, 0.7738618012391975, -1.1135872155476072, 0.41228915099889973, -0.4067608675988411, 0.2729117917913911, 0.3344984454581118, -0.12626076693611638, -0.7307080448984007, 0.20570463376019033, -0.24099227230298242, -1.039638087601604, -0.058253969650211346, -0.6385804830948427, 0.02541256890218915], "2": [0.0001595522589495393, -6.961727969145204e-05, 6.681746411986043e-05, 0.0002901665032371772, 8.051986156317094e-05, 0.000448497442350859, -7.259671725505995e-05, -0.00011723403424007182, 5.850353392486205e-05, -0.000138522674192205, -2.7009641317955347e-05, 0.00029070211339706425, 4.8146573190118256e-05, -0.0002048394563082872, -0.00012018815265368641, -8.962123504685917e-05, 8.7656150119848e-05, 0.00015628674091192993, 0.00010033703351071104, 0.00013882382605382001, -0.00016511105799244324, -0.00010031973454045438, 5.183787849455817e-05, 1.3020772180622369e-05, -0.00024822712405002585, 0.00018412671316268088, -7.516094670333162e-05, -0.00018225402321693626, 3.184591745724375e-05, -3.120810460041937e-05, 0.00013614320452890306, 1.9912007153130568e-05, 0.000198691752313632, -9.404728387424383e-05, 7.940910910611691e-05, 4.913533506297059e-05, -6.701699443851295e-05, -3.1354506487829025e-05, 8.404982104927405e-05, -0.000315284235576925, 6.347529099508172e-05, 0.00019714431362383172, -0.00012890892693069047, -2.037618985377557e-05, 6.399265098146577e-05, -0.00017633444961782615, -1.5244414762244965e-05, 0.00013272608935957486, -0.0003798559375665619, -2.5313605600004094e-05, -0.0002000342140956553, -0.0001358394161838356], "cancer": [1, 1, 1, 1, 1, 1, 1, 1, 1, 1, 1, 1, 1, 1, 1, 1, 1, 1, 1, 1, 1, 1, 1, 1, 1, 1, 1, 1, 1, 1, 1, 0, 0, 0, 0, 0, 0, 0, 0, 0, 0, 0, 0, 0, 0, 0, 0, 0, 0, 0, 0, 0]}, "Patnaik2012": {"0": [0.4727359461677064, -2.0281890957652595, -0.7926635389967215, -2.345387718110114, -1.1874920036295684, -0.9238369175122095, 0.2883751451701149, -3.3465362449107263, 1.8768736796953736, 0.9314565835802788, 1.6387385207831218, -4.486200016974581, 1.1123584871550884, 2.814393691445784, 2.9083443273455925, -2.7273258673278677, -2.624540944490429, -0.24885768611733083, 6.295650076454764, -0.02610928061385629, 1.8252931297044466, 2.2287126072372696, -7.257827134463523, -0.159224686113924, 0.5329682248029681, 1.4382490134761645, 0.7713776227553855, -0.802998425111644, -1.702453113304814, 1.8200921236222785, -0.4584684468060622, -2.865121726273913, -2.6073314699555294, -0.1849356249957963, -0.8894442833838694, 0.20926125942150062, 0.370109760084577, 2.1597071928768874, -2.7538034267877545, 0.06977950636683326, 1.3526744790746086, -1.559192313449291, -0.3820843756269808, 1.453892476805593, 0.6677156543404439], "1": [-0.03533589151445162, 0.5283953137714004, 0.53659345446446, -0.04672423164516738, -0.2137842426213688, 0.9795053227544334, -0.3447596829894016, 0.5529294893148622, -1.9570631656037174, -0.7316920640687153, -0.028720927548864805, 0.2111940407660129, 0.08098273077759437, -0.7930826375564791, -0.9633866374864446, 1.537924865582167, 0.15962632365429963, 0.29179897279702177, -0.18728631443724977, -0.19913578242465657, -0.2144908642817105, -0.706369312432723, 1.6508719110631076, -1.1478044747342784, 0.9127011151388795, -0.04710934723866858, -0.6356571322485555, -0.33844220036971834, -1.3796148254256733, -1.140499473885755, -0.1271039777975487, 0.06408020963937625, -0.799880781345305, -0.408956959210641, 0.32932511940823644, 0.5436731610981552, 0.6864721954276638, -0.49563994030121233, -0.7762985182679418, -0.02679409536498462, 0.8803391569045701, 0.1374013151804636, -0.5517213403734528, 1.2108077701829967, 0.3078387706501475], "2": [-0.13570042810029473, 0.3451736992132297, 1.659195563321969, 0.5845549844060316, 0.8903450205290313, 1.263516190105676, 0.4735632904912603, 0.057274283919118596, -1.521433555425403, -0.5920081533923492, -0.16052288667484513, 0.1498887203415942, -1.0524533646626508, -0.9481004831324071, -0.9958792261928898, 2.0062246792839873, 0.6174478974839931, 0.09679148887894429, -0.6710187760072347, 0.49347555349004846, -0.2384968091500426, -0.3714097066274994, 1.743784798705625, 0.1755531115937953, 1.2648367865885426, 0.029541295345953057, -0.10222908219603818, -0.38809955480513525, -0.29930860451316454, -0.12192418053323978, -0.03650305262232419, 1.0471876927005204, -0.40089920076632607, -0.5872163186954085, 0.2539379990459985, -0.30796877400456185, 0.4469461853723442, -0.6543363382461704, -0.7565959372725276, -0.24558636084505636, 0.6682837977532636, 0.36884135126346174, -0.2822835965221055, -0.6815868782106002, -0.10926361364167084], "cancer": [1, 1, 1, 1, 1, 1, 1, 1, 1, 1, 1, 1, 1, 1, 1, 1, 1, 1, 1, 1, 1, 1, 1, 1, 1, 1, 1, 1, 1, 1, 1, 1, 0, 1, 0, 0, 0, 0, 0, 0, 0, 0, 0, 0, 0]}, "variance explained": [0.8740488796631006, 0.1259511149371038, 5.399795549905935e-09]}, "Patnaik2012": {"Kryczka2021": {"0": [0.9616673219205212, 1.5493727133687651, 1.5072370468238905, -0.55602445126929, 1.8499539495783655, -3.4131047638762326, 0.8919878173641562, 0.5564584616971273, 0.8546266393507783, -0.059924103030837214, 1.8049592316174032, 0.41359714394645086, -3.8510237000140948, -2.2265700996950817, 0.7419967468678125, 1.1558606974292103, 0.23334063774899044, 1.0340862997487013, 1.305167911150905, -1.8837390127927907, -2.7324223065219284, -2.0005165342238698, -3.88399739629832, -3.53035458079634, -5.15425158434235, -3.13154160188837, -2.7747608003688256, -2.7511038512220867, -3.700034649401016, -0.7753153351429234, -2.4602375662087357, 1.8936403906159993, 0.8126128995582322, 0.4311123752914703, 1.1622787487437207, -1.0139000186047473, 1.9294118960435187, 0.9123223614164917, 1.6968044267241387, 0.0477983754065194, 1.5964392809747108, 0.7303757927544827, 1.520741243303257, 1.782270059150543, 0.8574839042748201, 0.381971517225435, 1.4071445631610258, 0.46365940639691533, 0.21697370597875212, 1.1588436995066946, 0.1244173804415373, 1.4391972581670895],