{"Li2017": {"Li2017": {"0": [-5.732240420594833, -7.460971012386331, 1.2228370552666294, 16.343476890884865, -4.59553893028055, 16.36931063767422, -9.728801206837856, -8.908339625287894, 2.4902666115617422], "1": [-0.33481299365110945, -3.810732524866499, -4.761409090623698, -5.9431422638786255, 3.4972076956081435, 3.8460273021401017, -0.5418892887653525, -0.03529477727360137, 8.084045941310633], "2": [0.45136853873101357, -4.5216549794840155, 3.2964159555522086, -3.340422406424241, -1.2517758910850914, 4.305701399545673, 4.664711252807355, 0.21595357993834724, -3.8202974495812536], "3": [5.619484864696181, -0.061848550442002596, -1.4389120273476455, -0.1898846410666353, -4.327709085682493, 0.39569100727471607, -0.5266457209015628, -0.33384245683271774, 0.863666610302153], "4": [1.0977410604150986, -2.320115715540407, -2.356022382096878, 1.7181439269857455, 1.630773736295626, -0.2728355314107675, -0.3313126272230199, 2.592951246951171, -1.7593237143765679], "5": [-0.33539143455796117, 0.9742225709188409, -2.2194967907851515, 0.6775536844697124, 0.042728125178212235, 0.47376466984165644, 2.294779107645198, -1.4479872407604921, -0.46017269195001304], "6": [-1.649054260696548e-15, 2.317029343730921e-15, -1.3110864069208414e-15, -1.0960159545181174e-15, -1.7719516620695348e-15, 2.31702934373092e-15, -9.731185531451397e-16, 2.900792000252601e-15, -9.423942028018887e-16], "7": [1.4727198339562392e-15, 1.232867204086736e-15, -7.48661151884433e-17, -1.0596935373714228e-15, 2.035478360917941e-15, 1.2328672040867343e-15, -1.6224520643331254e-15, -1.4402357989813519e-15, -1.7631416960735513e-15], "8": [8.455139709627851e-16, 8.694869137093015e-16, 8.485248860448807e-16, 8.504409229153044e-16, 8.444190927511123e-16, 8.69486913709302e-16, 8.515358011269761e-16, 8.746875852147414e-16, 8.518095206798951e-16], "cancer": [true, true, true, true, true, true, false, false, false]}, "Duan2021": {"0": [-6.431178362099023, 6.9642810067542635, 2.091508046828637, 5.485194341343207, 7.505143465508847, 5.607092931543916, 0.3909195234845152, -3.0704580179242957, -6.58952838780856, -6.641861429399796, -11.903769553983212, -9.554217784812488], "1": [-1.5200964608857117, 1.2236382309099407, -0.20262904530126996, 0.998703194025532, 1.3860979691796214, -0.07488673390434951, 1.025321517575639, 2.013561909495837, 1.2202319338191103, 0.6949302842892872, 0.16594088459004064, 0.5760481914780011], "2": [-0.8513540516857843, -1.8631573039805989, -1.628073557483749, -0.6972426344042073, -2.5459554553564168, -0.8316339437996323, -1.0742424985810326, 1.451748110395502, 1.4215667527849583, 1.9511430752013597, 3.3365823765041167, 2.3909865135699295], "3": [0.26916331626213547, 2.350578075342166, 1.4874358237232348, -0.189639528637891, 1.1269196771115326, 0.8557282931642262, -0.713241342621353, -0.5105516860879343, -0.10063443257400456, -0.7875964062094314, -2.266654268298876, -1.5183290886059215], "4": [0.021460223760735996, 2.073731852606767, 1.2923936687238295, 1.2479831847300478, 2.0214598566953517, 1.2656567967276022, 0.30969750581580385, -1.9521944955772559, -1.6326272039080887, -1.2859140555300017, -1.493121594800383, -1.3662108338928238], "5": [0.04280782223469449, -2.6972728785749402, -3.845162444228195, -0.9517458701093526, -1.8534186631152427, -1.5314288659731379, -1.1836560599521693, 0.5039558819151035, 2.1147306111347026, 3.2176059152900622, 3.08515563850651, 3.4850480878066517], "6": [0.6703771665409793, -1.4896883478021925, -0.4383586214507544, 1.3653376206806154, 0.299442278255643, 0.15991852885396315, 0.5413487744626329, -2.5544583689802183, -0.26550628072620674, 0.37074205217156153, 1.017799670703284, 0.32304552729069125], "7": [1.8452141253911034, 0.3103565680105442, 0.59551057534574, -0.017550309585051143, -0.8016023585866817, -0.6886062456278559, -0.9075363596867874, 0.1927665119547833, -0.41005464127606517, 0.5645582905921703, -0.9509910741116522, 0.26793491757975074], "8": [0.4654714372884446, -0.9772869194276763, -0.27013060414037265, -2.4197123336003954, -2.4750241247679186, -1.0238191878175413, -0.21219024140672085, 0.9678436089189275, 1.8867138174473055, 1.3931885533992816, 1.2274028873022016, 1.4375431068044644], "cancer": [true, true, true, true, true, true, false, false, false, false, false, false]}, "variance explained": [0.6964552167913945, 0.13930149568358602, 0.08358412975173575, 0.04526330159900685, 0.023388787995885053, 0.012007068178391703, 2.5085423184834024e-32, 1.5418751399908815e-32, 5.5612517579805034e-33]}, "Duan2021": {"Li2017": {"0": [1.7853399345923295, 3.1533600605102157, -0.9151366749156157, -10.117730451192276, 1.7319482245095785, -8.966145304005117, 5.6985355176867865, 3.5913912084114283, -2.6257446208477635], "1": [-1.07293950128555, -1.8475602025187445, -0.2797917861260887, 2.205168098483728, -0.27453868456190467, 4.043273033120463, -0.9632430801623828, -1.7334443377497337, 1.3098819393561647], "2": [-0.7219160110345568, -2.079373073806714, 0.35249848215254864, 3.1606496389044936, -0.9395630101160841, 4.74936125107118, -2.163198522553717, -1.9163786310693236, 1.8187485150376068], "3": [-0.48872203614072923, -0.5126796432879829, 0.09326692451957441, 0.9156249567079625, 0.1069810803865588, 1.0757475346761252, -1.0344337873875258, -0.3646980885778917, 0.8040224675346644], "4": [-0.08221551584208318, 0.43270401369432976, 0.6236736112272618, -3.490686103385473, 0.8309380729867982, -2.4194071834071913, 2.9984880170803816, 1.3025376522584722, -2.2485291169756763], "5": [1.1789951984406812, 0.5210538863772555, -0.724206594726077, -2.924695944148036, 0.43097277733893363, -2.715158813605191, 1.3208987017093468, 1.4885983455075313, -0.6929773020556613], "6": [1.6893438634467657, 1.5273501577746216, 0.07885962542651784, -0.6066393790378667, -0.48098994894498714, -3.0342623380680376, -0.01618020304361459, 1.3691891770595834, -0.9398399643144768], "7": [1.2907021789371065, 0.7144631975922142, 0.6007450174111708, 0.7568805017537349, -1.1465881543370555, -0.8082401438328393, 0.35148460894838923, 0.32843737916134674, -1.3839032868719021], "8": [0.14453232318099038, 0.10329021596813943, 0.2603420289433102, -2.8595187911328606, 0.5548907177369147, -1.5767283023672782, 0.9981686815852008, 0.911239451787339, -0.2228122295371488], "9": [0.83364986418549, 0.6694585975172586, -0.01927893735823744, -2.025463781004671, -0.07461387123018817, -1.8038797732290854, 0.5014318322034774, 0.7310665255252545, -0.022434407169015756], "cancer": [true, true, true, true, true, true, false, false, false]}, "Duan2021": {"0": [4.73065089206038, -14.75777865017244, -7.783553958429036, -12.985997366884797, -14.92142065319429, -12.770996382383919, -3.8431350370015473, 7.611206151818932, 12.419743152763115, 12.69554852666571, 15.03401364335821, 14.571719681399681], "1": [-6.878433128396159, 0.30177839344756674, -5.512408320047176, 2.3361817544419723, 8.372014066718128, -1.0514752315113491, -6.554330048765729, 1.4298265392409992, 2.2679912908159867, 2.992653439599266, 0.4884276248149266, 1.8077736196415766], "2": [-6.470370564912946, 4.037626415091574, 3.880086405598337, -0.19113016472463704, -5.901006732563836, 0.04191636365558944, -1.238117739170103, 6.715802111436438, 3.5131610132691025, 1.6651715171906123, -4.420509268901633, -1.6326293559684983], "3": [-4.244611029154265, -4.421123139975148, 4.590253389291651, -4.0111152225567395, 3.6242387985560542, 0.23419959648074304, 3.629112193382633, -0.23324084892622227, 0.45997763894328575, 0.12341662902480387, 0.7780881186882513, -0.5291961237550509], "4": [-3.1067166282624847, -2.125461007784198, 1.7442228359392196, 4.274861407661251, -2.9861354772077338, 2.58999219348896, -1.4899452308111392, -2.008734533619352, -1.3992152772818487, -0.24989484177895196, 3.7506836941559913, 1.006342865500285],