{"Nigita2018": {"Nigita2018": {"0": [-0.25230760140431463, -1.3412507151576283, 2.802740597819573, 1.1860228002048652, -0.6696979668921194, 1.6677677932438346, 5.379878176179211, -1.3626615540454763, 2.5516376850979605, 0.7743360769144645, 1.1067566603764012, -0.9305092513383928, -0.937625856495411, -3.082330727124351, -2.139927813394528, -2.6015173149559607, -0.5842156030510309, -0.8045327680043063, -2.1286183882897687, 0.22776225295083458, 1.6740617061757135, -0.9378989604329176, 4.412660175133751, -2.7439856151240476, -0.24091325901732244, -1.025630529369029], "1": [-1.0948276302234121, -1.5233311538086047, -0.15462330751216752, 0.25226824060995523, 0.24838796088959883, 1.324111457099778, -0.4770169811461447, 0.4435439209975291, -0.4468217019409151, -0.9272337135373281, -0.9972679673203775, 0.1545532612124692, -2.2882603567552797, 2.2933099023523433, 0.9058091090223115, -0.4801678208428755, -0.7149936564749039, 0.12790876787810654, -0.8986426478955241, 1.3506051764884606, 1.4828647980955623, 0.8903244451481263, 0.38011024112337466, -1.0577426148976334, 0.17490956620614498, 1.0322227052314046], "2": [-0.2634805178891717, -0.6942198370072451, 0.281660606251986, 1.100172796762983, -0.7529076580585462, -1.2562596996852733, 0.3350183626575392, 0.044081174427796056, -0.004332863641800511, -1.1685648871870506, -0.20167688338893075, -1.0855209066854887, -0.1241159583388462, -0.37679995616516343, 1.0388880380627095, 0.014036339893915837, -0.694791176529664, -1.0322870127590424, 1.4790674867970772, -0.6442092974573749, -0.027721825755259197, 1.9257740986187861, 0.9094381981208434, 0.9028493354524848, 0.6968220731508938, -0.4009200296481588], "3": [0.150322108203137, -0.2120773030877353, 0.726492556321734, 0.6352025762767606, -0.6479076112545304, 0.7974008602298424, 0.09722375970851535, -1.793871243409543, 0.8193478089033307, -0.5529631907577289, -1.3322176535328953, 1.9614852450211224, 0.02241857476872182, -0.9682313151660703, 0.11227082572139843, 1.3672393251970052, -0.12209663894662276, -0.456090340148959, -0.25670561556550253, 0.36987768895773426, -0.3045757743013113, 0.8290116175828276, -1.1718887634779827, -0.07167642286366584, -0.12928933731305908, 0.13129826293347788], "cancer": [0, 0, 0, 0, 0, 0, 0, 1, 1, 1, 1, 1, 1, 1, 1, 1, 1, 1, 1, 1, 1, 1, 1, 1, 1, 1]}, "Yao2019": {"0": [0.007494394656369582, -0.05315612631407989, 0.007494394656369582, 0.007494394656369582, 0.25676433734257964, 0.007494394656369582, 3.1856487298547074, 0.5235901125289917, 0.007494394656369582, 0.007494394656369582], "1": [-0.06800048515122031, 0.48367927725907206, -0.06800048515122031, -0.06800048515122031, -1.1618189634425808, -0.06800048515122031, 0.08756117446938616, 0.3557101079939278, -0.06800048515122031, -0.06800048515122031], "2": [0.06305519089007768, -0.10837420980231559, 0.06305519089007768, 0.06305519089007768, -1.0670569511209957, 0.06305519089007768, 1.1835937210135652, -0.9504106739875899, 0.06305519089007768, 0.06305519089007768], "3": [-0.052924969273785746, 0.39111876755911185, -0.052924969273785746, -0.052924969273785746, 0.9037857951202902, -0.052924969273785746, 0.6204991117395674, -0.9001138829577342, -0.052924969273785746, -0.052924969273785746], "cancer": [1, 1, 1, 1, 1, 0, 0, 0, 0, 0]}, "variance explained": [0.6416062577270432, 0.15824479267668518, 0.10219933987045987, 0.0979496097258117]}, "Yao2019": {"Nigita2018": {"0": [-0.7115096803610371, -1.9486075414254092, 2.3921833881585357, 1.301079336869416, -1.3432117017992826, 0.8410793752371342, 4.584054082199308, -1.8128872904384057, 2.0477742318089476, -0.2835722938040132, 0.2779175696230002, -1.2741605264452343, -1.3572855436604239, -3.2689294074622937, -1.738260687414782, -2.4447455922326706, -1.2106310244279281, -1.554110576574278, -1.7157421407701445, -0.25865077039337614, 1.1794680159142972, -0.17652946841852332, 3.7958717833975806, -2.481860972001715, -0.2734580823938824, -1.3339612126911058], "1": [0.7536020635726356, 0.866015576454218, 0.5934470987117584, -0.22057033362991152, -0.5025033021753056, 0.11772778426716743, 0.6656685982862081, -1.7289555958428873, 0.931202808017266, 0.6567203646189843, -0.12037423981959774, 1.2927406983956937, 1.3491038046023427, -2.472226780412012, -1.310893612896135, 0.7494499882822632, 0.45937518174997233, -0.2084553021603651, -0.4987916820187551, -0.5534381962742866, -1.1494147483847743, -1.0672641618843657, -1.0251740188875027, -0.1193151911640639, -0.6411519439752044, -0.7137605468392343], "2": [-0.22404767690684055, -0.2283599240220044, 0.48689614487699684, -0.7797692813012401, 0.4176861195353736, 1.193964288031382, 1.8694510356180498, 0.07047929881457465, 0.5317696570941355, 1.2603166609744039, 1.0469409118195225, -0.704897283710075, -0.63503597863904, -0.6674764999490524, -1.9154812857928505, -2.0225903992523477, 0.10680237377334281, 0.4706321544837645, -2.1634199287950615, 0.30236585414847206, 0.8062502431573881, -2.4002424632016996, 1.6643108543136385, -2.09712962844698, -0.7418541345598801, -0.33753946491834524], "3": [-0.6380026012876219, -1.0164409157463403, 0.1881048399465407, 0.18039103685477298, 0.04499231284049936, 1.8351836911480965, -0.46261087128587536, -0.74328128411358, 0.12378750951926115, -0.6423537442272819, -1.4747250972600476, 1.6288254937205162, -1.632570047211658, 1.2618693352981778, 0.4040921644852139, 0.4645472564740671, -0.37432799670665234, 0.162450835545391, -1.288416448692683, 1.4146106343121405, 0.8979426354090022, 0.5138385830312214, -0.7601338021727194, -1.1015531059702548, -0.1826186597420182, 0.9707682587402803], "cancer": [0, 0, 0, 0, 0, 0, 0, 1, 1, 1, 1, 1, 1, 1, 1, 1, 1, 1, 1, 1, 1, 1, 1, 1, 1, 1]}, "Yao2019": {"0": [-0.31742825079556425, -0.3340619461359451, -0.3174282507955645, -0.3174282507955645, -0.4677904070244943, -0.3174282507955645, 3.1052240266346662, -0.3988021687008389, -0.3174282507955645, -0.3174282507955645], "1": [-0.1608090744581167, -0.19378632010885677, -0.16080907445811665, -0.1608090744581165, 1.631879611496648, -0.16080907445811662, 0.058116076831467356, -0.531354921470559, -0.16080907445811662, -0.16080907445811662], "2": [-0.20297851635153086, -0.2837259082086518, -0.20297851635153089, -0.20297851635153077, 0.24245100761716046, -0.20297851635153077, 0.038298140942993684, 1.220847857757683, -0.20297851635153077, -0.20297851635153077], "3": [-0.1108269241025591, 0.6149193164982636, -0.11082692410255904, -0.11082692410255901, 0.016744014624703433, -0.11082692410255901, 0.004410826843744113, 0.028887386648643043, -0.11082692410255901, -0.11082692410255901], "cancer": [1, 1, 1, 1, 1, 0, 0, 0, 0, 0]}, "variance explained": [0.6623642281070599, 0.19380605530539102, 0.11588549949424579, 0.027944217093303303]}, "joint": {"Nigita2018": {"0": [-0.3699449517852508, -1.4779905787319727, 2.7110923607026236, 1.11950645657054, -0.8113796214970128, 1.5349689456689386, 5.277604734547421, -1.497618382780276, 2.4523011367239875, 0.6180392145012665, 0.9669076138640246, -1.0409095346734076, -1.0554712793473044, -3.2115717883579347, -2.2131206305005056, -2.688682287201708, -0.7181024711380487, -0.951801288112859, -2.1986006188263554, 0.10754593063384901, 1.561208424619452, -0.9737134461168057, 4.310149398165114, -2.8284250839023306, -0.3310663985515539, -1.1423034778579253], "1": [-1.1026566450497406, -1.5301620702518988, -0.18560965898435958, 0.3143953816876217, 0.25855453615112584, 1.121485354666306, -0.44697572223867177, 0.6475048086072865, -0.5117964040727973, -0.9618457834925426, -0.8585080376575581, -0.12453410602209876, -2.2550077372646906, 2.361547760948944, 1.0194817589004248, -0.5776888145029705, -0.741678527634418, 0.09282295186247815, -0.6864488407976009, 1.25674120019709, 1.5106777283042223, 1.017713766062093, 0.5882391827653244, -0.9176933352099698, 0.2782851046601586, 0.9942164426589618],