{"Nigita2018": {"Nigita2018": {"0": [-0.18318796696792164, -0.8041923798851005, -0.8159892188925061, 1.301109924835246, -1.6767047096554073, -0.7039907066896608, 0.6189987998195006, 2.137875944399441, -0.8104696375844389, -1.2058359819506694, 0.954300975287495, -1.4655675554395937, -0.18133499469824813, 3.421990757390715, 0.24197170117116668, -1.174790794317993, -3.2729919346202903, -1.3675670340204047, 1.3572347896045722, -0.41217895197685445, 1.2517584993051212, 1.1042594187925905, 1.2053587685179687, -0.007041952639650257, 0.9058302094311672, -0.41884596921624323], "1": [1.7415534098273648, 1.0006064926302682, 0.21119791022839823, 0.4363101830938073, 0.30785755055238595, -1.17639607520552, -1.0966432032680502, -0.7886896052580603, -0.0726999867727959, 0.014521469578072887, 0.8151946874358761, -0.49350401593404764, 0.27081287684873806, 0.3747985197280025, -0.018993544199284916, -0.20126162603277656, 0.42843777394697663, -0.6587477008780066, -0.922114210673012, -0.8757727484304906, -0.29678508056347735, -0.07240498449965, 0.6768910505117295, -0.1709365315953123, 0.7829034285934798, -0.21613603966461659], "2": [-0.02786549671048868, 0.27470043717370773, -0.7948271784991955, 0.03474242284460155, -0.10708673874134433, 0.8791911118893426, 0.40546273108710446, -0.5800716838295057, -0.43908543985994236, -0.1913479374244469, -0.8292449753409463, 0.407334881574832, 0.5721961854845591, 0.7261390453058127, -0.25757151599665223, -0.6188368274027307, 0.6324299673990543, -0.11934287356645329, 0.01987276936713851, -0.6330261959565069, 0.28422556097019896, -0.46864920364441975, -4.9331369546100595e-05, 0.05033057853002164, 0.6147667778666303, 0.16561292884917597], "cancer": [0, 0, 0, 0, 0, 0, 0, 1, 1, 1, 1, 1, 1, 1, 1, 1, 1, 1, 1, 1, 1, 1, 1, 1, 1, 1]}, "Kryczka2021": {"0": [0.5379875788896287, 1.3559966491897422, 1.1507900781388698, -0.9056344618312419, 2.1263802229051723, -3.360065176888995, 1.027260657412966, 0.13457332161430843, 0.48296958339708185, -0.6522215836547379, 1.7296886839631773, 0.2756261040258024, -3.3554191115050878, -1.5172907643035745, -0.12875500200870307, 1.3618132078599814, -0.16069237482254511, 0.6212546860328112, 1.2456237182849463, -1.8979420070182518, -2.5621656349275574, -1.577299445057458, -3.7784153760119503, -3.6502719894306934, -5.850766330464823, -2.7431200833365317, -2.859329335707, -3.0312666115250773, -3.0338665890956937, -0.8147762277116324, -1.8863669766508462, 2.247011516264959, 0.757708023486759, 0.23859888119575792, 1.1618947758965128, -1.139629126503252, 2.548257454325279, 1.227887119643121, 1.950522772219028, -0.3387075888926781, 1.8994519616939736, 0.4560601179634115, 1.4719132996522442, 1.6687551961342462, 0.6805818842893694, -0.20512389714608895, 1.2221127652586008, -0.00021830259725056844, -0.5271014121812612, 0.9032645952403717, -0.19641902766537916, 1.1684070939404676], "1": [0.02275632366780856, -0.3954964813649444, 0.10553995358570847, -0.5420876202207331, -0.5297160877202695, -0.10431444025574192, -0.5851488587578869, -0.08534818966503133, -0.16102606170333192, 0.35265599854470303, 0.08148688176837487, -0.581897390297222, -0.38382742979521145, -1.4774493218708673, 0.7681216331160703, -0.3963815102854172, 0.4511611630854871, 0.23025561909956155, -0.3307265896877975, 0.7327386036858665, 0.7805561491657036, 0.4487811710360226, 0.4602081543460211, 2.3669627742031314, 2.246106152788049, 0.353875604837145, 1.3721061149189708, 1.0102501519720488, 1.858719626596311, 1.1639288161517098, 0.2632643207294049, 0.1556808725058519, -0.2832007849804374, -0.28842796513981556, -0.20773537502530665, 0.27997068418507054, -0.4315856636603417, -0.6245288198395459, -0.20068361150812725, -0.44751015639028063, -0.4915394150557858, -0.23642014211992557, -0.1969719054664899, -0.15491669019672044, -0.16960961781401374, -0.0439190183013308, -0.0691774340733357, 0.1621080612791659, -0.057693614510391504, -0.11906265689727787, -0.18950338902040145, -0.11905835373885397], "2": [-0.811908022391659, -0.8285368380819921, -0.8672949611009468, -0.40058300010413683, -0.2945459503500462, 1.3109333485102077, -0.1977882257023652, -0.7125371890113809, -0.7677521507063799, -0.5916427585543834, -0.5666616192306165, -0.4336361155763552, 2.0006349717632714, 1.361231295753114, -1.114684956930834, -0.11411010164827479, -0.3651906125114015, -0.7439963722617503, -0.5272533246501684, 1.0060064734563496, 1.578641922758256, 1.578299367062347, 1.7544478279458802, 2.0096104512753215, 1.672008773061405, 1.873856452110032, 1.4395816821310061, 1.013069921439432, 3.0252648057414526, 0.7545237803629302, 1.8844648844177263, 0.055619687876124015, -0.33692289664477587, -0.4108144313992099, -0.34749435093213954, 0.3832538440433533, 0.2139962077378172, 0.043641482814573855, -0.15469231477382114, -0.6230193436929256, -0.15624963529579997, -0.611780116874103, -0.5349742486271688, -0.7019309970495009, -0.48799048829135633, -0.8792588691696883, -0.6481039839078626, -0.6512319629677238, -1.0575301196836309, -0.6856268155682703, -0.4579937916653448, -0.8023042502556081], "cancer": [1, 1, 1, 1, 1, 1, 1, 1, 1, 1, 1, 1, 1, 1, 1, 1, 1, 1, 1, 1, 1, 1, 1, 1, 1, 1, 1, 1, 1, 1, 1, 0, 0, 0, 0, 0, 0, 0, 0, 0, 0, 0, 0, 0, 0, 0, 0, 0, 0, 0, 0, 0]}, "variance explained": [0.7319431388865398, 0.18070498219780537, 0.08735187891565477]}, "Kryczka2021": {"Nigita2018": {"0": [0.2299100121343978, 0.7318741112912064, 0.11345225910926861, -1.3482564163941069, 1.1796918462799444, 0.39627985004813004, -0.9461277622032506, -2.622293233619885, 0.19214284683050242, 0.6632437140526092, -1.3177830112910887, 1.0251258634334943, 0.14122074308312582, -2.936960793337022, -0.6444391156430317, 0.4075618733802954, 2.9194792634464464, 0.6807352878753348, -1.7160261616403283, -0.42356286299332985, -1.3690380564686013, -1.5027488162413187, -1.2233691469387036, -0.3317541849474583, -0.6786320979872977, 0.06795367589428557], "1": [-0.4629677579415227, -0.2527383505816396, -1.0427815752681766, 0.43716478790944696, -0.7631805335534795, 0.8205569163002222, 0.8650042506615692, 0.469144938534681, -0.656048035145879, -0.5987206217402946, -0.555301321480914, -0.04056589160417363, 0.41052060124535766, 1.8586891107338404, -0.11527877436850927, -0.9237882266569203, -0.7144126272645157, -0.44166653490128244, 0.7511827656374825, -0.5022107839747153, 0.8092422673684992, 0.025518905176543413, 0.316080339810233, 0.10439796836339586, 0.7354374143143677, 0.06616647206879911], "2": [-1.556363671540288, -0.7019453906306902, 0.17016728095367625, -0.7754206595979193, 0.2602647548764768, 1.2602480996761802, 0.8394790766589721, 0.20161859091564416, 0.3969394720577832, 0.4055149833116046, -0.9315825391760335, 0.8969171700669412, -0.23261616117004877, -1.4351444521680004, 0.008141729376490225, 0.6488886623847541, 0.5436706262094869, 1.0834980929565008, 0.49533740737068843, 1.0590685581701629, -0.09480877480394319, -0.1774038214514929, -0.9703555980297857, 0.19217551387151274, -1.0500802601772043, 0.34608309187150427], "cancer": [0, 0, 0, 0, 0, 0, 0, 1, 1, 1, 1, 1, 1, 1, 1, 1, 1, 1, 1, 1, 1, 1, 1, 1, 1, 1]},