{"Qu2017": {"Qu2017": {"0": [-4.0339448060903775, -4.951603208459334, -3.8848944208587697, -0.15528841988796677, 13.34015962268342, -0.7534620645899283, -3.318546332207151, 0.907758230286649, 12.547982380282269, -3.934020640344988, -2.262740242916246, 0.923488346531216, -4.4248884444287935], "1": [-0.5139994184455132, 0.2044325955870083, -0.7607493591358154, -8.164826244140276, 5.043255192643684, -0.4091454886950644, -7.967309718366657, -5.404551272848699, -2.3832646755611586, 8.848410374446111, 7.951948818104169, 0.7549442017068925, 2.8008549947053214], "2": [1.830285742800952, 1.970784762018735, -4.465778749599712, -3.411189317554318, -1.1472082630286613, 2.2528068593830777, 0.5954654509127502, -1.2070742181337568, -0.48517838315801853, -3.904890878979338, 0.4394331427872365, 8.299200916027768, -0.7666570634767126], "3": [1.0351159668958474, -0.6154332063978237, 2.421861924330443, -0.8939002076398315, -3.925674647205724, -3.335723314811075, 1.136394914106608, -3.1141581377788095, 5.206039699844942, 1.1685573946964487, 1.5476966037386282, 1.2779025849551873, -1.9086795747348355], "4": [5.061438962133574, -3.1941129508020176, -1.679965841440828, 2.1996317532093657, -0.6613763387665653, 0.0870396739866795, -2.588917201894432, 0.23345807847634445, 0.07826395187750547, -0.07894731546505461, 0.5281643676504777, -0.2856903430430412, 0.3010132040779905], "5": [1.8250892745675869, 1.2197299868784577, 1.0243352332284172, -1.6681240890001876, -0.0927668092037685, 3.9934458067607523, -0.31010138860301045, -0.8857707845237341, 0.6852862795020009, 0.4386779181661818, -1.2033164946637744, -1.9994634436316752, -3.0270214894772516], "6": [-1.8760203771649828, -2.244433864464827, 0.8665699730025855, -0.8683580848739123, -2.0403299290141925, 1.9234909225991563, -1.3744630429776434, 2.7846688962849027, 0.689597776160436, 0.5897903710713358, 0.47999105336156994, 1.0497841087979916, 0.019712197217578078], "7": [-0.11914638458376078, 2.28179394430888, -1.0966211592648805, 0.9562168675363946, -0.5090383265516422, -1.2315715124083157, -1.6244677591428753, 1.6771856369503764, 0.11745829854629496, 1.3069821307597025, -0.19048238354969002, 0.36510586183307936, -1.9334152144335666], "8": [-0.05551518906871683, 0.48181514663670405, 2.0924657466707846, 0.7034254224325074, 0.23939043938433707, -0.039409984961426996, -1.9437889970117226, -0.8397187921331409, -0.2505272970362531, -0.6607551582877296, -1.390945384425369, 1.1679219504461893, 0.4956420973538411], "9": [0.19553104206148586, 0.14034314940111686, 1.0035932914491867, -0.0980837228297916, 0.35533595320282463, -0.3666354061252025, -0.25004476933850955, 0.5623679014344873, -0.5586420628643438, -1.5770590211705346, 1.845852074277148, -0.2897243976389392, -0.9628340318589269], "cancer": [true, true, true, true, true, true, true, true, true, false, false, false, false]}, "Li2017": {"0": [-3.1985811443020284, -6.302650357188164, -1.4384779880545147, 4.155947228290544, -1.1579218544127066, 9.982554444385197, -4.179289988168295, -4.686725835349368, 3.8046802503423294], "1": [2.780635462176732, 1.0119691311295564, 2.10338731932792, -1.0813294843999035, 0.12975943076467278, 1.4483513524006426, 3.504083740430458, 1.432385939058979, 0.3488763768784654], "2": [1.7156271078830765, 1.7722619860999869, -3.5740250775189457, -4.891258342194372, 1.5387870179767464, -3.6281246361369353, -0.05704066593054053, 1.2429470644383962, 4.042078788586929], "3": [0.5963221192539137, -0.30951529192925115, 0.7373720081053451, -2.132468490549952, -0.3007067709834613, 0.1881513269256468, 1.568331944918678, 0.20753936634278977, -0.2965000080661584], "4": [1.8491223483937114, -1.2793197512620427, -1.0571802415449874, -0.4617940490588486, -0.5114042474962529, 0.3150485779843899, 0.12818935683219881, 0.8378693785053654, -0.19973675667039292], "5": [1.1963657683495048, 0.7937530108933739, -1.1383022193133434, -3.729102427028395, -0.3958506409492654, -3.704672604655533, 1.2732207211322861, 0.9436286986439776, -1.1409129924271504], "6": [-0.42203226800257154, -1.093263573726376, -0.5988781902195494, -4.958512839258457, 2.3323330203897275, -1.49874800087617, 1.7180028197330037, 1.849283172993716, 0.443630654140179], "7": [-0.4482080440094741, 0.6088893115463252, 0.06153097804361495, 1.6492717499830631, -0.7670216089068227, 1.1676213813159482, -0.5572301465118424, -1.4605813989488414, 0.6935156592283243], "8": [-0.23786099433794636, 0.3102908683980049, -0.18734178810885327, -3.9099515778253777, 0.6402710313494339, -1.4254315158685034, 0.9385760116177722, 0.2595621382225881, 1.0451502988091461], "9": [-0.5833620042037603, 0.39451951829556003, 1.2702558910938853, 1.5183155283077596, 0.16813667995576284, -0.6557828034883653, -1.3829266813829824, 0.47664300679860294, -0.5596599705590637], "cancer": [true, true, true, true, true, true, false, false, false]}, "variance explained": [0.3818920649682364, 0.2931991118191971, 0.11347840698993425, 0.07022294213686373, 0.04391771600468291, 0.034997580359309916, 0.02552323257629679, 0.01734077302626039, 0.011758978003272058, 0.007669194115946419]}, "Li2017": {"Qu2017": {"0": [-3.6087357298852005, -3.6546007221582606, -2.5766336306448228, 1.7409593039757905, 8.504389201633481, -2.7883081388387443, -1.536533758504054, 1.1024517460280039, 7.159006604686047, -2.726048166686061, -2.335873861493357, -2.151585091065353, -2.6863506968491944], "1": [-0.7776670210326836, -2.005161051036876, -2.780439232518575, -1.1478097808293308, 6.220835644007775, 1.8367566038429555, -1.7829846307089336, 0.8628613659445705, 7.565449631073823, -2.6850357904462645, -0.5115980829194118, 5.642509720659284, -1.7089972722124414], "2": [-1.3310187757569598, -2.9076099612819193, 1.8493774253900104, -2.19303355470034, 1.9839895030154548, -1.7486458243944114, -4.166714263523523, -2.2921539817177283, 1.978528800078521, 4.874389636431439, 2.4826493317877363, -3.279988160819632, 0.36343810824103606], "3": [3.2184921026679736, 0.9559958133462956, -2.2971943831463686, -3.767002511579851, -1.4445280092628425, 0.18316652172571496, -2.805332032089802, -4.148982215686776, -2.711787306457581, 2.0674729632954127, 2.1150973853038835, 1.585486443495873, -0.05368572867548484], "4": [-2.3159756159758036, 2.492815091327818, 1.3510619864293647, -2.8884683616070057, -1.0003062458710619, -1.4604872602196581, -1.2716196254354049, -2.416880714694816, -0.927774171815856, 1.833565048537456, 0.8134669398941812, 1.1770271329111575, -0.29509055252157185], "5": [-0.3168412057410176, 1.3344783968327993, -1.2706616263499182, -0.2842396896246936, 1.3645511517749405, -0.6150457906768504, -0.21373754305646137, -0.7632055924081264, 0.2613880856627586, 1.7884107778998597, -0.553011928596232, -0.6682936983530579, -0.21194999036959616], "6": [-0.8275333036928911, -0.413053263977343, -1.561060164933581, -2.9771578685187197, 1.3703937349924888, -0.7820620158092674, -2.9720161785587518, -1.8856753988802692, -1.6977673691244226, 0.8659521911506476, 1.9934148628373538, 1.4961988293446078, 0.8648482626686149], "7": [1.158187439745942, 0.29848399441138584, 0.745042592166617, 1.991341469382744, -1.3267375766883596, 1.6844954930854585, 0.5770495673464037, 1.878852029576107, 0.03957760472370859, -0.6905719850420071, -1.698514968251692, -0.23395675529914747, -0.5086418975182698], "8": [-1.1570233894415949, -0.18663748346412554, -0.31291345786538644, -0.9656424121066997, 0.17622970409583613, -0.5878496823121402, -1.4518656469478772, 0.5115630885243766, 0.7485393218197177, 0.7844380631872168, 0.9722927781874812, 0.4846485741788292, -0.807779434354462], "cancer": [true, true, true, true, true, true, true, true, true, false, false, false, false]}, "Li2017": {"0": [-3.73457731741857, -6.030986031446545, 1.1659632853627948, 11.645130891353215, -4.253072842977641, 13.162665488406208, -6.990878502329804, -7.1316794569596675, 2.1674344860100097],