{"Qu2017": {"Qu2017": {"0": [1.1628944377861268, 2.122177455728098, 1.9031838228993845, 3.4659191780248473, -4.838162471715475, 0.2570766376058328, 5.42266094029083, 0.9906103406678411, -1.5590530825885305, -4.964129876710979, -3.6205070651779487, 0.3229428067822709, -0.665613123592299], "1": [0.7098888422385434, -2.2565766338891082, 1.9738108648852046, 2.1035566039247504, 3.459872441165353, -1.5943762233063206, 1.461834936412527, -1.8218865220631382, 4.67746824578815, -1.3433324383195093, -1.3708348280251237, -4.440188124318983, -1.5592371644923462], "2": [-2.2267488464773644, -2.4510492130101267, -2.7514768777964966, 0.5961924557258061, 1.5097709193129596, 2.7004426091826965, 0.19429921778894083, 3.925266258069078, 1.0190405345672684, -1.285751781270693, -2.162359064879027, 0.6346411103735782, 0.29773267841338213], "3": [0.601636176569017, 1.1091591985176876, 0.2898139188233619, 2.833557207770502, 1.6040885691420028, -0.80117183427951, -2.368420693905762, 1.2053741949350643, -2.73015304625576, 0.26078219565915495, -1.173910337809995, -1.5932743612228375, 0.7625188120570771], "4": [-1.8270142164785759, 1.8055816391620392, -0.5466880050399828, -1.3074811197354075, 1.4979938102205157, 0.6576165962167687, 2.477020421199319, -0.3557791861978574, -1.4050578664574165, 0.7203965147855017, -0.017001348419226354, -1.9659293384889223, 0.26634209923324226], "5": [0.5567027311428748, 1.4271553706731404, -0.4781347746616677, -0.48887736649207186, 1.8040338843374812, 0.6052285158804269, -0.5888233829485039, -1.6286790281747021, 0.16613910109860044, -1.3841499337070755, -1.3544043465244358, 1.719050504011592, -0.35524127463565747], "6": [1.593924042139396, -1.0294444370656275, 0.16347730133759356, -0.4901758699193919, -0.13421124110917312, 2.007458508728292, -0.032452423723900496, -0.631562095629758, -0.8005918576650625, -0.06194969467687703, -0.10061917028061045, -0.8972258883372822, 0.4133728262024018], "7": [-0.45170391024774537, -0.8105544931280682, 0.11314230667672315, 0.2418557680044033, 0.06764474892387747, -0.5205368157354348, 0.4048459220546424, -0.8350476832449446, -0.18476248866247852, 0.21217692500880694, -0.5888905156315121, 0.4889416908286387, 1.862888545153092], "8": [-1.0885229573939956, 0.10185507144660073, 1.7946642123512768, -0.3653972608640857, -0.17055528349610152, 0.724203852600228, -0.6784528962101063, 0.06689856176628209, 0.10640617628371535, 0.0447214031137123, -0.5084110518896328, 0.03124695986893477, -0.058656787576823854], "9": [0.12204362942353303, 0.2794025578189089, -0.2976732665260132, 0.1067239057158713, -0.3896388219030865, 0.14262411849569975, -0.05631829120466366, -0.1443172965457366, 0.37562604476491634, 0.8661521528112734, -0.7797379594020396, -0.10024810605530438, -0.12463866739335817], "cancer": [true, true, true, true, true, true, true, true, true, false, false, false, false]}, "Yao2019": {"0": [-2.5591645009728894, -1.2709329409273746, -0.9843388933967212, 0.19333658760038658, 1.3270813828322516, -2.2359047814168704, 1.3820014892737036, -1.2513783722660299, 0.7655296388298429, -1.5657485392083548], "1": [-2.003579207600404, -0.5680228522633267, -0.8442466277342533, -0.16664324746897655, -2.6706757876163265, 0.6921646345787618, -0.7091610234500779, -0.04329383781285642, 0.956506812872631, -0.6941548045857029], "2": [-1.6637608576486602, 0.35209994992624455, 0.35222768681024397, -1.2792279161126114, 1.233147781555803, 0.49897072458523833, 0.3913272045784653, -0.5842085060667849, -1.1130518884384484, 0.06543619764192762], "3": [0.12380431841615569, 0.9267000768805239, 1.0589398358773885, -0.8878501150495293, 0.5623318184150405, -0.2461172190693498, -0.6214216783153775, 0.3156928559516519, -2.354516511907255, -0.08859372239133134], "4": [-0.36591962914712184, 0.3885157741642239, 0.8029419190703037, -1.4686691277715322, 0.32542320086930354, 0.35751662195274375, -0.20744739423838138, 1.3865682092801535, -1.3883414870058859, -0.5223881377914505], "5": [-0.7431534265681928, 0.5230141562825215, -0.6150114275475812, 0.0008478805975120421, -0.6783274831666868, -1.6034343950963055, -0.377207884184512, -0.2317850932283398, 2.562610543409682, 0.20776306640775077], "6": [0.06903853045204768, -0.12318101800850233, 1.0188316049379544, -1.2302253335592628, 1.0276335350568324, 0.47747747339762076, 0.24091645763400513, 0.25380084352411786, -2.8134414044698244, 0.6302451949986455], "7": [0.2880529458592721, -0.1755236435972365, -0.6284532357111609, 0.3014878978674817, -0.30529413743386763, 1.444466401485917, -0.28981905125159807, 0.07639037150842422, -0.3598870905259347, 1.0201883232980247], "8": [1.1808517046729787, 0.2852124873787747, -0.838764290219369, -0.9104078153343291, 1.059076267363462, -0.6460432975819145, 0.7708574702069859, -0.3979722945692856, -2.714434994204984, 1.870583459173921], "9": [2.747892822927544, -1.0932024158775573, -0.1506608236067679, 0.28494058294388686, 0.11899501459008091, 0.31216785300340205, -1.7897565431991216, 0.5317149674394057, -1.0568336900991635, -0.0014192820379819349], "cancer": [1, 1, 1, 1, 1, 0, 0, 0, 0, 0]}, "variance explained": [0.33585776803332984, 0.23608139073085768, 0.1497828004466066, 0.09259348044663289, 0.06936599129970265, 0.047143055984469925, 0.02877704406904651, 0.017951517004359374, 0.01690907987021921, 0.005537872114775368]}, "Yao2019": {"Qu2017": {"0": [0.9314110805347858, 0.40372185391878634, 0.45213775744398943, 0.3351663803154027, -0.10566948893076826, -1.53431611341819, 0.8760213982637449, -1.4713425085088145, 1.9030778585538957, -0.8124132014858679, 0.1746353868625525, 0.6653873356406151, -0.8232576179830033], "1": [-0.6541503302412043, -0.6512416124316204, -0.7440443318743116, -1.7344831341354472, 0.9776302304415591, -0.5722325358167761, -3.030989927846963, -0.9260814908485144, -0.8274507854911368, 2.830697133363791, 1.2790721739292454, -0.8949974978537961, 0.4132477097804995], "2": [0.05975256221857434, 0.7496619570748909, -0.046750899590950405, 0.7117559616055095, -2.246920959425277, 0.9207493262540065, 1.027621886124725, 1.4496508444903518, -1.6098006686805333, -0.8913859593622168, -0.808877206574185, 0.951880391805437, 0.2969516585437221], "3": [0.002670432604819948, 1.074897583402141, 0.61864798339366, -0.6926739904972107, -2.4095828094931075, 0.14906394410695922, -0.6323614160180193, -0.31901923254626213, -1.0955145131620554, -0.3900768519200229, -0.16250901955560795, 2.1413841107539953, -0.12041067562988642], "4": [-0.5986050110596837, -1.9812469818983132, -0.056537700753049154, -0.6616550351061498, 0.7096506760261864, -0.42407212369604436, -0.35829540991137837, -0.5646762892227268, 1.788778500690619, 0.9228508760517394, 0.49101017143805525, -0.6965502020077444, 0.23675998782041158], "5": [-0.6394383193206081, -0.7918368910649163, -0.5647350957517369, -0.3065921167795371, 1.5997132033285573, 0.6683115502580376, -1.4054307927866139, 0.2815033382578306, 0.1973806966541947, 0.13401075457080575, -0.4180765478701838, 0.30686105740973263, 0.4043711479806635], "6": [0.7169360697147561, -0.9861476866060646, 1.225111538429398, 0.3768603000459441, -1.2438399579772796, -0.6470916698183447, -0.05074816622254475, -0.6576218572664349, 1.0961197979561292, -0.27811606093666547, 0.17531471175336324, 0.23729760424974963, -0.058753307624473255], "7": [-0.3141885063994894, -0.3793542306886884, 0.5025556714794225, 0.8179663735595504, 0.4318318479700784, -0.20667453240838268, -0.7555934186271199, 0.7899991721109022, -0.18947771848271802, -0.22300568443277763, -0.11445900924629837, -0.22307546630636357, 0.25073364509052565], "8": [0.08701832569806847, 0.8405502160426411, 1.413604138706569, 0.7490580065255678, 0.14676972757507703, 0.08147365829544907, 2.39176063958145, -0.5607824318991637, 0.4677778023569769, -0.7968651626838814, -0.7040058367135067, -1.0011372634662201, 0.005461559360214395],