{"Qu2017": {"Qu2017": {"0": [-4.50605239163287, -6.299732399051341, -5.470740915850391, 5.9049264947081745, 15.48134923102857, -0.7491330859390083, 0.6229109281469015, 4.8458074924291585, 15.839437563030966, -11.47879158754718, -8.354238199929874, 0.5055172434258096, -6.341260372818912], "1": [-3.081515865967844, -2.318120515383821, -2.9521337603609843, -9.905389223422963, 10.818377511147583, -0.7443277422755882, -10.161313389471646, -5.4503396114909535, 3.306708870656776, 8.477584268788899, 8.165242330605043, 2.349340847354948, 1.4958862798205483], "2": [1.210390381235335, 2.21328200705349, -6.019195305521625, -2.8632837837623155, -1.1504856921475133, 2.9935084332515705, -0.6141527532007692, 0.30790094941134805, -2.4699290068121558, -4.81949860972748, -0.6545495120318773, 11.085041029950705, 0.7809718623012919], "3": [-0.737701071866833, 1.8977884010409607, 1.9155173410480633, -3.851307256667651, -2.629774879474904, -1.5968763212369352, 5.2657957139936915, -5.2981176403641745, 5.590538780003303, -0.22786716039073027, 0.5996488952275403, 1.7121476970548888, -2.639792498367223], "4": [5.291387410886965, -5.209069853431675, -1.3650955149519823, 2.173698142835109, -3.4662634898892954, -2.137621327384703, -2.0762745905880204, -0.688211968135189, 3.216080651717195, 0.8005701158259468, 1.3358422401442753, 1.5038880368515701, 0.6210701461197974], "5": [5.909262129475064, 1.6961681674283804, -0.4210779198508231, -0.22891610668084317, 2.6496745976038265, 2.5453361558255767, -0.3541903955801764, -3.7838754501303034, -1.2492109457687042, -1.544420919332988, -0.7851277459936509, -2.455372042184597, -1.978249524810757], "6": [-0.29860561639165584, -3.3357147390485036, -0.33589068970400293, -2.8330111447311137, -1.4668038936170877, 5.848179525308367, 1.1874483950651442, 1.6891677481613934, 0.9287830478257852, 0.6354671114532212, -0.06696647928557112, -1.4107830549670113, -0.5412702100689669], "7": [-0.29517090983281213, 0.6778040086291995, 4.457332799550825, 0.1370706171832663, -1.0435152377646308, 1.3913236792878045, -4.060248711702095, 0.01718810714962567, 0.9330074798964685, -0.6624727867357416, -1.5237237487080395, 1.5868867393348252, -1.6154820362887046], "8": [-0.45763405794208806, -2.0794052179673903, 1.8418985303558773, -0.025268241099878668, 0.9544017000095769, 0.27901486120905056, 0.7625039730539113, -2.1145984301067937, -0.7605398273434253, -1.4797581627066942, -0.7355402875934278, 0.49318644733620937, 3.3217387127950717], "9": [0.16572259981632437, -0.6154548024375698, 1.0975296981780713, -0.46978499783364674, 0.25584606614335853, -0.4835732041070969, 0.19792838388972142, 0.9024051936941198, -0.646731034780108, -2.406889893145477, 3.1788339438875526, -0.21254204857611964, -0.9632899047291292], "cancer": [true, true, true, true, true, true, true, true, true, false, false, false, false]}, "Duan2021": {"0": [-7.2130913193844135, 2.7634393634977856, 0.8114452124748364, 1.4680081446318214, 4.041443187954446, 1.986415539799083, -0.8572016563523887, 0.7773396382252862, -3.1609458562659816, -3.2510475934784617, -11.056454433016565, -7.699994325477259], "1": [-0.4790831552971542, 2.7723457766637574, -0.9222389290784583, 1.8297506241607282, 1.659238669068833, 1.8537613874117524, 0.9490366988911204, 1.6943102123037368, 1.4120616453671908, 2.5652749571938167, 1.5572266633020948, 2.181693555487137], "2": [0.8402565059370963, 0.04857509658298261, 4.158580274260448, -0.8794263125093816, -0.452617094948936, 1.6086822499381912, 3.6480055845641255, -0.34360090266158155, 0.20353829283554614, 0.01090986868602784, -1.609795032219407, -1.9064712217212547], "3": [0.6401083805544602, -0.9395902705830776, -0.3490833455376353, -1.279941313112724, 0.2154813380187018, 0.287922007727173, 0.8268871381373432, -0.3394681566997093, -0.08339639483224144, -0.5620476320957533, 1.4430469358485654, -0.3231379094880355], "4": [2.286499069609663, 0.2271386289146639, -1.3914435460846362, -0.291987657355681, 2.0448190159883266, -0.19066857401541049, 0.46860675383262196, -1.0299338958418074, -0.42947112957321576, -0.2844400293311937, 1.0279997111131507, 1.1140237685281809], "5": [0.8896321394708361, -0.552849931701132, -0.13287853419754828, -1.9422322038679238, -1.0725373462487515, -1.3029554499716511, 0.7726294002088733, -0.7727948024937471, 0.18078049788910225, -0.40361421428543504, -0.18598622062299916, -1.1131685277812842], "6": [3.0750753632807566, -3.9184030194089425, -3.136848812533185, -2.631000634352676, -1.9186607796250674, -4.137700618310666, -1.7970516883395524, -0.2125617578142304, 1.4285587241401643, 1.8768525388825963, 5.777339536600639, 4.441440620089889], "7": [-1.5075575116205426, -2.864934044328973, -1.3790629179208298, -1.8711012381696712, -3.0631802516474704, -2.6012629983408564, -1.0592123624549483, 1.6603610503225616, 2.60222359874076, 2.155299525878174, 3.5270171498958076, 2.555750139314611], "8": [0.9167745163873826, 1.9565376364723022, 0.8365226671535817, 1.3640866684145887, 0.22362571920501806, 1.521135047937371, 0.9164394217008448, -0.7956126928999295, -1.598531453529564, -2.2778612831593525, -0.5783858709021807, -1.1517081185874247], "9": [0.04014782755515749, -0.00771550756138361, 1.33417330162748, 0.7909006070660958, 1.688440137629754, 1.5980601979197413, 1.459938086962265, -0.58646366988957, -1.5261542396771022, -1.3300227186136844, -2.488608578872479, -1.3092686962822493], "cancer": [true, true, true, true, true, true, false, false, false, false, false, false]}, "variance explained": [0.420788894583762, 0.2526649932920697, 0.10249797187595515, 0.061785624297935195, 0.047006528038992086, 0.03840118274305193, 0.03031370324405152, 0.02324061005680296, 0.013626002375963524, 0.00967448949141589]}, "Duan2021": {"Qu2017": {"0": [1.1416167344140185, 1.1852045684865775, 2.3781128550479353, -3.371053704267935, -7.0436192170551335, 1.4546438059669615, -1.2285979520466468, -2.0784450708897912, -5.615522454163607, 4.407919769387274, 2.0012965664216438, -1.5190222915736082, 0.9665439266569681], "1": [-1.0443075499385162, 1.3843391570412633, -1.6812091373427942, 2.506948558665116, 5.186693618475684, 0.37391720327774264, 0.8086046319185874, 2.2369754492614753, 3.1909241996657314, -4.7556876469922456, -2.7667061553068044, 3.126717084069515, -1.365606006670154], "2": [2.9051439890862603, 1.9564079280166473, -0.17046979015530014, -1.5434330619180354, -7.095107834831667, 0.6025981761638093, 2.0985202305349064, -2.092023926809948, -6.200670420478152, -0.19957113431189433, 1.0234221069064435, 1.6999510744901911, 1.7157689353114718], "3": [1.4395187238224458, -0.049522449699701994, -1.244977553624186, 1.7921466491409033, 0.3131546232187977, 1.0355807186128536, 2.4755284585314477, 1.5704089370775995, 2.8266854753711494, -3.589371316784779, -1.4503261979229765, 2.074612703705648, -1.5498145589762493], "4": [0.197231074694738, -1.3668514921694948, -0.7960108714800689, 2.2247319613274024, 2.924181984049724, 0.23396358574210693, 0.7572726738768751, 1.8123658765702044, 2.822292994397679, -1.250864164255803, -1.0264702957702658, -1.0089524491366904, -0.6289032183968708], "5": [-0.38291343751495494, 0.7695344002975056, -0.10369474481226719, 0.5007319977138215, -0.52293553548586, 0.19175487085218432, 0.35161252277338334, 1.1312752320548418, -0.9176403357629199, -1.0139694956400744, -0.24816214119648794, 0.8450730992578439, -0.035263671361606075], "6": [-1.101088359899961, -1.498882823235396, -2.30237988092984, -0.5356612744690121, 6.755155185622478, -0.91544828019412, -2.3568055018355483, -0.42224342500234496, 5.2114584307090945, -1.364100148026027, 0.01801890827493345, 1.6392710401292532, -1.5527916096072034], "7": [-1.195066119897005, -0.1260307861682144, 1.7372587748899786, -0.9022096322156032, -1.4731440986036788, -0.7630524443720941, 0.3568565389207937, -0.7024491370609087, -0.19703212100605186, 1.1844696328945754, 0.8474800747329013, -0.8845958124509979, 0.3036990050514248],