{"Reis2020": {"Reis2020": {"0": [-2.413075145959123, -3.422062752999747, -4.314854455935891, -4.470482016628182, -2.8423995189217317, -4.014779094638355, 2.2466800908741105, -1.8520490901688862, 6.400314224787494, -0.3628586116400543, 0.573166643882585, -0.49469209196749186, -1.7335656010849878, 1.4451838480769732, -0.7075318523603884, 2.4211617074060814, -1.4855784118487017, 3.3174949415744286, 2.405856064697246, 6.994571387276881, 0.4848437880831916, 2.612146272729946, 3.44181939464671, -2.124553410189561, -1.0238015968541114, 0.3750510715947377, 3.058894194285953, -4.112916432926973, 4.396535722620866, 0.6556521099938549, 5.377050176133705, -1.568020479083682, 3.410728591976571, 7.784259633981481, -1.2994712209061956, -2.811380639649635, -3.684604037018881, -1.9333190363016164, -2.821907683743026, -2.6527640810249267, -2.5497835633028703, -2.7049590394678], "1": [-0.8329862477457167, 1.726266828321984, -0.9336991144385491, 0.4884432580909595, -0.7749696008638337, -0.48123471772404536, 2.0378819570840037, 0.8334638866385036, -0.11847185673054889, -1.0523686448359484, 3.255651418838675, 0.8983173009862372, 1.6022930529376087, 0.05853288141565962, 0.8886828422265368, 0.6297509082103983, -0.4627667048852357, 0.29321704738224424, 1.0048219641137248, -1.3847169541316062, 0.33179355061798227, -0.08848686370759845, -0.7134114697985265, -0.8522011791126551, 0.44668913031589086, 0.28213248175806044, -0.7395208585982773, -0.8781204193322654, -0.2495952453596082, 0.19473679651996037, -1.0534962344912004, 1.1930574277886914, -0.13060509470216752, -0.5943396723021809, 0.9375615676419025, -0.578682116973119, -0.8874560645073719, -0.8915886078867292, -0.8578021367659014, -0.8485616322352313, -0.8448238169159129, -0.8533890468447958], "2": [0.5544843933461688, -1.1243961038503751, -1.1822024106799554, -0.8162159738792862, 0.08976825021213616, -0.39263970033223483, -0.17391271162673447, -0.000979267379901278, -0.8417147598720756, 0.21364271000425947, -0.13813722153000813, -0.4823427669134469, 0.47169585120663193, -0.010822374219682202, -0.1476838578057294, 1.617111993855686, 0.38074870771955865, -0.19548685098320512, 0.633322284971262, -0.6091627557845731, 0.48257325611845087, 0.16368286557931278, 0.6711280579811316, 0.445734182417203, 0.37950491672264386, 0.046585052364347145, 0.18248716054946962, -0.694908638555836, -0.3699621036423378, 0.8878146507815328, -0.2891496751863326, 0.013507421401326167, -0.07510195171636636, -0.7934099174444734, -0.02733028989594999, 0.09679255763285385, -0.5198375095342342, 0.42569284636173876, 0.15978284016463537, 0.3161538050420408, 0.39861663727629126, 0.2545663991240589], "cancer": [1, 1, 1, 1, 1, 1, 1, 1, 1, 1, 1, 1, 1, 1, 1, 1, 1, 1, 1, 1, 1, 1, 1, 1, 1, 1, 1, 1, 1, 1, 1, 1, 1, 1, 1, 0, 0, 0, 0, 0, 0, 0]}, "Kryczka2021": {"0": [-0.9743410598137024, -0.834845818134162, -0.5473086339183685, -2.2146518662575425, -0.33174691954319724, -2.8620862298627254, -1.0197873059849998, -1.2832294511399511, -1.1506941540614417, -1.358115556276539, -0.13230729193068635, -1.539405144145617, -2.9038503620076312, -2.887306725360238, -0.8342621374862382, -0.6338268315848176, -0.9133611893546749, -0.7296849409460613, -0.7636726487956916, -1.3511518716526856, -1.5556058575004938, -1.2371850793647792, -2.5166301981008083, -0.7579978739508555, -2.2912568133763536, -1.943988405217143, -1.2753662793837135, -1.8037354622615958, -0.5306356577769638, -0.39843799688159814, -1.4967672231986198, 0.4174483042746877, -0.9673264094741109, -1.3077496698137903, -0.6608425512072814, -1.4452794056712475, 0.14866600514980874, -0.8641025719789224, -0.1220248108427652, -1.851838525774728, -0.3990773428675696, -1.1874480193114583, -0.5153046436132457, -0.4064825403097436, -0.9601992624010307, -1.500987380054641, -0.5906475980519281, -1.1392457132026537, -1.7577727795892002, -0.836989709226131, -1.501728901490619, -0.7081801035493778], "1": [-0.2450437062373586, -0.13797873877120975, 0.1024331630410704, -1.255200997708348, 0.27665582372757797, -1.748824706582059, -0.28151889448519885, -0.49576685548328575, -0.39029673856410974, -0.5481321694974562, 0.4439293633819947, -0.7076928959821158, -1.7759834950683768, -1.7884345026099873, -0.12421424938711559, 0.036201912984776374, -0.18215498733505003, -0.04210167157678212, -0.07482176218234537, -0.5128377171166653, -0.6691363374137234, -0.415530742103563, -1.4523810367496695, 0.009154282364252492, -1.2431701832259898, -0.9870963081361536, -0.43474931505472203, -0.8758292348101625, 0.2016005628758234, 0.2641185314366155, -0.6248910770084319, 0.9010923833259333, -0.23680293210155964, -0.5142036674121033, 0.013337423509252268, -0.6054881835900283, 0.6763679988386578, -0.15201346734336618, 0.4541338752153754, -0.961591013335641, 0.22465096057103145, -0.41910828447657733, 0.1291681649996231, 0.2155406164639125, -0.23141587005659311, -0.6745158033756355, 0.06801885507938253, -0.3744436729457694, -0.8857940521148776, -0.13343441110902976, -0.6708890984397862, -0.03040937839798678], "2": [1.1080450831250408, 1.690347316054565, 1.4581288210282872, 0.16767387348330076, 1.7117915520932354, -2.682958792990523, 1.0574703842731943, 0.8426707066127752, 1.098603793939624, 0.18618978536689415, 1.532667110862719, 0.8434807748680537, -3.156754070491622, -1.3109118473393404, 0.7672711125096465, 1.1119299081539755, 0.23663844209917892, 1.0341733750397888, 1.3657241593652836, -1.9025345215812843, -2.741590672435285, -2.1089949038478943, -3.4423430175615497, -4.1641076038883655, -5.038366943888794, -2.9490083279820083, -2.9693765825964573, -2.6040857503022425, -4.503582004103206, -1.2457686472474174, -2.4681493874126725, 1.282057758566353, 0.9332166494067682, 0.7151235126940078, 1.1365886413062676, -0.8482081851617121, 1.495004029520419, 0.9810436301062861, 1.4024997924293263, 0.6253605581109769, 1.4651706531991096, 0.980159610208225, 1.4530398366896218, 1.6822708766353258, 0.9799113802826821, 0.7826649068900955, 1.3714729467298326, 0.6444771446099419, 0.7584658575011701, 1.2454186119591788, 0.4887949124584917, 1.48333048973081], "cancer": [1, 1, 1, 1, 1, 1, 1, 1, 1, 1, 1, 1, 1, 1, 1, 1, 1, 1, 1, 1, 1, 1, 1, 1, 1, 1, 1, 1, 1, 1, 1, 0, 0, 0, 0, 0, 0, 0, 0, 0, 0, 0, 0, 0, 0, 0, 0, 0, 0, 0, 0, 0]}, "variance explained": [0.8901107035472683, 0.08423865646816808, 0.025650639984563576]}, "Kryczka2021": {"Reis2020": {"0": [-0.23834182396492998, 1.1245258551291695, 1.897118720721984, 1.3197982872012104, 0.29769583839113883, 0.9877001348001554, -1.2222482348890826, -0.15987223694875022, -1.195959167176532, -0.37340987376400164, -1.076447075884166, -0.045484373421562634, -0.7829016589471159, -0.8099422351624833, -0.3100976019555865, -2.7042881545236845, -0.3690342721010449, -1.1354478987360759, -1.8350496845559605, -1.3244434377655459, -1.0962145903239493, -1.2332511384501532, -1.8011978812873575, -0.20171063930236183, -0.6514158812868741, -0.645293531796374, -1.2379251357677548, 1.3737788086269036, -1.1309373523967092, -1.4977085824469176, -1.296205515340362, -0.3105413192877396, -1.1931334190653995, -1.4904102694139953, -0.2892628592590249, 0.2465707978131672, 1.1044052021569268, -0.22193385148881986, 0.24164152071667408, 0.04984347844125522, -0.05445348958453759, 0.12208588521737208],