{"Yao2019": {"Yao2019": {"0": [-1.2441858468900022, -1.0966034341411561, 1.11450249747231, 0.2757860070583348, 1.6123074834382012, -2.629246363647997, -1.7785598143161858, -0.9654449718557672, 3.3828008680980175, 1.3286435747842424], "1": [4.169417471765209, -1.0006020313115171, -0.8259633985022312, 0.22999511687195928, 0.02746836441009375, -2.374895625836869, 0.8279412844344509, -0.8829945761656512, -0.24081933749919876, 0.07045273183375436], "2": [-0.5043787266235615, 0.4721274393353305, -0.7316537984556611, 1.7159943479216209, 0.4417429733022323, -0.9169854213888702, -0.533779490068566, 0.5910030777803963, -1.2462610498490492, 0.7121906480461295], "cancer": [1, 1, 1, 1, 1, 0, 0, 0, 0, 0]}, "Zaporozhchenko2018": {"0": [-1.4008197383815475, -2.2648181512843704, 0.12155693632295649, 0.4178424127878526, 0.45667163749741796, 0.853885581927358, 0.5063752866571689, 0.6056645962831146, 0.1492963034298996, 0.43200485995515325, 0.40031160246735764, -2.0617295969548306, -0.8867482572545826, 0.49651882479649617, -0.20498978890854014, 0.6138596131025301, -1.9459109152141363, 1.101204803630327, 1.1798700979419028, 1.122298126178421, 0.5146258641909129, 0.5173960462210443, -1.767513520947003, 0.903132895155181, -0.19784177218606958, 0.5961045732733435, 0.7813376105083611], "1": [-2.0778867759761304, -1.9267704341594893, 0.7899900015990712, 0.8549159937584919, 0.9671028976685963, 0.42059453166926675, 0.0051216516339326916, 0.5957160237905582, 1.2808812228919766, 0.5294028861146222, 1.0436546174402654, -1.828832576526729, -3.4686246771689255, 0.9782526887797288, 1.1197505781672097, 0.3978832139013378, -0.3707489050952308, -1.818744767621578, 0.481989129632384, -0.2803916143458748, 0.5210884086708082, 0.9431595235678152, 0.5274284508676482, 0.48905671891094127, 1.0852186313811865, 0.5561397785300357, 0.12453032731413893], "2": [3.470447754381205, 3.038169509566665, -0.6797694035024762, -0.9866624748744822, -0.5696252952460723, -0.09562630563042153, -0.6217965623275234, -1.5342428202142588, -1.1138332192075795, -0.9661071956854588, -1.4195239462023777, 3.1903474588539193, 3.234761470049353, -0.49037988338057187, -1.7923714103059742, -0.8019778246496603, 1.0429716571384535, 0.690714602568034, -1.4266821633134321, -0.29713683035530947, -0.9997777605450195, -0.5818863867486594, 1.7211000571402668, -1.5612909758182425, -1.777769740302926, 0.06700768611747833, -0.567262334602757], "cancer": [0, 1, 1, 1, 1, 1, 1, 0, 1, 0, 1, 1, 0, 1, 1, 0, 0, 1, 0, 1, 1, 1, 0, 0, 1, 1, 0]}, "variance explained": [0.47616467482884806, 0.4053098925058537, 0.11852543266529823]}, "Zaporozhchenko2018": {"Yao2019": {"0": [-1.9632274614887453, 1.4077751966819358, -0.4564799692531812, 1.1848578781020411, -0.1984781678017499, 1.656722501236749, -0.04375660545205723, 1.3864711179386842, -2.030986931273369, 0.09512168577176093], "1": [-3.5277827367098307, -0.24264560847017333, 1.4138688395651404, 0.053062390776594824, 1.2554447009406895, -0.5728833388392268, -1.8867098439610541, -0.21438496662728904, 2.848243592391101, 1.0002505481902524], "2": [1.5252992354818424, -0.830260496337693, -0.44413885607669285, 1.3624300094035506, 1.059640524258369, -3.2789907906219944, -0.727342423984526, -0.6207063374617446, 0.6585345264362066, 1.1239046983652057], "cancer": [1, 1, 1, 1, 1, 0, 0, 0, 0, 0]}, "Zaporozhchenko2018": {"0": [4.369150398428873, 4.29605198871448, -0.8713118081903037, -1.2535923664032071, -1.0091682517698404, -0.5181847076305848, -0.5687134313254313, -1.6089370820451534, -1.4676076947420924, -1.0744146118839137, -1.6745606342194286, 4.282467730330653, 4.712525201503054, -0.9700209536688119, -1.7636430579330418, -0.9515359072429849, 1.8446390607751293, 1.1477207260146551, -1.6903751951378725, -0.41172828883515766, -1.1277535981661377, -1.02960043678047, 1.8258258993259713, -1.6893953797548364, -1.7373591997447522, -0.3648037744662892, -0.6956746251525076], "1": [0.12173128726829273, -0.6425817959943134, -0.3651951815540652, -0.16588888046766664, -0.2129718902119662, 0.4270669705576633, 0.4205274421524357, 0.15285767860099708, -0.6373542055491337, 0.04560973088305558, -0.2873318528920115, -0.5462635240191589, 1.3887936264034249, -0.1900982970521266, -0.8030148633016528, 0.26650304521860224, -1.3109806506122479, 1.986942812409899, 0.6726522795400731, 1.0747084613685987, 0.11643181577599065, -0.15017341558638544, -1.7383110641050132, 0.4532607098838052, -0.7763871651077859, 0.1373319085129705, 0.5621350178777207], "2": [0.3275396093799811, -0.2779981850254655, 0.06848578565254555, 0.05053032860605786, 0.40557069486321, 0.5799575349707036, -0.1734615655612185, -0.36712598440018235, 0.09119571902709514, -0.12193864640804335, -0.1264893671356414, -0.023964385080432454, -0.40089446142089735, 0.48261768874713695, -0.613655617700266, -0.006119850499889356, -0.4960278214073809, -0.11695405399563602, -0.08892378082604475, 0.16371134259312609, -0.10896742257011592, 0.4126382788485946, 0.5601166301688137, -0.3048389071001405, -0.6211976828292323, 0.6416119006287115, 0.06458221847461032], "cancer": [0, 1, 1, 1, 1, 1, 1, 0, 1, 0, 1, 1, 0, 1, 1, 0, 0, 1, 0, 1, 1, 1, 0, 0, 1, 1, 0]}, "variance explained": [0.856835308222792, 0.11831454291387598, 0.024850148863331964]}, "joint": {"Yao2019": {"0": [-2.070846202947356, 1.452762136921319, -0.4629371808523802, 1.0263517219958398, -0.34097947894748887, 1.9289643634062548, 0.02205209652996873, 1.4120103410788658, -2.1522865837658123, -0.050776500739709095], "1": [3.442640270462723, 0.2800288141281012, -1.3606403019110982, -0.18215486734246425, -1.3265551760364651, 0.7961815403689734, 1.9421945254548119, 0.23585818796669847, -2.8425451632931362, -1.083667148895873], "2": [-1.6233041057913147, 0.6759391537119454, 0.5930034141306446, -1.457037031887548, -0.9357150312058975, 3.057982305259582, 0.5722191409052522, 0.47209185775048, -0.24511845659301876, -1.0463606429630767], "cancer": [1, 1, 1, 1, 1, 0, 0, 0, 0, 0]}, "Zaporozhchenko2018": {"0": [4.290466001252371, 4.284106960821679, -0.8968091078906085, -1.278723929646236, -1.0670639492324545, -0.6034426342358025, -0.5848937880808832, -1.599080550975813, -1.4886518545669831, -1.0876593226612736, -1.6799602490672942, 4.245988651321611, 4.6803586612627885, -1.0354503704335243, -1.7166685281434084, -0.9791023957566801, 1.8728461910701673, 1.0961671094305148, -1.7131503488172568, -0.4689052415760915, -1.1429877844388006, -1.0889705135991352, 1.763956033995703, -1.6892649600668943, -1.690197545175055, -0.45211584643818725, -0.7351054010319545], "1": [-0.2387329773442398, 0.5722177584557743, 0.38125920974737365, 0.19236812305936238, 0.20605903994283892, -0.4562640631069826, -0.389432528174386, -0.08474031528246277, 0.6637358195522292, -0.0087804842498403, 0.3365025927693822, 0.4565521648821983, -1.4518171934401431, 0.17635244987698478, 0.8906974902973595, -0.24072086312579674, 1.3090061149928762, -1.992516645991946, -0.6228903845067486, -1.071357377039936, -0.07922234625946858, 0.14336011077489608, 1.6523205030354662, -0.3872823147633526, 0.8641778183834424, -0.1756860065999514, -0.5465063767872012], "2": [-0.7101841000207809, -0.1638212591240043, -0.02139019859407812, 0.04676441659263092, -0.3314236725627878, -0.4972812541222004, 0.25466671258905915, 0.5188751877224448, -0.012214804644579726, 0.2188557626723362, 0.2505616721158294, -0.4070564910513734, 0.08378052165537252, -0.4095904917470531, 0.7008017402242357, 0.11056873609067025, 0.21917183793165707, 0.17009722881858502, 0.291724040427673, -0.04165721226016905, 0.21645301258124225, -0.3315653123896215, -0.861885276466112, 0.4883742077411536, 0.7080648195328167, -0.5955133015541691, 0.04112287452417542], "cancer": [0, 1, 1, 1, 1, 1, 1, 0, 1, 0, 1, 1, 0, 1, 1, 0, 0, 1, 0, 1, 1, 1, 0, 0, 1, 1, 0]}, "variance explained": [0.6644518710537652, 0.2262771214034475, 0.10927100754278744]}}