{"Yao2019": {"Yao2019": {"0": [-8.563856450901739, -1.691487575911143, -1.5269368003116672, 20.00230469768391, -4.713912302241718, -3.718011726577318, -4.997217117612479, -2.982542533110664, 13.433090810164385, -5.241431001181563], "1": [2.3300181832662963, -0.08291928634964282, -1.580334369104697, -10.333391382778178, -14.140686210889301, 4.892820189500851, 5.365257438024895, 2.5484643752879395, 14.334927000740047, -3.3341559376982186], "2": [14.862799723117098, -1.8389792437253671, -1.431051330073123, 8.521371401816028, -12.517063931902452, -0.35339865955295324, -1.4377547088002578, 0.6962734997096794, -7.923475935091252, 1.4212791845025976], "3": [10.080349792593658, -3.440601970951755, -1.7872891771536343, -3.962403949970854, 5.9172923717805785, -10.001394755791704, -8.76132359883624, -1.526731471974095, 9.10722621086275, 4.374876549441291], "4": [-7.7795748922105314, 1.598392658625661, 2.7818640239833536, -0.9312920249384723, -7.3309861333406525, -6.167278771789833, -2.2573153399744745, 6.117213388550719, -0.9825922595573127, 14.951569350651535], "5": [0.628366313800486, 0.04500123646822049, -5.033763517962474, 1.5176924426310194, 0.7692580087486842, -10.398794051317921, 14.886350039460241, -3.824562007156402, 0.14743819861401863, 1.2630133367141252], "6": [0.7860456103538058, 3.5191612665851872, 12.769856795775592, -1.2661018035753093, -1.904620020761107, -7.496800480135674, 0.18287549851021073, 1.2349734410230995, -0.8440644591302416, -6.9813258486455805], "7": [0.46321056163619406, 12.309931752866122, -4.042109232395909, -0.6070277845700073, -1.0083025974650457, -0.885825181290507, -2.673657682137783, -3.034963111676904, -0.13026139944692813, -0.3909953255192228], "8": [-0.1293821677934943, 0.7461416432065355, -4.981833972750093, 0.3628567050836006, 1.3147917329385943, -2.6945324285896755, -0.48979008173834726, 10.933835921701414, -0.7979248764856074, -4.264162475572928], "9": [1.841955242858222e-15, 1.8419552428582223e-15, 1.8419552428582223e-15, 1.8419552428582215e-15, 1.84195524285822e-15, 1.8419552428582207e-15, 1.841955242858222e-15, 1.841955242858222e-15, 1.841955242858221e-15, 1.8419552428582215e-15], "cancer": [1, 1, 1, 1, 1, 0, 0, 0, 0, 0]}, "Duan2021": {"0": [-1.0093984544210501, 2.12414099416598, 1.5812991638560272, 1.512205934823315, 2.373647171598996, 0.9536427368081979, -0.2220514981849325, 0.3097817341888476, -1.0699960112066944, -0.560282448273569, -3.6203325776167494, -2.3726567457383663], "1": [-1.0317119070089742, 2.868551729774161, 0.99103526921913, 5.8864191111252, 5.288910222776137, 4.197908710660905, -0.15425201895777577, -3.309214703418097, -4.192530476150364, -3.0938164181327195, -3.599263281579028, -3.852036238308574], "2": [-1.3071893898784523, 3.620993536159414, 2.59582396228042, 2.6166128165877587, 2.1803686797071924, 2.813834583316131, -0.373610118144547, -2.1680045549716915, -3.2731329877025033, -2.5940411259502993, -1.6301891312693677, -2.481466270134053], "3": [-0.07397429242348341, -0.8307527987439505, -0.33790567566219115, 0.17169615030395388, -0.10930053959883429, 0.2371302084514021, -0.9809474594615181, -0.3917915262403019, 0.39040181534589, 1.5986957754444657, -0.04083482355430623, 0.36758316613887454], "4": [-1.409796201152729, -0.9365287083670513, -2.513609989573251, -1.5181733453999713, -1.8542855276089867, -3.139538747353039, -1.9172929663145293, 1.4921547142698006, 3.197490034457237, 1.8488502505172832, 3.195408982329226, 3.5553215041960105], "5": [0.9881096712611402, -2.756947459251598, -0.3750774025226755, -0.5685868246021255, -3.150897911850793, -0.9580775167970017, 0.982450860526584, 1.0661857396098788, 1.1990226737664151, 0.7692382020043338, 1.2816466106186337, 1.5229333572372092], "6": [-0.9875728357058065, -1.9609702248394065, 0.3211110417974348, -1.6272740718993721, -2.771414214640454, -1.1446733666992819, -1.0788261821040843, 1.9145313603931702, 2.4216996927728047, 2.5497207580465466, 0.4733789056217937, 1.8902891372566548], "7": [-0.14443389562433812, -0.22058248152104315, -0.9498323071733894, -1.37897862051552, -2.4907165981816326, -1.863549932223656, -0.0821997000444764, 1.21946219698967, 1.8755886234438885, 0.9610978238136758, 1.523564976095104, 1.550579914941717], "8": [0.06781857711473566, -3.0186642842909603, -0.2274126788091538, -0.251100685137911, -0.626383108890792, -1.559083087746926, 0.48656822509312403, 1.2379922834479522, -0.01491018006087147, 2.038030160575557, 0.6215573484473222, 1.2455874302579255], "9": [-0.040682943485499, 0.9208040466332489, 0.811410669152056, -0.1701156797116474, -2.4328718438842682, 0.18056181416561684, 0.18501637502873328, 0.8874122499477644, 0.4917848295960817, 0.46755842089027894, -1.0231163013914994, -0.27776163694086325], "cancer": [true, true, true, true, true, true, false, false, false, false, false, false]}, "variance explained": [0.20053764375003416, 0.15654174559738798, 0.13867477801511277, 0.11891407665967862, 0.11412390885200831, 0.09931039442144002, 0.07648541318038708, 0.04951736963431016, 0.04589466988964092, 8.99434642642096e-33]}, "Duan2021": {"Yao2019": {"0": [-1.9024791322634766, 1.4741299562988182, 0.9448839101158447, -0.8464661454953444, 3.1911159197362857, -2.5742467417464066, -0.008244941119482707, 0.49439471464685414, -2.452564556129559, 1.6794770159564707], "1": [-0.11574376666558539, 0.24055358873764168, -0.6960229590826947, 0.16120841183625872, 3.1776740887979518, -0.30814376490443013, 1.596151467995004, -0.9785611190777063, -1.9084602614566115, -1.1686556861798287], "2": [-0.7612084641310655, 0.45214090725292233, 1.2174489052199222, 2.7110062611230044, 0.39432181247432846, -1.456301968038384, -0.9242055129860116, -0.5600875503872771, 0.3488942535967181, -1.4220086441241566], "3": [1.723834458410501, 0.42215738422671945, 0.2004303620089573, -0.02800643237131817, -0.2986960657325389, 0.09507613117664121, 0.6139560390594128, -0.4633547933752846, -2.911031832980094, 0.6456347495770038], "4": [-0.17694200075701372, 0.5467652508949055, 0.7644267331629289, 1.3440768509999723, -0.7483279080387834, 1.348874257095063, -1.8486586140616357, -1.2209617602465956, -2.0935354471303964, 2.084282638081552], "5": [-2.625053108631534, 0.43028153652770584, -0.4266734291241202, 0.5312426799177401, 1.693270433212639, 1.0185560148490123, -0.49717950451904225, 0.18757529878306525, -0.7658303058866568, 0.45381038487119135], "6": [-0.48280348485280256, 0.11003440794949829, -0.2674119884137218, 0.6325192043369394, -0.1309563099199162, -0.030503746835102652, 0.8333103820125913, 0.7763838825902606, -1.3710589638707176, -0.06951338299702806], "7": [-0.24502731048824694, 1.1660859802040044, -0.48930209680793313, -1.1830640306881999, -1.2770243530797243, -0.5101582651341912, 1.7740058911110206, -0.1694696410512309, -0.28848576601762227, 1.2224395919521223], "8": [2.02795372446251, -1.372775994088936, -0.10704706324331092, -2.176882129930057, 0.12399437555364234, 0.8212620261844987, 0.7352106350659411, -0.10261682937112167, 1.0421848648265473, -0.9912836094597145], "9": [1.001794116568302, -0.34035966625622666, -0.6494498007999652, 0.5688419031970813, -0.24219778265260278, 0.02664938942164169, -0.9077854332419537, 0.642827244101748, 0.7268895879847673, -0.8272095583227929], "cancer": [1, 1, 1, 1, 1, 0, 0, 0, 0, 0]}, "Duan2021": {"0": [1.2925816552056797, -23.808459446223967, -15.571776923366388, -23.578574707528556, -26.188770743390698, -22.29129807705538, -8.523703106943035, 14.79544745351033, 26.419745513827557, 24.06044044527768, 26.119670060098432, 27.274697876588295], "1": [15.96246613429762, -3.547608042341309, 4.01420946312046, -5.614513648215091, -9.355609943121609, 0.14763753467078206, 10.393391193485373, 1.44547555874887, -3.752869865948131, -3.251982170110809, -3.092920467913144, -3.347675746673014], "2": [-7.786293960047532, 2.673616619219501, 7.982963804982862, -4.617809993117671, -5.787072431785783, 3.1762509993793855, -1.1063045659757922, 11.595055294696452, 5.174870226069368, 4.417681955028121, -11.461255217353205, -4.261702731095718],