{"Yao2019": {"Yao2019": {"0": [-0.7226568808417173, -1.4444233255210113, -1.56145622083517, 4.889138435112265, -0.833306432044322, -2.2237246078956745, -2.220494503185447, -1.4402854506725296, 7.9596070765261615, -2.4023980906425524], "1": [3.5284971393042093, -0.17319029928493293, 0.43588644838418067, 1.8679166905077542, 3.113832646482647, -2.364388951017423, -0.14071196821454776, -0.7002812376162754, -2.269027804962069, -3.298532663583545], "2": [-1.3743704876541967, 1.4880977718986046, -0.22853182646464196, -1.0122512575461031, -0.6570106858421136, -0.864523746078018, 4.8712699179981245, -0.16648711097952162, 0.8604059564824954, -2.9165985318146266], "3": [-2.868628313106524, -2.1915629410429105, -0.9899965902802661, 0.5652214990216693, 3.827407784799859, 0.40543254668950235, 0.9862304510735136, -0.22544749098097647, -0.2327035208446632, 0.7240465746707951], "4": [-0.7633938584201887, -0.3391491384854848, -0.3068450504278863, 2.840631738320036, -1.5371712129039918, 0.34497060357281567, 0.660408328010589, 0.7359180369246229, -1.671990292147794, 0.03662084555728169], "5": [-0.6269323074029415, 1.213499133499781, -0.538209924818253, 0.06005061198724967, 0.4954814821799149, 2.270918797271151, -1.1670491385694426, 0.2716180961334681, -0.12805640157171, -1.851320348709219], "6": [-1.5327997476055657, 1.8662935129284, 1.5394226813878924, 0.5319557056881202, 0.37717178641785826, -1.0852306733925734, -0.698700152052268, -1.039380706942536, -0.35295411981644087, 0.39422171338710643], "7": [-0.5303846969745325, -0.7023474868811473, 1.2954087573510744, -0.30842506433941824, -0.03550949654272998, -0.4116905831205165, -0.39882375837615036, 1.6594189651627458, 0.1282130915366227, -0.6958597278159443], "8": [0.11981779079534241, -0.9532599552303057, 1.36611675409824, 0.07946563411765376, -0.29710613574969136, 0.9551357504823575, 0.2838810749487546, -1.2617472600952209, 0.04260932823077248, -0.33491298159789684], "9": [4.809609605989047e-16, 4.809609605989056e-16, 4.809609605989045e-16, 4.809609605989052e-16, 4.809609605989053e-16, 4.809609605989048e-16, 4.809609605989047e-16, 4.809609605989045e-16, 4.809609605989047e-16, 4.809609605989052e-16], "cancer": [1, 1, 1, 1, 1, 0, 0, 0, 0, 0]}, "Li2017": {"0": [-0.09560370436987203, -0.4257836563685339, -0.8235709794446587, -0.9380589461891038, 0.5440305460721131, 0.027589318783416722, -0.4293299050837817, 0.11296143399901051, 1.1720671818430903], "1": [-0.5722030881098863, -0.12451649775549611, -0.17260591593433364, -0.2324940242886362, 0.7948676852976201, -0.318811114588776, -0.3288392443246608, 0.33903378644768617, 0.3026869355667278], "2": [-0.25440985842557523, -0.10199237516546894, 0.31620335412626915, -0.3514259859100347, 0.5042246044544755, -0.5286383484723481, -0.2679692915305053, 0.5612909554057035, -0.08530235917885665], "3": [0.23562964471123357, 0.5115960930885429, -1.4856480169672803, -2.589915957248637, 1.2883255252488683, -2.438834742987343, 0.8151843200505412, 1.180764074206364, 0.2434753328204036], "4": [0.3222231737000026, -1.1793826227565367, 0.9138318286279413, 1.9403763535505985, -1.326754002243542, 2.6586171766180033, -0.7585028250347113, -0.9244159026120549, 0.01846277389853257], "5": [-0.21643091007517773, -1.9001355453333961, 0.34939375796423466, 2.4702867576570173, -0.70179318716792, 3.3899709929522417, -0.9537644147020453, -0.9246201366193472, 0.1827386183228925], "6": [0.6594467146878706, -0.9013408773519423, -0.2681546383390259, -2.054952634891883, 0.048876571617198314, -0.1308335820980343, 1.0293475083787529, 0.591014718387342, -0.29688300357818653], "7": [-0.7842073477273239, 0.4801300456571687, 1.0990960777481198, 2.6978978643638207, -0.5251128382864526, 1.1213017780730627, -0.8107428596632698, -0.919914227092166, -0.3138957031587617], "8": [1.4367898677135318, -1.5858456680195612, -1.539240702950273, 0.1384405570030357, -0.0019164272233100964, 0.5144146434967009, -0.9674327159409264, 0.898538069526214, 0.5875735114046504], "9": [0.25378102752864895, 0.1341145277838475, -0.31426969776493907, 1.0529572242917355, -0.1648074808386368, 0.04489244377068938, -0.3536875946778546, -0.011228964092646445, -0.13841746361517204], "cancer": [true, true, true, true, true, true, false, false, false]}, "variance explained": [0.39579703735556193, 0.17153101664317896, 0.14071143476712342, 0.10991084425981842, 0.054041087494076274, 0.04447302844649703, 0.04165884814917027, 0.021919906119368854, 0.019956796765204808, 8.269127224238471e-33]}, "Li2017": {"Yao2019": {"0": [-0.14042433172691884, -0.027823587927239678, -0.4313127295865916, -0.504308627875449, -2.398178664541944, 0.4186806635827895, -1.3440206264801604, 0.37172244351341716, -1.5758195247283477, -1.4075055627764195], "1": [0.6317503924091096, -0.5722793886024227, -0.3201872903749927, -1.9393059212375037, 0.10619672958868641, -0.7625262445435632, 0.5821309811534753, 1.0959058225612104, -1.0972825068166037, 0.40718012205243853], "2": [-0.4191845793287313, 1.446070612721946, 0.2188340858525323, -1.5432920341027967, -0.5195648726500098, -0.13181526972468297, 0.2771257965737005, 0.8533537152552823, -2.1060482010262374, 1.7817987230177121], "3": [-0.3011247372650891, -0.08188366897432402, 0.4839655889779066, -0.5542254220643985, -1.857887622594323, 0.8267364448775818, -0.04501512157711108, 0.30150251841257175, -0.8519279602484768, 1.6970251606218214], "4": [0.6759759953311157, -0.07836379675195267, -1.179188925289998, 1.9987701614558004, -0.3257301501866825, -1.6029794555032397, -0.7328227128823578, 0.2797214067150138, 2.672097485101589, -1.5964932945066392], "5": [0.23859700874942147, 1.083874296420101, 0.7863572830611372, -0.8307285425738229, 0.4641175640626455, -1.082825644316977, 3.2548843360600883, -0.5414993793093754, -1.3198061782043378, -2.208333755140941], "6": [-0.17070331587317553, -0.5191594499561439, 0.3750350900820585, -0.05446216404625281, -1.1658993865056952, -0.5066497638771875, 1.3492057966041249, 0.15447750226632762, 0.8545663791999674, -0.31641068789402205], "7": [2.015893746678315, -0.5554716363438025, -0.036174725298841, -0.2689377392140968, -0.7526634362646755, -0.14609281342105712, -1.5606965078636124, 0.26678966012357885, 0.7689885203147271, 0.2683649312894643], "8": [-1.774728584539089, -0.20382316380721158, -0.5682656152094844, -0.32722217633999867, -1.1735024565181877, 0.31621206899285953, -0.15719389169001774, -0.2632477139018717, 4.295066490372801, -0.14329495735979883], "cancer": [1, 1, 1, 1, 1, 0, 0, 0, 0, 0]}, "Li2017": {"0": [-1.8558047065714118, -2.798005166633357, 2.4211910849835876, 7.54741066713466, -3.4081955935089803, 6.54019237285174, -3.1881139977406363, -3.7421872062183827, -1.516487454297219], "1": [-1.7498017579676661, 3.3255447095419473, 0.931327151906366, 2.176027614887024, 0.23925453437361383, -2.6802514881690906, -0.5310670982270421, -0.6452932213728586, -1.0657404449722943], "2": [-0.3080247809197813, 0.1647356389166158, 1.888962324876211, -1.1478712648902878, -0.8741634599540136, 0.4476279700647995, 2.1238832352033707, -0.612363608981412, -1.6827860543155018], "3": [1.7705397158948073, 0.6115736525884299, 0.42288537044490176, -0.12542427173334667, -1.7457555376655964, -0.47441714572858434, -0.6404906656186051, -0.13715650685984465, 0.3182453886778374], "4": [-0.7759584428001922, 0.35557769109442483, 0.8393591596117638, -0.8527795749123479, 0.014222708125470036, 0.28639440270169986, -0.5428507578890669, -0.6419720937961242, 1.3180069078643708], "5": [-0.019224882326232068, -0.4544640401009711, 0.7920665330845506, -0.07697378538552314, 0.20069352414186556, -0.2556617359832196, -0.6040925828144027, 0.7101257760841908, -0.2924688067002579], "6": [-7.98292311176158e-16, 5.596380155868915e-16, -4.586242364877134e-16, -2.4247182532233797e-16, -9.21807974699228e-16, 5.596380155868915e-16, -1.189561617992686e-16, 1.1463374173214785e-15, -8.807724591850011e-17],