{"Yao2019": {"Yao2019": {"0": [0.17392980814085693, -0.5599263667097404, -2.124070489466252, 4.212669015685894, -1.928796685480763, -0.710896987436203, -3.2093509942441303, -0.3217175458811311, 6.358435275868842, -1.8902750304773719], "1": [5.072939662039829, -0.0315676566647007, 0.41226470503609686, 1.0884625344632077, -1.1832911361014202, 0.7913207057506229, -4.752276842002096, 1.6737683484129007, -3.2549204132227607, 0.18330009228831978], "2": [-0.4353544271261675, -1.739920530803224, -0.2918034052607283, 2.4437151795339465, 6.0209567194522045, -0.32716036368945833, -1.1227139124505898, -1.291634271256727, -1.2857618488181286, -1.9703231395811296], "3": [2.8201887094827898, -0.14776172450150327, -2.556054243519745, -0.5591904379136288, 0.7530590059792318, -2.5922113352354934, 1.3739506839266769, -1.1532679269531283, 0.47252963660871306, 1.588757632126087], "4": [0.3400299794913736, -1.20229459388326, -2.4708737668015774, -0.5510680903925959, 0.03765111300053644, 3.757012745519348, 0.3357465161049165, -0.7269270380736716, 0.1014282415827017, 0.3792948934522296], "5": [-1.392421365355079, 1.246241315954429, -0.35101091990640604, -0.4500819567421795, 0.8220288850504124, -0.007810506131473441, -2.1596376548410583, -0.7086835713108622, 0.26486927772416086, 2.7365064955580545], "6": [-0.426492767122515, -1.3690935454831692, 0.49532291636246845, 2.058906491759498, -1.013887064397681, -0.11817921883707717, 0.6609152343136689, -0.8839553735532077, -0.8957998044677428, 1.4922631314257575], "7": [-0.2120409880447713, 1.8190035887883904, -0.8457566520798565, 0.9391122378861911, -0.30527756065511236, 0.13379159182448463, 0.3656006358721702, -0.50836714317574, -0.8245154426978627, -0.5615502677178927], "8": [-0.6592336593727293, -0.2850801226696712, -1.0628450581956796, 0.34846135491082025, 0.0982136149715901, -0.3508059015907315, 0.1173368049358762, 1.8610359873613416, -0.36150243593823, 0.29441941558741447], "9": [3.7179264368531926e-16, 3.717926436853191e-16, 3.7179264368531966e-16, 3.717926436853193e-16, 3.717926436853191e-16, 3.7179264368531897e-16, 3.7179264368531926e-16, 3.7179264368531907e-16, 3.717926436853191e-16, 3.7179264368531936e-16], "cancer": [1, 1, 1, 1, 1, 0, 0, 0, 0, 0]}, "Qu2017": {"0": [0.9314110805347858, 0.40372185391878634, 0.45213775744398943, 0.3351663803154027, -0.10566948893076826, -1.53431611341819, 0.8760213982637449, -1.4713425085088145, 1.9030778585538957, -0.8124132014858679, 0.1746353868625525, 0.6653873356406151, -0.8232576179830033], "1": [-0.6541503302412043, -0.6512416124316204, -0.7440443318743116, -1.7344831341354472, 0.9776302304415591, -0.5722325358167761, -3.030989927846963, -0.9260814908485144, -0.8274507854911368, 2.830697133363791, 1.2790721739292454, -0.8949974978537961, 0.4132477097804995], "2": [0.05975256221857434, 0.7496619570748909, -0.046750899590950405, 0.7117559616055095, -2.246920959425277, 0.9207493262540065, 1.027621886124725, 1.4496508444903518, -1.6098006686805333, -0.8913859593622168, -0.808877206574185, 0.951880391805437, 0.2969516585437221], "3": [0.002670432604819948, 1.074897583402141, 0.61864798339366, -0.6926739904972107, -2.4095828094931075, 0.14906394410695922, -0.6323614160180193, -0.31901923254626213, -1.0955145131620554, -0.3900768519200229, -0.16250901955560795, 2.1413841107539953, -0.12041067562988642], "4": [-0.5986050110596837, -1.9812469818983132, -0.056537700753049154, -0.6616550351061498, 0.7096506760261864, -0.42407212369604436, -0.35829540991137837, -0.5646762892227268, 1.788778500690619, 0.9228508760517394, 0.49101017143805525, -0.6965502020077444, 0.23675998782041158], "5": [-0.6394383193206081, -0.7918368910649163, -0.5647350957517369, -0.3065921167795371, 1.5997132033285573, 0.6683115502580376, -1.4054307927866139, 0.2815033382578306, 0.1973806966541947, 0.13401075457080575, -0.4180765478701838, 0.30686105740973263, 0.4043711479806635], "6": [0.7169360697147561, -0.9861476866060646, 1.225111538429398, 0.3768603000459441, -1.2438399579772796, -0.6470916698183447, -0.05074816622254475, -0.6576218572664349, 1.0961197979561292, -0.27811606093666547, 0.17531471175336324, 0.23729760424974963, -0.058753307624473255], "7": [-0.3141885063994894, -0.3793542306886884, 0.5025556714794225, 0.8179663735595504, 0.4318318479700784, -0.20667453240838268, -0.7555934186271199, 0.7899991721109022, -0.18947771848271802, -0.22300568443277763, -0.11445900924629837, -0.22307546630636357, 0.25073364509052565], "8": [0.08701832569806847, 0.8405502160426411, 1.413604138706569, 0.7490580065255678, 0.14676972757507703, 0.08147365829544907, 2.39176063958145, -0.5607824318991637, 0.4677778023569769, -0.7968651626838814, -0.7040058367135067, -1.0011372634662201, 0.005461559360214395], "9": [-0.0178789315110195, 0.4195170804844301, 0.21229871986350748, 1.1291867921990393, -1.0222069104241818, 1.071742718853834, 2.1787918334353686, 0.6173376593426473, -0.775727136869623, -1.2755451592118212, -1.8229373053843072, 0.44786230891652645, 0.9559260110689354], "cancer": [true, true, true, true, true, true, true, true, true, false, false, false, false]}, "variance explained": [0.27771463516288064, 0.2226619138922399, 0.18494108688983887, 0.09597413897693144, 0.07822636983252225, 0.05886465514516864, 0.04044386438286174, 0.022048345225657833, 0.01912499049189872, 4.725664477241687e-33]}, "Qu2017": {"Yao2019": {"0": [-2.5591645009728894, -1.2709329409273746, -0.9843388933967212, 0.19333658760038658, 1.3270813828322516, -2.2359047814168704, 1.3820014892737036, -1.2513783722660299, 0.7655296388298429, -1.5657485392083548], "1": [-2.003579207600404, -0.5680228522633267, -0.8442466277342533, -0.16664324746897655, -2.6706757876163265, 0.6921646345787618, -0.7091610234500779, -0.04329383781285642, 0.956506812872631, -0.6941548045857029], "2": [-1.6637608576486602, 0.35209994992624455, 0.35222768681024397, -1.2792279161126114, 1.233147781555803, 0.49897072458523833, 0.3913272045784653, -0.5842085060667849, -1.1130518884384484, 0.06543619764192762], "3": [0.12380431841615569, 0.9267000768805239, 1.0589398358773885, -0.8878501150495293, 0.5623318184150405, -0.2461172190693498, -0.6214216783153775, 0.3156928559516519, -2.354516511907255, -0.08859372239133134], "4": [-0.36591962914712184, 0.3885157741642239, 0.8029419190703037, -1.4686691277715322, 0.32542320086930354, 0.35751662195274375, -0.20744739423838138, 1.3865682092801535, -1.3883414870058859, -0.5223881377914505], "5": [-0.7431534265681928, 0.5230141562825215, -0.6150114275475812, 0.0008478805975120421, -0.6783274831666868, -1.6034343950963055, -0.377207884184512, -0.2317850932283398, 2.562610543409682, 0.20776306640775077], "6": [0.06903853045204768, -0.12318101800850233, 1.0188316049379544, -1.2302253335592628, 1.0276335350568324, 0.47747747339762076, 0.24091645763400513, 0.25380084352411786, -2.8134414044698244, 0.6302451949986455], "7": [0.2880529458592721, -0.1755236435972365, -0.6284532357111609, 0.3014878978674817, -0.30529413743386763, 1.444466401485917, -0.28981905125159807, 0.07639037150842422, -0.3598870905259347, 1.0201883232980247], "8": [1.1808517046729787, 0.2852124873787747, -0.838764290219369, -0.9104078153343291, 1.059076267363462, -0.6460432975819145, 0.7708574702069859, -0.3979722945692856, -2.714434994204984, 1.870583459173921], "9": [2.747892822927544, -1.0932024158775573, -0.1506608236067679, 0.28494058294388686, 0.11899501459008091, 0.31216785300340205, -1.7897565431991216, 0.5317149674394057, -1.0568336900991635, -0.0014192820379819349], "cancer": [1, 1, 1, 1, 1, 0, 0, 0, 0, 0]}, "Qu2017": {"0": [1.1628944377861268, 2.122177455728098, 1.9031838228993845, 3.4659191780248473, -4.838162471715475, 0.2570766376058328, 5.42266094029083, 0.9906103406678411, -1.5590530825885305, -4.964129876710979, -3.6205070651779487, 0.3229428067822709, -0.665613123592299],