mean most consistent,std most consistent,mean lest consistent,std least consistent,tvalue,pvalue
0.5022222222222222,0.501109879279097,0.533678756476684,0.5001618908897855,-0.6403816029725203,0.5222771029121541
