Pairs,probability,pvalue
All pairs,0.4951300599762768,0.9915074902194441
One significant,0.49651165947281267,0.9105653837729869
Both significant,0.49386859429456564,0.8622975596367631
