Group,probability,pvalue
Microarray,0.4951627088830255,0.9118511868135235
Sequencing,0.5210084033613446,0.35701315624239316
qRT-PCR,0.526595744680851,0.16358236493828035
Whole blood,0.528165086447295,0.009085329847711845
Serum,0.2918899607002501,1.0
Plasma,0.4422843256379101,0.9995956825587665
