Fold change A,Fold change B
-0.4662848250362518,0.6240659079483382
-1.8796938137314858,0.7770141818565902
-1.7037950344048172,0.7157161031418507
-0.12872593801857532,0.9725873845589453
-1.9956499677105632,0.1311739294778279
-1.226169042666366,0.6131127528712157
-0.6993034316302102,0.6794255290911437
-0.2906826801634379,0.4131846812827758
-2.140269947336169,1.4661391916485593
-0.9938577006612023,0.6448505094501067
-1.1610597181842988,-1.0743329576247453
0.6517878037166265,0.8810691550892534
-1.3135694142695082,0.7077321768506951
-0.9133660715911773,-1.118475492242787
-1.018193594779382,0.6445865780024651
0.14898642926982902,0.3750465870985783
-1.6557017295653222,0.4913083897846612
-1.9425382480766828,0.5831565335639048
-1.8158842209007662,0.23186377675306213
-1.3880225668969028,0.938540227813191
-1.3445091910471914,0.9550359432907852
-0.9230350717877043,0.6929520157827709
-1.6303134149896032,1.1076543028894854
-1.6264246098364143,-0.5739189328964522
-0.8762575498823251,0.9909306201700299
-0.8025940855220913,0.3353249042285318
-1.0109064174143008,0.6676145968091866
-1.2205409613710005,0.7367646360912607
-1.5917619938147163,-0.2948114270155609
-1.8783302870200034,-1.5620122900043358
-1.8200044087777902,0.8673447198118953
-0.22099049498156728,1.2307783232142473
-2.449991330096382,0.6400337605306491
-2.303176712490509,0.6802833062959787
-0.6940743525008766,2.0285771065726057
-0.5751219685565826,0.7223143893328883
-0.9749872416509234,1.3640637042732073
-1.7865401631085267,0.6459722181025831
-2.112400752874462,-0.022104258739976013
-0.6025164010562256,-1.6355831810344055
-1.8060545157901937,0.42591937363147847
-0.6646639409423548,1.2806613668184919
-0.7789205599766693,0.7614422264457413
-1.202326459078019,0.8457683239672021
-1.9094683786114772,0.817527659069561
-1.897851123023668,-0.02296203594481093
-0.20932976334521208,-0.6628638307516393
-0.7012518266288801,1.8655334547920663
-1.5146946391039906,0.5828926021162635
-0.6677988058119273,0.6835164665295871
0.4395026927071435,0.9120811001871303
-1.107941948761241,0.554585954356712
-1.2422976796812777,0.7186193490659072
-2.621898821077476,1.4502373219281586
-0.44993802052168164,0.8307242314516365
-0.6996146011224493,1.9235323904112869
-1.333289647007611,0.8167358647266367
-0.8928543747655728,0.6409575205973943
-2.270067551702665,0.6796234776768748
-1.644560495188935,0.7174316575515205
-0.9138005426807745,0.7060826053029358
