Fold change A,Fold change B
1.1637316467282153,1.0714297117006888
0.876021102716409,-1.9955856756174177
0.9739491555063582,0.601235837727348
0.4108189559339708,-0.5211986262300615
0.8366663163833012,0.268682213699052
-1.328429551974619,-0.11824128854339418
0.01486080149102584,-0.3410654132147346
-1.225617068189769,-0.9945596775751006
-1.5161130148440918,-0.1810569730820723
0.5339912166273101,-1.2184395280370068
-0.4698551259818308,0.42987834534610103
-0.7936881122860008,-0.536176735883717
0.5393146079240414,0.46669678229209094
