{"corr": 0.43928236684494126, "p-value": 0.5607176331550587, "slope": 0.07166743070120037, "intercept": -0.03818396850191337, "Abdollahi2019": [0.039631603212511315, -1.162560995142607, 0.13668088827498023, 0.6347346734043595], "Patnaik2017": [0.04916959789887831, -0.10451652836078454, -0.190663109358933, 0.06808207274317618], "mirnas": ["miR-152-3p", "miR-21-5p", "miR-638", "miR-148a"], "p-values": {"Abdollahi2019": [0.03017429357971092, 0.0014304292474665052, 0.14772416574645988, 0.006991486275714225], "Patnaik2017": [0.5740637945975798, 0.7787228262484442, 0.10459994209296439, 0.6915630134214623]}}