{"corr": -0.6499147766520588, "p-value": 0.35008522334794123, "slope": -0.09066045834448405, "intercept": -0.03508808709268341, "Abdollahi2019": [0.039631603212511315, -1.162560995142607, 0.13668088827498023, 0.6347346734043595], "Wozniak2015": [0.03115108307083627, 0.07914777876213669, -0.1628106497453734, -0.055972155493374504], "mirnas": ["miR-152-3p", "miR-21-5p", "miR-638", "miR-148a"], "p-values": {"Abdollahi2019": [0.03017429357971092, 0.0014304292474665052, 0.14772416574645988, 0.006991486275714225], "Wozniak2015": [0.5442288487521743, 0.15432927039038072, 0.1006310734170655, 0.16387019321255775]}}