{"corr": -0.12504783897512026, "p-value": 0.8749521610248798, "slope": -0.03556678366318069, "intercept": 0.16923149119591768, "Abdollahi2019": [0.039631603212511315, -1.162560995142607, 0.13668088827498023, 0.6347346734043595], "Keller2009": [0.21131394791720712, 0.2814143406535963, -0.14321186535321678, 0.33991175792122885], "mirnas": ["miR-152-3p", "miR-21-5p", "miR-638", "miR-148a"], "p-values": {"Abdollahi2019": [0.03017429357971092, 0.0014304292474665052, 0.14772416574645988, 0.006991486275714225], "Keller2009": [0.6068481506372598, 0.38928058717959957, 0.6523857169423468, 0.3219681770194704]}}