{"corr": 0.24766398830463193, "p-value": 0.7523360116953681, "slope": 0.0806373378400678, "intercept": -0.27655019923942176, "Abdollahi2019": [0.039631603212511315, -1.162560995142607, 0.13668088827498023, 0.6347346734043595], "Fehlmann2020": [-0.2941091178030524, -0.45661634546124413, 0.07076906024168558, -0.4545895334204626], "mirnas": ["miR-152-3p", "miR-21-5p", "miR-638", "miR-148a"], "p-values": {"Abdollahi2019": [0.03017429357971092, 0.0014304292474665052, 0.14772416574645988, 0.006991486275714225], "Fehlmann2020": [1.5812928590351884e-11, 4.1572683876282806e-23, 0.0033473422694815934, 3.7998578291229147e-19]}}