{"corr": 0.5991837544601201, "p-value": 0.40081624553988005, "slope": 0.9413303390707106, "intercept": -0.13297287422192366, "Abdollahi2019": [0.039631603212511315, -1.162560995142607, 0.13668088827498023, 0.6347346734043595], "Patnaik2012": [0.22868989735669037, -1.656845398533065, 1.158106509932193, -0.5927331386615016], "mirnas": ["miR-152-3p", "miR-21-5p", "miR-638", "miR-148a"], "p-values": {"Abdollahi2019": [0.03017429357971092, 0.0014304292474665052, 0.14772416574645988, 0.006991486275714225], "Patnaik2012": [0.2674097523668439, 0.004633332820644513, 0.0011685916060428664, 0.1701642816127792]}}