{"corr": 0.5267270728123218, "p-value": 0.4732729271876782, "slope": 1.2907937464889185, "intercept": -1.0242434010560966, "Abdollahi2019": [0.039631603212511315, -1.162560995142607, 0.13668088827498023, 0.6347346734043595], "Duan2021": [-1.3072299088036743, -3.044257632374966, 1.425718517949556, -1.6249364348873447], "mirnas": ["miR-152-3p", "miR-21-5p", "miR-638", "miR-148a"], "p-values": {"Abdollahi2019": [0.03017429357971092, 0.0014304292474665052, 0.14772416574645988, 0.006991486275714225], "Duan2021": [0.05593350202435924, 0.014329378522701493, 3.5741620560519206e-05, 0.0652993137901248]}}