{"corr": 0.28624764880421283, "p-value": 0.7137523511957873, "slope": 0.2988357995221957, "intercept": 0.5343696703668718, "Abdollahi2019": [0.039631603212511315, -1.162560995142607, 0.13668088827498023, 0.6347346734043595], "Reis2020": [0.964364415012575, -0.17896793903993288, 1.3960663534681006, -0.1490290644793493], "mirnas": ["miR-152-3p", "miR-21-5p", "miR-638", "miR-148a"], "p-values": {"Abdollahi2019": [0.03017429357971092, 0.0014304292474665052, 0.14772416574645988, 0.006991486275714225], "Reis2020": [0.0030620121809378973, 0.37284346804460056, 0.028725898142540552, 0.6581073669801025]}}