{"corr": -0.1400307344287999, "p-value": 0.6481924460961742, "slope": -0.2039085632100966, "intercept": 0.16665855973294558, "Asakura2020": [0.6384919640030636, 0.5533167068810475, 0.6484802758380956, 2.3731583502479308, 1.1262146571887457, 0.49586511159531055, 1.5878856430279198, 0.1863700149694944, 0.9288815941318895, 0.7213354808557686, 0.5282225839616448, 0.4306126692872121, 0.47488468223106517], "Marzi2016": [0.708939420379425, 0.41968477985195113, -0.0132739899115752, -0.47697252578611726, 1.0947477232927059, -0.7824810315114378, -1.039470323843537, -0.4817274942453117, -0.3669523935061297, 1.186582061660541, 1.354224997622194, -0.8699524902735356, -0.7473284835769717], "mirnas": ["miR-29a", "miR-30c", "miR-30b", "miR-191-5p", "miR-223a-3p", "miR-374a-5p", "miR-92a", "miR-328", "let-7d", "miR-148a", "miR-140-5p", "miR-331-3p", "miR-484"], "p-values": {"Asakura2020": [1.00017511102956e-63, 1.0520020756071486e-51, 9.59634705413951e-66, 3.204991353547802e-306, 4.39811464300468e-137, 2.236296709266988e-47, 3.6190207143880593e-280, 6.9903341271384595e-12, 3.1701359976424296e-93, 8.920622711526588e-94, 1.491738428220744e-48, 2.055147393163839e-35, 1.3138777451590917e-72], "Marzi2016": [1.4156486645866428e-08, 0.002581237112155, 0.9202055639248479, 9.024528339465123e-06, 7.101878897787841e-12, 2.5435734547289026e-09, 5.514291956393523e-18, 1.4991602466437515e-05, 0.015232888629862744, 1.4331643497525897e-14, 3.5098940955796554e-30, 1.7866973417030885e-14, 1.616851214458367e-09]}}