{"corr": -0.17056664507159738, "p-value": 0.0206183512299148, "slope": -0.23137566549417382, "intercept": -0.00470229258946224, "Asakura2020": [0.473232935738488, -0.6037128271634403, 0.9314961159794735, 0.9757826929999251, 0.7161551925465113, 0.19968309837924186, 0.176059712897138, 0.9376992427866294, -0.9740822777064899, 0.9253571442958531, 2.682921563965368, 0.3745894343865897, 0.6023469987860495, 0.49047548786486056, -0.03677778564130939, -0.2012628276172156, -0.09932642142622036, 0.8551293958254743, -0.18978272609998204, -0.22007772748878623, 0.6646125201229398, 0.570249773321598, -0.13078518433862046, 0.06037076986088732, 1.1301074479681237, 0.6459217988536673, 0.6816638507283143, 0.15757967285604435, 0.05698644316163978, 1.1668723471709441, 0.26948301405476016, -0.021826324572269854, 0.8617027773137105, -0.08450807218270404, 0.49790606142228633, 1.2012047855715453, 0.3933842226772871, 0.24509878971314314, 0.19085257633285646, 1.0803035381480877, 2.8053384029314934, 1.673336714191609, 0.7970719165693387, 0.21783450618210992, 0.3144129915658263, 0.2686075261110506, 0.635692410895709, 0.23635361981331865, 0.4574420376628613, 0.005371660314576343, 1.2309308172967128, 0.10030431120108788, 0.35398661395373465, -0.0385038290198992, -0.15304461469182312, 0.0200801182338013, -0.03677658061026408, -0.2314801337362457, -0.31183345826761744, 0.07289163646412206, 0.19195767476449593, -0.5081487245156184, 0.8230286563536836, -0.752765863147, -0.14875447429301825, 1.9579053308420529, 0.4391608480327883, -0.08499344258515013, 0.6269705210659406, -0.8947851528080735, 0.03271108859923672, 0.3113800682533848, 0.28407594124734026, 0.9775978182101486, 0.4897227244923138, 0.6146071471964598, -0.03954339345350463, -0.25091335695537254, 1.2360326299350692, 0.615511352433137, 0.20046089966386138, 1.6451764196469068, 0.13447049742994205, 1.0410110322728696, -0.47874500062284275, 0.45160067862842634, 0.8337980250647022, -0.08551717847369267, 0.6480088065282021, -0.985304494980134, 0.6776518840336291, -0.4075944498580252, 0.4530650380608714, 0.10273469694622722, -0.1507572533347919, -0.051027477291339454, 0.2992147177375709, -0.08260146252118179, 1.45653876565882, 0.43697841682130306, -0.1920167374740861, 1.124851223632802, 1.430881604596466, -0.2420585044576517, 0.8352608478212613, 0.9469552680050954, 1.5665378087246657, 3.38120706436404, 0.6390402546449054, 1.2360920640350972, 0.09500297925415749, -0.18029061024860915, -0.574329683377628, 1.3140499047080265, 0.07043393454355418, 1.5091985038140416, -0.29018461595882106, 0.518455570614549, 1.0182850195542272, 1.1262146571887457, 0.03832068059295404, 0.14612692394191545, 1.0939290598308742, 0.6056183997169735, 0.266396339820132, 0.5682736406912554, 1.7832596152812963, 0.11455786377034022, 0.08456554296320562, -0.007117602338947449, -0.16517656458400778, -0.7515993127410354, -0.08759881174643178, 0.3334829775727305, 0.6125865311530492, 0.7292194237691006, 0.16925993728162642, 0.762777945581993, -0.1745994972393169, -0.20625217211319385, 0.8558514300937861, 0.2713503629026017, -0.13919731564234558, 3.9007444592207547, 1.014321530511046, -0.06294780650968756, 0.37085289907777474, 0.49863094820561443, 0.703623353852956, -0.3233590022482469, -0.37939966991024954, 0.5140116714190006, 0.7659612118604517, 1.5878856430279198, -0.08142724512804271, 0.7989865864818535, 0.945948889295519, 4.1313504037575175, 0.3090608932534402, 0.7307540703773858, 2.0962648494431955, -0.08915590864888828, 0.9127075900867647, 0.0689694863823636, 0.3994918372354539, 1.1992144938996168, 0.19043583071538495, 1.4679637500281826, -0.7628210753782569, -0.3895623732682827, 0.7699004083342837, -0.6569746069325082, 0.9089955434011436, 0.36629264909839343, 0.5415056575740532, 0.01001282569118935, 0.4033252935960442, 0.6475982793736862, 0.39797508061555775, 1.1369480406962584, 0.48796494135446894, 0.13109457410497438, -0.9730673327242725, 1.9189503247027195], "Qu2017": [1.1658602199603507, 0.12355637445046136, -1.649509033878807, -0.696473936574588, -0.8953008878682454, 0.18003341056112737, 0.7875836078591337, 0.712844532350329, 0.3851308522969431, -0.6724825856629615, 0.8375507894896623, 1.5620771343317323, -1.7451417391461626, -1.5601900734258547, -1.504103948926598, 0.8351062045750776, 1.318054294394084, -0.5964118383402075, -1.4928484116460545, 0.244756981807614, 1.7776791017164575, 0.7477091610008847, 0.03587600941008812, -0.6844080364754654, -1.5303546654190554, -1.5275954222632226, 0.8473476089532542, -0.2755996074621805, 0.6283151061170186, -0.9480991078980991, 0.2337593539489834, -0.020239791898133068, 1.4478334335250875, 0.0911400176699287, 0.8836958927435953, -1.9275856496050736, -0.8487740692312431, 1.3329527848525093, -0.6332149877565554, -1.8634884886828798, 0.12497982584800671, -1.8571484330727688, -2.149593474716261, -0.39315472005475205, 0.26960987708920037, 0.6555244990088842, -1.0078054664599523, -0.7120587319594028, -1.4644877913783052, -0.9499417943693942, -1.5552898793911787, 0.7101889439228355, -0.11720922501196315, 0.27133765568166446, -0.06650298539848847, -0.37993339036697626, 0.22010404702979444, -0.04962848082297104, 0.20137620163987408, -0.3827590014303621, 0.36409434936489643, 1.9020637769917634, -2.1058756705643473, 0.14824209126564694, 0.0912945443985264, 1.22799523427449, 2.5756140275243093, -1.9588084406063462, -0.8342703727900831, 2.018934542254801, 0.862401768579855, -0.04122503746976497, 0.5168744585848566, -1.6505203551541483, -1.5619632187386474, 1.6613346228872157, 0.6928561644601159, 0.8694894485985605, -0.9137148826132928, 1.6992600191471228, 0.30073924857902046, -0.18887824823571292, 0.25476099265538604, 0.78521072454797, 1.324267629218569, 1.1652072995712017, -1.3133151618286591, -0.21750049209561406, -1.8219981932221612, -0.9948087677337315, 0.23259304877456277, 1.1508873723366184, -1.6510071490740712, 0.47395003735528574, -1.0154568964079187, -0.6691723325826573, 0.4987906445481444, 0.3294655790375107, -2.549661804367174, -0.7664891866534673, 0.5836125557658249, -1.1917754562573724, -1.683407864714192, -0.5552791096970286, -0.7590036718516944, 0.1487826815676342, -1.679070289413953, -0.12993413373945129, -1.1139385589666881, 1.0169563022715007, 1.7587931440417992, 0.7501148538064135, 0.5155808795839893, 0.18178216739383352, -0.8318580287973631, -1.5259714577247654, -0.3548641354595189, -2.1154913651036953, -0.8852614342764307, -1.8421028416985372, 0.21744590983978515, -0.15345254663820967, -0.4451093700580171, 0.9053830853953253, -1.1823259610219021, 1.133768749750376, 1.1049104401889722, 0.22537708773195114, 0.2500923195836354, -1.060073256845492, 0.24934384694640319, -0.36680160656317295, -0.2105450099887896, -0.7002007487118012, 0.22942192147179985, -0.7468339232735759, 0.2935354907366426, 1.514557131108248, 0.7183428701225809, 1.4025177792454036, -1.2153021120574552, -0.4908232189588826, 1.2334729255197125, 0.8435069534811219, 1.6002042531232443, -1.0878829124221219, -0.657620576673706, -0.9160488404725435, 1.300256901242972, -0.06375547180298077, 0.429619782386369, -0.15145949017837337, 0.8783380417296814, -0.38761377434456445, -1.5660257743755432, -1.333071888182815, 0.8339758342116244, 0.6213626251020873, 0.24587389307754093, 0.151593739459556, -1.7662937712602234, -0.858392271176771, 0.7562984402634676, 0.14620128104610694, -1.825836833140026, -1.3393601424160195, -0.7548986189834017, 1.3075446432037878, 0.26491728696594136, 0.7454801542494924, -0.38607918383442563, 0.35399695272698944, 0.28671974880887724, 0.951417361368935, 1.2151757583621434, -0.3867966760213334, 0.2643277679748881, 0.2563964440900687, 1.1670898606606386, -1.9174240687637107, -0.060493413197657914, 0.36414740797471257, 0.7644862866237736, -1.840292658534278],