{"corr": 0.09745226541789738, "p-value": 0.21304107815717757, "slope": 0.05142241678152035, "intercept": -0.7737838258977237, "Asakura2020": [0.027699189684836353, 0.473232935738488, 0.57843491659332, 0.19968309837924186, 0.9376992427866294, 0.3921810709009953, 0.783372803299111, 0.648425655973463, 0.9199440596719353, 0.48039054099290646, -0.9740822777064899, 0.9253571442958531, -0.03677778564130939, -0.2012628276172156, 0.41662317858710274, -0.22007772748878623, -0.10480529859105508, 0.6357107095901197, 0.12320709831941887, 0.7071964041651296, 1.1668723471709441, 0.6816638507283143, -0.08450807218270404, -1.311387754534944, 0.8559596863268746, 0.5886990410380621, 0.23474585918044932, 0.6934436039153584, 0.7172019576734012, 1.8374184503159152, 0.19085257633285646, 1.0803035381480877, 0.09285908051485656, 1.673336714191609, 2.8053384029314934, 0.6907101604166141, 0.8638241695392959, 0.07323394700825514, -0.07653151127981558, 0.3144129915658263, 0.09188820109716517, 0.512315399293146, -0.030137384473134785, 1.1787831833067952, 0.4574420376628613, 1.2309308172967128, -0.0385038290198992, 0.10030431120108788, 0.35398661395373465, -0.15304461469182312, -0.11237858838052499, -0.03677658061026408, -0.31183345826761744, -0.5081487245156184, 0.9713446661107779, 0.03898176253831234, 0.8230286563536836, 0.7467148418249461, -0.28773797641429266, 0.4391608480327883, 0.6269705210659406, 0.6821159576168634, 0.03271108859923672, 0.3113800682533848, -0.041542257481839484, 0.8456534869818291, 0.26082217189064477, 0.1803258077043638, 0.6503295129169664, -0.25091335695537254, 0.9099559715826773, 0.6010075953478667, 0.9233366414265989, 0.5730399778626116, 1.6057459265801164, 0.4009046639411551, 1.6451764196469068, 0.25010171008087856, 0.58855615374673, -0.3915315848702847, 1.5707104436310315, 0.4530650380608714, -0.1507572533347919, 0.10273469694622722, -0.051027477291339454, 0.6948183591662924, 0.2992147177375709, 0.7802322364322241, 0.48184749674912397, 1.430881604596466, 1.5665378087246657, 0.46971074107947186, 3.38120706436404, 0.6688162232568534, 1.5154079294360772, 0.5720562192674703, 0.7760630203729404, 1.2360920640350972, -0.18029061024860915, -0.574329683377628, 0.2982795608688946, 1.3140499047080265, 0.12830880400460065, 0.07043393454355418, 0.5869071100707446, 1.5091985038140416, 0.553621488828433, 0.5826165244261985, 0.5241008908940975, 0.3653715218177127, 0.14612692394191545, 0.8738315397762861, 0.4403287508529691, 0.688589346264325, 1.0939290598308742, 0.6056183997169735, 0.4627852650469224, -0.14619142766027254, 0.5915574795054708, -0.08759881174643178, 0.3334829775727305, 0.24384954620004462, 0.6125865311530492, 1.031657882895591, 0.5129443075687389, 0.7512984699183646, 0.29871297296916166, 0.18692532062005449, 0.33299584333538723, 0.8558514300937861, 0.8280518634079352, 0.2713503629026017, 0.1488249985753588, 1.014321530511046, 0.7168298156569148, 0.49863094820561443, 0.2924898118736689, 0.8708030422199107, 0.4945001002643903, 0.7659612118604517, -0.37939966991024954, 0.7530343394947588, 0.6264350427691525, 0.7030922290624249, 0.001996800215672622, 0.7915815799214596, 0.5407189811009411, 0.7859918527938415, 0.33414788830118025, -0.05487992063101531, 0.6794632864847063, -1.5642771350368085, 1.4679637500281826, 0.3994918372354539, -0.7628210753782569, -0.1333701021253682, 2.2395473749752726, 0.7873748286581572, 0.35523591805884364, -0.6569746069325082, 0.36629264909839343, 3.9007444592207547, 1.1369480406962584, -0.9730673327242725, 1.9189503247027195], "Li2017": [0.239671953984682, -0.791275955683022, -0.5161863014054725, -0.664011376071641, -0.6547560137353027, -0.44617709301180564, -1.0188665023323438, -1.0703962467688024, -1.0698028073479051, -0.0805155110566693, -0.44216539538943894, -0.439662329803194, -1.0178092714649036, -0.7695057233152816, -0.9697486703345379, -1.109018962201036, -0.23916883452096888, -1.024910891042399, -1.1605886797044977, -1.2991226747786222, -1.539537015327265, -0.7710732797822631, -0.4580829425074489, -0.8095147407906981, -0.531955960147346, -0.5682761682532599, -0.5326251893685728, -0.7285322199407149, -0.8144621513145371, -0.48390959308816495, -0.9268368251466477, -0.5623073172347803, -0.8900697201695312, -0.6491522015286886, -0.3869909662209067, -0.7678379298713889, -0.9609847014415245, -0.7719445429387048, -0.9541617727527372, 0.06427158173826059, -0.8459646676943742, -1.1628255784189105, -0.7798398154830704, -0.8399287730686037, -0.7609417918597717, -1.3331127137183973, -0.49277641098626057, -0.6453581638176856, -1.0109600732708934, -0.4411255102124706, -1.0603004045053823, -1.0525505492038743, 0.08166153692431488, -0.6475446279232149, -1.7433824769781445, -1.043374840966659, -0.6256814723773266, -0.7906373491906455, -0.2115073790204356, -0.46857602539530685, -1.205973785493042, -0.5277632991330119, -0.8008587380542439, -0.4868360346571361, -0.2564643707364844, -0.6826316304367109, -1.1869518748975827, -0.6886036466408008, -0.8888220224126239, -0.5036850213329245, 0.2204405568967674, -0.944943347947499, -0.4795583003745314, -0.4455145579528157, -0.9734394613292711, -0.6322922378034779, -1.1387551767869206, -1.2539463839720042, -0.925681244048044, -0.883295638701171, -0.27391978700767583, -0.9259337205457351, -1.0021909909764157, -0.5012693030203846, -1.302265816204931, -0.5705619441098473, -0.7292042482078658, -0.45138243865934347, -0.3724357227049143, -1.6070868921664327, -1.7303586058663551, -0.5727991174613156, -0.38165409809790685, -0.30205269959657827, -0.44853962505298695, -0.09106278037654035, -1.1844343600044516, -0.7724624268613531, -0.8473011056591001, -0.9319461066467577, -0.6100588136089189, -0.5717918119782692, -0.3408156805026206, -1.1868291105557933, -0.7612031731751676, -0.750715292848582, -0.7510585717309547, -0.3288713983143349, -0.7501812243542232, -1.0322986938600511, -0.8730074594910403, -0.9624869429796736, -1.2174695315365713, -0.3504119184473169, -0.6595701064942238, -1.0424819286204163, -0.9889826479949894, -0.8290608967083456, -0.3304437698285775, -0.6044678443813889, -1.029914927672399, -0.9423369865296589, -0.8610832277313383, -0.5304284814792827, -1.1037655468384733, -1.094403127550371, -0.5418909249983079, -0.36708663183525825, -0.38657761065451735, -0.7579655575217168, -0.257472571704119, -1.0144973094382763, -0.7913694392242556, -0.49888449120945577, -1.4288092869364202, -0.4996631962159189, -0.413419885947386, -0.8389500126500467, -0.3924296868179867, -0.018381688274272036, -1.0932144710473364, -0.672335607956456, -1.4361403284193937, -0.5401744984993873, -1.013694769955405, -0.8060475149928572, -0.6887727561269834, -0.9001830101749396, -1.0177151621749818, -0.826149421048315, -1.1045718619032439, -2.3502867998142207, -0.4392382448451531, -0.9750510641257322, -0.8523112338827143, -0.7296971813019549, -0.586667322092338, -0.4323362592310195, -0.4445821889436985, -0.6204075039288469, -0.5988163196459544, -0.3348834397852262, -0.6892729328618111, -0.47206831519870296, -0.7870800231863657],