{"corr": -0.10432053256013858, "p-value": 0.8956794674398614, "slope": -0.12333371186532444, "intercept": -0.04030528291584402, "Asakura2020": [0.7935562406029729, 0.6023469987860495, -0.574329683377628, 0.7213354808557686], "Abdollahi2019": [0.039631603212511315, -1.162560995142607, 0.13668088827498023, 0.6347346734043595], "mirnas": ["miR-152-3p", "miR-21-5p", "miR-638", "miR-148a"], "p-values": {"Asakura2020": [1.5087460501282008e-97, 4.244886724921177e-49, 1.230927167605975e-129, 8.920622711526588e-94], "Abdollahi2019": [0.03017429357971092, 0.0014304292474665052, 0.14772416574645988, 0.006991486275714225]}}