{"corr": -0.37840106585465155, "p-value": 0.4025923306313361, "slope": -0.19416386782292047, "intercept": -1.7475064279052603, "Bianchi2011": [-0.4332998601721829, -0.13616453928396355, -0.46111752048450516, -0.14325028761788594, 0.9529742661455445, -0.15142321046779844, 0.18112417595531638], "Qu2017": [-1.8634884886828798, -1.649509033878807, -1.2153021120574552, -1.8571484330727688, -1.8421028416985372, -1.9275856496050736, -1.840292658534278], "mirnas": ["let-7a", "miR-126-3p", "miR-17", "miR-103a", "miR-223a-3p", "miR-26a", "miR-22"], "p-values": {"Bianchi2011": [0.0720250437447595, 0.035061284596444704, 1.0879136719279033e-06, 0.18732719934328973, 0.00014748281949036594, 0.07247830961722486, 0.2724693692539459], "Qu2017": [0.043409469947787035, 0.03282779938150324, 0.15011765026973672, 0.012045053481601703, 0.13465069076904992, 0.013998668840635099, 0.053361263339796246]}}