{"corr": 0.08783766435248637, "p-value": 0.6504832601087881, "slope": 0.02346041498738292, "intercept": 0.03173301508823545, "Bianchi2011": [-0.4957465415115663, -0.13616453928396355, -0.46936087669168863, -0.46111752048450516, -0.15129944515862373, 0.8808110636176152, -0.17880244080568972, 0.3281281058104619, -0.3046935674229603, -0.2511323661723047, 0.03737942003567493, -0.3729785711324678, 0.25252599315811985, 0.4625035847626221, 0.044047935103846136, -0.23232070613411343, 0.9529742661455445, -0.15142321046779844, -0.21236679809285997, 0.33547705809067313, -0.22750721532151716, 0.39805371741815915, -0.4332998601721829, -0.14325028761788594, 1.0214428886787372, -0.18621315273197886, -0.18700851644404387, -0.6809516294400374, 0.18112417595531638], "Leidinger2014": [-0.164825030832625, 0.20848438865974747, -0.025745653018499848, 0.08706001827138446, 0.04577689281440444, 0.11733131429167508, -0.07133889511802086, -0.11006467689964072, 0.07863777131729056, 0.10932785892542637, 0.1906463227724621, 0.022117789476674643, 0.048448896771283716, 0.012022592491112594, -0.0067133017315323205, -0.06683690072117596, 0.17149934139624912, -0.08562595250758842, -0.04695565360068612, 0.0570780983129361, -0.054152311743879675, 0.15006554443946327, 0.0007258906022557911, -0.027727490161528083, -0.1604778545250583, 0.08567938022953311, 0.3694879697285149, -0.008350669927010033, -0.0142606259265001], "mirnas": ["Unknown", "miR-126-3p", "miR-30c", "miR-17", "miR-191-5p", "miR-148a", "Unknown", "miR-133b-3p", "miR-28-5p", "miR-26b", "miR-32-5p", "miR-342-3p", "miR-148b-3p", "miR-29a", "miR-139-5p", "miR-30b", "miR-223a-3p", "miR-26a", "miR-328", "miR-140-5p", "miR-331-3p", "miR-142-5p", "let-7a", "miR-103a", "miR-432", "miR-374a-5p", "miR-142-3p", "miR-376a-3p", "miR-22"], "p-values": {"Bianchi2011": [0.00031679089054998316, 0.035061284596444704, 7.9372318448231e-06, 1.0879136719279033e-06, 0.008576553848249718, 2.2799874776139176e-07, 0.13411246908159755, 0.3082606921927545, 0.09329612669013874, 0.023965711950979886, 0.8458506772436319, 6.707287048611133e-05, 0.15756055243855122, 4.284948664714242e-05, 0.83088057968927, 0.016926513359532776, 0.00014748281949036594, 0.07247830961722486, 0.11404956844705813, 1.327348530147137e-07, 9.538214672058043e-05, 0.00011469575410906855, 0.0720250437447595, 0.18732719934328973, 8.081676355475523e-09, 0.13611953634090698, 0.09990347384598572, 0.05123977732705461, 0.2724693692539459], "Leidinger2014": [0.3151853560840801, 0.7103764357712232, 0.9345482649255441, 0.5590495225214518, 0.8975735866848702, 0.7876482684214249, 0.7432885333863708, 0.4296908134511559, 0.7824371656407733, 0.7682401742424616, 0.6557585839012747, 0.9681881040993551, 0.8623353365937523, 0.9839500621605463, 0.9724529600553076, 0.78693357589647, 0.8082839085277544, 0.7052404487723448, 0.7979809386930429, 0.9139332946265671, 0.8986889007446047, 0.8242563128365447, 0.9958720435832362, 0.9142624275333355, 0.41697269910061474, 0.8141083332370318, 0.6405358564519946, 0.9595708552010789, 0.9722484158042651]}}