{"corr": -0.003362187147998939, "p-value": 0.9887757758830595, "slope": -0.002111251986524729, "intercept": 0.06159719012142735, "Bianchi2011": [-0.13616453928396355, -0.46111752048450516, -0.46936087669168863, -0.15129944515862373, 0.8808110636176152, -0.3046935674229603, -0.2511323661723047, 0.03737942003567493, 0.25252599315811985, 0.4625035847626221, 0.044047935103846136, 0.9529742661455445, -0.15142321046779844, -0.21236679809285997, 0.33547705809067313, 0.39805371741815915, -0.4332998601721829, -0.14325028761788594, -0.18700851644404387, 0.18112417595531638], "Chen2019": [0.08846107691171111, 0.14634711803068695, -0.10857659224595007, 0.23236062163790805, 0.2270260716917407, -0.2608983916317968, 0.06974073374509726, 0.6090368054847115, 0.017741787481433964, 0.11921032495176052, -0.09995318487482671, -0.05120049461392283, 0.2010140660171715, -0.37694579574395953, 0.21051070185519233, 0.006695151811777263, 0.39194372604058597, 0.2174564687483198, 0.11490939529368496, -0.5242949704443955], "mirnas": ["miR-126-3p", "miR-17", "miR-30c", "miR-191-5p", "miR-148a", "miR-28-5p", "miR-26b", "miR-32-5p", "miR-148b-3p", "miR-29a", "miR-139-5p", "miR-223a-3p", "miR-26a", "miR-328", "miR-140-5p", "miR-142-5p", "let-7a", "miR-103a", "miR-142-3p", "miR-22"], "p-values": {"Bianchi2011": [0.035061284596444704, 1.0879136719279033e-06, 7.9372318448231e-06, 0.008576553848249718, 2.2799874776139176e-07, 0.09329612669013874, 0.023965711950979886, 0.8458506772436319, 0.15756055243855122, 4.284948664714242e-05, 0.83088057968927, 0.00014748281949036594, 0.07247830961722486, 0.11404956844705813, 1.327348530147137e-07, 0.00011469575410906855, 0.0720250437447595, 0.18732719934328973, 0.09990347384598572, 0.2724693692539459], "Chen2019": [0.7680252173914268, 0.6089845458890806, 0.7154690638027067, 0.3718224504801778, 0.33828573369454296, 0.41446948101458103, 0.7896736626176751, 0.12600194489049674, 0.904915335075036, 0.7159602021244038, 0.6921720067192404, 0.8995704889598588, 0.5897322164154325, 0.162839349544352, 0.5021952668917173, 0.9798707586622553, 0.23697680098037185, 0.27072373129697425, 0.732525805364766, 0.07261699886549182]}}