{"corr": -0.08646948895386031, "p-value": 0.687866406037264, "slope": -0.17716162766894702, "intercept": -0.04629261587632466, "Bianchi2011": [-0.13616453928396355, -0.46936087669168863, -0.15129944515862373, 0.8808110636176152, 0.3281281058104619, -0.3046935674229603, -0.2511323661723047, 0.03737942003567493, -0.3729785711324678, 0.25252599315811985, 0.4625035847626221, -0.23232070613411343, 0.9529742661455445, -0.15142321046779844, -0.21236679809285997, 0.33547705809067313, -0.22750721532151716, 0.39805371741815915, -0.14325028761788594, 1.0214428886787372, -0.18621315273197886, -0.18700851644404387, -0.6809516294400374, 0.18112417595531638], "Reis2020": [-0.5983616735094408, 0.5418104660061164, -1.5356979378770443, -0.1490290644793493, 0.8522599624912787, 0.284668798946882, 0.7349993704623263, 0.4995633874595152, 0.9089774970754954, 0.030354692262813843, -0.6757869296647279, -0.4298723405657124, -1.2535240451435445, -0.3931972192289975, 0.588215721575021, -0.22820075498400358, 0.7577861805445485, 0.7289284320097636, 0.8141710609669808, 0.6887604419743141, -2.5151981172508036, -1.5528296272089341, 0.6154101993008843, -0.027859786049431907], "mirnas": ["miR-126-3p", "miR-30c", "miR-191-5p", "miR-148a", "miR-133b-3p", "miR-28-5p", "miR-26b", "miR-32-5p", "miR-342-3p", "miR-148b-3p", "miR-29a", "miR-30b", "miR-223a-3p", "miR-26a", "miR-328", "miR-140-5p", "miR-331-3p", "miR-142-5p", "miR-103a", "miR-432", "miR-374a-5p", "miR-142-3p", "miR-376a-3p", "miR-22"], "p-values": {"Bianchi2011": [0.035061284596444704, 7.9372318448231e-06, 0.008576553848249718, 2.2799874776139176e-07, 0.3082606921927545, 0.09329612669013874, 0.023965711950979886, 0.8458506772436319, 6.707287048611133e-05, 0.15756055243855122, 4.284948664714242e-05, 0.016926513359532776, 0.00014748281949036594, 0.07247830961722486, 0.11404956844705813, 1.327348530147137e-07, 9.538214672058043e-05, 0.00011469575410906855, 0.18732719934328973, 8.081676355475523e-09, 0.13611953634090698, 0.09990347384598572, 0.05123977732705461, 0.2724693692539459], "Reis2020": [0.06406211762135129, 0.17513112307524215, 0.28291401959946466, 0.6581073669801025, 0.003733813121840013, 0.4537259892102633, 0.02440828343571287, 0.19008012734004945, 0.0114482010620923, 0.9390823394792371, 0.3250251236549051, 0.3717410251987321, 0.042107890177280706, 0.2495153761461436, 0.10390131650714733, 0.5950909247389244, 0.02021566603488558, 0.009648218222594316, 0.008060402160537005, 0.07648811820657478, 0.02558050901266064, 0.08131017351143348, 0.004905452734477364, 0.9329819846338941]}}