{"corr": -0.06333259243854075, "p-value": 0.7536508564375902, "slope": -0.07297427873352048, "intercept": 0.8132628317415834, "Bianchi2011": [-0.13616453928396355, -0.46111752048450516, -0.46936087669168863, -0.15129944515862373, 0.8808110636176152, 0.3281281058104619, -0.3046935674229603, -0.2511323661723047, 0.03737942003567493, -0.3729785711324678, 0.25252599315811985, 0.4625035847626221, 0.044047935103846136, -0.23232070613411343, 0.9529742661455445, -0.15142321046779844, -0.21236679809285997, 0.33547705809067313, -0.22750721532151716, 0.39805371741815915, -0.4332998601721829, -0.14325028761788594, 1.0214428886787372, -0.18621315273197886, -0.18700851644404387, -0.6809516294400374, 0.18112417595531638], "Asakura2020": [0.9314961159794735, 0.8558514300937861, 0.5533167068810475, 2.3731583502479308, 0.7213354808557686, 0.03798094605102509, 0.8447945349655674, 0.8456534869818291, 0.6705629100807767, 0.2843635344251753, 0.7251368604992912, 0.6384919640030636, 0.7060030456860862, 0.6484802758380956, 1.1262146571887457, 1.2012047855715453, 0.1863700149694944, 0.5282225839616448, 0.4306126692872121, 0.48751067980586926, 1.0803035381480877, 1.673336714191609, 0.4633586635460202, 0.49586511159531055, 0.8737287838398388, 0.6343830976709375, 1.9189503247027195], "mirnas": ["miR-126-3p", "miR-17", "miR-30c", "miR-191-5p", "miR-148a", "miR-133b-3p", "miR-28-5p", "miR-26b", "miR-32-5p", "miR-342-3p", "miR-148b-3p", "miR-29a", "miR-139-5p", "miR-30b", "miR-223a-3p", "miR-26a", "miR-328", "miR-140-5p", "miR-331-3p", "miR-142-5p", "let-7a", "miR-103a", "miR-432", "miR-374a-5p", "miR-142-3p", "miR-376a-3p", "miR-22"], "p-values": {"Bianchi2011": [0.035061284596444704, 1.0879136719279033e-06, 7.9372318448231e-06, 0.008576553848249718, 2.2799874776139176e-07, 0.3082606921927545, 0.09329612669013874, 0.023965711950979886, 0.8458506772436319, 6.707287048611133e-05, 0.15756055243855122, 4.284948664714242e-05, 0.83088057968927, 0.016926513359532776, 0.00014748281949036594, 0.07247830961722486, 0.11404956844705813, 1.327348530147137e-07, 9.538214672058043e-05, 0.00011469575410906855, 0.0720250437447595, 0.18732719934328973, 8.081676355475523e-09, 0.13611953634090698, 0.09990347384598572, 0.05123977732705461, 0.2724693692539459], "Asakura2020": [8.947556620005112e-113, 1.2360965561608423e-90, 1.0520020756071486e-51, 3.204991353547802e-306, 8.920622711526588e-94, 0.2129628386189112, 2.3225343042462428e-101, 1.249880893725492e-99, 1.844467686407866e-70, 2.1801302155319048e-18, 1.7203259392770012e-75, 1.00017511102956e-63, 3.9798995274412545e-95, 9.59634705413951e-66, 4.39811464300468e-137, 1.4109260659317221e-153, 6.9903341271384595e-12, 1.491738428220744e-48, 2.055147393163839e-35, 7.204724953750395e-41, 2.3320575998324777e-125, 1.385039234974631e-231, 2.5683522074866706e-43, 2.236296709266988e-47, 7.355966535240191e-110, 1.8097488865490983e-60, 2.1289362954234995e-259]}}