{"corr": -0.1610971033933098, "p-value": 0.4417193843762537, "slope": -0.02639805301601717, "intercept": 0.08860303860530709, "Bianchi2011": [-0.13616453928396355, -0.46111752048450516, -0.46936087669168863, -0.15129944515862373, 0.8808110636176152, 0.3281281058104619, -0.3046935674229603, -0.2511323661723047, -0.3729785711324678, 0.25252599315811985, 0.4625035847626221, -0.23232070613411343, 0.9529742661455445, -0.15142321046779844, -0.21236679809285997, 0.33547705809067313, -0.22750721532151716, 0.39805371741815915, -0.4332998601721829, -0.14325028761788594, 1.0214428886787372, -0.18621315273197886, -0.18700851644404387, -0.6809516294400374, 0.18112417595531638], "Wozniak2015": [0.1403154904364075, 0.16739540642348957, 0.020466594282982656, 0.10910070000914442, -0.055972155493374504, -0.006882556046173233, 0.21346704229418634, 0.11747778445764719, 0.058670626707267956, 0.05540019733474629, 0.004112766163155198, 0.05737711756244213, 0.19157262221590782, 0.11985349497669545, 0.03406419239273617, 0.1432757288647802, 0.12308464882803541, -0.026293853871910966, 0.19774539526257007, 0.14316074610333565, 0.09975298255477004, 0.03709920274617201, 0.07207781416763559, 0.005947974370789086, 0.18721086665861492], "mirnas": ["miR-126-3p", "miR-17", "miR-30c", "miR-191-5p", "miR-148a", "miR-133b-3p", "miR-28-5p", "miR-26b", "miR-342-3p", "miR-148b-3p", "miR-29a", "miR-30b", "miR-223a-3p", "miR-26a", "miR-328", "miR-140-5p", "miR-331-3p", "miR-142-5p", "let-7a", "miR-103a", "miR-432", "miR-374a-5p", "miR-142-3p", "miR-376a-3p", "miR-22"], "p-values": {"Bianchi2011": [0.035061284596444704, 1.0879136719279033e-06, 7.9372318448231e-06, 0.008576553848249718, 2.2799874776139176e-07, 0.3082606921927545, 0.09329612669013874, 0.023965711950979886, 6.707287048611133e-05, 0.15756055243855122, 4.284948664714242e-05, 0.016926513359532776, 0.00014748281949036594, 0.07247830961722486, 0.11404956844705813, 1.327348530147137e-07, 9.538214672058043e-05, 0.00011469575410906855, 0.0720250437447595, 0.18732719934328973, 8.081676355475523e-09, 0.13611953634090698, 0.09990347384598572, 0.05123977732705461, 0.2724693692539459], "Wozniak2015": [0.0004727862585958359, 0.003475400482425989, 0.45999392725106114, 0.018642478248039697, 0.16387019321255775, 0.9423065721580581, 0.0011589806817144984, 0.08308172084170473, 0.3937695487485432, 0.34416925233132045, 0.892524760641946, 0.05769659601283946, 0.006337873687496603, 0.009321188042799375, 0.601195606481149, 0.01922310559671591, 0.09234850364580939, 0.7073196306391044, 0.11060472409327386, 0.00563019691549442, 0.27317583335784396, 0.7308694425899724, 0.12328599949130249, 0.9160693266647704, 0.19922922469331103]}}