{"corr": 0.18272491050402226, "p-value": 0.3616358088696551, "slope": 0.1339277693756611, "intercept": 0.04318811227806953, "Bianchi2011": [-0.13616453928396355, -0.46111752048450516, -0.46936087669168863, -0.15129944515862373, 0.8808110636176152, 0.3281281058104619, -0.3046935674229603, -0.2511323661723047, 0.03737942003567493, -0.3729785711324678, 0.25252599315811985, 0.4625035847626221, 0.044047935103846136, -0.23232070613411343, 0.9529742661455445, -0.15142321046779844, -0.21236679809285997, 0.33547705809067313, -0.22750721532151716, 0.39805371741815915, -0.4332998601721829, -0.14325028761788594, 1.0214428886787372, -0.18621315273197886, -0.18700851644404387, -0.6809516294400374, 0.18112417595531638], "Patnaik2017": [-0.6130986233646682, -0.5808034769158805, -0.12584851864666027, -0.050720888128745645, 0.06808207274317618, 0.1624595723893036, 0.6168683496875231, 0.31696130150222307, -0.07197905213207745, -0.40737489151380407, 0.2458101950856309, 0.07608249496592846, 0.6169260065395268, 0.11972034349940297, 0.347252828063345, 0.5681516184325527, 0.1533962747503791, 0.06948001378363933, 0.20693917833279601, -0.05207172339981659, -0.2865669492928922, -0.3377111714731771, -0.06155413920682079, -0.1311117452620108, 0.4179076556192687, 0.030017351959974667, -0.091843324761858], "mirnas": ["miR-126-3p", "miR-17", "miR-30c", "miR-191-5p", "miR-148a", "miR-133b-3p", "miR-28-5p", "miR-26b", "miR-32-5p", "miR-342-3p", "miR-148b-3p", "miR-29a", "miR-139-5p", "miR-30b", "miR-223a-3p", "miR-26a", "miR-328", "miR-140-5p", "miR-331-3p", "miR-142-5p", "let-7a", "miR-103a", "miR-432", "miR-374a-5p", "miR-142-3p", "miR-376a-3p", "miR-22"], "p-values": {"Bianchi2011": [0.035061284596444704, 1.0879136719279033e-06, 7.9372318448231e-06, 0.008576553848249718, 2.2799874776139176e-07, 0.3082606921927545, 0.09329612669013874, 0.023965711950979886, 0.8458506772436319, 6.707287048611133e-05, 0.15756055243855122, 4.284948664714242e-05, 0.83088057968927, 0.016926513359532776, 0.00014748281949036594, 0.07247830961722486, 0.11404956844705813, 1.327348530147137e-07, 9.538214672058043e-05, 0.00011469575410906855, 0.0720250437447595, 0.18732719934328973, 8.081676355475523e-09, 0.13611953634090698, 0.09990347384598572, 0.05123977732705461, 0.2724693692539459], "Patnaik2017": [0.16648219021239696, 0.18397732324117008, 0.5524507496773439, 0.7036068927199914, 0.6915630134214623, 0.4980311429741259, 0.007775157147127958, 0.3619154979823065, 0.5143692358004228, 0.13337931413896406, 0.25280741671305734, 0.787396190772828, 0.0019798683316218737, 0.6287475732434639, 0.24398280700750236, 0.047444812626010135, 0.6100857935851638, 0.8061002560135505, 0.4444360141636834, 0.8745729257130865, 0.3915907820949629, 0.22172285714614298, 0.4717971290495091, 0.6772603087973623, 0.3905976590372685, 0.7347642409527602, 0.6522139115430834]}}