{"corr": 0.10215119296206654, "p-value": 0.6195020443643728, "slope": 0.05933722815685877, "intercept": -0.2148157354723591, "Bianchi2011": [-0.13616453928396355, -0.46111752048450516, -0.46936087669168863, -0.15129944515862373, 0.8808110636176152, 0.3281281058104619, -0.3046935674229603, -0.2511323661723047, -0.3729785711324678, 0.25252599315811985, 0.4625035847626221, 0.044047935103846136, -0.23232070613411343, 0.9529742661455445, -0.15142321046779844, -0.21236679809285997, 0.33547705809067313, -0.22750721532151716, 0.39805371741815915, -0.4332998601721829, -0.14325028761788594, 1.0214428886787372, -0.18621315273197886, -0.18700851644404387, -0.6809516294400374, 0.18112417595531638], "Fehlmann2020": [-0.7380011506599324, -0.4863680976234657, -0.09476820959911597, 0.0381314473418587, -0.4545895334204626, 0.009833752363527098, -0.1522078382785515, -0.4616793438912933, 0.008727742683998917, -0.19007931711940573, -0.06543872136549822, 0.18197765491755785, -0.25336718159561217, -0.08516465249218406, -0.289282627125758, 0.1091340354463944, -0.6564240669476626, 0.006715573178384679, -0.24131850366449104, -0.16968148710135336, -0.3123884968718454, -0.030894840711580107, -0.8196144039131157, -0.19537902172250587, -0.32198921955871224, 0.09409774706737263], "mirnas": ["miR-126-3p", "miR-17", "miR-30c", "miR-191-5p", "miR-148a", "miR-133b-3p", "miR-28-5p", "miR-26b", "miR-342-3p", "miR-148b-3p", "miR-29a", "miR-139-5p", "miR-30b", "miR-223a-3p", "miR-26a", "miR-328", "miR-140-5p", "miR-331-3p", "miR-142-5p", "let-7a", "miR-103a", "miR-432", "miR-374a-5p", "miR-142-3p", "miR-376a-3p", "miR-22"], "p-values": {"Bianchi2011": [0.035061284596444704, 1.0879136719279033e-06, 7.9372318448231e-06, 0.008576553848249718, 2.2799874776139176e-07, 0.3082606921927545, 0.09329612669013874, 0.023965711950979886, 6.707287048611133e-05, 0.15756055243855122, 4.284948664714242e-05, 0.83088057968927, 0.016926513359532776, 0.00014748281949036594, 0.07247830961722486, 0.11404956844705813, 1.327348530147137e-07, 9.538214672058043e-05, 0.00011469575410906855, 0.0720250437447595, 0.18732719934328973, 8.081676355475523e-09, 0.13611953634090698, 0.09990347384598572, 0.05123977732705461, 0.2724693692539459], "Fehlmann2020": [5.171482321886701e-53, 3.9308774138820474e-32, 0.02220022796025857, 0.25046596875924004, 3.7998578291229147e-19, 0.8250175607724857, 0.00047350212717295554, 2.583705256875546e-22, 0.7935964016545738, 1.123787381914566e-05, 0.09937961548903318, 1.4155879060414568e-06, 9.323572389977506e-07, 0.015451945242310486, 2.6224554009465566e-12, 9.35808420186955e-05, 2.6491409681200784e-39, 0.8636844452974906, 3.808713921666288e-07, 2.391230592303605e-05, 3.465358435899812e-15, 0.3998999094887744, 3.049059252568724e-47, 0.0002581681693544775, 8.382697414792463e-09, 0.015157347737307349]}}