{"corr": 0.2479173989370665, "p-value": 0.2427856761894436, "slope": 0.3771430645087289, "intercept": -0.11552525833022194, "Bianchi2011": [-0.13616453928396355, -0.46111752048450516, -0.46936087669168863, -0.15129944515862373, 0.8808110636176152, 0.3281281058104619, -0.3046935674229603, -0.2511323661723047, 0.03737942003567493, -0.3729785711324678, 0.25252599315811985, 0.4625035847626221, -0.23232070613411343, 0.9529742661455445, -0.15142321046779844, -0.21236679809285997, 0.33547705809067313, -0.22750721532151716, 0.39805371741815915, -0.4332998601721829, -0.14325028761788594, -0.18621315273197886, -0.6809516294400374, 0.18112417595531638], "Keller2014": [-0.9957532311184278, -1.2669765337658696, 0.2012876523843344, -0.09822284418719415, -0.5123108539603116, 0.3851664618925257, 0.20033867882637044, -0.8698624266359434, -0.7143709111601702, 0.017243227881163233, 0.07421061968042748, 0.5927018912994773, -0.3451273613132647, 0.6134882516579396, -0.6458832556956517, 0.7747075209063234, 0.4309040970244443, 0.9766586396235162, 0.1840642689210384, -0.5014603658537002, -1.324388379798596, -0.3788138564275244, 0.29728705319075155, -0.08816184090053845], "mirnas": ["miR-126-3p", "miR-17", "miR-30c", "miR-191-5p", "miR-148a", "miR-133b-3p", "miR-28-5p", "miR-26b", "miR-32-5p", "miR-342-3p", "miR-148b-3p", "miR-29a", "miR-30b", "miR-223a-3p", "miR-26a", "miR-328", "miR-140-5p", "miR-331-3p", "miR-142-5p", "let-7a", "miR-103a", "miR-374a-5p", "miR-376a-3p", "miR-22"], "p-values": {"Bianchi2011": [0.035061284596444704, 1.0879136719279033e-06, 7.9372318448231e-06, 0.008576553848249718, 2.2799874776139176e-07, 0.3082606921927545, 0.09329612669013874, 0.023965711950979886, 0.8458506772436319, 6.707287048611133e-05, 0.15756055243855122, 4.284948664714242e-05, 0.016926513359532776, 0.00014748281949036594, 0.07247830961722486, 0.11404956844705813, 1.327348530147137e-07, 9.538214672058043e-05, 0.00011469575410906855, 0.0720250437447595, 0.18732719934328973, 0.13611953634090698, 0.05123977732705461, 0.2724693692539459], "Keller2014": [6.222225146404158e-10, 4.3831153056045773e-14, 0.16634485634102916, 0.42256256466348785, 3.4506035254254403e-07, 0.02077066524301097, 0.0796484133295738, 9.580631397063054e-06, 0.0001899087902353304, 0.9133760164183502, 0.5072076045012591, 2.7344651385441714e-05, 0.023506803317534946, 0.0007193263995797017, 2.0443686244119357e-07, 0.00012610312968091027, 0.008645234660490032, 5.860778027724716e-10, 0.16043091780324661, 0.015272559346992507, 7.063581291244568e-13, 0.0374714101377248, 0.08082907735963275, 0.4507174363698676]}}