{"corr": -0.2855264422240758, "p-value": 0.15738061597048583, "slope": -0.21432350950038143, "intercept": -0.08065745267552601, "Bianchi2011": [-0.13616453928396355, -0.46111752048450516, -0.46936087669168863, -0.15129944515862373, 0.8808110636176152, 0.3281281058104619, -0.3046935674229603, -0.2511323661723047, 0.03737942003567493, -0.3729785711324678, 0.25252599315811985, 0.4625035847626221, 0.044047935103846136, -0.23232070613411343, 0.9529742661455445, -0.15142321046779844, -0.21236679809285997, 0.33547705809067313, -0.22750721532151716, 0.39805371741815915, -0.4332998601721829, -0.14325028761788594, -0.18621315273197886, -0.18700851644404387, -0.6809516294400374, 0.18112417595531638], "Zaporozhchenko2018": [-0.03717074224319873, -0.3018168504173626, -0.09699769243272874, -0.1391534596512059, -0.19276698024599573, -0.08731750004166391, 0.33736324538213, -0.11993761035023201, -0.11090403789963788, -0.13579005901600572, -0.16655106232241157, -0.23925600050211443, -0.12306722256579948, -0.09734005250719296, -0.17404834798998917, -0.10270356552257134, -0.4760003641187034, -0.21794463515451745, 1.1574140294050013, -0.1729242745648666, -0.0025732925030067886, -0.10787657760398421, -0.2481646780686386, -0.025485518946363972, 0.3068743601685481, -0.36691387484076243], "mirnas": ["miR-126-3p", "miR-17", "miR-30c", "miR-191-5p", "miR-148a", "miR-133b-3p", "miR-28-5p", "miR-26b", "miR-32-5p", "miR-342-3p", "miR-148b-3p", "miR-29a", "miR-139-5p", "miR-30b", "miR-223a-3p", "miR-26a", "miR-328", "miR-140-5p", "miR-331-3p", "miR-142-5p", "let-7a", "miR-103a", "miR-374a-5p", "miR-142-3p", "miR-376a-3p", "miR-22"], "p-values": {"Bianchi2011": [0.035061284596444704, 1.0879136719279033e-06, 7.9372318448231e-06, 0.008576553848249718, 2.2799874776139176e-07, 0.3082606921927545, 0.09329612669013874, 0.023965711950979886, 0.8458506772436319, 6.707287048611133e-05, 0.15756055243855122, 4.284948664714242e-05, 0.83088057968927, 0.016926513359532776, 0.00014748281949036594, 0.07247830961722486, 0.11404956844705813, 1.327348530147137e-07, 9.538214672058043e-05, 0.00011469575410906855, 0.0720250437447595, 0.18732719934328973, 0.13611953634090698, 0.09990347384598572, 0.05123977732705461, 0.2724693692539459], "Zaporozhchenko2018": [0.6018164151804002, 0.2845681875143402, 0.4516146173319827, 0.4635983186330196, 0.27073729496142707, 0.7647489162927177, 0.443667512269722, 0.3909832227651283, 0.5049230548710237, 0.3498842752981114, 0.2606855247390358, 0.18063508080941096, 0.6372622199954528, 0.4345069086072927, 0.07305249930361893, 0.39485570117233726, 0.4422243245782582, 0.5000776419982337, 0.13731956948966478, 0.2496925432345966, 0.9785759201585655, 0.3283909724393447, 0.32562879162046343, 0.7565219566518022, 0.6602357346982018, 0.19077975368251984]}}