{"corr": -0.04932642276182308, "p-value": 0.5974021663887881, "slope": -0.10345495340881006, "intercept": 0.1178890071395965, "Boeri2011": [0.3311675021451469, -0.021907022151932208, 0.19214729710443285, 0.07258556056573817, -0.2390381393841577, -0.7921324096702879, 0.4642413613481424, -0.1551762504198626, 0.005011820412711197, -0.1565173184788557, 0.6269393940724183, -0.20216385965790049, 0.14632753495343614, 0.04479641637276177, 0.4287199018266906, 0.8501208967777822, 0.7752482245774797, -0.6533755077370218, 0.14791149045655833, 0.033849035492998836, 0.08642639908500994, 1.6244898820338465, 0.223025750116555, 0.4968302912223214, 0.37757024040756804, 0.22971255184420677, -0.6475532770160759, -0.04367357576833018, 0.027207642753229927, -0.2655121603801078, -0.02717783838265554, -0.08789922028410904, 0.985753794202816, 0.016525718099227447, 0.363722538097506, -0.2735255786414891, 0.6473571269030081, -0.0007498864841224441, -0.02303146341388878, 0.629233333858246, 1.8563772933349636, -0.11038381257601557, 0.171520060092255, -0.4031721123543005, 0.22823720004542702, 0.2995864059576462, -0.028763256545377425, 0.5722754240423191, -0.6500594820229597, 0.27115167628271053, -0.25788941055480563, -0.2152811656254796, 0.2748896183414107, -0.5697145016290649, -0.01099107215490386, 0.3401824497807038, 0.12764823172153655, 1.087779992639547, 0.7983378537927703, -0.17101257797038233, 0.7045323520513613, -0.5766107706167771, 0.5118576546416431, 0.2952717860755665, -0.0814898621287917, 1.1699360087927422, -0.17668544128024177, 0.28913755445653194, 0.09539084935369779, -0.1917678609294508, 0.32258000504668916, -0.48270497033654075, -0.06836306241965022, 0.029527926720578388, 0.4114565992939566, -0.09166325803530659, -0.16977609032984564, -0.11181394494541444, -0.11828114788389604, -0.2349654621112045, -0.4229643260717696, -0.8307008182274056, -0.022565744909248703, -0.1448793248194835, 0.11767581798865745, -0.16037423656682587, -0.8054181048965805, 0.187890977132732, 0.3452287121533031, 0.10501222895849677, 0.0019763852132709857, -0.19625336737630167, 0.3181491345858233, 0.14564710419022744, 0.04529480687217055, -0.09250122197413177, -0.09692323026078045, -0.6720144806024504, -0.3534847699527149, 0.0032465733308467814, 0.6091897019982653, 0.7207766233756134, 0.033733479201411384, 0.18421441277454081, -0.3078555692998899, 0.2421607232713595, -0.07263525665068123, 0.4236890821845438, 0.29134335010484813, -0.5715066078509858, 0.08584226282661031, 0.520290811444401, -0.4539415817661292, -0.3100555439222334, -0.5231708777547, 0.4231730677085008, 0.1875031156963804], "Jin2017": [0.17680449326745157, -0.7175436666105005, -0.9623667209840814, 0.4413606888705125, -0.5727413594131945, -0.3770695646414473, -0.47426715796641356, 0.22978047623877484, -1.0110830726126787, -0.22714502344582493, 0.025265355890814613, 0.058869332288859565, -0.1556357021839384, -0.7868300395890624, -0.9739484942870684, -1.5608509749185653, 1.4567031465988358, 0.17788594392177381, 0.13070019108101538, 0.2952486474151033, 1.919651045784986, 0.28843033046443034, -0.15929072868213826, -0.18039024566510092, 0.11018099343209312, 0.5041078113735905, 0.9269156946851163, 0.13620802121035083, 0.705934734031769, 1.0558021048798327, -0.6809561318375195, 0.05887592238729658, -0.9916946036588957, 1.0513172293736166, -1.0777203955748211, -0.4146125415314929, 0.5287156457394091, 0.16056988778096415, -0.5981386383906047, -0.04123313129606997, -0.3062738832014282, 2.439220885712939, 1.6166657948720884, -0.13746259566555769, 0.2100449107460992, 0.9243053366928321, -0.4929868023792747, -1.0498495574874975, -1.0017051243181616, 0.5173677560074706, 1.0168440949082418, 1.4665125829336745, 0.5658958759917985, -1.7155373421125466, -0.6861149544342203, 0.8279329251549161, 0.2714698543240799, -0.9615271775112684, -0.35298540973452175, 0.23053525719521056, -0.4457272329131595, 2.056067189794943, -0.5164843108001431, -0.29602229400702834, -0.19728320109181843, 0.681938403477383, 0.15606879607975432, 2.4381392543805416, -0.11439834531193882, 1.3759052627911397, 1.556388809090676, 0.2630719810103276, -0.19381167951333694, 2.6755128378603183, -0.006189982606081284, 0.20401448985178766, -0.7096276126034258, 0.31347956180971726, -0.9347042109649182, -0.22658144791279855, -0.3209090012333296, 1.6591463496033687, -1.642452763507995, 0.29045902967013715, 1.1054471711928169, 0.5823267215234071, -0.752989954748482, -0.5358043211439341, 0.04510544482144582, -0.50801464225943, -1.6342075094704556, -0.1589419420702779, 0.9944536246743392, 0.12852119211407192, 0.7268953024116362, 2.504751582573055, 0.05690574313468684, 0.8603070122368106, 0.08577618395258493, -1.7406043402241846, 0.535029349653259, 0.8419771820219509, 0.08256517463718653, 1.5080150956507092, 1.114948058171253, -1.2646089682527477, -0.10166821031686127, 0.5563050377973651, 0.6165269516367691, -0.2619774433930131, -1.9195971238869354, 1.0875417502745532, -1.275878554867623, 1.553633655014825, -1.2319212011272578, -0.6817866867495657, -0.11872095753736109], "mirnas": ["miR-145", "miR-221", "miR-193b", "miR-126-3p", "miR-30c", "miR-629-3p", "miR-10a-5p", "miR-485-3p", "miR-222-3p", "miR-19b-3p", "miR-100", "miR-193a-5p", "miR-21-5p", "miR-574", "miR-152-3p", "miR-218-5p", "miR-224-5p", "miR-185-5p", "miR-27b", "miR-26a", "miR-132a-3p", "miR-204", "miR-375-3p", "miR-346-5p", "miR-744-5p", "miR-181a", "miR-324-3p", "miR-374a-5p", "miR-130b-3p", "miR-142-3p", "miR-20", "miR-191-5p", "miR-133a-3p", "miR-425-3p", "miR-197", "miR-28-5p", "miR-363-3p", "miR-26b", "miR-296-5p", "miR-34a", "miR-1-3p", "miR-320a", "miR-128", "miR-192", "miR-345", "miR-335", "miR-301a", "miR-125b", "miR-331-3p", "miR-337-5p", "miR-142-5p", "miR-495-3p", "miR-27a", "miR-99b", "miR-106b", "miR-376c", "miR-24-3p", "miR-324", "miR-15b", "miR-652-3p", "miR-99a", "miR-451a", "miR-598", "miR-330-3p", "miR-186", "miR-361", "miR-625-5p", "miR-127", "miR-342-3p", "miR-150-5p", "miR-139-5p", "miR-16", "miR-30b", "miR-223a-3p", "miR-323", "miR-454", "miR-140-5p", "miR-590", "miR-93", "miR-636", "miR-502a-3p", "miR-483", "miR-365", "miR-19a", "miR-376a-3p", "miR-195", "miR-125a", "miR-28", "miR-340-3p", "miR-17", "miR-532-3p", "miR-339", "miR-148a", "miR-199a-3p", "miR-484", "miR-101-2", "miR-212", "miR-660", "miR-92a", "miR-155", "miR-143", "miR-29c", "miR-20b-5p", "miR-146a", "miR-148b-3p", "miR-18", "miR-29a", "miR-328", "miR-410", "miR-532", "miR-106a-5p", "miR-134-5p", "miR-25", "miR-486-5p", "miR-140-3p", "miR-130a", "miR-146b-5p"],