{"corr": 0.02156465074754637, "p-value": 0.8120909593787334, "slope": 0.056103701411544055, "intercept": -1.4111995414338334, "Boeri2011": [0.3311675021451469, -0.2915097653146705, -0.021907022151932208, 0.19214729710443285, 0.07258556056573817, -0.2390381393841577, -0.7921324096702879, 0.4642413613481424, -0.1551762504198626, 0.005011820412711197, -0.1565173184788557, 0.6269393940724183, -0.20216385965790049, 0.9199773296907453, 0.14632753495343614, 0.3321928488697995, 0.04479641637276177, 0.4287199018266906, 0.8501208967777822, 0.7752482245774797, -0.6533755077370218, 0.14791149045655833, 0.033849035492998836, 0.08642639908500994, 1.6244898820338465, 0.223025750116555, 0.4968302912223214, 0.37757024040756804, 0.22971255184420677, 0.022939336658100384, -0.6475532770160759, -0.04367357576833018, 0.027207642753229927, -0.2655121603801078, -0.02717783838265554, -0.08789922028410904, 0.985753794202816, 0.016525718099227447, 0.363722538097506, -0.2735255786414891, 0.6473571269030081, -0.0007498864841224441, -0.02303146341388878, 0.629233333858246, -0.42964801818263, 1.8563772933349636, -0.11038381257601557, 0.171520060092255, -0.4031721123543005, 0.3880412150205419, 0.22823720004542702, 0.2995864059576462, -0.028763256545377425, 0.5722754240423191, -0.6500594820229597, 0.27115167628271053, 0.7281198049476618, -0.25788941055480563, -0.2152811656254796, 0.2748896183414107, -0.5697145016290649, -0.01099107215490386, 0.3401824497807038, 0.12764823172153655, 1.087779992639547, 0.7983378537927703, -0.17101257797038233, 0.7045323520513613, -0.5766107706167771, 0.5118576546416431, 0.2952717860755665, -0.0814898621287917, 1.1699360087927422, -0.17668544128024177, 0.28913755445653194, 0.09539084935369779, -0.1917678609294508, 0.32258000504668916, -0.48270497033654075, -0.06836306241965022, 0.029527926720578388, 0.4114565992939566, -0.09166325803530659, -0.16977609032984564, -0.11181394494541444, -0.11828114788389604, -0.2349654621112045, -0.4229643260717696, -0.8307008182274056, 0.10866552269311201, -0.1448793248194835, 0.11767581798865745, -0.16037423656682587, -0.8054181048965805, 0.187890977132732, 0.3452287121533031, 0.10501222895849677, 0.0019763852132709857, -0.19625336737630167, -0.19250249352175683, 0.3181491345858233, 0.04529480687217055, -0.09250122197413177, -0.09692323026078045, -0.6720144806024504, -0.3534847699527149, 0.0032465733308467814, 0.6091897019982653, 0.7207766233756134, 0.033733479201411384, 0.18421441277454081, -0.3078555692998899, 0.2421607232713595, -0.07263525665068123, 0.4236890821845438, 0.29134335010484813, -0.5715066078509858, 0.08584226282661031, 0.520290811444401, -0.4539415817661292, -0.3100555439222334, -0.5231708777547, 0.4231730677085008, 0.1875031156963804], "Duan2021": [-0.11465572054790003, -1.7744453272106249, -2.8784867102243794, -2.9888574192240185, -2.3141652410398814, -2.9167669526192626, -3.5431664389153807, -0.26649047847244534, -4.22206790550245, -3.7745513440899225, -1.7633632333819476, -1.5879579853343655, -0.8565495883784836, 0.031238848853762345, -3.044257632374966, 1.071181215715872, -2.2108160439027613, -1.3072299088036743, -1.6839511138500014, -0.30844452838316205, 1.4123471991847167, -1.2439175059486363, -0.6667037071063016, -1.3225894632057975, 0.4885658399290753, 0.8174188005437713, -1.8779739396704525, 1.5917414713242384, -2.7724338916235043, -3.2351146553004595, -0.49279111831250305, -1.617279816527076, -0.8921242240034135, -0.34758070995338136, -1.4014046015629682, -1.8976344905138818, 0.078858669929721, -0.14372582744941406, -0.8096464164277934, -1.115204867804912, -1.8765491688136018, -2.0038127093736726, 0.5073924334628337, -1.48138678358337, 0.9475745227027261, -1.490306349887196, -0.7552792164058315, -1.6689660786004108, -1.9776365582827116, -2.41679883907973, -1.9831734804425698, -1.980439367533017, -0.5685696693587788, -3.27462865961448, -2.5547521873998402, -2.3598123379124036, -1.2333187837812467, -1.304736342210016, -1.0275439350471816, -1.2887893028350978, -3.8044199969092256, -1.7940362798214347, -2.822146520182734, -1.967480504519509, -2.6767922754323124, -1.7554226104771946, -1.1135581438725308, -1.3310281402849506, -1.5558694755012734, -1.5881129787890056, -3.6651025929233554, -2.3700196720550544, 0.19842584441150618, -1.5605362620734327, -1.6297352369277633, -0.5093722016267159, -1.4502711679629883, -1.99336746990209, -1.196867384767888, -1.3194712419780716, 0.9807639039186147, -2.5831509744659176, -1.3879014894325676, 1.13792133129904, -1.6205764421870124, -2.164449113102866, -2.0716394053989067, -2.0776238345637745, 2.153677889848031, -1.8617141068438459, -2.0205892809601558, -1.6658624250495322, -0.7057481072039216, -0.8109970690894892, -2.3568235519140974, -1.3937967712235637, -0.20706231218491583, -1.7058115282402557, -1.6029329239359296, -1.3587166394898986, -1.6249364348873447, 0.7702429389295604, -1.3798740488887429, -2.1755598930946713, -1.721525298536711, -1.938042959035145, -1.794416553680159, -2.6232994094655053, -1.7498557059504822, -0.5648305784382259, -1.8915950507402863, -0.36121996901848147, -1.5433936493818154, -2.5817354647896016, -0.28218932028672006, -1.2730560642129323, -1.7143253173266002, -0.4329470598498838, -2.848907856326143, -1.9705140024698626, 1.1021279491321516, -2.1586125300234684, -1.4958350879468485, -1.1521334490117674], "mirnas": ["miR-145", "miR-374b-5p", "miR-221", "miR-193b", "miR-126-3p", "miR-30c", "miR-629-3p", "miR-10a-5p", "miR-485-3p", "miR-222-3p", "miR-19b-3p", "miR-100", "miR-193a-5p", "miR-133b-3p", "miR-21-5p", "miR-423", "miR-574", "miR-152-3p", "miR-218-5p", "miR-224-5p", "miR-185-5p", "miR-27b", "miR-26a", "miR-132a-3p", "miR-204", "miR-375-3p", "miR-346-5p", "miR-744-5p", "miR-181a", "miR-597", "miR-324-3p", "miR-374a-5p", "miR-130b-3p", "miR-142-3p", "miR-20", "miR-191-5p", "miR-133a-3p", "miR-425-3p", "miR-197", "miR-28-5p", "miR-363-3p", "miR-26b", "miR-296-5p", "miR-34a", "miR-885-5p", "miR-1-3p", "miR-320a", "miR-128", "miR-192", "miR-203-3p", "miR-345", "miR-335", "miR-301a", "miR-125b", "miR-331-3p", "miR-337-5p", "miR-548a", "miR-142-5p", "miR-495-3p", "miR-27a", "miR-99b", "miR-106b", "miR-376c", "miR-24-3p", "miR-324", "miR-15b", "miR-652-3p", "miR-99a", "miR-451a", "miR-598", "miR-330-3p", "miR-186", "miR-361", "miR-625-5p", "miR-127", "miR-342-3p", "miR-150-5p", "miR-139-5p", "miR-16", "miR-30b", "miR-223a-3p", "miR-323", "miR-454", "miR-140-5p", "miR-590", "miR-93", "miR-636", "miR-502a-3p", "miR-483", "miR-518d-3p", "miR-19a", "miR-376a-3p", "miR-195", "miR-125a", "miR-28", "miR-340-3p", "miR-17", "miR-532-3p", "miR-339", "miR-122-5p", "miR-148a", "miR-484", "miR-101-2", "miR-212", "miR-660", "miR-92a", "miR-155", "miR-143", "miR-29c", "miR-20b-5p", "miR-146a", "miR-148b-3p", "miR-18", "miR-29a", "miR-328", "miR-410", "miR-532", "miR-106a-5p", "miR-134-5p", "miR-25", "miR-486-5p", "miR-140-3p", "miR-130a", "miR-146b-5p"],