{"corr": -0.44532275980533553, "p-value": 0.019923939482765825, "slope": -1.0234404508318529, "intercept": -1.175475065586097, "Boeri2011": [-0.01099107215490386, 0.07258556056573817, -0.02717783838265554, 0.10501222895849677, 0.12764823172153655, -0.19250249352175683, 0.7983378537927703, -0.1565173184788557, -0.5766107706167771, 0.14632753495343614, 0.3321928488697995, 0.363722538097506, -0.3534847699527149, 0.7207766233756134, -0.6533755077370218, -0.11038381257601557, -0.48270497033654075, 0.029527926720578388, 0.033849035492998836, -0.11828114788389604, 0.2748896183414107, 0.22971255184420677, -0.4539415817661292, -0.1448793248194835, -0.3100555439222334, -0.5231708777547, 0.4231730677085008], "Qu2017": [-1.6510071490740712, -1.649509033878807, -1.0078054664599523, -1.2153021120574552, -2.549661804367174, 1.6002042531232443, -1.1917754562573724, -0.6724825856629615, -0.12993413373945129, -1.7451417391461626, -1.504103948926598, -1.9588084406063462, -0.38761377434456445, -1.333071888182815, -1.5275954222632226, -0.9137148826132928, -0.8852614342764307, -1.8421028416985372, -1.9275856496050736, -1.1823259610219021, -1.3133151618286591, -2.149593474716261, -0.38607918383442563, -0.7468339232735759, 0.2563964440900687, -1.3393601424160195, -1.9174240687637107], "mirnas": ["miR-106b", "miR-126-3p", "miR-20", "miR-17", "miR-24-3p", "miR-122-5p", "miR-15b", "miR-19b-3p", "miR-451a", "miR-21-5p", "miR-423", "miR-197", "miR-92a", "miR-29c", "miR-185-5p", "miR-320a", "miR-16", "miR-223a-3p", "miR-26a", "miR-93", "miR-27a", "miR-181a", "miR-25", "miR-19a", "miR-486-5p", "miR-140-3p", "miR-130a"], "p-values": {"Boeri2011": [0.9728213072933031, 0.8239465667102372, 0.9245733562613445, 0.7449741451067455, 0.7267198948934344, 0.5839548125192163, 0.24354509175950906, 0.5927190576326582, 0.09189878836069441, 0.5370022248786418, 0.37658932625013364, 0.364056105097622, 0.17400736200902447, 0.04586045514751604, 0.2810607721648388, 0.6550812268734552, 0.12060410864284708, 0.9393209857673241, 0.9356766745049557, 0.6955203664002005, 0.4025075236500847, 0.7392362580537966, 0.12029022234218958, 0.6138137876050388, 0.5146751576228028, 0.24177465345721372, 0.35415481860556275], "Qu2017": [0.02214659174174118, 0.03282779938150324, 0.2416800391677147, 0.15011765026973672, 0.010510361405935252, 0.07765830703383299, 0.1704745128935188, 0.5572450815691361, 0.9580622683524801, 0.08382777115584553, 0.05041640358667671, 0.0001837028830412558, 0.4810867330899662, 0.01930989278501576, 0.00951213127113953, 0.11998344171490324, 0.6430323110413578, 0.13465069076904992, 0.013998668840635099, 0.13848662811820067, 0.04126078153596329, 6.926761764506895e-05, 0.6262883047150944, 0.3697696616835213, 0.7336602712987699, 0.02418734856142267, 0.007816590102431768]}}