{"corr": -0.23696897217087243, "p-value": 0.007309181625191043, "slope": -0.15847773630595427, "intercept": 0.00835494411326907, "Boeri2011": [0.3311675021451469, -0.2915097653146705, -0.021907022151932208, 0.19214729710443285, 0.07258556056573817, -0.2390381393841577, -0.7921324096702879, 0.4642413613481424, -0.1551762504198626, 0.005011820412711197, -0.1565173184788557, 0.6269393940724183, -0.20216385965790049, 0.9199773296907453, 0.14632753495343614, 0.3321928488697995, 0.04479641637276177, 0.4287199018266906, 0.8501208967777822, 0.7752482245774797, -0.6533755077370218, 0.14791149045655833, 0.033849035492998836, 0.08642639908500994, 1.6244898820338465, 0.223025750116555, 0.4968302912223214, 0.37757024040756804, 0.22971255184420677, 0.022939336658100384, -0.6475532770160759, -0.04367357576833018, 0.027207642753229927, -0.2655121603801078, -0.02717783838265554, -0.08789922028410904, 0.985753794202816, 0.016525718099227447, 0.363722538097506, -0.2735255786414891, 0.6473571269030081, -0.0007498864841224441, -0.02303146341388878, 0.629233333858246, -0.42964801818263, 1.8563772933349636, -0.11038381257601557, 0.171520060092255, -0.4031721123543005, 0.3880412150205419, 0.22823720004542702, 0.2995864059576462, -0.028763256545377425, 0.5722754240423191, -0.6500594820229597, 0.27115167628271053, 0.7281198049476618, -0.25788941055480563, -0.2152811656254796, 0.2748896183414107, -0.5697145016290649, -0.01099107215490386, 0.3401824497807038, 0.12764823172153655, 1.087779992639547, 0.7983378537927703, -0.17101257797038233, 0.7045323520513613, -0.5766107706167771, 0.5118576546416431, 0.2952717860755665, -0.0814898621287917, 1.1699360087927422, -0.17668544128024177, 0.28913755445653194, 0.09539084935369779, -0.1917678609294508, 0.32258000504668916, -0.48270497033654075, -0.06836306241965022, 0.029527926720578388, 0.4114565992939566, -0.09166325803530659, -0.16977609032984564, -0.11181394494541444, -0.11828114788389604, -0.2349654621112045, -0.4229643260717696, -0.8307008182274056, 0.10866552269311201, -0.022565744909248703, -0.1448793248194835, 0.23603227918097675, 0.11767581798865745, -0.16037423656682587, -0.8054181048965805, 0.187890977132732, 0.3452287121533031, 0.10501222895849677, 0.0019763852132709857, -0.19625336737630167, -0.19250249352175683, 0.3181491345858233, 0.14564710419022744, 0.04529480687217055, -0.09250122197413177, -0.09692323026078045, -0.6720144806024504, -0.3534847699527149, 0.0032465733308467814, 0.6091897019982653, 0.7207766233756134, 0.033733479201411384, 0.18421441277454081, -0.3078555692998899, 0.2421607232713595, -0.07263525665068123, 0.4236890821845438, 0.29134335010484813, -0.5715066078509858, 0.08584226282661031, 0.520290811444401, -0.4539415817661292, -0.3100555439222334, -0.5231708777547, 0.4231730677085008, 0.1875031156963804], "Patnaik2017": [-0.40983751821748093, 0.7023496522115631, 0.013791364341268958, 0.12257867992319173, -0.6130986233646682, -0.12584851864666027, 0.014518058698221996, -0.1386996034805329, -0.012464993196239092, 0.2590961317848539, -0.14792439368135438, -0.3166356081738436, 0.1714088916567931, 0.1624595723893036, -0.10451652836078454, -0.14858055906019274, 0.04524004427226898, 0.04916959789887831, 0.0581642666382073, 0.02169493306543307, 0.14919929313630567, 0.6286167843739567, 0.5681516184325527, 0.25641949964568633, -0.3290176009245187, -0.1039060119035547, 0.036448608041923417, -0.42004938178491147, -0.14015234411184696, -0.058367112286203435, -0.10830945124373445, -0.1311117452620108, -0.19566553570394252, 0.4179076556192687, -0.437055386282703, -0.050720888128745645, 0.20705592711543963, 0.14279149677540276, 0.6615225699786328, 0.6168683496875231, 0.41856857128795, 0.31696130150222307, 0.07031873556412088, -0.06643203111600472, 0.008539263029587355, -0.7619824735253056, -0.223326955703631, 0.4359568738748063, 0.37569113410254323, 0.00345712558452624, 0.19311497319320498, -0.03926209657451109, -0.4315093673650029, -0.5358658832323488, 0.20693917833279601, 0.03155702305789709, -0.09911494657693118, -0.05207172339981659, 0.05883706876790372, 0.20152828474569584, 0.09575607354261345, -0.12904875778216335, 0.1722031258639452, 0.0024422997753657865, -0.40576709296696556, 0.21822123178689373, -0.2058525842466939, -0.42213874342031926, 0.6589450735494221, 0.06904553394004337, -0.18043695482226751, 0.4623695948588916, -0.0634859094937013, 0.2848648601994667, 0.10770093832968547, -0.40737489151380407, -0.7804139502994565, 0.6169260065395268, -0.04283487376448307, 0.11972034349940297, 0.347252828063345, -0.23517120651225798, -0.2345677616043414, 0.06948001378363933, 0.06116648879239798, -0.60523295695766, 0.025019518783222935, 0.05092064396981638, -0.013707346622841822, 0.12736925296159002, -0.052190209338933605, 0.06665161131969291, -0.4645552331029533, 0.030017351959974667, 0.5163212310291758, 0.21132625642670394, 0.1866512049426769, 0.10890426673024184, -0.5808034769158805, 0.017096849107163636, -0.5608875417443124, -0.4231184465707418, 0.06808207274317618, -0.19864738828868744, -0.07542284192410684, -0.5372434231439416, -0.03822136154751861, 0.024792355048181884, 0.07633590003710788, 0.14505350046829368, -0.2943020583750254, -0.034647519475582644, -0.6478240287931294, -0.0704038535555428, 0.2458101950856309, 0.028361271220170504, 0.07608249496592846, 0.1533962747503791, -0.03538325278312243, 0.1663274345299143, -0.3464264580262815, -0.04397520904739881, 0.22628390468849427, 0.059485291069991765, 0.13942975414948183, -0.35215052737261465, 0.1564619465408274], "mirnas": ["miR-145", "miR-374b-5p", "miR-221", "miR-193b", "miR-126-3p", "miR-30c", "miR-629-3p", "miR-10a-5p", "miR-485-3p", "miR-222-3p", "miR-19b-3p", "miR-100", "miR-193a-5p", "miR-133b-3p", "miR-21-5p", "miR-423", "miR-574", "miR-152-3p", "miR-218-5p", "miR-224-5p", "miR-185-5p", "miR-27b", "miR-26a", "miR-132a-3p", "miR-204", "miR-375-3p", "miR-346-5p", "miR-744-5p", "miR-181a", "miR-597", "miR-324-3p", "miR-374a-5p", "miR-130b-3p", "miR-142-3p", "miR-20", "miR-191-5p", "miR-133a-3p", "miR-425-3p", "miR-197", "miR-28-5p", "miR-363-3p", "miR-26b", "miR-296-5p", "miR-34a", "miR-885-5p", "miR-1-3p", "miR-320a", "miR-128", "miR-192", "miR-203-3p", "miR-345", "miR-335", "miR-301a", "miR-125b", "miR-331-3p", "miR-337-5p", "miR-548a", "miR-142-5p", "miR-495-3p", "miR-27a", "miR-99b", "miR-106b", "miR-376c", "miR-24-3p", "miR-324", "miR-15b", "miR-652-3p", "miR-99a", "miR-451a", "miR-598", "miR-330-3p", "miR-186", "miR-361", "miR-625-5p", "miR-127", "miR-342-3p", "miR-150-5p", "miR-139-5p", "miR-16", "miR-30b", "miR-223a-3p", "miR-323", "miR-454", "miR-140-5p", "miR-590", "miR-93", "miR-636", "miR-502a-3p", "miR-483", "miR-518d-3p", "miR-365", "miR-19a", "Unknown", "miR-376a-3p", "miR-195", "miR-125a", "miR-28", "miR-340-3p", "miR-17", "miR-532-3p", "miR-339", "miR-122-5p", "miR-148a", "miR-199a-3p", "miR-484", "miR-101-2", "miR-212", "miR-660", "miR-92a", "miR-155", "miR-143", "miR-29c", "miR-20b-5p", "miR-146a", "miR-148b-3p", "miR-18", "miR-29a", "miR-328", "miR-410", "miR-532", "miR-106a-5p", "miR-134-5p", "miR-25", "miR-486-5p", "miR-140-3p", "miR-130a", "miR-146b-5p"],