{"corr": -0.0411978318282486, "p-value": 0.6605923722112016, "slope": -0.025590638817271392, "intercept": -0.029181512798181687, "Boeri2011": [0.3311675021451469, -0.021907022151932208, 0.19214729710443285, 0.07258556056573817, -0.2390381393841577, -0.7921324096702879, 0.4642413613481424, 0.005011820412711197, -0.1565173184788557, -0.20216385965790049, -0.07748264675780782, 0.9199773296907453, 0.14632753495343614, 0.3321928488697995, 0.04479641637276177, 0.4287199018266906, 0.8501208967777822, 0.7752482245774797, -0.6533755077370218, 0.14791149045655833, 0.033849035492998836, 0.08642639908500994, 1.6244898820338465, 0.223025750116555, 0.37757024040756804, 0.22971255184420677, 0.022939336658100384, -0.04367357576833018, 0.027207642753229927, -0.2655121603801078, -0.02717783838265554, -0.08789922028410904, 0.985753794202816, 0.363722538097506, -0.2735255786414891, -0.0007498864841224441, -0.02303146341388878, 0.629233333858246, -0.42964801818263, 1.8563772933349636, -0.11038381257601557, 0.171520060092255, -0.4031721123543005, 0.3880412150205419, 0.22823720004542702, 0.2995864059576462, -0.028763256545377425, 0.5722754240423191, -0.6500594820229597, 0.27115167628271053, 0.7281198049476618, -0.25788941055480563, 0.2748896183414107, -0.5697145016290649, 0.05313180984478828, -0.01099107215490386, 0.3401824497807038, 0.12764823172153655, 1.087779992639547, 0.7983378537927703, -0.17101257797038233, 0.7045323520513613, 0.5118576546416431, 0.2952717860755665, -0.0814898621287917, 1.1699360087927422, -0.17668544128024177, 0.28913755445653194, 0.09539084935369779, -0.1917678609294508, 0.32258000504668916, -0.48270497033654075, -0.06836306241965022, 0.029527926720578388, 0.4114565992939566, -0.11181394494541444, -0.4229643260717696, -0.8307008182274056, -0.022565744909248703, -0.1448793248194835, 0.23603227918097675, 0.11767581798865745, 0.12146976881088753, -0.16037423656682587, -0.8054181048965805, 0.187890977132732, 0.3452287121533031, 0.10501222895849677, 0.0019763852132709857, -0.19625336737630167, -0.19250249352175683, 0.3181491345858233, 0.14564710419022744, 0.04529480687217055, -0.09250122197413177, -0.09692323026078045, -0.6720144806024504, -0.3534847699527149, 0.0032465733308467814, 0.6091897019982653, 0.7207766233756134, 0.005070989747693853, 0.033733479201411384, 0.18421441277454081, -0.3078555692998899, 0.2421607232713595, -0.07263525665068123, 0.4236890821845438, 0.29134335010484813, -0.5715066078509858, 0.08584226282661031, -0.4539415817661292, -0.3100555439222334, -0.5231708777547, 0.4231730677085008, 0.1875031156963804], "Halvorsen2016": [-0.4361376397526117, -0.0979039470959592, -0.08813039890830716, 0.04769831866626663, 0.012799080910367298, 0.548255946632905, 0.3354800987145543, 0.024899073917733, -0.1740882806085708, 0.09880356847083116, 0.13222424600129937, 1.1935076674529155, -0.04166991478588748, -0.03212854074583779, -0.17878007972761467, 0.1425134516880462, -0.2978178603291771, 0.012829866432701304, 0.43109864835391193, -0.15228015864851296, 0.0762382081766961, 0.2833760297409308, -0.2182206096044806, -0.30027386088871305, -0.23110007493427556, 0.08617851127699075, 0.04008959130607467, 0.04574172769126021, -0.11003216016546441, -0.04904518526837988, -0.06895785972140031, 0.16416251511604502, -0.4011939340200078, -0.17430506199500617, 0.07207916962471034, -0.08763697539756474, 0.0012840128273479772, -0.31880503502699453, -0.09772564761244135, 0.675320624606363, 0.014737713664012154, 0.021811970150349663, 0.24782516509562807, 0.0369866672008253, -0.3495982537415944, -0.045167919761090136, -0.25184823425730535, -0.4935590525560385, -0.044410253850314066, -0.23824872976625366, 0.024954658888613885, 0.135968107578475, -0.0755848709804964, 0.036143058373533335, 0.4598719947420411, -0.1604806521602365, -0.05625327326153051, -0.1018410733411206, -0.2878001658463484, -0.09090537168535953, -0.20682526299720455, -0.18830606100649738, 0.30858552434219844, -1.1125109581921186, -0.3058704123030178, -0.11926396867537761, -0.17420030570373074, -0.07815888270897953, -0.011627093178179261, 0.1476131589780158, -0.047673519217719784, 0.02196204957172803, 0.07576103258051888, -0.23287451823547223, -0.2612728798585051, -0.07233956383445224, 1.1298628757943274, 0.11176384579675283, -0.017370730976968708, -0.09839394999310899, -0.07653922217285095, -0.2839772025798424, -0.154153799743897, -0.029677243529991786, -0.153785228629287, -0.003766095565527967, 0.010263978661500864, -0.2376103577545218, -0.42288447238781773, -0.2031284348569281, -0.3370672634215526, 0.13833517218460167, -0.0005545669787113796, -0.050212897233577025, -0.20699629367683806, 0.3704255147539547, 0.014795008941689357, -0.02628912576645362, 0.0024649796702167137, 0.06553382551513914, 0.17508624462423175, -0.004581056753981265, -0.34412612714672297, 0.07457023147357111, 0.42555041310660374, 0.07849068222746826, -0.26283524511695644, 0.40796161801310227, -0.23285570486071266, -0.29388158923741375, -0.11643341092744436, -0.2212080880009773, -0.21885000250553152, -0.12073269463672961, 0.049576663105340674, -0.031491451464203325], "mirnas": ["miR-145", "miR-221", "miR-193b", "miR-126-3p", "miR-30c", "miR-629-3p", "miR-10a-5p", "miR-222-3p", "miR-19b-3p", "miR-193a-5p", "Unknown", "miR-133b-3p", "miR-21-5p", "miR-423", "miR-574", "miR-152-3p", "miR-218-5p", "miR-224-5p", "miR-185-5p", "miR-27b", "miR-26a", "miR-132a-3p", "miR-204", "miR-375-3p", "miR-744-5p", "miR-181a", "miR-597", "miR-374a-5p", "miR-130b-3p", "miR-142-3p", "miR-20", "miR-191-5p", "miR-133a-3p", "miR-197", "miR-28-5p", "miR-26b", "miR-296-5p", "miR-34a", "miR-885-5p", "miR-1-3p", "miR-320a", "miR-128", "miR-192", "miR-203-3p", "miR-345", "miR-335", "miR-301a", "miR-125b", "miR-331-3p", "miR-337-5p", "miR-548a", "miR-142-5p", "miR-27a", "miR-99b", "Unknown", "miR-106b", "miR-376c", "miR-24-3p", "miR-324", "miR-15b", "miR-652-3p", "miR-99a", "miR-598", "miR-330-3p", "miR-186", "miR-361", "miR-625-5p", "miR-127", "miR-342-3p", "miR-150-5p", "miR-139-5p", "miR-16", "miR-30b", "miR-223a-3p", "miR-323", "miR-590", "miR-502a-3p", "miR-483", "miR-365", "miR-19a", "Unknown", "miR-376a-3p", "Unknown", "miR-195", "miR-125a", "miR-28", "miR-340-3p", "miR-17", "miR-532-3p", "miR-339", "miR-122-5p", "miR-148a", "miR-199a-3p", "miR-484", "miR-101-2", "miR-212", "miR-660", "miR-92a", "miR-155", "miR-143", "miR-29c", "Unknown", "miR-20b-5p", "miR-146a", "miR-148b-3p", "miR-18", "miR-29a", "miR-328", "miR-410", "miR-532", "miR-106a-5p", "miR-25", "miR-486-5p", "miR-140-3p", "miR-130a", "miR-146b-5p"],