{"corr": -0.005178078677414964, "p-value": 0.9590134468261174, "slope": -0.003004884977136617, "intercept": -0.09661571339882115, "Boeri2011": [0.3311675021451469, -0.2915097653146705, -0.021907022151932208, 0.19214729710443285, 0.07258556056573817, -0.2390381393841577, 0.4642413613481424, 0.005011820412711197, -0.1565173184788557, 0.9199773296907453, 0.14632753495343614, 0.3321928488697995, 0.04479641637276177, 0.4287199018266906, -0.6533755077370218, 0.14791149045655833, 0.033849035492998836, 0.08642639908500994, 1.6244898820338465, 0.223025750116555, 0.4968302912223214, 0.22971255184420677, -0.6475532770160759, -0.04367357576833018, 0.027207642753229927, -0.2655121603801078, -0.02717783838265554, -0.08789922028410904, 0.985753794202816, 0.016525718099227447, 0.363722538097506, -0.2735255786414891, 0.6473571269030081, -0.0007498864841224441, -0.02303146341388878, 0.629233333858246, -0.42964801818263, 1.8563772933349636, -0.11038381257601557, 0.171520060092255, -0.4031721123543005, 0.2995864059576462, -0.028763256545377425, 0.5722754240423191, -0.6500594820229597, -0.25788941055480563, -0.2152811656254796, 0.2748896183414107, -0.5697145016290649, -0.01099107215490386, 0.12764823172153655, 1.087779992639547, 0.7983378537927703, -0.17101257797038233, 0.7045323520513613, -0.5766107706167771, -0.0814898621287917, 0.28913755445653194, 0.09539084935369779, -0.1917678609294508, 0.32258000504668916, -0.48270497033654075, -0.06836306241965022, 0.029527926720578388, -0.16977609032984564, -0.11181394494541444, -0.11828114788389604, -0.4229643260717696, -0.022565744909248703, -0.1448793248194835, 0.11767581798865745, 0.23603227918097675, -0.16037423656682587, -0.8054181048965805, 0.187890977132732, 0.10501222895849677, 0.0019763852132709857, -0.19625336737630167, -0.19250249352175683, 0.3181491345858233, 0.14564710419022744, 0.04529480687217055, -0.09250122197413177, -0.6720144806024504, -0.3534847699527149, 0.0032465733308467814, 0.6091897019982653, 0.7207766233756134, 0.033733479201411384, 0.18421441277454081, -0.3078555692998899, 0.2421607232713595, -0.07263525665068123, 0.4236890821845438, -0.5715066078509858, 0.08584226282661031, -0.4539415817661292, -0.3100555439222334, -0.5231708777547, 0.4231730677085008, 0.1875031156963804], "Zaporozhchenko2018": [-0.36229253133664174, -0.12815537064366703, -0.19658131938509432, 0.34564839675046066, -0.03717074224319873, -0.09699769243272874, -0.17129762767582304, -0.2864153656268972, -0.32793213544416205, -0.08731750004166391, -0.137685090637996, -0.09535810442814677, -0.0408694872967378, -0.2411991014960414, -0.14293659251628726, -0.16477967450217135, -0.10270356552257134, 0.03365189817977296, -0.13305907317601984, 0.6335041254772776, -0.35847345311918544, -0.06984832173712341, -0.21861793449567585, -0.2481646780686386, -0.2163059933857679, -0.025485518946363972, -0.07314972028165344, -0.1391534596512059, -0.12575989047442587, -0.44943921241362095, 0.26966217640559015, 0.33736324538213, -0.11542011869278426, -0.11993761035023201, 0.1345789359082203, -0.2689532956078421, 0.6061513659805255, 0.36534739884691014, -0.07196677148059163, -0.18328802947688, -0.2682840984552235, -0.04287552611005796, -0.09283681083332274, -0.08968761275370013, 1.1574140294050013, -0.1729242745648666, -0.05988940043437789, -0.5421671921990585, -0.0644610912695016, -0.13068500289463736, -0.1739064311963226, 0.505394259201926, -0.3156267117393194, -0.30583908428587736, -0.18433253046360587, -0.24614110949510726, -0.32198102651852806, 0.5010155313127507, -0.13579005901600572, -0.02767643367090276, -0.12306722256579948, -0.20607226396818712, -0.09734005250719296, -0.17404834798998917, -0.21794463515451745, -0.20195214689431468, -0.1709783755672062, 0.35097858906653223, 0.5115624835919244, -0.3349046117880159, 0.3068743601685481, -0.024977203634672963, -0.03931299192088916, -0.03764841730423339, -0.292993364292114, -0.3018168504173626, -0.2559044842385271, -0.1318243433562145, -0.1660129188909397, -0.19276698024599573, -0.22820755842703982, -0.038693187044469626, -0.06028569943804654, -0.2664300066809093, -0.07593377906331181, -0.03321256795638135, -0.32204794452158525, -0.2453740329929427, -0.2911630988212951, -0.4084057094705431, -0.16655106232241157, -0.1679847039599888, -0.23925600050211443, -0.4760003641187034, -0.3059700985393081, -0.15154789938319713, -0.1887598429415946, -0.0023539534820925384, -0.3255404770791487, -0.33976566556101007, 0.07809673191072156], "mirnas": ["miR-145", "miR-374b-5p", "miR-221", "miR-193b", "miR-126-3p", "miR-30c", "miR-10a-5p", "miR-222-3p", "miR-19b-3p", "miR-133b-3p", "miR-21-5p", "miR-423", "miR-574", "miR-152-3p", "miR-185-5p", "miR-27b", "miR-26a", "miR-132a-3p", "miR-204", "miR-375-3p", "miR-346-5p", "miR-181a", "miR-324-3p", "miR-374a-5p", "miR-130b-3p", "miR-142-3p", "miR-20", "miR-191-5p", "miR-133a-3p", "miR-425-3p", "miR-197", "miR-28-5p", "miR-363-3p", "miR-26b", "miR-296-5p", "miR-34a", "miR-885-5p", "miR-1-3p", "miR-320a", "miR-128", "miR-192", "miR-335", "miR-301a", "miR-125b", "miR-331-3p", "miR-142-5p", "miR-495-3p", "miR-27a", "miR-99b", "miR-106b", "miR-24-3p", "miR-324", "miR-15b", "miR-652-3p", "miR-99a", "miR-451a", "miR-186", "miR-127", "miR-342-3p", "miR-150-5p", "miR-139-5p", "miR-16", "miR-30b", "miR-223a-3p", "miR-140-5p", "miR-590", "miR-93", "miR-502a-3p", "miR-365", "miR-19a", "miR-376a-3p", "Unknown", "miR-195", "miR-125a", "miR-28", "miR-17", "miR-532-3p", "miR-339", "miR-122-5p", "miR-148a", "miR-199a-3p", "miR-484", "miR-101-2", "miR-660", "miR-92a", "miR-155", "miR-143", "miR-29c", "miR-20b-5p", "miR-146a", "miR-148b-3p", "miR-18", "miR-29a", "miR-328", "miR-532", "miR-106a-5p", "miR-25", "miR-486-5p", "miR-140-3p", "miR-130a", "miR-146b-5p"], "p-values": {"Boeri2011": [0.44055019259233097, 0.731990088378114, 0.9754308810184402, 0.5715431127864146, 0.8239465667102372, 0.40561882551416484, 0.42937761378000383, 0.9870227905975248, 0.5927190576326582, 0.09984219834638342, 0.5370022248786418, 0.37658932625013364, 0.9200678628328387, 0.18488701050485054, 0.2810607721648388, 0.7851967053782364, 0.9356766745049557, 0.8796085484243585, 0.018854219942759695, 0.4587334119950679, 0.08028274863153717, 0.7392362580537966, 0.1865458799668025, 0.9112081218254859, 0.9666725641765772, 0.38017235778218295, 0.9245733562613445, 0.8542249995022083, 0.009354449156004786, 0.9816521477948077, 0.364056105097622, 0.7162847105380108, 0.16825468864233592, 0.9986112220669273, 0.9641234579202884, 0.38431271317510096, 0.13364139354609475, 0.004190010089216091, 0.6550812268734552, 0.8033854283074537, 0.13445166843402992, 0.37856288278985295, 0.9564997273792514, 0.32203546128113936, 0.37964129208807174, 0.6609370278908673, 0.8282764524056277, 0.4025075236500847, 0.30051621709472437, 0.9728213072933031, 0.7267198948934344, 0.16225943860735262, 0.24354509175950906, 0.8319055284943017, 0.3249717263195341, 0.09189878836069441, 0.8330079248042532, 0.7599054025531776, 0.7078082514188841, 0.4126292129880804, 0.5355671553209211, 0.12060410864284708, 0.8201622666527818, 0.9393209857673241, 0.6341224735062104, 0.7507050841645605, 0.6955203664002005, 0.4764352661115071, 0.9503145322673862, 0.6138137876050388, 0.8439424841304743, 0.7448167932306426, 0.5849843266124066, 0.27715558474062485, 0.6521202418164285, 0.7449741451067455, 0.9972525866567414, 0.7922682231347484, 0.5839548125192163, 0.19929736586918967, 0.7496350734162712, 0.8950321550788466, 0.7250873737613905, 0.07068503150546658, 0.17400736200902447, 0.9930300337684269, 0.1407010135131785, 0.04586045514751604, 0.9257787356138011, 0.6196311678777977, 0.5714153385948898, 0.7720798524850535, 0.833765938972758, 0.28454438332457654, 0.292768675954749, 0.79681976332749, 0.12029022234218958, 0.5146751576228028, 0.24177465345721372, 0.35415481860556275, 0.5812216638152543],