{"corr": -0.015146948609048989, "p-value": 0.8734851991083842, "slope": -0.009308042526230558, "intercept": -0.13505232051991106, "Boeri2011": [0.3311675021451469, -0.2915097653146705, -0.021907022151932208, 0.19214729710443285, 0.07258556056573817, -0.2390381393841577, -0.7921324096702879, 0.4642413613481424, -0.1551762504198626, 0.005011820412711197, -0.1565173184788557, 0.6269393940724183, -0.20216385965790049, 0.9199773296907453, 0.14632753495343614, 0.3321928488697995, 0.04479641637276177, 0.4287199018266906, 0.7752482245774797, -0.6533755077370218, 0.14791149045655833, 0.033849035492998836, 0.08642639908500994, 1.6244898820338465, 0.37757024040756804, 0.22971255184420677, -0.6475532770160759, -0.04367357576833018, 0.027207642753229927, -0.2655121603801078, -0.02717783838265554, -0.08789922028410904, 0.985753794202816, 0.016525718099227447, 0.363722538097506, -0.2735255786414891, 0.6473571269030081, -0.0007498864841224441, -0.02303146341388878, 0.629233333858246, -0.42964801818263, -0.11038381257601557, 0.171520060092255, -0.4031721123543005, 0.22823720004542702, 0.2995864059576462, -0.028763256545377425, 0.5722754240423191, -0.6500594820229597, -0.25788941055480563, -0.2152811656254796, 0.2748896183414107, -0.5697145016290649, -0.01099107215490386, 0.3401824497807038, 0.12764823172153655, 1.087779992639547, 0.7983378537927703, -0.17101257797038233, 0.7045323520513613, -0.5766107706167771, 0.5118576546416431, 0.2952717860755665, -0.0814898621287917, 1.1699360087927422, -0.17668544128024177, 0.28913755445653194, 0.09539084935369779, -0.1917678609294508, 0.32258000504668916, -0.48270497033654075, -0.06836306241965022, 0.029527926720578388, 0.4114565992939566, -0.09166325803530659, -0.16977609032984564, -0.11181394494541444, -0.11828114788389604, -0.2349654621112045, -0.4229643260717696, -0.8307008182274056, -0.022565744909248703, -0.1448793248194835, 0.11767581798865745, -0.16037423656682587, -0.8054181048965805, 0.3452287121533031, 0.10501222895849677, 0.0019763852132709857, -0.19625336737630167, -0.19250249352175683, 0.3181491345858233, 0.14564710419022744, 0.04529480687217055, -0.09250122197413177, -0.09692323026078045, -0.6720144806024504, -0.3534847699527149, 0.0032465733308467814, 0.7207766233756134, 0.033733479201411384, 0.18421441277454081, -0.3078555692998899, 0.2421607232713595, -0.07263525665068123, 0.4236890821845438, -0.5715066078509858, 0.520290811444401, -0.4539415817661292, -0.3100555439222334, -0.5231708777547, 0.4231730677085008, 0.1875031156963804], "Fehlmann2020": [0.24907587185986738, -0.6784177422568736, -0.1238281233857997, 0.01335031078744145, -0.7380011506599324, -0.09476820959911597, 0.23347210638974542, -0.17403514894517885, 0.11915068450293355, -0.2251470420356917, -0.24182062290095757, -0.13435132947549472, 0.23152730114688563, 0.009833752363527098, -0.45661634546124413, 0.1344153597579834, 0.1396479733202763, -0.2941091178030524, -0.10072463361507814, -0.07805242436911655, -0.3916960990145274, -0.289282627125758, -0.13426137331726734, 0.05447795570911003, 0.10224660709398004, 0.1960508648078932, 0.11898092107044088, -0.8196144039131157, -0.08654796146403351, -0.19537902172250587, -0.507082967335142, 0.0381314473418587, 0.07706660943983729, 0.0709660632122852, 0.2385815631338029, -0.1522078382785515, -0.4293054413811465, -0.4616793438912933, 0.14543485264870332, -0.02453552654218135, 0.0505563354398198, 0.19665771707608698, -0.02482797666748278, -0.19751634843935778, -0.036689368538792316, -0.34464479198353526, -0.5933279924646824, 0.0582393750598347, 0.006715573178384679, -0.24131850366449104, -0.38795077451055526, -0.4493655517142549, 0.214314094414722, -0.43252746338313597, -0.41418353838192673, -0.10127192162653198, 0.08391090403595941, -0.15785039649185256, -0.04944974807957839, -0.11099137871168416, 0.02554232546848726, -0.366251818946025, 0.19467222326625933, 0.036288919187918905, 0.004957287814765997, 0.19208309193715017, 0.05651219978271775, 0.008727742683998917, -0.013864833293301008, 0.18197765491755785, -0.3595138810163909, -0.25336718159561217, -0.08516465249218406, -0.06442582021750762, -0.5125914037694925, -0.6564240669476626, -0.6774202086255222, -0.330360401820014, 0.06301719863934523, 0.0475246081837091, 0.40738753744711587, 0.03914323658655275, -0.3981949871604548, -0.32198921955871224, -0.4653934845069978, 0.14592605864390776, -0.11757697714103443, -0.4863680976234657, 0.028590420131751344, 0.09670485141388876, 0.04390118333106141, -0.4545895334204626, -0.4334598295636576, 0.04384412600570543, -0.6837810673164268, 0.03555820506612194, -0.5184765476143441, 0.12988281467609042, -0.047781227146627886, -0.182014206136024, -0.4502223996499144, -0.07501412716889631, -0.19007931711940573, -0.7649611084203498, -0.06543872136549822, 0.1091340354463944, -0.22890024892639232, 0.08628469998175213, -0.039941533748621916, 0.12950357598981693, 0.049037783329197504, -0.33544467528683886, -0.30146937867805235], "mirnas": ["miR-145", "miR-374b-5p", "miR-221", "miR-193b", "miR-126-3p", "miR-30c", "miR-629-3p", "miR-10a-5p", "miR-485-3p", "miR-222-3p", "miR-19b-3p", "miR-100", "miR-193a-5p", "miR-133b-3p", "miR-21-5p", "miR-423", "miR-574", "miR-152-3p", "miR-224-5p", "miR-185-5p", "miR-27b", "miR-26a", "miR-132a-3p", "miR-204", "miR-744-5p", "miR-181a", "miR-324-3p", "miR-374a-5p", "miR-130b-3p", "miR-142-3p", "miR-20", "miR-191-5p", "miR-133a-3p", "miR-425-3p", "miR-197", "miR-28-5p", "miR-363-3p", "miR-26b", "miR-296-5p", "miR-34a", "miR-885-5p", "miR-320a", "miR-128", "miR-192", "miR-345", "miR-335", "miR-301a", "miR-125b", "miR-331-3p", "miR-142-5p", "miR-495-3p", "miR-27a", "miR-99b", "miR-106b", "miR-376c", "miR-24-3p", "miR-324", "miR-15b", "miR-652-3p", "miR-99a", "miR-451a", "miR-598", "miR-330-3p", "miR-186", "miR-361", "miR-625-5p", "miR-127", "miR-342-3p", "miR-150-5p", "miR-139-5p", "miR-16", "miR-30b", "miR-223a-3p", "miR-323", "miR-454", "miR-140-5p", "miR-590", "miR-93", "miR-636", "miR-502a-3p", "miR-483", "miR-365", "miR-19a", "miR-376a-3p", "miR-195", "miR-125a", "miR-340-3p", "miR-17", "miR-532-3p", "miR-339", "miR-122-5p", "miR-148a", "miR-199a-3p", "miR-484", "miR-101-2", "miR-212", "miR-660", "miR-92a", "miR-155", "miR-29c", "miR-20b-5p", "miR-146a", "miR-148b-3p", "miR-18", "miR-29a", "miR-328", "miR-532", "miR-134-5p", "miR-25", "miR-486-5p", "miR-140-3p", "miR-130a", "miR-146b-5p"],