{"corr": -0.023335365901043167, "p-value": 0.8490561998491418, "slope": -0.01762272133720786, "intercept": -0.3451399434227683, "Boeri2011": [0.3311675021451469, -0.2915097653146705, -0.01099107215490386, -0.16037423656682587, -0.8054181048965805, 0.07258556056573817, -0.2390381393841577, -0.02717783838265554, 0.10501222895849677, 0.0019763852132709857, -0.19625336737630167, 0.12764823172153655, 1.087779992639547, 0.3181491345858233, 0.14564710419022744, -0.17101257797038233, 0.005011820412711197, -0.5766107706167771, 0.6269393940724183, -0.20216385965790049, 0.5118576546416431, 0.14632753495343614, 0.2952717860755665, 0.3321928488697995, 0.363722538097506, -0.09250122197413177, 0.04479641637276177, -0.6720144806024504, -0.3534847699527149, -0.0814898621287917, 0.6473571269030081, -0.0007498864841224441, 1.1699360087927422, -0.17668544128024177, 0.7207766233756134, 0.7752482245774797, -0.1917678609294508, 0.033733479201411384, -0.11038381257601557, -0.3078555692998899, 0.2421607232713595, 0.171520060092255, -0.4031721123543005, 0.32258000504668916, -0.07263525665068123, 0.22823720004542702, 0.029527926720578388, 0.033849035492998836, 0.4236890821845438, 0.08642639908500994, 0.5722754240423191, -0.6500594820229597, -0.11828114788389604, 0.08584226282661031, -0.5231708777547, -0.2349654621112045, -0.4229643260717696, 0.2748896183414107, 0.37757024040756804, 0.22971255184420677, -0.8307008182274056, -0.6475532770160759, -0.04367357576833018, 0.027207642753229927, -0.4539415817661292, -0.1448793248194835, 0.11767581798865745, 0.4231730677085008, 0.1875031156963804], "Leidinger2016": [-0.20677771247005428, -1.0132504403521794, -0.5257891240874264, -0.9244474760983626, -0.11247923144982347, -0.7658144536866222, -0.0324677752973348, -0.5298354076397427, -0.3957896957695818, -0.09951086630741177, -0.0887432162230929, -0.26119640895766616, -0.24566447819397993, -0.5723968987658816, -1.016349635406938, -0.17656272238667775, -0.16171873294626277, -0.278635507436799, 0.15257846654207674, -0.3000675425391206, -0.7381717110244161, -0.7949947446444529, 0.044661130329656254, -0.20247982181547972, -0.20493989239429927, -1.2341194154997646, -0.22248370751648155, -0.5821549012079201, -0.08345603316689384, -0.07952671068100874, -0.4606014476066129, -0.8874951598322174, -0.022984068233727437, -0.13482868586481728, -0.48986222385613737, -0.4192717271264203, -0.037795519440803, -0.4578222684840709, -0.04519332383820402, -0.36009972012585256, -0.9242542910505119, -0.08140180888812118, -0.2711235320861594, -0.17018335888071984, -0.003171513214441997, -0.2970326052646974, -0.23466547441212, -0.4097797321338592, -0.08777367619888415, -0.09209221688684552, 0.07514181341187487, -0.0971976589810212, -0.4100320252002111, -0.375716611981568, -0.11210776861922758, -0.2836380427842963, -0.1897214758420414, -0.544821213116931, -0.1506702110949943, -0.6778307611737908, -0.189141982476912, -0.11710749207447768, -0.9573437004916578, -0.24449869034582164, -0.10813197092822238, -0.7290265778856173, -0.39805949939733687, -0.39470763866144654, -0.4137935592637143], "mirnas": ["miR-145", "miR-374b-5p", "miR-106b", "miR-195", "miR-125a", "miR-126-3p", "miR-30c", "miR-20", "miR-17", "miR-532-3p", "miR-339", "miR-24-3p", "miR-324", "miR-148a", "miR-199a-3p", "miR-652-3p", "miR-222-3p", "miR-451a", "miR-100", "miR-193a-5p", "miR-598", "miR-21-5p", "miR-330-3p", "miR-423", "miR-197", "miR-101-2", "miR-574", "miR-660", "miR-92a", "miR-186", "miR-363-3p", "miR-26b", "miR-361", "miR-625-5p", "miR-29c", "miR-224-5p", "miR-150-5p", "miR-20b-5p", "miR-320a", "miR-148b-3p", "miR-18", "miR-128", "miR-192", "miR-139-5p", "miR-29a", "miR-345", "miR-223a-3p", "miR-26a", "miR-328", "miR-132a-3p", "miR-125b", "miR-331-3p", "miR-93", "miR-106a-5p", "miR-140-3p", "miR-636", "miR-502a-3p", "miR-27a", "miR-744-5p", "miR-181a", "miR-483", "miR-324-3p", "miR-374a-5p", "miR-130b-3p", "miR-25", "miR-19a", "miR-376a-3p", "miR-130a", "miR-146b-5p"], "p-values": {"Boeri2011": [0.44055019259233097, 0.731990088378114, 0.9728213072933031, 0.5849843266124066, 0.27715558474062485, 0.8239465667102372, 0.40561882551416484, 0.9245733562613445, 0.7449741451067455, 0.9972525866567414, 0.7922682231347484, 0.7267198948934344, 0.16225943860735262, 0.19929736586918967, 0.7496350734162712, 0.8319055284943017, 0.9870227905975248, 0.09189878836069441, 0.3964091274127719, 0.7222660717970808, 0.4367055333804013, 0.5370022248786418, 0.6375299128591628, 0.37658932625013364, 0.364056105097622, 0.7250873737613905, 0.9200678628328387, 0.07068503150546658, 0.17400736200902447, 0.8330079248042532, 0.16825468864233592, 0.9986112220669273, 0.18209444948735024, 0.8100082317410678, 0.04586045514751604, 0.3275086939793357, 0.4126292129880804, 0.9257787356138011, 0.6550812268734552, 0.5714153385948898, 0.7720798524850535, 0.8033854283074537, 0.13445166843402992, 0.5355671553209211, 0.833765938972758, 0.4778515841518771, 0.9393209857673241, 0.9356766745049557, 0.28454438332457654, 0.8796085484243585, 0.32203546128113936, 0.37964129208807174, 0.6955203664002005, 0.79681976332749, 0.24177465345721372, 0.6596614911127645, 0.4764352661115071, 0.4025075236500847, 0.690819029571433, 0.7392362580537966, 0.1493269575594935, 0.1865458799668025, 0.9112081218254859, 0.9666725641765772, 0.12029022234218958, 0.6138137876050388, 0.8439424841304743, 0.35415481860556275, 0.5812216638152543], "Leidinger2016": [0.04588401517973345, 1.4715228534832923e-05, 0.000266879708709158, 7.468419915272589e-05, 0.23694975154369707, 3.289576842250483e-07, 0.7444647757164533, 4.976638039272161e-05, 9.992734489270517e-05, 0.1570535003215133, 0.44217205015324623, 0.003161973447487549, 0.06382140763065593, 0.00020983507478175678, 3.674077056229958e-05, 0.029060929152070505, 0.026828539916577052, 0.002657753319696468, 0.379731832998467, 0.005648983351833752, 0.009379088003377488, 3.9374823930384714e-05, 0.7304747883743863, 0.05705332892937572, 0.024147310845602867, 6.38468215971558e-05, 0.03555638345440558, 0.0004093626931180185, 0.0425524604979703, 0.47900876535720216, 0.0004022373621471682, 8.062536524346328e-10, 0.8832647176827788, 0.2986099061016029, 0.002225154554665027, 0.2157735735377306, 0.5528246531759371, 0.00011873478246428062, 0.5201244891749467, 0.004856725921357638, 9.875608694485487e-06, 0.3991332955708855, 0.029051011520786388, 0.09266729081728073, 0.9369487525067393, 0.01641946687240621, 0.2506984674252215, 3.434379292011319e-05, 0.26722788622254334, 0.22761121710277535, 0.4757392154031005, 0.332644493243724, 3.675523644177318e-05, 0.00016872463546675358, 0.2923215188423394, 0.1022705856419212, 0.08402123389214172, 3.24887221273143e-06, 0.09427779431622177, 9.107348198781138e-05, 0.4264565857292413, 0.16498494547795126, 1.0451384251963194e-05, 0.006691896427663721, 0.1793277635389756, 0.0009588577554931727, 0.08463367203407628, 0.0010060588088770647, 0.00010457387784127584]}}