{"corr": 0.1602829461092244, "p-value": 0.45436231318680753, "slope": 0.2211588149520126, "intercept": -0.043942345947970404, "Boeri2011": [0.12146976881088753, 0.07258556056573817, -0.2390381393841577, 0.10501222895849677, -0.08789922028410904, 0.3181491345858233, -0.07748264675780782, 0.9199773296907453, -0.2735255786414891, -0.0007498864841224441, 0.09539084935369779, -0.3078555692998899, -0.07263525665068123, 0.32258000504668916, -0.06836306241965022, 0.029527926720578388, 0.033849035492998836, 0.4236890821845438, -0.16977609032984564, -0.6500594820229597, -0.25788941055480563, -0.04367357576833018, -0.2655121603801078, 0.11767581798865745], "Bianchi2011": [-0.4957465415115663, -0.13616453928396355, -0.46936087669168863, -0.46111752048450516, -0.15129944515862373, 0.8808110636176152, -0.17880244080568972, 0.3281281058104619, -0.3046935674229603, -0.2511323661723047, -0.3729785711324678, 0.25252599315811985, 0.4625035847626221, 0.044047935103846136, -0.23232070613411343, 0.9529742661455445, -0.15142321046779844, -0.21236679809285997, 0.33547705809067313, -0.22750721532151716, 0.39805371741815915, -0.18621315273197886, -0.18700851644404387, -0.6809516294400374], "mirnas": ["Unknown", "miR-126-3p", "miR-30c", "miR-17", "miR-191-5p", "miR-148a", "Unknown", "miR-133b-3p", "miR-28-5p", "miR-26b", "miR-342-3p", "miR-148b-3p", "miR-29a", "miR-139-5p", "miR-30b", "miR-223a-3p", "miR-26a", "miR-328", "miR-140-5p", "miR-331-3p", "miR-142-5p", "miR-374a-5p", "miR-142-3p", "miR-376a-3p"], "p-values": {"Boeri2011": [0.7588602790150012, 0.8239465667102372, 0.40561882551416484, 0.7449741451067455, 0.8542249995022083, 0.19929736586918967, 0.881757432129324, 0.09984219834638342, 0.7162847105380108, 0.9986112220669273, 0.7078082514188841, 0.5714153385948898, 0.833765938972758, 0.5355671553209211, 0.8201622666527818, 0.9393209857673241, 0.9356766745049557, 0.28454438332457654, 0.6341224735062104, 0.37964129208807174, 0.6609370278908673, 0.9112081218254859, 0.38017235778218295, 0.8439424841304743], "Bianchi2011": [0.00031679089054998316, 0.035061284596444704, 7.9372318448231e-06, 1.0879136719279033e-06, 0.008576553848249718, 2.2799874776139176e-07, 0.13411246908159755, 0.3082606921927545, 0.09329612669013874, 0.023965711950979886, 6.707287048611133e-05, 0.15756055243855122, 4.284948664714242e-05, 0.83088057968927, 0.016926513359532776, 0.00014748281949036594, 0.07247830961722486, 0.11404956844705813, 1.327348530147137e-07, 9.538214672058043e-05, 0.00011469575410906855, 0.13611953634090698, 0.09990347384598572, 0.05123977732705461]}}