{"corr": 0.09619327833430939, "p-value": 0.48478616922136997, "slope": 0.06964463325843784, "intercept": -0.20685481573544914, "Boeri2011": [-0.01099107215490386, 0.12146976881088753, -0.021907022151932208, -0.8054181048965805, 0.19214729710443285, 0.07258556056573817, 0.3452287121533031, 0.10501222895849677, 0.3401824497807038, -0.08789922028410904, 0.3181491345858233, 0.7983378537927703, -0.17101257797038233, 0.016525718099227447, 0.04529480687217055, 0.005011820412711197, -0.5766107706167771, 0.5118576546416431, -0.07748264675780782, 0.14632753495343614, 0.363722538097506, -0.09692323026078045, -0.2735255786414891, 0.04479641637276177, 1.1699360087927422, 0.6473571269030081, -0.0007498864841224441, 0.4287199018266906, 0.28913755445653194, 0.6091897019982653, 0.7207766233756134, -0.6533755077370218, 0.09539084935369779, -0.1917678609294508, -0.11038381257601557, -0.3078555692998899, 0.2421607232713595, -0.07263525665068123, 0.14791149045655833, 0.3880412150205419, 0.029527926720578388, 0.4236890821845438, -0.028763256545377425, 0.08642639908500994, -0.09166325803530659, -0.16977609032984564, -0.11828114788389604, -0.6500594820229597, 0.223025750116555, 0.2748896183414107, -0.4539415817661292, -0.5697145016290649, 0.027207642753229927, -0.1448793248194835, 0.4231730677085008], "Nigita2018": [0.0791660004144254, -0.2985786910786902, -0.10827968125465001, -0.351892845967686, -0.4304121844438106, -0.5635881967593057, 0.17400433342383226, -0.2421301013609089, -0.518511991298451, 0.21440895022740836, 0.2811856623237663, 0.6082571138895934, -0.16597418705404585, -0.4285714387664865, -0.1549635209637557, -0.3126496029586653, 0.1410700160810356, -0.3272979645417058, -0.16362357275328596, -0.2406874832787213, -0.45430128121002916, -0.5125283122929944, -0.8048412662001037, -0.4511711853419891, 0.07072306991410363, 0.18133512137092056, -0.3889430719292435, -0.13428016252990432, -0.2019581885682129, -0.09463352910037054, -0.5404616362780679, -0.13330973900866183, -0.5403999204587574, 0.11107076371326279, -0.4739614633960455, -0.18092084583555695, -0.1442426571397257, -0.36111041707506364, -0.34327218191842157, -0.2583553410334667, -0.24878735805096125, -0.23887949461293825, 0.06396624371717206, -0.4997664070463649, 0.11038446899793947, -0.3066188214094633, -0.15904325531496932, -0.31042389961115263, 0.2187980452952621, -0.49798598616635625, 0.08551726715982519, -0.01867461669587591, -0.08255600041344686, -0.15653724696586724, -0.5954545854399867], "mirnas": ["miR-106b", "Unknown", "miR-221", "miR-125a", "miR-193b", "miR-126-3p", "miR-340-3p", "miR-17", "miR-376c", "miR-191-5p", "miR-148a", "miR-15b", "miR-652-3p", "miR-425-3p", "miR-484", "miR-222-3p", "miR-451a", "miR-598", "Unknown", "miR-21-5p", "miR-197", "miR-212", "miR-28-5p", "miR-574", "miR-361", "miR-363-3p", "miR-26b", "miR-152-3p", "miR-127", "miR-143", "miR-29c", "miR-185-5p", "miR-342-3p", "miR-150-5p", "miR-320a", "miR-148b-3p", "miR-18", "miR-29a", "miR-27b", "miR-203-3p", "miR-223a-3p", "miR-328", "miR-301a", "miR-132a-3p", "miR-454", "miR-140-5p", "miR-93", "miR-331-3p", "miR-375-3p", "miR-27a", "miR-25", "miR-99b", "miR-130b-3p", "miR-19a", "miR-130a"], "p-values": {"Boeri2011": [0.9728213072933031, 0.7588602790150012, 0.9754308810184402, 0.27715558474062485, 0.5715431127864146, 0.8239465667102372, 0.4134714324054982, 0.7449741451067455, 0.5283952201302922, 0.8542249995022083, 0.19929736586918967, 0.24354509175950906, 0.8319055284943017, 0.9816521477948077, 0.8950321550788466, 0.9870227905975248, 0.09189878836069441, 0.4367055333804013, 0.881757432129324, 0.5370022248786418, 0.364056105097622, 0.8476910063792884, 0.7162847105380108, 0.9200678628328387, 0.18209444948735024, 0.16825468864233592, 0.9986112220669273, 0.18488701050485054, 0.7599054025531776, 0.1407010135131785, 0.04586045514751604, 0.2810607721648388, 0.7078082514188841, 0.4126292129880804, 0.6550812268734552, 0.5714153385948898, 0.7720798524850535, 0.833765938972758, 0.7851967053782364, 0.5218067403552109, 0.9393209857673241, 0.28454438332457654, 0.9564997273792514, 0.8796085484243585, 0.872787446784447, 0.6341224735062104, 0.6955203664002005, 0.37964129208807174, 0.4587334119950679, 0.4025075236500847, 0.12029022234218958, 0.30051621709472437, 0.9666725641765772, 0.6138137876050388, 0.35415481860556275], "Nigita2018": [0.8577953845342396, 0.5290121909622749, 0.8419234475446424, 0.41192385796272357, 0.3691680723506171, 0.16506040904837246, 0.6605741721705056, 0.4921139674520766, 0.2525322352431794, 0.6502200040466, 0.4807031877031902, 0.17398520550873187, 0.7235175270465892, 0.3535333960813771, 0.7441028973353545, 0.4655140036888351, 0.7629475442280564, 0.29686988827061117, 0.7053615083701896, 0.6324277623525953, 0.20266672069589503, 0.30123008217838837, 0.11402247283969925, 0.2592874202343439, 0.8591525366556481, 0.6555170917930091, 0.40501534587911525, 0.7689173349757403, 0.6271856247962937, 0.83214243367519, 0.16457534680897143, 0.811251055809829, 0.12415920390212165, 0.8293990980306274, 0.3136860137560104, 0.7159087635015642, 0.7032389026352233, 0.33251562477752705, 0.3613973361004904, 0.649197146510188, 0.588663947574964, 0.48172460648727367, 0.9156202009757208, 0.15343867374691944, 0.7916346256152126, 0.4585002286294403, 0.6635627076318417, 0.4314842482702397, 0.4925307364506494, 0.1959301013209256, 0.8609610455749351, 0.96309220365518, 0.8153370386236137, 0.7630679255716857, 0.227185224714413]}}