{"corr": -0.0012502333468369254, "p-value": 0.9944010013749253, "slope": -0.0014704937998729034, "intercept": -0.702519714273979, "Chen2019": [0.27851687042625495, 0.14634711803068695, 0.6382316226810512, -0.05009945027839363, 0.20467832523216345, 0.019412655299414813, 0.26926966654828033, -0.11682072279106133, -0.5626560086794783, 0.221883000626376, 0.08326124289761433, 0.42329863110364674, 0.1873648987197074, 0.05379517495859572, -0.06700905858617355, -0.11347816855031678, 0.06974073374509726, 0.2918621566642154, 0.5921300346601638, -0.06216173331817658, 0.04981800431394032, 0.07189167823856046, 0.17790773716110972, -0.4479545790439332, 0.08522473060555492, 0.28533682267366267, 0.4104292319575935, -0.5370271807569602, -0.09294942370024459, 0.39194372604058597, 0.2174564687483198, -0.5927513441844592, 0.8262392645381156, -0.5242949704443955], "Li2017": [-0.9259337205457351, -0.7579655575217168, -0.7609417918597717, -1.3331127137183973, -0.49888449120945577, -1.0525505492038743, -0.4996631962159189, -1.6070868921664327, -0.0805155110566693, -0.3924296868179867, -0.439662329803194, -0.38165409809790685, -0.6256814723773266, -1.0178092714649036, -1.1844343600044516, -0.4868360346571361, -0.6826316304367109, -0.750715292848582, -1.2991226747786222, -1.539537015327265, -0.3288713983143349, 0.2204405568967674, -0.944943347947499, -0.8095147407906981, -0.9734394613292711, -0.6595701064942238, -0.3304437698285775, -0.4392382448451531, -0.586667322092338, -0.5623073172347803, -0.6491522015286886, -0.3869909662209067, -0.3348834397852262, -0.7870800231863657], "mirnas": ["miR-106b", "miR-17", "miR-4306", "miR-320d", "miR-122-5p", "miR-574-5p", "let-7i", "miR-320b", "miR-6510-3p", "miR-15b-3p", "miR-19b-3p", "miR-451a", "let-7f", "miR-423", "miR-98", "miR-4433a-3p", "miR-26b", "miR-107-3p", "miR-224-5p", "miR-320c", "miR-150-5p", "miR-548d-5p", "miR-1-3p", "miR-1228-5p", "miR-92b", "miR-15a", "miR-941", "miR-4286", "miR-23b-3p", "let-7a", "miR-103a", "Unknown", "miR-1246", "miR-22"], "p-values": {"Chen2019": [0.2549451079709755, 0.6089845458890806, 0.011328406206285502, 0.8375972453183013, 0.5409972819227087, 0.906515912936169, 0.2226583270296301, 0.6671398607693586, 0.0001543658910627956, 0.443139886729645, 0.7358900253890619, 0.14156187563859413, 0.5633720059681823, 0.7781531081322139, 0.8118046274652081, 0.7169070479271776, 0.7896736626176751, 0.10435415197835651, 0.13275464357614175, 0.8441861083196351, 0.8932482999531828, 0.8260760870430607, 0.6529310080322865, 0.12071269960262518, 0.8001417662626106, 0.4487617537970382, 0.12589845339333694, 0.00015542400564798773, 0.7252240509334689, 0.23697680098037185, 0.27072373129697425, 0.00015408722391266485, 0.04097273679877056, 0.07261699886549182], "Li2017": [0.27037774039763834, 0.7426141913107522, 0.43454592208333054, 0.13818473312707902, 0.14368294998530584, 0.17149561263697768, 0.6314218319628964, 0.1132805530957829, 0.6832932606748259, 0.6908096675286799, 0.6550218156744838, 0.8648635353834568, 0.43615536813955036, 0.23052667977406593, 0.29829865709693887, 0.5850947329651428, 0.42007514084867104, 0.4622933542171267, 0.3787947771978861, 0.1415619789613318, 0.6525694128730946, 0.5210273612942391, 0.2529652912237531, 0.29582448328179567, 0.3272298719390625, 0.24175205563260266, 0.1795240684109846, 0.31753997527568273, 0.47612286215052946, 0.6080789275048939, 0.42886261716758356, 0.4759855121101637, 0.5163171068873764, 0.5860591922746857]}}