{"corr": -0.23189407150970326, "p-value": 0.0020774811860490828, "slope": -0.7463199176103844, "intercept": -0.6981612943361128, "Chen2019": [-0.15621961831958814, -0.46329193513273437, 0.08846107691171111, -0.10857659224595007, -0.17746609039048267, -0.5660612770009732, 0.03778217239900597, 0.15203699438041457, -0.08644283277753016, -0.21412386729919214, -0.2047573099509389, 0.45146794398937795, 0.6956968346066497, -0.2631256243836959, 0.08326124289761433, -0.2977173750503688, 0.3510829731871187, 0.019452454445346174, 0.1636689647512674, -0.5367341400053467, 0.037856883673983835, 0.05379517495859572, -0.4128860484853538, 0.19301912838071383, -0.5370271807569602, 0.17190518127334115, -0.06216173331817658, -0.2559022078715995, -0.4479545790439332, 0.0652758465622808, -0.5405148589805904, 0.2010140660171715, 0.08953867829378408, -0.40597342875883, 0.21795643232644174, 0.39194372604058597, 0.32150620562885535, 0.2174564687483198, 0.5306938531412715, 0.10353902847061641, 0.5103047905408629, 0.11490939529368496, 0.13152323915748018, 0.21868899706762784, 0.43354911248648254, 0.07561587145254427, 0.23236062163790805, -0.05009945027839363, 0.2710748954055249, 0.22643895779220555, 0.019412655299414813, 0.2616244091033867, -0.060865531951970975, 0.1873648987197074, -0.10271632929415273, -0.655868584883647, 0.6089734446436964, 0.15900560262171431, -0.4780143078218638, -0.2608983916317968, 0.31192236238319604, 0.35495920200208625, 0.06974073374509726, 0.5618808317828592, 0.6579846311264388, -0.05788259431740434, 0.6090368054847115, 0.07189167823856046, 0.17790773716110972, -0.2342205616774878, 0.08522473060555492, 0.3048413043150199, -0.06114759024293342, 0.5469127791996968, 0.25726821663128996, 0.3475221979876599, -0.08387811717732054, -0.43840156833787647, 0.8163284959499156, 0.23680630415920578, -0.3116355317638321, 0.19219401671263742, 0.006695151811777263, 0.13878072215154857, -0.1868651718906959, 0.2912946274741718, 0.1349938166960734, -0.060576300251661844, 0.039728470043417966, -0.5897796583497512, -0.614023756458635, -0.21541258480705242, 0.27851687042625495, 0.7880145141379074, -0.5342755733719587, 0.8074949055035997, 0.13132785718662893, -0.040900401318218954, 0.2831225359852778, -0.11682072279106133, 0.33599261704253003, -0.28686955293248045, 0.42329863110364674, -0.21604745538951317, -0.8815761934384967, 0.45903617988824963, 0.5078521392708621, -0.06700905858617355, 0.17662171730900997, 0.013360683185881423, -0.10970347006845275, 0.2918621566642154, 0.25069539123149925, 0.04981800431394032, -0.5910726908135226, 0.002679218586924109, 0.21266073619431275, 0.2651174834700455, 0.28533682267366267, 0.4104292319575935, -0.655868584883647, 0.21051070185519233, 0.13064277128224128, 0.3173917114409206, 0.20458608757434166, -0.13036529044607692, -0.5466447383866817, 0.009428822281312432, -0.5514477390463537, -0.3573084163079392, 0.040023173534646767, 0.14634711803068695, 0.20467832523216345, -0.5952376465348412, 0.10604422425710433, 0.2270260716917407, -0.23940044675864516, 0.2170565933419999, -0.20133268538174498, 0.26926966654828033, -0.5980122149998816, 0.33031154191760426, 0.221883000626376, 0.2174564687483198, 0.41380218137630287, 0.3111171458897387, -0.22075667497450613, 0.17646980402016846, -0.795774703815231, -0.22894551326514745, 0.4191726091926694, 0.6167185646089162, 0.26746867755138226, -0.49566835443638, 0.017741787481433964, 0.11921032495176052, 0.04547605890394103, -0.3304792849331487, -0.2071471035910488, 0.5957684359226635, -0.25002183319153126, 0.2965738868783744, 0.6457998469985884, -0.37694579574395953, 0.19421413468146587, 0.2972903441321394, -0.666857650392046, -0.32710377524780043, 0.11998659688210855, 0.26785027605574224, 0.18047608314677038, 0.8262392645381156, -0.028282857346376603, -0.5242949704443955], "Patnaik2012": [-0.5441882122477084, -0.4486533431447819, -2.6193075576223817, 0.19544318452312703, 1.5101047700749333, -0.054501357316240534, -1.5721852560337188, -0.29542638586403747, 0.5876142445941972, 0.020468173933332667, 0.6083978995535676, -0.9226361052168879, 0.09038269854517642, -0.22191380519953274, -1.068350457404267, -0.029053407237286742, 0.08739041845089393, -0.17341714086265722, -1.656845398533065, -0.2155281441183446, -2.56071269446172, -1.5906723245769583, 0.20269790632336326, 0.22868989735669037, -1.6295844901748433, -1.4977720889130701, -2.7347278106460977, 1.2012112243909754, 0.0588116920750784, 0.03164032534908441, 0.20518091081827408, -1.6972173634691154, -0.06799996435238068, -0.38284138105522714, -2.0347068215074486, -2.6267364818069714, 0.08601800163415357, -1.9706034810830062, 0.2620715547114756, -2.6985928292418166, 0.31714970137703274, 0.407650494280417, -0.824556553338722, -0.5679737104192064, -3.1625844289408542, -1.3775691638216592, -1.211256799600061, -2.256999694180106, 0.13424389257040176, -1.2680258469582322, 0.10062576182374136, 0.15149938330262827, -0.24337502452767135, -2.410412206412005, -0.930178700340803, 0.21715631063354407, -0.1633871233998844, -1.8649806142202803, -0.7823502111120053, -1.4243394292125071, -2.2564020294352005, -1.1393583922007418, -1.8798769291155581, -2.555683826022667, -2.2917646051468883, -1.4991344556910509, -0.7505699553094349, 0.48834847481926313, 1.415101677370826, -2.6031268535758674, -0.7341760437312472, 0.141763330297779, 0.13338577296480844, -2.773613060154179, -0.4789057009541882, 0.2595998684955233, -0.763059408152732, -0.3587719136594065, 0.22083230490759853, -0.31478266622100526, -0.11535269968843935, -0.2664584460254118, -1.464583529769194, -0.28869242674375034, 0.32987231663830086, 0.7526608799910091, -0.6181097274875045, -0.09616108663881293, 0.018733953641933258, 0.34804513045724705, -0.05624284175598876, -1.1818221296246851, -2.684393906141107, 0.30357773116538256, 0.3392543965158641, -1.5083955013237529, -1.6971384810480252, -0.08861792284770267, -0.8379673132961538, -2.542966411268324, -2.6969619644556904, 0.4795978677736725, -1.3062856185459881, -2.3136840718401643, -1.8383599424480686, 0.28690554012635994, -0.018682704214069798, -2.287869916725798, -0.8331043606338178, -0.031184249965905516, -0.9288436566491424, -2.0079965980093464, -3.216246688723695, -0.5156890730318113, 0.2473081258412527, -0.6882587980284426, -2.7640035300342234, 0.00022626769978276005, -3.178563140213198, 0.07715142850587559, 0.15701264697964143, -0.7098066401860336, -2.865737315509648, -1.5245716325397343, 0.5184594446363762, 0.7897770815528953, -0.17533249090476455, -0.6917696184254251, 0.3559764940456852, -0.13404729190247391, -0.07741641937426164, -2.8000362498652978, 0.8932473282296607, -0.1176249767468013, -0.12820746646277426, -0.5927331386615016, 0.693720892113061, -0.6044911650667693, 0.6873469544456725, -3.907108295004087, -0.25169520232905174, -0.12063748694450549, -0.4265522217664543, -0.2829123837745265, -2.247359805970013, -1.6414311824926238, -0.4190736767788147, 0.6679800623794583, 0.3375851613954427, -0.8408328126470345, -0.052251858912388524, -3.992850587478812, -1.4432213212086755, -1.765264086321384, -0.6253004738290675, -0.9526676727811281, 0.28354192726477084, -0.0004024997896807345, 0.19912669017654924, -0.13316417693871319, -0.08220316790663773, 0.14928496772745256, -1.3638379189038958, 0.33383980667310365, -0.5596703562036159, -3.1501769689373047, 0.405393398488661, 0.13172647013021643, -1.0004337625474016, 0.24334846000601637, -0.28344907257553026, 0.46824557160124813, -0.44727713450080686, -2.305849124417183],