{"corr": -0.017910520538610288, "p-value": 0.8067544740080194, "slope": -0.057555605028005025, "intercept": 0.2727003470251735, "Chen2019": [0.06848309147177417, 0.5699105737296802, -0.15621961831958814, 0.08846107691171111, -0.10857659224595007, -0.17746609039048267, 0.03778217239900597, 0.15203699438041457, 0.6025844062757251, -0.08644283277753016, -0.21412386729919214, -0.2047573099509389, 0.45146794398937795, 0.6956968346066497, -0.2631256243836959, 0.08326124289761433, -0.2977173750503688, 0.3510829731871187, 0.019452454445346174, 0.1636689647512674, 0.037856883673983835, -0.4128860484853538, 0.19301912838071383, 0.5921300346601638, 0.17190518127334115, -0.06216173331817658, -0.2559022078715995, -0.4479545790439332, 0.0652758465622808, -0.5405148589805904, 0.2010140660171715, 0.08953867829378408, 0.5432019757795202, 0.308147665668847, -0.40597342875883, 0.21795643232644174, 0.39194372604058597, 0.32150620562885535, 0.05618856738622778, 0.5306938531412715, 0.10353902847061641, 0.1275102340277585, 0.11490939529368496, 0.09903028217133136, 0.13152323915748018, 0.21868899706762784, 0.43354911248648254, 0.07561587145254427, 0.23236062163790805, 0.6382316226810512, -0.05009945027839363, 0.2710748954055249, 0.22643895779220555, 0.019412655299414813, 0.35830254303749826, 0.2616244091033867, 0.0731956487840952, -0.060865531951970975, 0.1873648987197074, -0.10271632929415273, 0.6089734446436964, 0.15900560262171431, -0.4780143078218638, -0.08303104020712512, -0.2608983916317968, 0.31192236238319604, 0.08401862663522952, 0.35495920200208625, 0.06974073374509726, 0.5618808317828592, 0.6579846311264388, -0.20133268538174498, -0.11347816855031678, 0.6090368054847115, -0.05788259431740434, 0.20796777208111838, -0.11331220389113708, 0.17790773716110972, -0.2342205616774878, 0.08522473060555492, 0.3048413043150199, -0.06114759024293342, 0.5469127791996968, 0.25726821663128996, 0.14087739969320362, -0.08387811717732054, -0.43840156833787647, 0.8163284959499156, 0.23680630415920578, -0.3116355317638321, 0.19219401671263742, 0.006695151811777263, 0.13878072215154857, -0.1868651718906959, 0.2912946274741718, 0.1349938166960734, -0.060576300251661844, 0.039728470043417966, -0.21541258480705242, 0.27851687042625495, 0.7880145141379074, -0.5342755733719587, 0.8074949055035997, 0.13132785718662893, -0.040900401318218954, 0.3533670248837487, 0.2831225359852778, -0.11682072279106133, 0.33599261704253003, -0.28686955293248045, 0.42329863110364674, -0.21604745538951317, 0.45903617988824963, 0.5078521392708621, -0.06700905858617355, 0.17662171730900997, 0.013360683185881423, -0.10970347006845275, 0.2918621566642154, 0.25069539123149925, 0.04981800431394032, 0.002679218586924109, 0.10889550691004338, -0.09995318487482671, 0.21266073619431275, -0.05120049461392283, 0.2651174834700455, 0.28533682267366267, 0.5590848866465721, -0.655868584883647, 0.21051070185519233, 0.13064277128224128, 0.3173917114409206, 0.7397022987360518, 0.10028946589421522, -0.059167317657598584, -0.13036529044607692, 0.19850200966313758, 0.009428822281312432, -0.3573084163079392, 0.040023173534646767, 0.14634711803068695, 0.2637754521299416, 0.3294442494251124, -0.5952376465348412, 0.10604422425710433, 0.2270260716917407, -0.5980122149998816, 0.2170565933419999, -0.20133268538174498, 0.26926966654828033, 0.14397032777964064, 0.33031154191760426, 0.221883000626376, 0.2174564687483198, -0.5693262477185768, 0.41380218137630287, 0.3111171458897387, -0.22075667497450613, -0.795774703815231, 0.16215440357373753, -0.22894551326514745, 0.6167185646089162, -0.3568839911728422, 0.26746867755138226, 0.524754638331379, -0.49566835443638, 0.017741787481433964, 0.11921032495176052, 0.04547605890394103, -0.3304792849331487, 0.5957684359226635, -0.25002183319153126, 0.2965738868783744, 0.6457998469985884, -0.37694579574395953, 0.21075145642532456, 0.19421413468146587, 0.2972903441321394, -0.09294942370024459, -0.666857650392046, -0.32710377524780043, 0.11998659688210855, 0.26785027605574224, 0.18047608314677038, 0.8262392645381156, -0.028282857346376603, 0.1331065323563252, -0.5242949704443955],