{"corr": 0.23754761676340463, "p-value": 0.07257022192108055, "slope": 0.22470294100439103, "intercept": -0.19744835455043094, "Chen2019": [0.27851687042625495, -0.15621961831958814, -0.3573084163079392, 0.08846107691171111, 0.14634711803068695, -0.17746609039048267, 0.23236062163790805, -0.5952376465348412, 0.2270260716917407, 0.2170565933419999, 0.2831225359852778, 0.33599261704253003, 0.35830254303749826, 0.33031154191760426, -0.2631256243836959, 0.42329863110364674, 0.1636689647512674, -0.4780143078218638, -0.08303104020712512, -0.2608983916317968, 0.17646980402016846, 0.013360683185881423, 0.35495920200208625, 0.06974073374509726, 0.19301912838071383, 0.6579846311264388, 0.16215440357373753, -0.22894551326514745, 0.17190518127334115, -0.11331220389113708, 0.04981800431394032, -0.3568839911728422, -0.2342205616774878, 0.08522473060555492, 0.017741787481433964, 0.11921032495176052, 0.0652758465622808, 0.3475221979876599, -0.3304792849331487, -0.05120049461392283, -0.25002183319153126, -0.37694579574395953, 0.21051070185519233, 0.13064277128224128, 0.308147665668847, 0.19219401671263742, -0.09294942370024459, -0.40597342875883, 0.32150620562885535, -0.5927513441844592, 0.2912946274741718, 0.11998659688210855, -0.060576300251661844, 0.009428822281312432, -0.05788259431740434, -0.5897796583497512, -0.21541258480705242, -0.5242949704443955], "Nigita2018": [0.0791660004144254, -0.10827968125465001, -0.351892845967686, -0.5635881967593057, -0.2421301013609089, -0.6191124914164418, 0.21440895022740836, 0.11154205860037525, 0.2811856623237663, -0.41801599474422524, 0.6082571138895934, -0.16597418705404585, -0.4285714387664865, -0.1549635209637557, -0.3126496029586653, 0.1410700160810356, -0.2406874832787213, -0.45430128121002916, -0.8936455155672947, -0.8048412662001037, -0.05741293207936882, 0.07072306991410363, 0.18133512137092056, -0.3889430719292435, -0.13428016252990432, -0.03436663538915623, -0.09463352910037054, -0.5404616362780679, -0.13330973900866183, -0.06272216494495125, 0.11107076371326279, -0.5135018567905394, -0.4739614633960455, -0.24004582834731153, -0.18092084583555695, -0.36111041707506364, -0.34327218191842157, -0.2583553410334667, -0.3139526064808268, -0.24878735805096125, -0.4177372415217112, -0.23887949461293825, -0.3066188214094633, -0.15904325531496932, 0.018969654114247177, -0.326327724344306, -0.28273433267285397, 0.2187980452952621, -0.3581226263751204, -0.06505974163963396, -0.49798598616635625, 0.08551726715982519, -0.01867461669587591, -0.15653724696586724, 0.2264629045628243, -0.1755439044029605, -0.4171399838165716, -0.17408661623996174], "mirnas": ["miR-106b", "miR-221", "miR-125a", "miR-126-3p", "miR-17", "miR-339-5p", "miR-191-5p", "miR-137-3p", "miR-148a", "miR-1307", "miR-15b", "miR-652-3p", "miR-425-3p", "miR-484", "miR-222-3p", "miR-451a", "miR-21-5p", "miR-197", "miR-10b-5p", "miR-28-5p", "miR-423", "miR-361", "miR-363-3p", "miR-26b", "miR-152-3p", "miR-144-3p", "miR-143", "miR-29c", "miR-185-5p", "miR-3615", "miR-150-5p", "miR-370", "miR-320a", "miR-92b", "miR-148b-3p", "miR-29a", "miR-27b", "miR-203-3p", "miR-543-3p", "miR-223a-3p", "miR-23a", "miR-328", "miR-140-5p", "miR-93", "miR-200b-3p", "miR-1301-3p", "miR-23b-3p", "miR-375-3p", "miR-421", "Unknown", "miR-27a", "miR-25", "miR-99b", "miR-19a", "miR-30e", "miR-301b", "miR-30a-5p", "miR-22"], "p-values": {"Chen2019": [0.2549451079709755, 0.47591114067723894, 0.09276394691487452, 0.7680252173914268, 0.6089845458890806, 0.43316258919024164, 0.3718224504801778, 0.0001539745526371073, 0.33828573369454296, 0.3269897083926939, 0.47277798125590487, 0.168763983924235, 0.19020250204876257, 0.0907928956977025, 0.17069388382884873, 0.14156187563859413, 0.5551103497762422, 0.16397096869753747, 0.7440356840535409, 0.41446948101458103, 0.5829943153266208, 0.9701068960298194, 0.1728004885815771, 0.7896736626176751, 0.4079128186994655, 0.09130621949015036, 0.5041380058183194, 0.5027130479439259, 0.3718354998636766, 0.5581757270316572, 0.8932482999531828, 0.3418862751521027, 0.38815283939211953, 0.8001417662626106, 0.904915335075036, 0.7159602021244038, 0.8025681940213478, 0.4398509151786042, 0.2055912477263119, 0.8995704889598588, 0.2844844972825881, 0.162839349544352, 0.5021952668917173, 0.47995377439025, 0.3651352360213169, 0.5263587844553714, 0.7252240509334689, 0.04867269023704161, 0.34451002637343464, 0.00015408722391266485, 0.30302561226433505, 0.4204872220659046, 0.7476694718537333, 0.9657422190815186, 0.8432647075869878, 0.00015518800675472566, 0.3339872974269663, 0.07261699886549182], "Nigita2018": [0.8577953845342396, 0.8419234475446424, 0.41192385796272357, 0.16506040904837246, 0.4921139674520766, 0.2951045759391798, 0.6502200040466, 0.8030870132595581, 0.4807031877031902, 0.3068797029904633, 0.17398520550873187, 0.7235175270465892, 0.3535333960813771, 0.7441028973353545, 0.4655140036888351, 0.7629475442280564, 0.6324277623525953, 0.20266672069589503, 0.03712155872793746, 0.11402247283969925, 0.9152369422550484, 0.8591525366556481, 0.6555170917930091, 0.40501534587911525, 0.7689173349757403, 0.9455496574273432, 0.83214243367519, 0.16457534680897143, 0.811251055809829, 0.8795159434645703, 0.8293990980306274, 0.2871941818263802, 0.3136860137560104, 0.5378416564323328, 0.7159087635015642, 0.33251562477752705, 0.3613973361004904, 0.649197146510188, 0.4694763251950086, 0.588663947574964, 0.3746626930923139, 0.48172460648727367, 0.4585002286294403, 0.6635627076318417, 0.9577308764069632, 0.4593889013818756, 0.4780994750162685, 0.4925307364506494, 0.45127617030576883, 0.8751957737861369, 0.1959301013209256, 0.8609610455749351, 0.96309220365518, 0.7630679255716857, 0.632156849271019, 0.7002701296236609, 0.3979903920308082, 0.6095711996353803]}}