{"corr": 0.021846855376823807, "p-value": 0.7747733172708702, "slope": 0.06652652006277947, "intercept": 0.4783566539909136, "Chen2019": [0.06848309147177417, 0.5699105737296802, -0.15621961831958814, -0.46329193513273437, 0.08846107691171111, -0.10857659224595007, -0.17746609039048267, -0.5660612770009732, 0.03778217239900597, 0.15203699438041457, -0.08644283277753016, -0.21412386729919214, -0.2047573099509389, 0.45146794398937795, 0.6956968346066497, -0.2631256243836959, 0.08326124289761433, -0.2977173750503688, 0.019452454445346174, 0.1636689647512674, 0.037856883673983835, 0.05379517495859572, -0.4128860484853538, 0.19301912838071383, -0.5370271807569602, 0.17190518127334115, -0.06216173331817658, 0.0652758465622808, -0.5405148589805904, 0.2010140660171715, 0.308147665668847, -0.614023756458635, -0.40597342875883, 0.21795643232644174, 0.32150620562885535, 0.2174564687483198, 0.05618856738622778, -0.5927513441844592, 0.5306938531412715, 0.10353902847061641, 0.11490939529368496, 0.13152323915748018, 0.21868899706762784, 0.43354911248648254, 0.23236062163790805, -0.05009945027839363, 0.22643895779220555, 0.019412655299414813, 0.2616244091033867, -0.060865531951970975, 0.1873648987197074, -0.4780143078218638, -0.08303104020712512, -0.2608983916317968, 0.31192236238319604, 0.08401862663522952, 0.35495920200208625, 0.06974073374509726, 0.5618808317828592, 0.6579846311264388, 0.6090368054847115, -0.11331220389113708, 0.07189167823856046, 0.17790773716110972, -0.2342205616774878, 0.08522473060555492, 0.3048413043150199, -0.06114759024293342, 0.25726821663128996, 0.3475221979876599, 0.14087739969320362, -0.08387811717732054, -0.43840156833787647, 0.8163284959499156, 0.23680630415920578, -0.3116355317638321, 0.19219401671263742, 0.006695151811777263, 0.13878072215154857, -0.1868651718906959, 0.2912946274741718, -0.060576300251661844, 0.039728470043417966, -0.5897796583497512, -0.614023756458635, -0.21541258480705242, 0.27851687042625495, -0.5342755733719587, 0.8074949055035997, 0.13132785718662893, -0.6253049651247412, -0.040900401318218954, 0.3533670248837487, 0.2831225359852778, -0.11682072279106133, 0.33599261704253003, -0.28686955293248045, 0.42329863110364674, -0.21604745538951317, 0.3779529378984291, -0.8815761934384967, 0.45903617988824963, -0.06700905858617355, 0.17662171730900997, 0.013360683185881423, -0.10970347006845275, 0.2918621566642154, 0.04981800431394032, -0.5910726908135226, 0.002679218586924109, 0.21266073619431275, -0.05120049461392283, 0.2651174834700455, 0.28533682267366267, 0.4104292319575935, -0.655868584883647, 0.21051070185519233, 0.13064277128224128, 0.3173917114409206, 0.20458608757434166, 0.10028946589421522, -0.13036529044607692, -0.5466447383866817, 0.009428822281312432, -0.5514477390463537, -0.3573084163079392, 0.040023173534646767, 0.2637754521299416, 0.20467832523216345, -0.5952376465348412, 0.10604422425710433, 0.2270260716917407, -0.23940044675864516, 0.2170565933419999, -0.20133268538174498, 0.26926966654828033, -0.5980122149998816, 0.14397032777964064, -0.5897796583497512, 0.33031154191760426, 0.41380218137630287, 0.3111171458897387, -0.22075667497450613, 0.17646980402016846, -0.795774703815231, 0.16215440357373753, -0.22894551326514745, -0.6524410344635853, 0.4191726091926694, -0.3568839911728422, 0.26746867755138226, -0.49566835443638, 0.017741787481433964, 0.11921032495176052, 0.04547605890394103, 0.15473059996830013, -0.3304792849331487, -0.2071471035910488, 0.5957684359226635, -0.25002183319153126, 0.2965738868783744, 0.6457998469985884, -0.37694579574395953, 0.21075145642532456, -0.5370271807569602, 0.19421413468146587, 0.2972903441321394, -0.666857650392046, -0.32710377524780043, 0.11998659688210855, 0.26785027605574224, -0.05788259431740434, 0.8262392645381156, -0.5242949704443955], "Reis2020": [0.747224410907898, 0.7521310597942159, -2.6118341512491314, 0.881866182890078, -0.5983616735094408, 0.5418104660061164, 0.9752588388110095, 0.846189024038716, 0.11143914419772774, 0.02478273505292754, 1.129527206338461, 0.9611210369351786, 1.224915787230098, 0.4965695000034568, 0.6863486993013781, -0.14620150410418303, 0.4226371125469046, 1.2116096207587277, 1.3651295164221642, -0.17896793903993288, -2.1272402010699083, 0.5368206535793525, -1.8191192837172356, 0.964364415012575, 1.3989770773837131, 0.07634413012948811, 0.856584466594474, -1.4998544519447903, 0.7471412473674521, -0.3931972192289975, 1.016507954872258, 1.0493575533484538, 1.1097342837122974, -0.8592456998887483, 0.9157137438516266, 0.8141710609669808, 0.9790843616715286, 1.047028974215964, 0.8658156195839875, -1.8863985879381024, -1.5528296272089341, 1.010104362257911, -1.7881824466712994, -0.002494906213381942, -1.5356979378770443, 0.8066863423268349, 1.0491080627271157, 1.719239871641511, 1.9244043259219545, -0.7774127760898197, 0.29223668112747414, 0.6394444624897972, 1.022911547486605, 0.284668798946882, -0.6569088059834709, 1.4209322520614744, 1.000041573863937, 0.7349993704623263, 0.5596906272020205, 1.1768472608522722, 0.4995633874595152, 1.3075803464334874, 1.1495696195859626, 0.6192357221614033, 0.56667636459949, 1.0931847391635303, 0.8756289173566231, 2.043328188759828, 1.912096121935937, 1.4250904290837776, 0.6553286987149958, 0.9506424308389739, -1.455860939048822, 0.7430662338855948, 0.7556239284929507, 1.2826312842996674, 0.8278098816001354, 0.7289284320097636, 0.7068900937915563, 0.9014927784353495, 1.0623310656580398, 0.9913094021171002, 1.1266164824228486, 1.5940787432701824, 1.0745561061036115, 0.5507089648338455, -0.37157469871302046, 0.8780406600295592, 1.3010104267382476, -1.4909559531170613, 1.377604047489074, -1.284959863432157, 1.221339754990917, -2.7091354935710283, 1.030396266126751, -0.42371823857270347, 1.2209239372886869, 2.5567798874738363, 0.8021123476023011, 0.860077335293209, 1.620358422051139, 0.8638196946132819, -0.0289409120752308, 0.3245872983609934, -3.1506507297991897, 1.658280996494545, -0.7233564747998773, 2.4243835310837003, 0.9296020551061197, 0.6052642473664643, 2.045074623109196, -1.2535240451435445, 1.5766143997765087, -1.4097051741012554, 0.5207700902732618, 1.0712295644857692, -0.22820075498400358, 0.6202336846467561, 0.8124246266176136, 0.7684311137216446, 0.8399517585052609, 0.8376231793727713, 0.8689758341209379, 0.4830970064511942, 0.7767474677662514, -1.6284252854744077, -0.25938708265127813, 0.9138009824213671, 2.3512827790316084, 1.0880285996558743, 2.2774335551155023, -0.1490290644793493, 0.7542933118458135, 1.1883238294338292, -3.0208324431628815, -1.3540687655428376, -1.4199342895761213, 0.9849889730431992, 0.7785770656560648, 0.33864193669637854, 0.7746683792550997, 1.0940995381084369, 1.3504095697632108, -1.086697983008737, 0.435943279018275, 0.8085991037570943, -0.5078797415041216, 0.7824857520570299, 2.363757310098518, 0.867977871635585, 1.0708137467835386, -1.3074140193525947, 0.030354692262813843, -0.6757869296647279, 0.8858580328314893, 0.8392032866412464, -0.5957836037556129, 0.7430662338855948, 0.7500519712830643, -0.5132853716331158, 0.8686431799591535, 1.4089567022372407, 0.588215721575021, 0.7759989959022368, 1.551249519940459, 1.2664975574531308, -0.35045115943971983, 0.7424840891024724, -0.5432242461936996, 1.8115514015366436, 0.9592082755049189, 1.1366792708168227, 0.47270156389543594, -0.027859786049431907],