{"corr": 0.18836443950921694, "p-value": 0.6022640928567984, "slope": 0.6882506634471696, "intercept": 0.11879417472611184, "Chen2019": [0.11921032495176052, -0.10857659224595007, 0.23236062163790805, -0.05120049461392283, -0.22075667497450613, -0.37694579574395953, 0.31192236238319604, 0.2270260716917407, 0.21051070185519233, 0.33031154191760426], "Marzi2016": [0.708939420379425, 0.41968477985195113, -0.47697252578611726, 1.0947477232927059, -1.039470323843537, -0.4817274942453117, -0.3669523935061297, 1.186582061660541, 1.354224997622194, -0.7473284835769717], "mirnas": ["miR-29a", "miR-30c", "miR-191-5p", "miR-223a-3p", "miR-92a", "miR-328", "let-7d", "miR-148a", "miR-140-5p", "miR-484"], "p-values": {"Chen2019": [0.7159602021244038, 0.7154690638027067, 0.3718224504801778, 0.8995704889598588, 0.2850264728552833, 0.162839349544352, 0.26025296796813524, 0.33828573369454296, 0.5021952668917173, 0.0907928956977025], "Marzi2016": [1.4156486645866428e-08, 0.002581237112155, 9.024528339465123e-06, 7.101878897787841e-12, 5.514291956393523e-18, 1.4991602466437515e-05, 0.015232888629862744, 1.4331643497525897e-14, 3.5098940955796554e-30, 1.616851214458367e-09]}}