{"corr": 0.021884965303020816, "p-value": 0.7974446743067878, "slope": 0.00851569126991496, "intercept": 0.05830113672609276, "Chen2019": [0.5699105737296802, -0.15621961831958814, 0.08846107691171111, -0.10857659224595007, -0.17746609039048267, 0.03778217239900597, 0.15203699438041457, -0.08644283277753016, -0.2047573099509389, 0.45146794398937795, 0.6956968346066497, -0.2631256243836959, 0.08326124289761433, -0.2977173750503688, 0.019452454445346174, 0.1636689647512674, 0.037856883673983835, 0.05379517495859572, -0.4128860484853538, 0.34676456933892996, 0.19301912838071383, 0.17190518127334115, 0.0652758465622808, 0.2010140660171715, 0.5432019757795202, 0.308147665668847, -0.40597342875883, 0.39194372604058597, 0.2174564687483198, 0.5306938531412715, 0.10353902847061641, 0.11490939529368496, 0.21868899706762784, 0.43354911248648254, 0.23236062163790805, 0.2710748954055249, 0.22643895779220555, 0.35830254303749826, 0.2616244091033867, -0.060865531951970975, 0.1873648987197074, -0.10271632929415273, 0.6089734446436964, 0.15900560262171431, -0.4780143078218638, -0.08303104020712512, -0.2608983916317968, 0.31192236238319604, 0.35495920200208625, 0.06974073374509726, 0.5618808317828592, 0.6579846311264388, 0.17790773716110972, -0.2342205616774878, 0.3048413043150199, -0.06114759024293342, 0.5469127791996968, 0.25726821663128996, 0.3475221979876599, 0.14087739969320362, -0.08387811717732054, -0.43840156833787647, -0.3116355317638321, 0.006695151811777263, -0.1868651718906959, 0.2912946274741718, -0.060576300251661844, -0.5897796583497512, -0.21541258480705242, 0.27851687042625495, 0.7880145141379074, 0.13132785718662893, -0.040900401318218954, 0.33599261704253003, -0.11682072279106133, 0.2831225359852778, -0.28686955293248045, 0.42329863110364674, -0.21604745538951317, 0.45903617988824963, -0.06700905858617355, 0.17662171730900997, 0.013360683185881423, -0.10970347006845275, 0.2918621566642154, 0.04981800431394032, 0.002679218586924109, 0.21266073619431275, -0.05120049461392283, 0.2651174834700455, 0.28533682267366267, -0.655868584883647, 0.21051070185519233, 0.13064277128224128, 0.3173917114409206, 0.20458608757434166, -0.13036529044607692, 0.009428822281312432, -0.5514477390463537, -0.3573084163079392, 0.040023173534646767, 0.14634711803068695, 0.2637754521299416, 0.20467832523216345, 0.10604422425710433, 0.2270260716917407, -0.23940044675864516, -0.20133268538174498, -0.5980122149998816, 0.14397032777964064, 0.33031154191760426, 0.221883000626376, 0.41380218137630287, 0.3111171458897387, -0.22075667497450613, -0.795774703815231, 0.16215440357373753, -0.22894551326514745, 0.6167185646089162, -0.3568839911728422, 0.524754638331379, -0.49566835443638, 0.017741787481433964, 0.11921032495176052, 0.04547605890394103, -0.3304792849331487, 0.5957684359226635, -0.25002183319153126, 0.2965738868783744, -0.37694579574395953, 0.21075145642532456, 0.2972903441321394, -0.666857650392046, -0.32710377524780043, 0.11998659688210855, 0.26785027605574224, 0.18047608314677038, 0.19421413468146587, -0.028282857346376603, -0.5242949704443955], "Wozniak2015": [-0.198897698707375, 0.14675323382982702, 0.1403154904364075, 0.020466594282982656, 0.28343474423565396, -0.017428660731190926, 0.09218553156278658, -0.014552545857677724, 0.09389199040901614, 0.07266191836923772, 0.04285669827841213, 0.0342802170903411, 0.19694554402205205, -0.0659405437038843, -0.16514578817732062, 0.07914777876213669, -0.02254083810757134, 0.08667012981804431, -0.05559997998239577, 0.26312099257137844, 0.03115108307083627, 0.11299811047042241, 0.009239455015119979, 0.11985349497669545, -0.027154536324510647, 0.010619746565507364, -0.034289038320399465, 0.19774539526257007, 0.14316074610333565, 0.1512405325057654, 0.11004801388533161, 0.07207781416763559, 0.0961626953656772, 0.14427636474110306, 0.10910070000914442, 0.11924501727949575, 0.2866256632021381, 0.2923929427584069, -0.13863343644375106, 0.006476685827282384, 0.30210027467512257, 0.1471489711295999, -0.0661498761871164, 0.1539158022946538, 0.279457304039419, -0.015605175767901727, 0.21346704229418634, 0.03852064925645604, -0.06328522710170145, 0.11747778445764719, 0.09908304211100541, -0.04218453790565738, -0.1040566692559433, 0.05043216136160748, -0.2746747092044374, 0.06315493437294868, 0.0008878484668777018, -0.09293144600455627, -0.2979699333716537, 0.2387290779698338, 0.06139055690782077, 0.03204569885125651, 0.10279845727916462, -0.026293853871910966, -0.1901479075016137, 0.08154783409842864, 0.029005828100593364, 0.004779142711127508, 0.03725390744241836, 0.15198467745326394, 0.09663572788533559, 0.1307904772788352, 0.17221704929838033, 0.18118798945025555, 0.06941919486367859, 0.12095941365272063, 0.12073305011665927, -0.03369382595969067, 0.01606090664875771, 0.07506395594186055, 0.3014933087271602, 0.06634515424651725, 0.0264166812507605, -0.0881040737830198, 0.17231214306027903, -0.0881813753259035, 0.058701165805501776, 0.0909222435448706, 0.19157262221590782, 0.08652411074799887, 0.1352225300301535, -0.2546760753728312, 0.1432757288647802, -0.025702531257594176, 0.030821142960639425, 0.09345153036637105, -0.2344276769000429, 0.10720796083515835, -0.09610043704652593, 0.16520954567955135, 0.050645746351988596, 0.16739540642348957, 0.16976595364507116, -0.2140344230512678, 0.0054648752096223725, -0.055972155493374504, 0.15461747062637773, 0.08600750855460262, 0.11008328032193204, 0.07454591110147288, 0.23957157746503674, 0.26477375198473513, 0.010993060091556501, 0.0006713678768908775, -0.0011810896710409092, 0.03738545406457869, 0.1963153211071411, -0.005538284010098699, 0.11956241992149054, 0.17070646245942095, 0.004467120183497933, 0.2179709978685485, 0.05540019733474629, 0.004112766163155198, 0.1065695801419615, -0.10682985895585301, 0.030443477858359123, 0.014575870167283116, 0.008775723876850102, 0.03406419239273617, 0.1323304089136412, 0.09345752761156692, 0.12104549291501321, -0.1291373982850944, -0.14794922908819924, 0.1007397446337561, -0.04918916971337846, 0.009035611041706236, 0.28952210951950796, 0.18721086665861492], "mirnas": ["miR-182", "miR-221", "miR-126-3p", "miR-30c", "miR-339-5p", "miR-425-5p", "let-7e", "miR-206-3p", "miR-10a-5p", "let-7c", "miR-30e", "miR-222-3p", "miR-19b-3p", "miR-100", "miR-193a-5p", "miR-21-5p", "let-7g", "miR-423", "miR-382-5p", "miR-130b-5p", "miR-152-3p", "miR-185-5p", "miR-27b", "miR-26a", "miR-24-2-5p", "miR-200b-3p", "miR-375-3p", "let-7a", "miR-103a", "miR-744-5p", "miR-181a", "miR-142-3p", "miR-340", "miR-20", "miR-191-5p", "miR-625-3p", "miR-181a-2-3p", "miR-425-3p", "miR-1180-3p", "miR-28b", "let-7f", "miR-126", "miR-424-3p", "miR-106b-3p", "miR-197", "miR-10b-5p", "miR-28-5p", "let-7d", "miR-363-3p", "miR-26b", "let-7b", "miR-144-3p", "miR-1-3p", "miR-320a", "miR-338b-5p", "miR-128", "miR-144", "miR-192", "miR-203-3p", "miR-200c-3p", "miR-345", "miR-335", "miR-125b", "miR-142-5p", "miR-495-3p", "miR-27a", "miR-99b", "miR-301b", "miR-30a-5p", "miR-106b", "miR-223-5p", "miR-24-3p", "miR-151-3p", "miR-652-3p", "miR-320b", "miR-15b", "miR-99a", "miR-451a", "miR-584", "miR-330-3p", "miR-98", "miR-186", "miR-361", "miR-625-5p", "miR-107-3p", "miR-150-5p", "miR-30e-5p", "miR-16", "miR-223a-3p", "miR-215-5p", "miR-15a", "miR-1262", "miR-140-5p", "miR-93", "miR-502a-3p", "miR-33a-5p", "miR-483", "miR-19a", "miR-573", "miR-125a", "miR-28", "miR-17", "miR-339", "miR-122-5p", "miR-486a-3p", "miR-148a", "miR-205-5p", "miR-199a-3p", "miR-409", "miR-501", "miR-484", "miR-15b-3p", "miR-101-2", "miR-660", "miR-92a", "miR-433-3p", "miR-143", "miR-29c", "miR-20b-5p", "miR-370", "miR-145-3p", "miR-146a", "miR-148b-3p", "miR-29a", "miR-30a-3p", "miR-543-3p", "miR-9-5p", "miR-23a", "miR-576-3p", "miR-328", "miR-532", "miR-106a-5p", "miR-134-5p", "miR-136-5p", "miR-25", "miR-942", "miR-486-5p", "miR-140-3p", "miR-22-5p", "miR-22"],