{"corr": -0.07489121193189918, "p-value": 0.4284073194079838, "slope": -0.12207318272419787, "intercept": 0.048433184177700456, "Chen2019": [-0.15621961831958814, -0.46329193513273437, 0.08846107691171111, -0.10857659224595007, -0.17746609039048267, 0.03778217239900597, -0.08644283277753016, -0.2047573099509389, 0.6956968346066497, -0.2631256243836959, 0.08326124289761433, 0.019452454445346174, 0.1636689647512674, 0.05379517495859572, -0.4128860484853538, 0.19301912838071383, 0.5921300346601638, 0.17190518127334115, 0.0652758465622808, 0.2010140660171715, 0.308147665668847, -0.40597342875883, 0.21795643232644174, 0.39194372604058597, 0.05618856738622778, 0.5306938531412715, 0.10353902847061641, 0.11490939529368496, 0.43354911248648254, 0.07561587145254427, 0.23236062163790805, 0.2616244091033867, -0.060865531951970975, 0.1873648987197074, -0.4780143078218638, -0.08303104020712512, -0.2608983916317968, 0.06974073374509726, 0.6579846311264388, 0.6090368054847115, 0.07189167823856046, 0.17790773716110972, -0.2342205616774878, 0.3048413043150199, -0.06114759024293342, 0.25726821663128996, 0.3475221979876599, 0.14087739969320362, -0.08387811717732054, -0.43840156833787647, -0.3116355317638321, 0.006695151811777263, 0.2912946274741718, -0.060576300251661844, -0.5897796583497512, -0.21541258480705242, 0.27851687042625495, 0.13132785718662893, -0.040900401318218954, -0.28686955293248045, 0.2831225359852778, -0.11682072279106133, 0.33599261704253003, 0.45903617988824963, 0.17662171730900997, 0.013360683185881423, -0.10970347006845275, 0.2918621566642154, 0.04981800431394032, 0.002679218586924109, -0.09995318487482671, 0.21266073619431275, -0.05120049461392283, 0.2651174834700455, 0.3173917114409206, 0.10028946589421522, -0.13036529044607692, 0.009428822281312432, -0.3573084163079392, 0.040023173534646767, 0.14634711803068695, 0.2637754521299416, 0.20467832523216345, 0.10604422425710433, 0.2270260716917407, -0.23940044675864516, -0.20133268538174498, -0.5980122149998816, 0.33031154191760426, 0.41380218137630287, 0.3111171458897387, -0.22075667497450613, -0.795774703815231, 0.16215440357373753, -0.22894551326514745, 0.6167185646089162, -0.3568839911728422, 0.04547605890394103, -0.49566835443638, 0.017741787481433964, 0.11921032495176052, -0.3304792849331487, 0.5957684359226635, -0.25002183319153126, 0.2965738868783744, -0.37694579574395953, 0.21075145642532456, 0.2972903441321394, 0.11998659688210855, 0.26785027605574224, 0.18047608314677038, 0.19421413468146587, 0.1331065323563252, -0.5242949704443955], "Halvorsen2016": [-0.0979039470959592, 1.6674435149812135, 0.04769831866626663, 0.012799080910367298, 1.7157968811504756, -0.36775316038468236, 0.532414229931859, 0.3354800987145543, -0.06045421433002647, 0.024899073917733, -0.1740882806085708, 0.09880356847083116, -0.04166991478588748, -0.03212854074583779, -0.1596464500203245, 0.1425134516880462, 0.012829866432701304, 0.43109864835391193, -0.15228015864851296, 0.0762382081766961, 1.5977741676325374, -0.30027386088871305, 0.41894136006886906, 0.30075958801887204, -0.36785492363906436, -0.23110007493427556, 0.08617851127699075, -0.04904518526837988, -0.06895785972140031, 0.918326145149921, 0.16416251511604502, 1.467175140664455, -0.14864319124610798, -1.255598217810335, -0.17430506199500617, 0.019724113128724595, 0.07207916962471034, -0.08763697539756474, 0.0055935583774111685, -0.06594002337926866, -1.1613838300507675, 0.675320624606363, 0.014737713664012154, -0.23804734114098525, 0.021811970150349663, 0.24782516509562807, 0.0369866672008253, 0.13844890758655787, -0.3495982537415944, -0.045167919761090136, -0.4935590525560385, 0.135968107578475, -0.0755848709804964, 0.036143058373533335, -0.29264033407997425, -0.12822383840467355, -0.1604806521602365, -0.1018410733411206, -0.3761422152207019, -0.18830606100649738, -0.09090537168535953, 0.11640219782841132, -0.20682526299720455, -1.1125109581921186, -0.3058704123030178, -0.11926396867537761, -0.17420030570373074, 0.4834366017819343, 0.1476131589780158, -0.10851126984682417, -0.047673519217719784, 0.02196204957172803, -0.23287451823547223, 0.17029653044109783, 1.1298628757943274, 0.10402427996664129, 0.11176384579675283, -0.09839394999310899, -0.153785228629287, -0.003766095565527967, -0.2376103577545218, -0.2031284348569281, -0.3370672634215526, 0.22310909400510293, 0.13833517218460167, 2.0187956883424487, -0.0005545669787113796, -0.22341737680514215, -0.050212897233577025, -0.20699629367683806, 0.014795008941689357, -0.02628912576645362, -0.042853874665649806, 0.06553382551513914, 0.17508624462423175, -0.34412612714672297, 0.25664179663073117, -0.23849244848473125, 0.07457023147357111, 0.42555041310660374, -0.26283524511695644, 0.17805063387897813, -0.14019684113241143, 0.05074651295403332, 0.6787934025563195, 0.40796161801310227, -0.29388158923741375, -0.11643341092744436, -0.2212080880009773, -0.14047262810332045, -0.21885000250553152, -0.12073269463672961, -0.031491451464203325, -0.038442565861204765], "mirnas": ["miR-221", "miR-34c", "miR-126-3p", "miR-30c", "miR-339-5p", "miR-425-5p", "miR-206-3p", "miR-10a-5p", "miR-30e", "miR-222-3p", "miR-19b-3p", "miR-193a-5p", "miR-21-5p", "miR-423", "miR-382-5p", "miR-152-3p", "miR-224-5p", "miR-185-5p", "miR-27b", "miR-26a", "miR-200b-3p", "miR-375-3p", "miR-29b", "let-7a", "miR-342-5p", "miR-744-5p", "miR-181a", "miR-142-3p", "miR-20", "miR-500a-3p", "miR-191-5p", "miR-1180-3p", "miR-28b", "let-7f", "miR-197", "miR-10b-5p", "miR-28-5p", "miR-26b", "miR-144-3p", "miR-32-5p", "miR-548d-5p", "miR-1-3p", "miR-320a", "miR-338b-5p", "miR-128", "miR-192", "miR-203-3p", "miR-200c-3p", "miR-345", "miR-335", "miR-125b", "miR-142-5p", "miR-27a", "miR-99b", "miR-301b", "miR-30a-5p", "miR-106b", "miR-24-3p", "miR-151-3p", "miR-99a", "miR-15b", "miR-320b", "miR-652-3p", "miR-330-3p", "miR-186", "miR-361", "miR-625-5p", "miR-107-3p", "miR-150-5p", "miR-30e-5p", "miR-139-5p", "miR-16", "miR-223a-3p", "miR-215-5p", "miR-502a-3p", "miR-139-3p", "miR-483", "miR-19a", "miR-125a", "miR-28", "miR-17", "miR-339", "miR-122-5p", "miR-486a-3p", "miR-148a", "miR-205-5p", "miR-199a-3p", "miR-409", "miR-484", "miR-101-2", "miR-660", "miR-92a", "miR-433-3p", "miR-143", "miR-29c", "miR-20b-5p", "miR-370", "miR-30a-3p", "miR-146a", "miR-148b-3p", "miR-29a", "miR-543-3p", "miR-9-5p", "miR-23a", "miR-576-3p", "miR-328", "miR-532", "miR-106a-5p", "miR-25", "miR-942", "miR-486-5p", "miR-140-3p", "miR-146b-5p", "miR-22"],