{"corr": -0.31649555156965, "p-value": 6.018750269523811e-05, "slope": -0.25667255301558495, "intercept": -0.0672272582779793, "Chen2019": [0.5699105737296802, -0.15621961831958814, 0.08846107691171111, -0.10857659224595007, -0.17746609039048267, 0.03778217239900597, 0.15203699438041457, 0.6025844062757251, -0.21412386729919214, -0.2047573099509389, 0.45146794398937795, 0.6956968346066497, -0.2631256243836959, 0.08326124289761433, -0.2977173750503688, 0.019452454445346174, 0.1636689647512674, -0.5367341400053467, 0.037856883673983835, 0.05379517495859572, -0.4128860484853538, 0.34676456933892996, 0.19301912838071383, 0.5921300346601638, 0.17190518127334115, -0.06216173331817658, -0.2559022078715995, 0.0652758465622808, 0.2010140660171715, 0.08953867829378408, 0.21795643232644174, 0.39194372604058597, 0.32150620562885535, 0.2174564687483198, 0.05618856738622778, -0.5927513441844592, 0.5306938531412715, 0.10353902847061641, 0.11490939529368496, 0.21868899706762784, 0.43354911248648254, 0.07561587145254427, 0.23236062163790805, 0.6382316226810512, -0.05009945027839363, 0.2710748954055249, 0.22643895779220555, 0.019412655299414813, 0.35830254303749826, 0.2616244091033867, -0.060865531951970975, 0.1873648987197074, -0.10271632929415273, -0.655868584883647, -0.4780143078218638, -0.08303104020712512, -0.2608983916317968, 0.31192236238319604, -0.11347816855031678, 0.35495920200208625, 0.06974073374509726, 0.5618808317828592, 0.6579846311264388, -0.05788259431740434, 0.07189167823856046, -0.2342205616774878, 0.08522473060555492, -0.06114759024293342, 0.5469127791996968, 0.25726821663128996, 0.14087739969320362, -0.08387811717732054, -0.43840156833787647, -0.3116355317638321, 0.006695151811777263, -0.1868651718906959, 0.13878072215154857, 0.2912946274741718, -0.060576300251661844, 0.039728470043417966, -0.21541258480705242, 0.27851687042625495, 0.7880145141379074, 0.8074949055035997, 0.13132785718662893, -0.040900401318218954, 0.2831225359852778, -0.11682072279106133, 0.33599261704253003, -0.28686955293248045, 0.42329863110364674, -0.21604745538951317, 0.45903617988824963, -0.06700905858617355, 0.17662171730900997, 0.013360683185881423, -0.10970347006845275, 0.2918621566642154, 0.25069539123149925, 0.04981800431394032, 0.002679218586924109, -0.09995318487482671, 0.21266073619431275, -0.05120049461392283, 0.2651174834700455, 0.28533682267366267, 0.21051070185519233, 0.13064277128224128, 0.3173917114409206, 0.7397022987360518, 0.10028946589421522, -0.059167317657598584, -0.13036529044607692, 0.19850200966313758, 0.009428822281312432, -0.3573084163079392, 0.14634711803068695, 0.2637754521299416, 0.20467832523216345, 0.2270260716917407, -0.5980122149998816, 0.2170565933419999, -0.20133268538174498, 0.26926966654828033, 0.14397032777964064, 0.33031154191760426, 0.221883000626376, -0.04443733135157045, 0.41380218137630287, 0.3111171458897387, -0.22075667497450613, 0.17646980402016846, -0.22894551326514745, 0.6167185646089162, 0.26746867755138226, -0.49566835443638, 0.017741787481433964, 0.11921032495176052, 0.15473059996830013, -0.3304792849331487, -0.25002183319153126, 0.6457998469985884, -0.37694579574395953, 0.21075145642532456, -0.5370271807569602, 0.19421413468146587, -0.09294942370024459, -0.666857650392046, 0.11998659688210855, 0.26785027605574224, 0.18047608314677038, 0.8262392645381156, -0.028282857346376603, 0.1331065323563252, -0.5242949704443955], "Fehlmann2020": [-0.27870060529361906, -0.1238281233857997, -0.7380011506599324, -0.09476820959911597, -0.11731338641770331, -0.07003815292618931, -0.010109040873740805, 0.29573034508821155, -0.22453492936377506, -0.17403514894517885, 0.0005366513020266469, -0.03270533911776796, -0.2251470420356917, -0.24182062290095757, -0.13435132947549472, 0.23152730114688563, -0.45661634546124413, 0.05945511019771198, -0.32993488969485174, 0.1344153597579834, -0.0819258429837029, 0.02669865327641649, -0.2941091178030524, -0.10072463361507814, -0.07805242436911655, 0.25994260199395636, 0.3020193622710091, -0.3916960990145274, -0.289282627125758, 0.2035821287668373, -0.2399667510721899, -0.16968148710135336, -0.07663079946101334, -0.3123884968718454, 0.0778468429041935, 0.31451827263013354, 0.10224660709398004, 0.1960508648078932, -0.19537902172250587, -0.2784399189873636, -0.507082967335142, 0.05639993961386157, 0.0381314473418587, -0.03165236685267238, 0.2773442770791027, 0.0442377646959879, 0.02921255447912747, 0.15782381854094396, 0.0709660632122852, 0.03533637717404896, -0.03745439190870094, -0.22403229035851543, -0.662348303132674, 0.21748644781987664, 0.2385815631338029, 0.009428092031286316, -0.1522078382785515, -0.16069243089720595, 0.3432211950809148, -0.4293054413811465, -0.4616793438912933, -0.01162013318956854, -0.5712795208964605, -0.21559786703154857, 0.10593838108108886, 0.19665771707608698, 0.09829087223903282, -0.02482797666748278, -0.8773882144774481, -0.19751634843935778, -0.034781182525830213, -0.036689368538792316, -0.34464479198353526, 0.0582393750598347, -0.24131850366449104, -0.38795077451055526, 0.01997379165613549, -0.4493655517142549, 0.214314094414722, 0.17738657037871125, 0.21003002684838212, -0.43252746338313597, -0.06829568934726118, -0.6594339734013752, -0.10127192162653198, 0.08899952998408807, -0.15785039649185256, 0.2375644084548733, -0.04944974807957839, -0.11099137871168416, 0.02554232546848726, 0.1592413837325361, 0.19467222326625933, -0.28470695190066747, 0.036288919187918905, 0.004957287814765997, 0.19208309193715017, -0.28016829332032045, -0.19890245012610647, -0.013864833293301008, 0.16458426558424707, 0.18197765491755785, -0.3595138810163909, -0.08516465249218406, -0.20477614772913683, -0.6310207725410661, -0.6564240669476626, -0.330360401820014, 0.0475246081837091, -0.39042600965880336, 0.022386996542283273, 0.022937246893313668, 0.40738753744711587, 0.10710968773006121, -0.3981949871604548, 0.14592605864390776, -0.4863680976234657, 0.09670485141388876, 0.04390118333106141, -0.4545895334204626, 0.007269545191482648, 0.19266964938085857, -0.4334598295636576, -0.3307043897803874, 0.04028821526611616, 0.04384412600570543, -0.2568867596933049, 0.0600103656445507, -0.6837810673164268, -0.5184765476143441, 0.12988281467609042, 0.11801360065453442, -0.182014206136024, -0.4502223996499144, 0.0571511630632022, -0.07501412716889631, -0.19007931711940573, -0.06543872136549822, 0.14707346562881618, -0.014943681656067286, 0.051256780290828266, -0.24636421510967, 0.1091340354463944, -0.22890024892639232, 0.07284687376711263, 0.049037783329197504, 0.03964267292157192, 0.08628469998175213, -0.039941533748621916, -0.06327316397725269, 0.12950357598981693, 0.15257104936151283, -0.2200973944695603, -0.30146937867805235, 0.09409774706737263],