{"corr": -0.08431527223057744, "p-value": 0.45137271269701296, "slope": -0.1399053160542172, "intercept": 0.06102920376868411, "Chen2019": [-0.15621961831958814, 0.08846107691171111, -0.10857659224595007, -0.2047573099509389, -0.2631256243836959, 0.08326124289761433, -0.2977173750503688, 0.019452454445346174, 0.1636689647512674, 0.05379517495859572, 0.19301912838071383, 0.5921300346601638, 0.17190518127334115, 0.0652758465622808, 0.2010140660171715, -0.40597342875883, 0.5306938531412715, 0.10353902847061641, 0.11490939529368496, 0.43354911248648254, 0.23236062163790805, 0.35830254303749826, -0.4780143078218638, -0.2608983916317968, 0.35495920200208625, 0.06974073374509726, 0.17790773716110972, -0.2342205616774878, -0.06114759024293342, 0.25726821663128996, 0.3475221979876599, -0.08387811717732054, -0.43840156833787647, -0.3116355317638321, 0.006695151811777263, -0.1868651718906959, 0.2912946274741718, -0.060576300251661844, 0.27851687042625495, 0.13132785718662893, 0.2831225359852778, 0.33599261704253003, -0.28686955293248045, 0.42329863110364674, 0.45903617988824963, 0.17662171730900997, 0.013360683185881423, -0.10970347006845275, 0.04981800431394032, -0.09995318487482671, 0.21266073619431275, -0.05120049461392283, 0.21051070185519233, 0.13064277128224128, 0.3173917114409206, -0.13036529044607692, 0.009428822281312432, -0.3573084163079392, 0.040023173534646767, 0.14634711803068695, 0.2637754521299416, 0.20467832523216345, 0.2270260716917407, -0.20133268538174498, 0.33031154191760426, 0.41380218137630287, 0.3111171458897387, -0.22075667497450613, 0.16215440357373753, -0.22894551326514745, 0.6167185646089162, -0.49566835443638, 0.017741787481433964, 0.11921032495176052, -0.37694579574395953, 0.21075145642532456, 0.2972903441321394, -0.666857650392046, 0.11998659688210855, 0.18047608314677038, 0.19421413468146587, 0.1331065323563252], "Boeri2011": [-0.021907022151932208, 0.07258556056573817, -0.2390381393841577, 0.4642413613481424, 0.005011820412711197, -0.1565173184788557, 0.6269393940724183, -0.20216385965790049, 0.14632753495343614, 0.3321928488697995, 0.4287199018266906, 0.7752482245774797, -0.6533755077370218, 0.14791149045655833, 0.033849035492998836, 0.223025750116555, 0.37757024040756804, 0.22971255184420677, -0.2655121603801078, -0.02717783838265554, -0.08789922028410904, 0.016525718099227447, 0.363722538097506, -0.2735255786414891, 0.6473571269030081, -0.0007498864841224441, 1.8563772933349636, -0.11038381257601557, 0.171520060092255, -0.4031721123543005, 0.3880412150205419, 0.22823720004542702, 0.2995864059576462, 0.5722754240423191, -0.25788941055480563, -0.2152811656254796, 0.2748896183414107, -0.5697145016290649, -0.01099107215490386, 0.12764823172153655, 0.7983378537927703, -0.17101257797038233, 0.7045323520513613, -0.5766107706167771, 0.2952717860755665, -0.0814898621287917, 1.1699360087927422, -0.17668544128024177, -0.1917678609294508, 0.32258000504668916, -0.48270497033654075, 0.029527926720578388, -0.16977609032984564, -0.11828114788389604, -0.4229643260717696, -0.8307008182274056, -0.1448793248194835, -0.8054181048965805, 0.187890977132732, 0.10501222895849677, -0.19625336737630167, -0.19250249352175683, 0.3181491345858233, 0.14564710419022744, 0.04529480687217055, -0.09250122197413177, -0.6720144806024504, -0.3534847699527149, 0.6091897019982653, 0.7207766233756134, 0.033733479201411384, 0.18421441277454081, -0.3078555692998899, -0.07263525665068123, 0.4236890821845438, -0.5715066078509858, 0.08584226282661031, 0.520290811444401, -0.4539415817661292, -0.3100555439222334, -0.5231708777547, 0.1875031156963804], "mirnas": ["miR-221", "miR-126-3p", "miR-30c", "miR-10a-5p", "miR-222-3p", "miR-19b-3p", "miR-100", "miR-193a-5p", "miR-21-5p", "miR-423", "miR-152-3p", "miR-224-5p", "miR-185-5p", "miR-27b", "miR-26a", "miR-375-3p", "miR-744-5p", "miR-181a", "miR-142-3p", "miR-20", "miR-191-5p", "miR-425-3p", "miR-197", "miR-28-5p", "miR-363-3p", "miR-26b", "miR-1-3p", "miR-320a", "miR-128", "miR-192", "miR-203-3p", "miR-345", "miR-335", "miR-125b", "miR-142-5p", "miR-495-3p", "miR-27a", "miR-99b", "miR-106b", "miR-24-3p", "miR-15b", "miR-652-3p", "miR-99a", "miR-451a", "miR-330-3p", "miR-186", "miR-361", "miR-625-5p", "miR-150-5p", "miR-139-5p", "miR-16", "miR-223a-3p", "miR-140-5p", "miR-93", "miR-502a-3p", "miR-483", "miR-19a", "miR-125a", "miR-28", "miR-17", "miR-339", "miR-122-5p", "miR-148a", "miR-199a-3p", "miR-484", "miR-101-2", "miR-660", "miR-92a", "miR-143", "miR-29c", "miR-20b-5p", "miR-146a", "miR-148b-3p", "miR-29a", "miR-328", "miR-532", "miR-106a-5p", "miR-134-5p", "miR-25", "miR-486-5p", "miR-140-3p", "miR-146b-5p"], "p-values": {"Chen2019": [0.47591114067723894, 0.7680252173914268, 0.7154690638027067, 0.5038546149700869, 0.17069388382884873, 0.7358900253890619, 0.1159282066844988, 0.953261331248469, 0.5551103497762422, 0.7781531081322139, 0.4079128186994655, 0.13275464357614175, 0.3718354998636766, 0.8025681940213478, 0.5897322164154325, 0.04867269023704161, 0.16042640328895488, 0.5535769552377168, 0.732525805364766, 0.28066836637271064, 0.3718224504801778, 0.19020250204876257, 0.16397096869753747, 0.41446948101458103, 0.1728004885815771, 0.7896736626176751, 0.6529310080322865, 0.38815283939211953, 0.8325989395912519, 0.2735792417626867, 0.4398509151786042, 0.7466410499742885, 0.1670929127083874, 0.10559567622500111, 0.9798707586622553, 0.6487536608748826, 0.30302561226433505, 0.7476694718537333, 0.2549451079709755, 0.7490255215974058, 0.47277798125590487, 0.168763983924235, 0.12322137006685464, 0.14156187563859413, 0.10879701726753402, 0.25017721181010105, 0.9701068960298194, 0.8216029582261156, 0.8932482999531828, 0.6921720067192404, 0.47622745965551705, 0.8995704889598588, 0.5021952668917173, 0.47995377439025, 0.1921876983619216, 0.665927505062837, 0.9657422190815186, 0.09276394691487452, 0.8642560423596066, 0.6089845458890806, 0.279951796149857, 0.5409972819227087, 0.33828573369454296, 0.576355274252498, 0.0907928956977025, 0.05532165940096789, 0.1408708930784002, 0.2850264728552833, 0.5041380058183194, 0.5027130479439259, 0.08686071537972163, 0.10678786710757568, 0.904915335075036, 0.7159602021244038, 0.162839349544352, 0.24205809001349332, 0.37899944273888875, 0.05551312279699543, 0.4204872220659046, 0.42637201254250867, 0.3075058483937462, 0.6293352433669844], "Boeri2011": [0.9754308810184402, 0.8239465667102372, 0.40561882551416484, 0.42937761378000383, 0.9870227905975248, 0.5927190576326582, 0.3964091274127719, 0.7222660717970808, 0.5370022248786418, 0.37658932625013364, 0.18488701050485054, 0.3275086939793357, 0.2810607721648388, 0.7851967053782364, 0.9356766745049557, 0.4587334119950679, 0.690819029571433, 0.7392362580537966, 0.38017235778218295, 0.9245733562613445, 0.8542249995022083, 0.9816521477948077, 0.364056105097622, 0.7162847105380108, 0.16825468864233592, 0.9986112220669273, 0.004190010089216091, 0.6550812268734552, 0.8033854283074537, 0.13445166843402992, 0.5218067403552109, 0.4778515841518771, 0.37856288278985295, 0.32203546128113936, 0.6609370278908673, 0.8282764524056277, 0.4025075236500847, 0.30051621709472437, 0.9728213072933031, 0.7267198948934344, 0.24354509175950906, 0.8319055284943017, 0.3249717263195341, 0.09189878836069441, 0.6375299128591628, 0.8330079248042532, 0.18209444948735024, 0.8100082317410678, 0.4126292129880804, 0.5355671553209211, 0.12060410864284708, 0.9393209857673241, 0.6341224735062104, 0.6955203664002005, 0.4764352661115071, 0.1493269575594935, 0.6138137876050388, 0.27715558474062485, 0.6521202418164285, 0.7449741451067455, 0.7922682231347484, 0.5839548125192163, 0.19929736586918967, 0.7496350734162712, 0.8950321550788466, 0.7250873737613905, 0.07068503150546658, 0.17400736200902447, 0.1407010135131785, 0.04586045514751604, 0.9257787356138011, 0.6196311678777977, 0.5714153385948898, 0.833765938972758, 0.28454438332457654, 0.292768675954749, 0.79681976332749, 0.4881765468528545, 0.12029022234218958, 0.5146751576228028, 0.24177465345721372, 0.5812216638152543]}}