{"corr": 0.02262170220741121, "p-value": 0.8062660218339908, "slope": 0.005227403488363332, "intercept": -0.7275824515805487, "Duan2021": [-2.3383454887086845, 1.4814779472752622, -4.734611940692192, -0.2027100367962908, -2.6108446153754956, -4.250180897591989, -1.7633632333819476, 1.071181215715872, 1.2047362712317224, -3.435467201793558, -1.9083015520831466, -0.30844452838316205, -2.2789815337326647, -1.0159729781010483, 0.2220126707421334, -3.9186603189311757, -1.7786575872738593, 0.5811607106686327, -0.45693357726656336, -1.330728533766426, -0.7464361910175512, 0.33796357728951265, 1.5925123171381976, -2.683706022870282, -0.9174140473954799, -2.5479788945076263, -1.578969673958078, -3.410479197037878, 0.5330944725875384, 1.3377509185703405, -1.6715883894385308, 0.9736912470183681, 0.08521980070741927, 0.37591039694844985, -2.482090125019628, 0.04208738914685278, 1.3120543519061274, -4.209251502821433, -0.6620093370975108, -1.0831000240076731, 1.449020794819581, -1.6401840881040797, 1.6671431734738031, -1.2713642325343644, -2.7666020013349986, 0.8332160715060551, 0.267599298181479, -2.0038127093736726, -1.44228699341443, -2.0736923663638596, -1.490306349887196, -2.7245994387011105, -1.1676400624854284, 1.2164087837631543, -3.368706577196935, -0.006164485547907049, -1.7940362798214347, -0.7128311150443908, 0.741166239403506, 0.7259573040015515, -3.836498923890956, -0.6917057885982296, 0.0833931242143656, -1.878374277537253, -2.117117305061594, -1.5558694755012734, -1.4624820382014316, -3.0763325638473447, 0.9755891007743986, -1.7348295479808273, 1.425718517949556, -1.4669146969741915, -1.3877805632598506, 0.2584258728854625, 0.7159819069614353, -1.8702350292178318, 0.100026780537879, -0.031251450535070016, -1.4502711679629883, -1.0554349571578898, 0.4134023150792061, 1.2239280678324986, -2.5831509744659176, -3.439743958854147, -0.029280380742259075, -0.9882423559105971, 0.5096825473322472, -0.49652971496006826, -0.6950777757153079, -1.1886258893493897, -3.1629187934221483, 0.9742271507661329, -2.62832297802424, 0.6693210670218479, -1.3937967712235637, -0.20706231218491583, -1.4006868691078975, -2.026697162088121, -1.3587166394898986, -2.1690613968718258, -0.09966781512219021, 1.0617649145361998, -2.125232626037742, -2.8375319177454053, 1.844681467766991, -0.92060264073793, -1.2819013777507988, 0.25363205900463126, -0.617385869601397, 1.3545235250027703, -2.422081170585715, 1.5588897760279412, -2.2685091321210114, -1.412879211127749, -0.014367525337781874, -1.8970504017676373, -2.412508477352514, -1.4958350879468485, 1.9080611524722633, -0.5715309613435582], "Li2017": [0.239671953984682, -0.664011376071641, -0.6547560137353027, -1.0188665023323438, -1.0703962467688024, -1.0698028073479051, -0.439662329803194, -1.0178092714649036, -0.9697486703345379, -1.109018962201036, -1.024910891042399, -1.2991226747786222, -1.539537015327265, -0.4580829425074489, -0.8095147407906981, -0.531955960147346, -0.5682761682532599, -0.5326251893685728, -0.7285322199407149, -0.48390959308816495, -0.5623073172347803, -0.6491522015286886, -0.3869909662209067, -0.7678379298713889, -0.9609847014415245, -0.7719445429387048, -0.9541617727527372, -1.1628255784189105, -0.7798398154830704, -0.7609417918597717, -1.3331127137183973, -0.49277641098626057, -0.6453581638176856, -1.0109600732708934, -1.0603004045053823, -1.0525505492038743, 0.08166153692431488, -1.7433824769781445, -0.6256814723773266, -0.7906373491906455, -0.2115073790204356, -0.46857602539530685, -1.205973785493042, -0.5277632991330119, -0.8008587380542439, -0.4868360346571361, -0.2564643707364844, -0.6826316304367109, -0.5036850213329245, 0.2204405568967674, -0.944943347947499, -0.4455145579528157, -0.9734394613292711, -0.6322922378034779, -1.1387551767869206, -0.27391978700767583, -0.9259337205457351, -1.0021909909764157, -1.302265816204931, -0.5705619441098473, -0.45138243865934347, -0.3724357227049143, -1.6070868921664327, -1.7303586058663551, -0.5727991174613156, -0.38165409809790685, -0.30205269959657827, -0.44853962505298695, -1.1844343600044516, -0.7724624268613531, -0.9319461066467577, -0.6100588136089189, -0.5717918119782692, -0.3408156805026206, -1.1868291105557933, -0.7612031731751676, -0.750715292848582, -0.7510585717309547, -0.3288713983143349, -0.8730074594910403, -0.6595701064942238, -1.0424819286204163, -0.9889826479949894, -0.8290608967083456, -0.3304437698285775, -0.6044678443813889, -1.029914927672399, -0.9423369865296589, -0.8610832277313383, -0.5304284814792827, -1.1037655468384733, -1.094403127550371, -0.5418909249983079, -0.36708663183525825, -0.38657761065451735, -0.7579655575217168, -0.257472571704119, -1.0144973094382763, -0.49888449120945577, -1.4288092869364202, -0.4996631962159189, -0.8389500126500467, -0.3924296868179867, -0.018381688274272036, -1.0932144710473364, -0.672335607956456, -0.5401744984993873, -1.013694769955405, -0.8060475149928572, -0.6887727561269834, -0.4392382448451531, -0.8523112338827143, -0.586667322092338, -0.4323362592310195, -0.6204075039288469, -0.5988163196459544, -0.3348834397852262, -0.6892729328618111, -0.47206831519870296, -0.7870800231863657], "mirnas": ["miR-1226", "miR-371b-5p", "miR-32-3p", "miR-2467-5p", "miR-576-5p", "miR-4742-3p", "miR-19b-3p", "miR-423", "miR-675b", "miR-4507", "miR-4788", "miR-224-5p", "miR-320c", "miR-4463", "miR-1228-5p", "miR-1264", "miR-29c-5p", "miR-199a-5p", "miR-609", "miR-1260b", "let-7a", "miR-103a", "Unknown", "miR-611", "miR-3115", "miR-764", "miR-3197", "miR-659-5p", "miR-18b-3p", "miR-4306", "miR-320d", "miR-1281", "miR-4466", "miR-642a-3p", "miR-4740-3p", "miR-574-5p", "miR-4484", "miR-3136-3p", "let-7f", "miR-2909", "miR-711", "miR-4281", "miR-4298", "miR-200b-5p", "miR-1207-5p", "miR-4433a-3p", "miR-936", "miR-26b", "miR-2861", "miR-548d-5p", "miR-1-3p", "miR-761", "miR-92b", "miR-3679-3p", "Unknown", "miR-4633-3p", "miR-106b", "miR-3196", "Unknown", "miR-3664-5p", "miR-2681-3p", "miR-4669", "miR-320b", "miR-320e", "miR-487a-3p", "miR-451a", "miR-616-5p", "miR-4635", "miR-98", "Unknown", "miR-638", "miR-4763-5p", "miR-4455", "miR-519d", "miR-4443", "miR-580", "miR-107-3p", "miR-193a", "miR-150-5p", "miR-4271", "miR-15a", "miR-3162-5p", "miR-323", "miR-5002-3p", "miR-941", "miR-4270", "miR-1275", "miR-187-3p", "miR-4505", "miR-5704", "miR-9-3p", "miR-3189-3p", "miR-632", "miR-1233", "miR-340-3p", "miR-17", "miR-3662", "miR-4327", "miR-122-5p", "miR-216a", "let-7i", "miR-4687-5p", "miR-15b-3p", "miR-3610", "miR-3960", "miR-3163", "miR-181a-3p", "miR-183-3p", "miR-3655", "miR-4769-5p", "miR-4286", "miR-4530", "miR-23b-3p", "miR-210", "miR-1268b", "miR-1202", "miR-1246", "miR-130a", "miR-3940-5p", "miR-22"],