{"corr": 0.27111928102776334, "p-value": 0.1713443639529394, "slope": 0.11203186413316839, "intercept": 0.12168514168738799, "Duan2021": [-2.3141652410398814, -0.20706231218491583, -2.9167669526192626, -1.8976344905138818, -1.6249364348873447, 0.031238848853762345, -1.115204867804912, -2.0038127093736726, 0.16249277194241507, -0.5093722016267159, -0.36121996901848147, -2.5817354647896016, -1.99336746990209, -1.3194712419780716, 0.9807639039186147, -0.6667037071063016, -0.28218932028672006, 1.13792133129904, -2.5547521873998402, -1.304736342210016, -0.7464361910175512, 0.33796357728951265, -0.756308169248727, -1.617279816527076, -0.34758070995338136, -1.6658624250495322, -0.5715309613435582], "Bianchi2011": [-0.13616453928396355, -0.46111752048450516, -0.46936087669168863, -0.15129944515862373, 0.8808110636176152, 0.3281281058104619, -0.3046935674229603, -0.2511323661723047, 0.03737942003567493, -0.3729785711324678, 0.25252599315811985, 0.4625035847626221, 0.044047935103846136, -0.23232070613411343, 0.9529742661455445, -0.15142321046779844, -0.21236679809285997, 0.33547705809067313, -0.22750721532151716, 0.39805371741815915, -0.4332998601721829, -0.14325028761788594, 1.0214428886787372, -0.18621315273197886, -0.18700851644404387, -0.6809516294400374, 0.18112417595531638], "mirnas": ["miR-126-3p", "miR-17", "miR-30c", "miR-191-5p", "miR-148a", "miR-133b-3p", "miR-28-5p", "miR-26b", "miR-32-5p", "miR-342-3p", "miR-148b-3p", "miR-29a", "miR-139-5p", "miR-30b", "miR-223a-3p", "miR-26a", "miR-328", "miR-140-5p", "miR-331-3p", "miR-142-5p", "let-7a", "miR-103a", "miR-432", "miR-374a-5p", "miR-142-3p", "miR-376a-3p", "miR-22"], "p-values": {"Duan2021": [0.009737398374275775, 0.3408931323020601, 0.00040062421241558125, 0.10312080645165703, 0.0652993137901248, 0.9374762361599521, 0.01057799743648843, 0.0042805836901312075, 0.8292100401938398, 0.36052302517492874, 0.6060879478845769, 0.0170333737221151, 0.0014548344677482545, 0.12245217085281404, 0.013043621484028576, 0.12396104454542044, 0.31034609827157483, 0.01962248346120708, 0.0019553891050900956, 0.17110967975368208, 0.1407602934586216, 0.1637718527754554, 0.171911639061554, 0.007261834781009084, 0.5815001484395043, 0.011187436385458997, 0.3779240098968586], "Bianchi2011": [0.035061284596444704, 1.0879136719279033e-06, 7.9372318448231e-06, 0.008576553848249718, 2.2799874776139176e-07, 0.3082606921927545, 0.09329612669013874, 0.023965711950979886, 0.8458506772436319, 6.707287048611133e-05, 0.15756055243855122, 4.284948664714242e-05, 0.83088057968927, 0.016926513359532776, 0.00014748281949036594, 0.07247830961722486, 0.11404956844705813, 1.327348530147137e-07, 9.538214672058043e-05, 0.00011469575410906855, 0.0720250437447595, 0.18732719934328973, 8.081676355475523e-09, 0.13611953634090698, 0.09990347384598572, 0.05123977732705461, 0.2724693692539459]}}