{"corr": 0.10626787619605964, "p-value": 0.1653016886541453, "slope": 0.032625509994565184, "intercept": -0.002846402646896444, "Duan2021": [-0.11465572054790003, -1.7744453272106249, -1.4833979962403907, -2.8784867102243794, -2.9888574192240185, -2.3141652410398814, -2.9167669526192626, -2.701783673030311, -0.2062934157604186, -1.9771372447495708, -0.31017866882483314, -1.7885325699055579, -2.1238114341230343, -0.26649047847244534, -2.2690178135588894, -2.0721657531204403, -3.7745513440899225, -1.7633632333819476, 0.031238848853762345, -3.044257632374966, -0.6988671739478236, 1.071181215715872, -2.617416286053401, 1.178642569005392, -2.2108160439027613, -1.9151008062622776, -1.3072299088036743, 1.4123471991847167, -3.1086737697634943, -1.2439175059486363, 0.5811607106686327, -0.6667037071063016, -1.3225894632057975, 0.4885658399290753, 0.8174188005437713, -1.3295278956957164, -2.213468935416291, -0.7464361910175512, -1.8779739396704525, -0.24928607649508144, 0.33796357728951265, -2.189259650559033, -2.7724338916235043, -2.7185711772183945, -0.49279111831250305, -1.617279816527076, -0.8921242240034135, -0.34758070995338136, -1.4900896268665855, -1.7557483393068605, 0.024166740180585032, -1.4014046015629682, -1.8976344905138818, 0.078858669929721, -0.14372582744941406, -0.9852256960251932, 0.32331256433947053, -1.4958350879468485, -0.6620093370975108, 0.8620017468404828, -0.8096464164277934, -0.7919914832715458, -1.115204867804912, -2.25485972239311, -1.8765491688136018, -2.0038127093736726, -0.0765770913805192, -0.9653345422402644, -0.9204470255419493, 0.5073924334628337, 0.16249277194241507, -1.48138678358337, 0.9475745227027261, -1.490306349887196, -0.7552792164058315, -1.6689660786004108, -0.7372705038211269, -1.9776365582827116, -2.5773383786407447, -1.980439367533017, -0.5685696693587788, -3.27462865961448, -2.5547521873998402, -1.304736342210016, -1.0275439350471816, 0.8286530320673342, -1.2887893028350978, -3.8044199969092256, -1.11587066788579, -2.2696533175543503, -1.7940362798214347, -0.5333034367814464, -1.967480504519509, -2.6767922754323124, -2.8382174393891653, -1.7554226104771946, 0.0833931242143656, -1.1135581438725308, -1.3310281402849506, -1.5558694755012734, -1.8714445757275961, -2.3700196720550544, -1.6297352369277633, 0.100026780537879, -2.012829559374206, -1.4502711679629883, -1.8785124030227605, -0.5093722016267159, -1.3397816127949467, -1.99336746990209, -1.196867384767888, -1.3194712419780716, 0.9807639039186147, -0.7626778961239729, 0.4134023150792061, 1.13792133129904, -1.6205764421870124, -2.164449113102866, -2.0776238345637745, -2.15639922739879, -2.2767509303828595, -3.9588696580528957, 0.0, -2.0205892809601558, -1.6658624250495322, 0.998923807710175, -0.7057481072039216, -0.8109970690894892, -2.3568235519140974, -0.20706231218491583, -1.7058115282402557, -1.6029329239359296, -1.3587166394898986, -2.422981893956212, -1.6249364348873447, 0.25494461454144457, -2.0014988757482426, -0.09966781512219021, -0.029195754341247417, -0.960429906058079, 0.7702429389295604, -1.6345598429187596, -2.125232626037742, -1.3798740488887429, -1.721525298536711, -1.938042959035145, -1.794416553680159, -3.272336108273437, -2.6232994094655053, -1.7498557059504822, -2.978972784622947, -0.5648305784382259, 0.8586298044537763, -1.8915950507402863, -0.36121996901848147, -1.5433936493818154, -2.5817354647896016, -1.7957698990540008, -3.4817518147778523, -0.28218932028672006, -1.7143253173266002, -1.9840067984878083, -0.4329470598498838, -2.2685091321210114, -1.412879211127749, 0.6667423374987349, -1.9705140024698626, 1.1021279491321516, -2.1586125300234684, -1.4478353983106964, -1.1521334490117674, -0.5715309613435582], "Zaporozhchenko2018": [-0.36229253133664174, -0.12815537064366703, -0.7992707554944971, -0.19658131938509432, 0.34564839675046066, -0.03717074224319873, -0.09699769243272874, 0.26426387404569557, -0.08276896661863875, -0.3572401745179005, -0.3414214877849804, -0.135828274926842, -0.46592704390637696, -0.17129762767582304, 1.0162031352408216, -0.016310859191843212, -0.2864153656268972, -0.32793213544416205, -0.08731750004166391, -0.137685090637996, -0.11947151723364399, -0.09535810442814677, 0.19738486893859164, 0.9728739135180056, -0.0408694872967378, 0.7628900310453288, -0.2411991014960414, -0.14293659251628726, -0.36006778795384664, -0.16477967450217135, 0.37049674084190587, -0.10270356552257134, 0.03365189817977296, -0.13305907317601984, 0.6335041254772776, 0.6248184928591878, -0.21085883098619063, -0.0025732925030067886, -0.35847345311918544, -0.10584020243911332, -0.10787657760398421, -0.027493730595300934, -0.06984832173712341, -0.15100341739811235, -0.21861793449567585, -0.2481646780686386, -0.2163059933857679, -0.025485518946363972, -0.10339765568219589, -0.13674999747246305, 0.02693195552442752, -0.07314972028165344, -0.1391534596512059, -0.12575989047442587, -0.44943921241362095, -0.19784982075910532, -0.17745176161709006, -0.33976566556101007, -0.11496140591371326, 1.460298808891361, 0.26966217640559015, -0.03926389683797071, 0.33736324538213, -0.07052960634169138, -0.11542011869278426, -0.11993761035023201, 0.12550132156222538, -0.08554770496784952, -0.3405108027588286, 0.1345789359082203, -0.11090403789963788, -0.2689532956078421, 0.6061513659805255, 0.36534739884691014, -0.07196677148059163, -0.18328802947688, 0.05640494153688856, -0.2682840984552235, 0.6276435357837735, -0.04287552611005796, -0.09283681083332274, -0.08968761275370013, 1.1574140294050013, -0.1729242745648666, -0.05988940043437789, 0.6655318569256128, -0.5421671921990585, -0.0644610912695016, 0.08173819344550634, -0.1108185982851896, -0.13068500289463736, 0.3734709033620841, -0.1739064311963226, 0.505394259201926, -0.21175326739062977, -0.3156267117393194, -0.2219745091054185, -0.30583908428587736, -0.18433253046360587, -0.24614110949510726, -0.614139898840027, -0.32198102651852806, 0.5010155313127507, -0.18560238362513248, -0.27840681564095027, -0.02767643367090276, -0.1342183990979763, -0.13579005901600572, -0.26869867639010775, -0.12306722256579948, -0.20607226396818712, -0.09734005250719296, -0.17404834798998917, -0.42447831033856087, -0.0571702577435708, -0.21794463515451745, -0.20195214689431468, -0.1709783755672062, 0.35097858906653223, -0.058249176387395823, -0.5848261968576486, -0.08017376676472202, 0.74622349684598, -0.3349046117880159, 0.3068743601685481, 0.02197508136930686, -0.03931299192088916, -0.03764841730423339, -0.292993364292114, -0.3018168504173626, -0.2559044842385271, -0.1318243433562145, -0.1660129188909397, 1.1718608994355104, -0.19276698024599573, -0.2447006903510107, 0.22427113027953327, -0.06364445858089558, -0.12255947368258988, 0.5405723067556512, -0.038693187044469626, 0.7667949758222175, -0.3566949558178445, -0.06028569943804654, -0.2664300066809093, -0.07593377906331181, -0.03321256795638135, -0.38998899116241054, -0.32204794452158525, -0.2453740329929427, 0.7932585584841143, -0.2911630988212951, -0.10219621104624882, -0.4084057094705431, -0.16655106232241157, -0.1679847039599888, -0.23925600050211443, 0.9293183835345812, -0.18445801563981018, -0.4760003641187034, -0.3059700985393081, -0.3858550332783022, -0.15154789938319713, -0.23791729358482464, -0.13847589199079813, 0.2956108806077382, -0.1887598429415946, -0.0023539534820925384, -0.3255404770791487, -0.24200173301983616, 0.07809673191072156, -0.36691387484076243],