{"corr": 0.13985816726516914, "p-value": 0.16959013263454356, "slope": 0.03570054649090906, "intercept": -0.19741591156997065, "Duan2021": [-2.8784867102243794, -2.9888574192240185, -2.3141652410398814, -2.701783673030311, -0.2062934157604186, -3.7745513440899225, -3.044257632374966, 0.0, -2.2108160439027613, -0.20706231218491583, -1.9151008062622776, -1.3072299088036743, -1.0951600770942163, 1.4123471991847167, -1.2439175059486363, -1.3225894632057975, -1.5361815408112944, 0.8174188005437713, -0.24928607649508144, 1.5925123171381976, -1.3433079905402778, -0.4299440411245471, -0.8921242240034135, -1.8843231047551443, -1.4900896268665855, -1.8976344905138818, -0.3542007965022396, -0.14372582744941406, 1.1074344955043878, 0.1615622697530067, -0.8096464164277934, -0.7919914832715458, -1.115204867804912, -1.8765491688136018, -2.0038127093736726, -0.9653345422402644, -1.0861865634191359, -0.7552792164058315, -0.917859933199063, -1.1676400624854284, -2.41679883907973, -0.5685696693587788, -2.687140862780078, -2.5547521873998402, -2.7522968943287793, -1.2887893028350978, -3.8044199969092256, -0.46173049202226707, -2.2696533175543503, -1.7940362798214347, -2.822146520182734, -1.7554226104771946, -1.1135581438725308, -1.5558694755012734, -1.5881129787890056, 0.19842584441150618, -1.6297352369277633, -0.031251450535070016, -0.5093722016267159, -1.4502711679629883, 0.9807639039186147, -3.4028961596211325, -1.3879014894325676, 1.13792133129904, -2.164449113102866, -2.2767509303828595, -0.9302407622588782, -2.0205892809601558, -0.8109970690894892, -1.3937967712235637, -0.20706231218491583, 0.38541248168593045, -1.6249364348873447, -2.162421485892916, 0.7702429389295604, -2.1142069707500704, -2.1755598930946713, -3.272336108273437, -0.7888285109357063, -2.6232994094655053, -1.7498557059504822, -0.4851564647195372, -0.36121996901848147, -1.5433936493818154, -1.852550634088601, -2.5817354647896016, -1.7957698990540008, -3.4817518147778523, -0.28218932028672006, 0.703209948962539, -1.9840067984878083, -2.2685091321210114, -1.412879211127749, -1.9705140024698626, -3.2795204273870384, -0.9204470255419493, -1.4958350879468485, -0.5715309613435582], "Nigita2018": [-0.10827968125465001, -0.4304121844438106, -0.5635881967593057, -0.6191124914164418, -0.2002189562659396, -0.3126496029586653, -0.2406874832787213, -0.07860134229814542, -0.4511711853419891, -0.2466859911049432, -0.9380281416022072, -0.13428016252990432, -0.6985268204784096, -0.13330973900866183, -0.34327218191842157, -0.4997664070463649, 0.018969654114247177, 0.2187980452952621, -0.3581226263751204, -0.06505974163963396, 0.25325626477020324, 0.11893488052271652, -0.08255600041344686, -0.2111264519460569, -0.5539946555056502, 0.21440895022740836, -0.5966394053130357, -0.4285714387664865, -0.4770325659296564, -0.3575165237131249, -0.45430128121002916, -0.8936455155672947, -0.8048412662001037, 0.18133512137092056, -0.3889430719292435, -0.03436663538915623, -0.06272216494495125, -0.4739614633960455, -0.06657443096469148, -0.24004582834731153, -0.2583553410334667, 0.06396624371717206, 0.045605167178009394, -0.31042389961115263, -0.326327724344306, -0.49798598616635625, -0.01867461669587591, -0.1755439044029605, -0.4171399838165716, 0.0791660004144254, -0.518511991298451, 0.6082571138895934, -0.16597418705404585, 0.1410700160810356, -0.3272979645417058, 0.07072306991410363, -0.2019581885682129, -0.4664708167652981, -0.5403999204587574, 0.11107076371326279, -0.24878735805096125, -1.5514752878427802, 0.11038446899793947, -0.3066188214094633, -0.15904325531496932, 0.009595781551030682, -0.4896427257357169, -0.15653724696586724, -0.351892845967686, 0.17400433342383226, -0.2421301013609089, 0.11154205860037525, 0.2811856623237663, -0.41801599474422524, -0.1549635209637557, -0.1408380413427625, -0.5125283122929944, -0.05741293207936882, -0.18478098836268725, -0.09463352910037054, -0.5404616362780679, -0.5135018567905394, -0.18092084583555695, -0.1442426571397257, -0.3037302567671366, -0.36111041707506364, -0.3139526064808268, -0.4177372415217112, -0.23887949461293825, -0.15481233117982476, -0.26901443365142536, -0.28273433267285397, -0.2957618786372076, 0.08551726715982519, -0.48629047560676864, 0.2264629045628243, -0.5954545854399867, -0.17408661623996174], "mirnas": ["miR-221", "miR-193b", "miR-126-3p", "miR-339-5p", "miR-338-3p", "miR-222-3p", "miR-21-5p", "miR-494", "miR-574", "miR-3168", "miR-141-3p", "miR-152-3p", "miR-887", "miR-185-5p", "miR-27b", "miR-132a-3p", "miR-200b-3p", "miR-375-3p", "miR-421", "Unknown", "miR-654", "miR-337-3p", "miR-130b-3p", "miR-2355", "miR-424", "miR-191-5p", "miR-874", "miR-425-3p", "miR-1249-3p", "miR-362-5p", "miR-197", "miR-10b-5p", "miR-28-5p", "miR-363-3p", "miR-26b", "miR-144-3p", "miR-3615", "miR-320a", "miR-455", "miR-92b", "miR-203-3p", "miR-301a", "miR-501-5p", "miR-331-3p", "miR-1301-3p", "miR-27a", "miR-99b", "miR-301b", "miR-30a-5p", "miR-106b", "miR-376c", "miR-15b", "miR-652-3p", "miR-451a", "miR-598", "miR-361", "miR-127", "miR-193a", "miR-342-3p", "miR-150-5p", "miR-223a-3p", "miR-208a-3p", "miR-454", "miR-140-5p", "miR-93", "miR-551b-3p", "miR-758", "miR-19a", "miR-125a", "miR-340-3p", "miR-17", "miR-137-3p", "miR-148a", "miR-1307", "miR-484", "miR-628-3p", "miR-212", "miR-423", "miR-181c", "miR-143", "miR-29c", "miR-370", "miR-148b-3p", "miR-18", "miR-214", "miR-29a", "miR-543-3p", "miR-23a", "miR-328", "miR-605", "miR-505-3p", "miR-23b-3p", "miR-210", "miR-25", "miR-487b-3p", "miR-30e", "miR-130a", "miR-22"], "p-values": {"Duan2021": [0.0009745617510298145, 0.000853955861289229, 0.009737398374275775, 0.00012476904064515513, 0.7384665170078655, 0.0034880822316741876, 0.014329378522701493, NaN, 0.006796709039014077, 0.3408931323020601, 0.0016140264097454628, 0.05593350202435924, 0.25242706158493877, 0.0024463612169325793, 0.08090792347190344, 0.007300273776293232, 0.057844305504850396, 0.004924294385559763, 0.2990875217993758, 0.003739036091792848, 0.012624068178959363, 0.6614336529217999, 0.10055353637114688, 0.005543682412900024, 0.04873407249742393, 0.10312080645165703, 0.32332203650599234, 0.8150847399486907, 0.00878983190233113, 0.8199506477940944, 0.22598908453561567, 0.3483333577852191, 0.01057799743648843, 0.010411892443726884, 0.0042805836901312075, 0.3436335984726061, 0.15696429241876675, 0.13153261860816454, 0.19821453867602182, 0.18316922349611814, 0.013486259191246712, 0.05890097778447875, 0.02673887525089215, 0.0019553891050900956, 0.0059211017681771085, 0.05699442599042007, 0.001505221473749779, 0.5110371735024073, 0.006811847006408187, 0.07673931722514285, 0.002728810996378014, 0.03241997150131975, 0.15508168712520076, 0.2996622766207691, 0.041029816263811095, 0.444075327298166, 0.0015543500128694572, 0.9216952521010795, 0.36052302517492874, 0.019525835566990453, 0.013043621484028576, 0.0011275414710091077, 0.06598197418181223, 0.01962248346120708, 0.015759602830919154, 0.000633101486591096, 0.21870399870086624, 0.027995272580583666, 0.07395611204987221, 0.06567245126348996, 0.3408931323020601, 0.34089313230206, 0.0652993137901248, 0.03077848727362827, 0.031866325830715476, 0.0029331339556241333, 0.040943509398758196, 0.0034448727415828865, 0.22984810305488243, 0.00021618425024251615, 0.006476479941749649, 0.6096156844618001, 0.6060879478845769, 0.00371609115435647, 0.010903013348147037, 0.0170333737221151, 0.008153886572773944, 0.01287252826210107, 0.31034609827157483, 0.05648290531348558, 0.010266407211641551, 0.0018037293720960968, 0.1608269094431689, 0.02564597753281928, 0.012623620501736852, 0.26213997181165516, 0.01689724014262463, 0.3779240098968586],