{"corr": 0.0202990201451181, "p-value": 0.7765228149153657, "slope": 0.007360886916161347, "intercept": -0.2445900771628824, "Duan2021": [-0.11465572054790003, -1.7744453272106249, -1.4833979962403907, -2.3141652410398814, -1.0550837314742756, -2.9167669526192626, -2.701783673030311, -1.9771372447495708, -0.31017866882483314, -1.7885325699055579, -2.6108446153754956, 0.7868416453303402, -2.2690178135588894, -1.696679299908321, -3.7745513440899225, -0.8565495883784836, -1.5879579853343655, -3.044257632374966, 1.0817186449400693, -0.6988671739478236, 1.071181215715872, -0.5422285127669062, -2.2108160439027613, 0.0, -1.3477194335799292, -2.60812114680626, 0.908337706338616, -2.7398285956952986, -0.30844452838316205, -0.6009967805151255, -2.2789815337326647, -3.1086737697634943, 0.2220126707421334, -0.4957339515199627, -2.622858196667387, -0.8059169464496353, -1.7786575872738593, 0.5811607106686327, -0.6667037071063016, -2.8714599351637435, -1.3225894632057975, -0.38864012702043843, -2.3248402062533495, -1.8515481631519037, -2.213468935416291, -0.7464361910175512, -0.24928607649508144, -2.189259650559033, 0.33796357728951265, -1.870617356474399, 1.5917414713242384, -1.8443039355341653, -2.7185711772183945, -2.7724338916235043, -0.49279111831250305, -2.2350361371521625, -0.8921242240034135, -1.617279816527076, -1.3433079905402778, -2.428937936869086, 0.3503183570328398, 0.5330944725875384, -0.8308592772515905, -0.7968890667716622, -1.3473842598276784, -1.4014046015629682, -0.3542007965022396, -0.8042593294973936, -1.6715883894385308, 0.46773513163462654, 0.8397594779911121, -0.989218638556504, -1.4694190918091845, -1.0726511836868238, 0.32331256433947053, 0.1615622697530067, -0.6620093370975108, -1.0342906317431297, -1.861576991521221, -0.8096464164277934, -1.068467435012243, -2.25485972239311, -1.8765491688136018, -2.0038127093736726, -0.0765770913805192, 0.16249277194241507, -1.5217747720186559, -0.7552792164058315, -1.6689660786004108, -1.9776365582827116, -1.9831734804425698, -3.8398548162894377, -0.2580564330752463, -3.27462865961448, -2.5547521873998402, 0.8286530320673342, -1.2887893028350978, 1.6619871098636254, -2.2696533175543503, -1.7940362798214347, -0.9875917459634267, -1.3694251922560094, -1.1276649668283503, -1.967480504519509, -2.6767922754323124, -2.8382174393891653, -1.002822251766181, -0.34512513328880734, -1.1135581438725308, -1.5000766001753538, 0.4867195372942839, -1.5558694755012734, -1.4624820382014316, -1.5881129787890056, -3.6651025929233554, -1.0639065735216287, 0.9755891007743986, -2.3700196720550544, 0.19842584441150618, -1.5605362620734327, 0.2584258728854625, 0.100026780537879, -0.031251450535070016, -1.4502711679629883, -1.5912747745294489, -2.392296580290214, -1.99336746990209, -2.7128438610326366, 0.9807639039186147, -0.7626778961239729, 0.4134023150792061, -2.164449113102866, -3.0830079061488256, -2.0716394053989067, -2.0776238345637745, -1.399905077564539, -2.1585383222549765, 2.153677889848031, 0.5096825473322472, -3.9588696580528957, -1.184332742639522, -0.07083754571023917, -2.0205892809601558, -1.8433464259050094, -1.6658624250495322, 0.4445245140156613, -0.7057481072039216, -0.8109970690894892, -1.3340178845044597, -0.20706231218491583, -1.7058115282402557, -2.122935581802703, -1.6029329239359296, -1.4278323694721582, -0.2964272972019383, -1.8132877419245967, -0.029195754341247417, -1.6249364348873447, 0.25494461454144457, -0.09966781512219021, -1.8377462242230087, -1.3882347112806537, -1.6345598429187596, -0.2153250950879867, -1.3798740488887429, -1.721525298536711, -1.938042959035145, -3.272336108273437, -1.8327586252886983, -0.7888285109357063, -1.5113259083521084, -1.7498557059504822, 0.854033543054348, 0.25363205900463126, -0.5648305784382259, 0.8586298044537763, -0.36121996901848147, -1.852550634088601, -2.5817354647896016, -2.563990968542911, -1.5433936493818154, -0.2022263889540487, -3.4817518147778523, -1.128173628735035, -2.7426987012613573, -0.28218932028672006, -0.9309118451227916, -1.032501645011381, -0.4329470598498838, -2.2685091321210114, -0.012043768575331473, -1.9705140024698626, -0.3032038101007186, -0.9204470255419493, -2.1586125300234684, -1.4958350879468485, -1.1521334490117674, -0.5715309613435582],