{"corr": 0.6007150466797406, "p-value": 2.1739735076306305e-15, "slope": 0.8128846090874802, "intercept": -0.23101290428122623, "Fehlmann2020": [0.24907587185986738, -0.6784177422568736, -0.27870060529361906, -0.7380011506599324, -0.05415128972252958, -0.09476820959911597, -0.11731338641770331, -0.07003815292618931, -0.010109040873740805, -0.21850317963659438, 0.13116036641284906, 0.0005366513020266469, -0.2251470420356917, 0.23152730114688563, -0.13435132947549472, -0.45661634546124413, 0.05945511019771198, -0.32993488969485174, 0.1344153597579834, 0.1396479733202763, 0.22359726822258996, 0.02669865327641649, -0.33343657356113554, -0.10072463361507814, 0.25994260199395636, 0.3020193622710091, 0.06332409716487868, -0.0035327767008326485, -0.289282627125758, 0.2568734471909955, -0.13426137331726734, 0.038306763593089925, -0.019645392016037357, -0.2399667510721899, -0.16968148710135336, -0.07663079946101334, -0.032877406763363815, -0.3123884968718454, 0.0778468429041935, 0.10224660709398004, -0.14644680055598563, 0.1960508648078932, 0.11898092107044088, -0.8196144039131157, -0.08654796146403351, 0.19037290917340033, -0.053129119922281476, 0.06110694992357647, 0.05639993961386157, -0.507082967335142, 0.2073059810788866, 0.2773442770791027, 0.0442377646959879, 0.03533637717404896, -0.03745439190870094, 0.02577341565085016, -0.22403229035851543, 0.21748644781987664, 0.2385815631338029, -0.08864838671496067, -0.16069243089720595, -0.4293054413811465, -0.4616793438912933, -0.01162013318956854, 0.19665771707608698, -0.02482797666748278, -0.19751634843935778, -0.036689368538792316, 0.0582393750598347, 0.006715573178384679, 0.01997379165613549, -0.4493655517142549, 0.21003002684838212, -0.43252746338313597, -0.6594339734013752, -0.10127192162653198, 0.08391090403595941, 0.08899952998408807, 0.10108718419874171, -0.04944974807957839, 0.02554232546848726, -0.366251818946025, 0.19467222326625933, -0.28470695190066747, 0.036288919187918905, 0.004957287814765997, 0.19208309193715017, -0.28016829332032045, -0.08800134212075482, -0.013864833293301008, 0.13323004007406225, 0.18197765491755785, -0.18890310722189405, -0.08516465249218406, -0.20477614772913683, -0.6310207725410661, -0.330360401820014, 0.06301719863934523, 0.0475246081837091, -0.23297473270215527, 0.022386996542283273, 0.40738753744711587, 0.1997998517715735, 0.022937246893313668, -0.3981949871604548, 0.04443113384483245, -0.32198921955871224, -0.4653934845069978, 0.14592605864390776, -0.4863680976234657, 0.028590420131751344, 0.09670485141388876, -0.1457745180848087, -0.4545895334204626, -0.4334598295636576, -0.3307043897803874, 0.13433162716400743, 0.053496251706521766, -0.6837810673164268, -0.5184765476143441, 0.12988281467609042, 0.11801360065453442, -0.027346068573175827, -0.19986271515130116, -0.182014206136024, 0.015970324833484466, -0.4502223996499144, 0.0571511630632022, -0.19007931711940573, -0.7649611084203498, -0.06543872136549822, 0.051256780290828266, -0.24636421510967, 0.1091340354463944, -0.04865835864073759, 0.03964267292157192, -0.039941533748621916, -0.06327316397725269, -0.21559786703154857, 0.049037783329197504, -0.33544467528683886, -0.30146937867805235, 0.09409774706737263], "Leidinger2016": [-0.20677771247005428, -1.0132504403521794, -0.33023218748393957, -0.7658144536866222, -0.48135355959533577, -0.0324677752973348, -0.04649045769267311, -0.20048021936199154, -0.3601431401307205, -0.05297157933312852, 0.46980929343584876, -0.3297880228652279, -0.16171873294626277, -0.3000675425391206, 0.15257846654207674, -0.7949947446444529, -0.2969592946441628, -0.5694478542899493, -0.20247982181547972, -0.22248370751648155, -0.03684175670210757, -0.20836891994453846, -0.31669210387908125, -0.4192717271264203, -0.0597483434163651, -0.5639550636330402, -0.053219423339005235, -0.08148711939293017, -0.4097797321338592, -0.19244086662475837, -0.09209221688684552, 0.06337118314433052, -0.45614251607807654, -0.7788223053693519, -0.38055369072893375, -0.26499667217069645, -0.12303132371523892, -0.32058979707357216, -0.09119783675567433, -0.1506702110949943, -0.0490936216197909, -0.6778307611737908, -0.11710749207447768, -0.9573437004916578, -0.24449869034582164, 0.13749071223960999, -0.24278487486205885, -0.17002719840124123, -0.3054370918403164, -0.5298354076397427, -0.3022834149434165, 0.0968791877371811, -0.04099177627434478, -0.1227357162572231, -0.2316317978715377, -0.13750403581997844, -0.5132913179545168, -0.6814481882207045, -0.20493989239429927, 0.22298929268983586, -0.4174790671044689, -0.4606014476066129, -0.8874951598322174, -0.263791586773239, -0.04519332383820402, -0.08140180888812118, -0.2711235320861594, -0.2970326052646974, 0.07514181341187487, -0.0971976589810212, -0.05608630813860595, -0.544821213116931, -0.21887714453018947, -0.5257891240874264, -1.0255013235767336, -0.26119640895766616, -0.24566447819397993, -0.23137632863035745, 0.07074372212653322, -0.17656272238667775, -0.278635507436799, -0.7381717110244161, 0.044661130329656254, -0.9512759999038196, -0.07952671068100874, -0.022984068233727437, -0.13482868586481728, -0.5528391582635195, -0.47302377304980037, -0.037795519440803, 0.7294528617729963, -0.17018335888071984, -0.762179378623971, -0.23466547441212, 1.161470044535645, -0.7742527506466264, -0.4100320252002111, -0.2836380427842963, -0.1897214758420414, -0.8479973617684178, -0.09737200313724442, -0.189141982476912, -0.19608374735343834, -0.2738620434312675, -0.7290265778856173, -0.15105552530516692, -0.39805949939733687, -0.9244474760983626, -0.11247923144982347, -0.3957896957695818, -0.09951086630741177, -0.0887432162230929, -1.101423333399474, -0.5723968987658816, -1.016349635406938, -0.4589081675741122, -0.10670457028620209, -0.2731728704908114, -1.2341194154997646, -0.5821549012079201, -0.08345603316689384, -0.1781454714664506, -0.38136629978316183, -0.3131064582434303, -0.48986222385613737, -0.22312617474133095, -0.4578222684840709, -0.5552108318945415, -0.36009972012585256, -0.9242542910505119, -0.003171513214441997, -0.8359007414220272, -0.28067739624151944, -0.08777367619888415, -0.04994664734806184, -0.1924028091354824, -0.10813197092822238, -0.1318956450714951, -0.8497429695693562, -0.11210776861922758, -0.39470763866144654, -0.4137935592637143, -0.2430795029980864],