{"corr": -0.1196241460284669, "p-value": 0.29055164039932124, "slope": -0.12529516630395737, "intercept": -0.26019532016138897, "Fehlmann2020": [-0.1238281233857997, 0.01335031078744145, -0.7380011506599324, -0.11731338641770331, -0.12150137131116232, -0.2251470420356917, -0.45661634546124413, 0.22359726822258996, 0.1396479733202763, -0.2941091178030524, -0.07805242436911655, -0.3916960990145274, -0.13426137331726734, -0.07663079946101334, 0.31451827263013354, -0.19086726820740024, -0.08654796146403351, -0.530380235931791, 0.0381314473418587, 0.2073059810788866, 0.0709660632122852, 0.20413702239690545, 0.02577341565085016, 0.2385815631338029, 0.009428092031286316, -0.1522078382785515, -0.4293054413811465, -0.4616793438912933, -0.5712795208964605, 0.19665771707608698, 0.09829087223903282, -0.5933279924646824, 0.08209255237661857, 0.006715573178384679, -0.4493655517142549, 0.214314094414722, 0.21003002684838212, -0.43252746338313597, -0.41418353838192673, -0.15785039649185256, -0.04944974807957839, 0.02554232546848726, -0.366251818946025, 0.004957287814765997, 0.05651219978271775, -0.08800134212075482, 0.008727742683998917, -0.013864833293301008, -0.08516465249218406, -0.5125914037694925, -0.6564240669476626, -0.330360401820014, -0.10583505159223795, -0.3981949871604548, 0.14592605864390776, -0.11757697714103443, -0.4863680976234657, 0.21158477104449996, -0.4545895334204626, 0.19266964938085857, 0.04384412600570543, -0.25226619292878927, 0.03555820506612194, 0.11801360065453442, -0.027346068573175827, -0.182014206136024, -0.19007931711940573, -0.7649611084203498, -0.06543872136549822, -0.014943681656067286, 0.051256780290828266, 0.1091340354463944, 0.2465471593645597, 0.03964267292157192, 0.0012542447270560617, -0.039941533748621916, -0.23298761422502295, -0.21559786703154857, -0.33544467528683886, 0.09409774706737263], "Nigita2018": [-0.10827968125465001, -0.4304121844438106, -0.5635881967593057, -0.6191124914164418, -0.2002189562659396, -0.3126496029586653, -0.2406874832787213, -0.07860134229814542, -0.4511711853419891, -0.13428016252990432, -0.13330973900866183, -0.34327218191842157, -0.4997664070463649, -0.3581226263751204, -0.06505974163963396, 0.11893488052271652, -0.08255600041344686, -0.5539946555056502, 0.21440895022740836, -0.5966394053130357, -0.4285714387664865, -0.4770325659296564, -0.3575165237131249, -0.45430128121002916, -0.8936455155672947, -0.8048412662001037, 0.18133512137092056, -0.3889430719292435, -0.03436663538915623, -0.4739614633960455, -0.24004582834731153, 0.06396624371717206, 0.045605167178009394, -0.31042389961115263, -0.49798598616635625, -0.01867461669587591, -0.4171399838165716, 0.0791660004144254, -0.518511991298451, 0.6082571138895934, -0.16597418705404585, 0.1410700160810356, -0.3272979645417058, 0.07072306991410363, -0.2019581885682129, -0.4664708167652981, -0.5403999204587574, 0.11107076371326279, -0.24878735805096125, 0.11038446899793947, -0.3066188214094633, -0.15904325531496932, -0.4896427257357169, -0.15653724696586724, -0.351892845967686, 0.17400433342383226, -0.2421301013609089, -0.6195831794559228, 0.2811856623237663, -0.41801599474422524, -0.1549635209637557, -0.1408380413427625, -0.5125283122929944, -0.05741293207936882, -0.18478098836268725, -0.5404616362780679, -0.18092084583555695, -0.1442426571397257, -0.36111041707506364, -0.3139526064808268, -0.4177372415217112, -0.23887949461293825, -0.26901443365142536, -0.28273433267285397, -0.2957618786372076, 0.08551726715982519, -0.48629047560676864, 0.2264629045628243, -0.5954545854399867, -0.17408661623996174], "mirnas": ["miR-221", "miR-193b", "miR-126-3p", "miR-339-5p", "miR-338-3p", "miR-222-3p", "miR-21-5p", "miR-494", "miR-574", "miR-152-3p", "miR-185-5p", "miR-27b", "miR-132a-3p", "miR-421", "Unknown", "miR-337-3p", "miR-130b-3p", "miR-424", "miR-191-5p", "miR-874", "miR-425-3p", "miR-1249-3p", "miR-362-5p", "miR-197", "miR-10b-5p", "miR-28-5p", "miR-363-3p", "miR-26b", "miR-144-3p", "miR-320a", "miR-92b", "miR-301a", "miR-501-5p", "miR-331-3p", "miR-27a", "miR-99b", "miR-30a-5p", "miR-106b", "miR-376c", "miR-15b", "miR-652-3p", "miR-451a", "miR-598", "miR-361", "miR-127", "miR-193a", "miR-342-3p", "miR-150-5p", "miR-223a-3p", "miR-454", "miR-140-5p", "miR-93", "miR-758", "miR-19a", "miR-125a", "miR-340-3p", "miR-17", "Unknown", "miR-148a", "miR-1307", "miR-484", "miR-628-3p", "miR-212", "miR-423", "miR-181c", "miR-29c", "miR-148b-3p", "miR-18", "miR-29a", "miR-543-3p", "miR-23a", "miR-328", "miR-505-3p", "miR-23b-3p", "miR-210", "miR-25", "miR-487b-3p", "miR-30e", "miR-130a", "miR-22"], "p-values": {"Fehlmann2020": [0.005182837514234665, 0.6969320924361478, 5.171482321886701e-53, 0.0022191614217918487, 0.015738833325364757, 4.464999316344351e-09, 4.1572683876282806e-23, 1.352762287986212e-09, 1.4633899822817133e-06, 1.5812928590351884e-11, 0.07895521473351687, 5.757228012717451e-16, 0.0005737996905946373, 0.03989543465019289, 1.0657267011078027e-10, 5.335253519402895e-05, 0.02303749132511935, 1.0231934079041028e-22, 0.25046596875924004, 1.043193998046288e-11, 0.0031597083699564945, 6.375232977284918e-13, 0.5089681707882077, 8.126050323948673e-27, 0.8075095526117241, 0.00047350212717295554, 1.1015438349457563e-22, 2.583705256875546e-22, 9.264843465839313e-19, 7.820514583138426e-12, 0.0012203783429307559, 8.108216973705414e-26, 0.018476301617754813, 0.8636844452974906, 2.580232908578908e-22, 7.59153966356899e-08, 2.1370216551675837e-06, 2.0159366545664635e-21, 8.465843715458284e-15, 1.018616360009103e-06, 0.08841182474289579, 0.5556696426423353, 1.2102052872555987e-17, 0.8989399103370326, 0.17483693501924386, 0.03151937428425822, 0.7935964016545738, 0.70676021317243, 0.015451945242310486, 4.3762212819547455e-23, 2.6491409681200784e-39, 9.027158727921144e-20, 0.00802183530178673, 7.337680690573992e-16, 1.6695705946822594e-05, 0.017772154453297086, 3.9308774138820474e-32, 8.9887664180412e-05, 3.7998578291229147e-19, 2.230413546303539e-08, 0.24255568994831414, 6.965475478155962e-10, 0.3892870260556037, 0.00030214280463039517, 0.5394279879867829, 0.00011014369181618885, 1.123787381914566e-05, 6.6410585494360855e-43, 0.09937961548903318, 0.7358463492521802, 0.24778500428681538, 9.35808420186955e-05, 8.866387151394155e-10, 0.32077190313094034, 0.9734402676219434, 0.17176040600863957, 2.3783944829088292e-07, 7.960814953124379e-07, 4.594314631211423e-15, 0.015157347737307349],