{"corr": 0.43435594011777806, "p-value": 4.041203744615784e-09, "slope": 1.9076220212472, "intercept": -0.4703280338956055, "Fehlmann2020": [0.4084888342632651, 0.1709410677480521, -0.7380011506599324, 0.3512247829887424, 0.0761451603692089, 0.20594917090650322, 0.2148690800739584, 0.214962689060261, -0.24182062290095757, 0.23337785133507744, -0.45661634546124413, -0.32993488969485174, 0.1344153597579834, 0.2689009602484445, 0.31605757237513465, 0.38935410604973253, 0.22359726822258996, 0.17572054458599318, 0.23083729766148225, 0.25928938749258745, 0.12950357598981693, 0.21590000404305154, 0.20866649588258757, 0.28306809294364466, -0.07805242436911655, 0.26668932714166216, 0.10188897306455583, 0.25994260199395636, 0.22486817537272086, 0.3507042663150602, 0.3340217110155044, -0.289282627125758, 0.2566604800566079, 0.31970198213750356, 0.20945563868051667, -0.16968148710135336, 0.31451827263013354, -0.3123884968718454, 0.1960508648078932, 0.3243374549053705, 0.5711864608111277, -0.507082967335142, 0.12429143966893556, -0.03165236685267238, 0.4702897500100596, 0.2773442770791027, 0.20991379159416484, 0.29938630099833174, 0.11626293078702182, 0.46661134932507353, 0.15782381854094396, 0.2217026286462458, 0.22164053713169413, 0.15007429891544494, 0.17264307991968203, 0.2969530399627667, -0.22403229035851543, 0.2224631346449631, 0.4211686593918908, 0.330721221875818, 0.2385815631338029, 0.42362391322446097, 0.5549589533470725, 0.20546188356812906, 0.3432211950809148, 0.2719584173426209, -0.01162013318956854, -0.21559786703154857, 0.2638440479486738, 0.08040390539904635, 0.04510487960852361, 0.19665771707608698, 0.3646041324882118, 0.45024191007658365, 0.15351834565465397, 0.2908930552344482, 0.2069901843316217, -0.4493655517142549, 0.3703751030172309, 0.3315163429768284, 0.3251057218947695, 0.25293247094822596, -0.43252746338313597, 0.45109330571255635, 0.09910314891504816, 0.22507015798695446, 0.4610817129128843, 0.32093251274413626, -0.10127192162653198, 0.48061767688267365, 0.2243014032442457, -0.15785039649185256, 0.2375644084548733, -0.008535481849173777, 0.15540299011622583, 0.5249275732367877, 0.26924274331942355, 0.02554232546848726, 0.38575478038944877, 0.43121871832094427, 0.1949712226250489, 0.07076906024168558, 0.30820814513013717, 0.4403310243950924, -0.28016829332032045, 0.15447955584752743, 0.16458426558424707, -0.3595138810163909, -0.08516465249218406, 0.1383722806743634, 0.2205026770339169, -0.6310207725410661, 0.04925965716958641, -0.330360401820014, 0.35505642073209664, 0.025085605367383485, 0.10550311206405458, 0.4579170678181449, 0.3194735646340517, 0.1610822135740997, 0.15660621891498605, 0.2131680507203786, 0.1997998517715735, 0.15846457378330214, -0.3981949871604548, 0.18257174113041214, 0.4437213050141331, 0.20004841956580188, 0.059135115884184956, -0.4863680976234657, 0.21158477104449996, 0.15257104936151283, 0.04390118333106141, 0.4127766420661809, 0.1719288249011761, -0.3307043897803874, 0.05381264648340554, 0.2524063176877124, 0.34489390182110524, 0.12988281467609042, 0.37824343551975226, -0.182014206136024, 0.3235261132809055, 0.168574905818265, 0.1598813918390569, 0.051256780290828266, 0.1728909177282693, 0.33824795142907893, -0.04865835864073759, 0.3653137549421883, 0.049037783329197504, 0.11837333711094275, 0.07284687376711263, 0.14043146281590754, 0.19758364437428647, -0.039941533748621916, 0.24101107228092677, 0.3410589636845218, 0.21130763107156164, 0.18602080793356035, 0.15225405372142586, 0.478925300976215, 0.4879369805391969, -0.33544467528683886, 0.2390330001878404, 0.04121639950826135, 0.04413048085338814, 0.09409774706737263], "Qu2017": [1.1658602199603507, 0.12355637445046136, -1.649509033878807, -0.696473936574588, -0.8953008878682454, 0.18003341056112737, 0.7875836078591337, 0.3851308522969431, -0.6724825856629615, 1.5620771343317323, -1.7451417391461626, -1.5601900734258547, -1.504103948926598, 0.8351062045750776, 1.318054294394084, -0.5964118383402075, -1.4928484116460545, 0.244756981807614, 1.7776791017164575, 0.7477091610008847, 0.2563964440900687, 0.03587600941008812, -0.6844080364754654, -1.5303546654190554, -1.5275954222632226, 0.8473476089532542, -0.2755996074621805, -0.9480991078980991, 0.0911400176699287, 0.2337593539489834, -0.020239791898133068, -1.9275856496050736, -0.8487740692312431, 1.3329527848525093, -0.6332149877565554, -1.8634884886828798, 0.12497982584800671, -1.8571484330727688, -2.149593474716261, 0.26960987708920037, 0.6555244990088842, -1.0078054664599523, -0.7120587319594028, -1.4644877913783052, -0.9499417943693942, -1.5552898793911787, 0.7101889439228355, -0.11720922501196315, 0.27133765568166446, -0.37993339036697626, 0.22010404702979444, -0.04962848082297104, 0.20137620163987408, -0.3827590014303621, 0.36409434936489643, 1.9020637769917634, -2.1058756705643473, 0.14824209126564694, 0.0912945443985264, 2.5756140275243093, -1.9588084406063462, -0.8342703727900831, 2.018934542254801, 0.862401768579855, -0.04122503746976497, 0.5168744585848566, -1.6505203551541483, -1.5619632187386474, 1.6613346228872157, 0.6928561644601159, 0.8694894485985605, -0.9137148826132928, -0.18887824823571292, 0.25476099265538604, 0.78521072454797, 1.324267629218569, 1.1652072995712017, -1.3133151618286591, -1.8219981932221612, -0.9948087677337315, 0.23259304877456277, 1.1508873723366184, -1.6510071490740712, 0.47395003735528574, -1.0154568964079187, -0.6691723325826573, 0.4987906445481444, 0.3294655790375107, -2.549661804367174, -0.7664891866534673, 0.5836125557658249, -1.1917754562573724, -1.683407864714192, -0.5552791096970286, -0.7590036718516944, 0.1487826815676342, -1.679070289413953, -0.12993413373945129, -1.1139385589666881, 1.7587931440417992, 0.7501148538064135, 0.5155808795839893, 0.18178216739383352, -0.8318580287973631, -1.5259714577247654, -0.3548641354595189, -2.1154913651036953, -0.8852614342764307, -1.8421028416985372, 0.21744590983978515, -0.15345254663820967, -0.4451093700580171, 0.9053830853953253, -1.1823259610219021, 1.133768749750376, 1.1049104401889722, 0.22537708773195114, 0.2500923195836354, -1.060073256845492, 0.24934384694640319, -0.36680160656317295, -0.2105450099887896, -0.7002007487118012, 0.22942192147179985, -0.7468339232735759, 0.2935354907366426, 1.514557131108248, 0.7183428701225809, 1.4025177792454036, -1.2153021120574552, 1.2334729255197125, 0.8435069534811219, 1.6002042531232443, -1.0878829124221219, -0.657620576673706, -0.9160488404725435, -0.06375547180298077, 0.429619782386369, -0.15145949017837337, -0.38761377434456445, -1.5660257743755432, -1.333071888182815, 0.8339758342116244, 0.6213626251020873, 0.24587389307754093, -1.7662937712602234, -0.858392271176771, 0.7562984402634676, 0.14620128104610694, -1.825836833140026, -1.3393601424160195, -0.7548986189834017, 1.3075446432037878, 0.26491728696594136, 0.7454801542494924, -0.38607918383442563, 0.35399695272698944, 0.28671974880887724, 0.951417361368935, 1.2151757583621434, 0.2643277679748881, 1.6992600191471228, -0.39315472005475205, -1.9174240687637107, 0.151593739459556, 0.36414740797471257, 0.7644862866237736, -1.840292658534278],