{"corr": 0.019657702048135772, "p-value": 0.8298359568823819, "slope": 0.06833989044500383, "intercept": 0.02750791059769564, "Fehlmann2020": [0.33622185960931916, 0.23347210638974542, 0.2148690800739584, 0.02631671405075022, 0.38652160503563965, 0.3423919758710059, 0.1512830064850679, 0.05945511019771198, 0.13847482710570674, 0.34253239726569007, 0.005474245680851286, 0.25928938749258745, -0.09454273317139492, 0.10188897306455583, 0.07606356010121876, 0.19295975526264006, 0.16190387030534137, 0.25764865880516047, 0.09214858862579163, 0.05529450579831885, 0.04326210114182749, 0.46170039800489193, 0.05794587378405637, 0.09025794783343419, 0.11695150205119277, 0.23765638576686093, 0.11904046017805336, -0.19716127586995424, 0.12429143966893556, 0.034829645082749286, 0.20991379159416484, 0.29938630099833174, -0.177659055086056, 0.2217026286462458, 0.15007429891544494, -0.7324718827334543, 0.28781447493295476, -0.48529114415970115, 0.10336341695618337, 0.5549589533470725, -0.04617853428510971, 0.2719584173426209, -0.35370776667051074, 0.20406300940651884, -0.08415445881093381, 0.14451482744692948, 0.0505563354398198, 0.03193152771145942, 0.2726099292625832, 0.10367275585502606, 0.28247255084829426, 0.0816081486933366, 0.3646041324882118, 0.12936184144966745, 0.2541147437736209, 0.18651566595353025, 0.4253806481594885, 0.1333039935337253, 0.37730246519304156, 0.015501792919655186, 0.3703751030172309, 0.3315163429768284, 0.09037354867446352, 0.11220494966539071, -0.7142217976847585, 0.1468240006087841, -0.10889410492006121, 0.32093251274413626, 0.07657994535242196, 0.268165763459175, 0.26356544087960065, 0.2243014032442457, 0.4367009719293339, 0.26924274331942355, 0.36931758941539067, -0.4116539238793415, 0.38575478038944877, -0.09960405087400237, -0.30588559586410163, 0.12619575333958089, 0.1949712226250489, 0.08471741619059311, 0.4403310243950924, -0.036166456173829714, 0.15447955584752743, 0.13323004007406225, 0.26289169603794554, 0.3375154900270618, 0.09660869180298759, 0.013309095462477282, -0.23297473270215527, 0.14381004560042857, 0.03914323658655275, 0.18257174113041214, 0.06351341418275122, 0.22911279699470366, 0.15225405372142586, 0.21268392123917973, 0.2324595205901158, 0.06673521369848728, 0.4127766420661809, 0.17694363027987525, 0.1719288249011761, 0.1368803701050586, 0.03555820506612194, 0.25546202183373456, 0.37824343551975226, -0.1572426905474431, 0.10730768374495571, 0.168574905818265, -0.11122269920009299, 0.20839233406133162, 0.015970324833484466, 0.20470834886406, 0.15414221100297204, 0.06014483718499441, -0.10283615732594135, 0.2735265740842687, 0.16184022245398932, 0.014794644183382222, 0.04121639950826135, 0.04413048085338814], "Yao2019": [-2.143854274507482, 0.9307868662709197, -0.166384427312319, -0.166384427312319, 0.14623158695566982, 0.6587088659184136, -0.6995089652545556, 0.7735079504023572, -0.2831181423242394, 0.6064630002457199, 0.5977624137200179, -0.3820578148810687, -1.3050812089624673, -0.14645149751797157, 0.14623158695566982, -0.46663978248212673, 0.6318329686533736, -0.061054745420477494, -1.1031507359191328, 1.035046650195929, -0.14645149751797157, -0.29835659542874243, 1.4161116971166012, -1.467215570484071, -0.166384427312319, 0.23782051306986607, 1.181278237151599, -0.4390753624426387, -0.49409808504894914, 0.5177701883422157, -0.2928437754869687, 0.23871477592542895, -0.6281098225422996, -1.15072684093828, -0.14979054542575174, -1.050830549619489, -0.7317584469162799, 1.181278237151599, -0.166384427312319, -1.3229449304082352, -0.6604825123612683, -0.2991082810931125, -0.14979054542575174, 0.14623158695566982, 0.2852017611199123, 0.14623158695566982, 0.5150613052773074, 0.14623158695566982, 0.07000364906335074, -0.29268308447364144, 0.26701742417521857, -0.4390753624426387, 0.03052176188212572, 0.594937753814433, 0.14623158695566982, 1.0639923071860706, -0.3039864208153339, 1.0726401554942573, -0.29268308447364144, -0.2960221323814215, 0.36543145086488305, 0.4593388140093124, -0.5075867966673939, 1.1632808802294257, -0.6251509782598826, 0.02616671754312283, 1.8714743323412306, 0.46847787961559556, -0.166384427312319, 0.0911317019706076, 1.34056206933026, 0.4593388140093124, 0.5925053790782572, -0.29268308447364144, -1.435908193212761, 0.14623158695566982, 0.37153860138654593, -0.5142509254055982, 0.14623158695566982, -0.29268308447364144, 2.4277428459920234, -0.29268308447364144, -0.4390753624426387, -0.4590675117859604, 0.37153860138654593, -0.4390753624426387, -0.005673510955101001, 0.7478763856640613, 0.37153860138654593, -0.6530012342857108, 0.22250719594447874, 0.7319185981188152, -0.30536955633008134, 0.12078583721954869, 0.6015032953286301, 0.2633237055413686, 0.19027412454350223, -1.0873224508306838, -1.3027920900515861, -1.084133259744474, 0.2871702645318678, 0.19570971068446497, 0.2879324008899079, -0.4590675117859604, -0.2960221323814215, 0.7478763856640613, 0.6226264300777498, 1.4569262618841063, 0.21291044656738412, -0.29268308447364144, 0.8165131460128314, 1.031148560910467, -0.11584034194488621, 1.5859606311788152, 0.14623158695566982, 0.20934124237383978, -0.061054745420477494, -0.29268308447364144, -0.34786649809327935, -0.5075867966673939, -0.9806938692339938, -0.1158953549241986], "mirnas": ["miR-135a-3p", "miR-629-3p", "miR-6791-5p", "miR-6799-5p", "miR-5088-5p", "miR-4646-5p", "miR-589-3p", "miR-1229-3p", "miR-4787-3p", "miR-3127", "miR-660-3p", "miR-940", "miR-376a-5p", "miR-483", "miR-548ai", "miR-5189-3p", "miR-6803-3p", "miR-550b-2-5p", "miR-6855-3p", "miR-1238-3p", "miR-2116-3p", "miR-619-5p", "miR-933", "miR-1270", "miR-6880-3p", "miR-2276-3p", "miR-4745-5p", "miR-15a-3p", "miR-3162-3p", "miR-211", "miR-4466", "miR-642a-3p", "miR-3200-3p", "miR-4687-3p", "miR-6779-5p", "miR-18b-5p", "Unknown", "miR-101-5p", "miR-3667-5p", "miR-7110-5p", "miR-4422", "miR-6724-5p", "miR-502-5p", "miR-6826-5p", "miR-29b-5p", "miR-6820-5p", "miR-885-5p", "miR-542-5p", "miR-664b-3p", "miR-3679-3p", "miR-3137", "miR-4690-5p", "Unknown", "miR-3180-3p", "miR-6829-5p", "miR-6511b-3p", "miR-6807-5p", "miR-6819-3p", "miR-4721", "miR-1227-3p", "miR-4485-3p", "miR-6875-5p", "miR-6876-5p", "miR-4701-5p", "miR-374c-5p", "miR-3940-3p", "miR-3200-5p", "miR-6891-5p", "miR-3620-3p", "miR-4676-5p", "miR-1224-5p", "miR-6850-5p", "miR-4669", "miR-320e", "miR-8485", "miR-362-3p", "miR-6780b-5p", "miR-299-3p", "miR-3907", "miR-378f", "miR-7704", "miR-6743-3p", "miR-4443", "miR-5690", "miR-6727-5p", "miR-1914-3p", "miR-665", "miR-1183", "miR-6857-3p", "miR-500b-5p", "miR-627", "miR-1234", "miR-365", "miR-4701-3p", "miR-4664-3p", "miR-138-2-3p", "miR-188-5p", "miR-652-5p", "miR-4449", "miR-6503-3p", "miR-4741", "miR-378e", "miR-6763-5p", "miR-378i", "miR-212", "miR-3934-5p", "miR-6785-5p", "miR-3163", "miR-129-1-3p", "miR-5100", "miR-610", "miR-4707-3p", "miR-183-3p", "miR-1976", "miR-6858-3p", "miR-3180-5p", "miR-550a-3p", "miR-1972", "miR-6515-3p", "miR-378g", "Unknown", "miR-3940-5p"],