{"corr": 0.11464647545325377, "p-value": 0.5690746727777596, "slope": 0.17804356664338983, "intercept": -0.032168026137606776, "Halvorsen2016": [-0.154153799743897, 0.04769831866626663, 0.012799080910367298, -0.2376103577545218, 0.16416251511604502, 0.13833517218460167, 0.13222424600129937, 1.1935076674529155, 0.07207916962471034, -0.08763697539756474, -0.06594002337926866, -0.011627093178179261, 0.42555041310660374, -0.26283524511695644, -0.047673519217719784, 0.07576103258051888, -0.23287451823547223, 0.0762382081766961, 0.40796161801310227, -0.044410253850314066, 0.135968107578475, 0.30075958801887204, -0.054870917793393384, 0.04574172769126021, -0.04904518526837988, -0.2839772025798424, -0.038442565861204765], "Bianchi2011": [-0.4957465415115663, -0.13616453928396355, -0.46936087669168863, -0.46111752048450516, -0.15129944515862373, 0.8808110636176152, -0.17880244080568972, 0.3281281058104619, -0.3046935674229603, -0.2511323661723047, 0.03737942003567493, -0.3729785711324678, 0.25252599315811985, 0.4625035847626221, 0.044047935103846136, -0.23232070613411343, 0.9529742661455445, -0.15142321046779844, -0.21236679809285997, -0.22750721532151716, 0.39805371741815915, -0.4332998601721829, 1.0214428886787372, -0.18621315273197886, -0.18700851644404387, -0.6809516294400374, 0.18112417595531638], "mirnas": ["Unknown", "miR-126-3p", "miR-30c", "miR-17", "miR-191-5p", "miR-148a", "Unknown", "miR-133b-3p", "miR-28-5p", "miR-26b", "miR-32-5p", "miR-342-3p", "miR-148b-3p", "miR-29a", "miR-139-5p", "miR-30b", "miR-223a-3p", "miR-26a", "miR-328", "miR-331-3p", "miR-142-5p", "let-7a", "miR-432", "miR-374a-5p", "miR-142-3p", "miR-376a-3p", "miR-22"], "p-values": {"Halvorsen2016": [0.0015668815723384986, 0.2831229033088838, 0.7763107047934846, 2.0729600402855845e-05, 0.20633540849047718, 0.2019467920412318, 0.2655473142457175, 0.008698177873526019, 0.7208545217132648, 0.07082992267523196, 0.8845065058197674, 0.722865839786381, 0.09878615378765207, 0.019048918811239025, 0.7357379996110487, 0.06239991535879061, 7.097468249675474e-07, 0.4513027093500841, 0.07949844128737127, 0.8230565010570058, 0.2827769654730062, 0.4040700818322642, 0.8105751993519675, 0.7023365997582495, 0.7613741437015368, 0.27028494497407934, 0.9002850831913978], "Bianchi2011": [0.00031679089054998316, 0.035061284596444704, 7.9372318448231e-06, 1.0879136719279033e-06, 0.008576553848249718, 2.2799874776139176e-07, 0.13411246908159755, 0.3082606921927545, 0.09329612669013874, 0.023965711950979886, 0.8458506772436319, 6.707287048611133e-05, 0.15756055243855122, 4.284948664714242e-05, 0.83088057968927, 0.016926513359532776, 0.00014748281949036594, 0.07247830961722486, 0.11404956844705813, 9.538214672058043e-05, 0.00011469575410906855, 0.0720250437447595, 8.081676355475523e-09, 0.13611953634090698, 0.09990347384598572, 0.05123977732705461, 0.2724693692539459]}}