{"corr": 0.6217382536790449, "p-value": 0.3782617463209552, "slope": 4.430435423928653, "intercept": -0.2996777867452861, "Halvorsen2016": [0.1425134516880462, -0.04166991478588748, -0.04795657499251306, 0.13833517218460167], "Abdollahi2019": [0.039631603212511315, -1.162560995142607, 0.13668088827498023, 0.6347346734043595], "mirnas": ["miR-152-3p", "miR-21-5p", "miR-638", "miR-148a"], "p-values": {"Halvorsen2016": [0.556394722629572, 0.3019978965763652, 0.8948169624588127, 0.2019467920412318], "Abdollahi2019": [0.03017429357971092, 0.0014304292474665052, 0.14772416574645988, 0.006991486275714225]}}