{"corr": -0.04717537161900745, "p-value": 0.5473692290234855, "slope": -0.025768226597047302, "intercept": -0.08455003476124663, "Halvorsen2016": [-0.4361376397526117, -0.0979039470959592, -0.08813039890830716, 0.04769831866626663, 0.012799080910367298, 0.548255946632905, 1.7157968811504756, -0.36775316038468236, 0.3354800987145543, -0.06045421433002647, 0.024899073917733, -0.1740882806085708, 0.09880356847083116, 0.45994511035758445, 1.1935076674529155, -0.04166991478588748, -0.03212854074583779, -0.1596464500203245, -0.29149613883322667, -0.17878007972761467, 0.14859359234901443, 0.1425134516880462, 0.012829866432701304, 0.43109864835391193, -0.32718553832903247, -0.15228015864851296, 0.591099987034476, 0.0762382081766961, 0.2833760297409308, -0.2182206096044806, 0.7225156854978082, 0.41894136006886906, 0.30075958801887204, -0.36785492363906436, -0.23110007493427556, 0.08617851127699075, -0.7576359804071338, 0.04574172769126021, -0.11003216016546441, -0.04904518526837988, 0.4074925663742077, 0.029847846632926098, 0.0110567058616018, 1.6213037133831063, -0.06895785972140031, 0.918326145149921, 0.16416251511604502, 1.0920804883565078, -0.4011939340200078, 1.467175140664455, -0.33099225368097335, 0.30296118044245324, -0.14864319124610798, -0.3286286096884393, -1.255598217810335, -0.17430506199500617, 0.019724113128724595, 0.07207916962471034, -0.1875800357714535, 0.8055493701530395, -0.08763697539756474, 0.0055935583774111685, 0.0012840128273479772, -0.31880503502699453, -1.1613838300507675, 0.014737713664012154, -0.18703872367041374, -0.09772564761244135, 0.021811970150349663, 0.24782516509562807, 0.13844890758655787, -0.3495982537415944, -0.045167919761090136, -0.25184823425730535, 1.9821579237280753, -0.4935590525560385, -0.044410253850314066, 0.135968107578475, -0.0755848709804964, -0.054870917793393384, 0.036143058373533335, -0.3806206535669032, -0.12822383840467355, -0.1604806521602365, -0.05625327326153051, -0.1018410733411206, -0.2878001658463484, -0.3761422152207019, 0.3219968950856533, -0.09090537168535953, 0.11640219782841132, -0.20682526299720455, -0.26775579777001013, -0.18830606100649738, 0.30858552434219844, 0.8890781886258095, -1.1125109581921186, -0.3058704123030178, -0.11926396867537761, -0.04795657499251306, -0.17420030570373074, -0.07815888270897953, 0.4834366017819343, -0.011627093178179261, 0.1476131589780158, -0.10851126984682417, 0.4403650905764508, -0.047673519217719784, 0.02196204957172803, 0.07576103258051888, -0.23287451823547223, 0.17029653044109783, -0.2612728798585051, -0.5078144597034844, -0.07233956383445224, -0.5424977712263467, 1.1298628757943274, 1.6047004825809923, -0.1811398755298569, 0.10402427996664129, 0.11176384579675283, -0.025678973816861426, -0.017370730976968708, -0.09839394999310899, -0.2839772025798424, -0.029677243529991786, -0.153785228629287, 0.010263978661500864, -0.2376103577545218, -0.42288447238781773, -0.2031284348569281, -0.3370672634215526, 0.13833517218460167, -0.22341737680514215, -0.0005545669787113796, -0.30012036085374205, -0.050212897233577025, 0.21080514691227448, -0.20699629367683806, 0.3704255147539547, 0.014795008941689357, -0.1686892696292427, -0.02628912576645362, 0.0024649796702167137, 0.17508624462423175, -0.34412612714672297, 0.07457023147357111, 0.42555041310660374, 0.07849068222746826, -0.26283524511695644, 0.17805063387897813, 0.05074651295403332, 0.40796161801310227, -0.29388158923741375, 0.24677631945277617, 0.31477811767502556, -0.2212080880009773, -0.22275762595845616, -0.011565949710210317, -0.14047262810332045, -0.21885000250553152, -0.12073269463672961, 0.049576663105340674, -0.031491451464203325, -0.038442565861204765], "Fehlmann2020": [0.24907587185986738, -0.1238281233857997, 0.01335031078744145, -0.7380011506599324, -0.09476820959911597, 0.23347210638974542, -0.11731338641770331, -0.07003815292618931, -0.17403514894517885, -0.03270533911776796, -0.2251470420356917, -0.24182062290095757, 0.23152730114688563, 0.1512830064850679, 0.009833752363527098, -0.45661634546124413, 0.1344153597579834, -0.0819258429837029, 0.22359726822258996, 0.1396479733202763, 0.39663759935604187, -0.2941091178030524, -0.10072463361507814, -0.07805242436911655, 0.10188897306455583, -0.3916960990145274, -0.0035327767008326485, -0.289282627125758, -0.13426137331726734, 0.05447795570911003, -0.05518481522680174, -0.2399667510721899, -0.16968148710135336, 0.0778468429041935, 0.10224660709398004, 0.1960508648078932, -0.19086726820740024, -0.8196144039131157, -0.08654796146403351, -0.19537902172250587, -0.530380235931791, -0.053129119922281476, 0.020226915580038828, -0.15613217276590902, -0.507082967335142, 0.05639993961386157, 0.0381314473418587, 0.2073059810788866, 0.07706660943983729, 0.03533637717404896, 0.20413702239690545, -0.7324718827334543, -0.03745439190870094, 0.02577341565085016, -0.22403229035851543, 0.2385815631338029, 0.009428092031286316, -0.1522078382785515, -0.08864838671496067, -0.4010942306778654, -0.4616793438912933, -0.5712795208964605, 0.14543485264870332, -0.02453552654218135, 0.10593838108108886, 0.19665771707608698, 0.04373087772979009, 0.0505563354398198, -0.02482797666748278, -0.19751634843935778, -0.034781182525830213, -0.036689368538792316, -0.34464479198353526, -0.5933279924646824, 0.08209255237661857, 0.0582393750598347, 0.006715573178384679, -0.24131850366449104, -0.4493655517142549, -0.030894840711580107, 0.214314094414722, 0.015501792919655186, 0.21003002684838212, -0.43252746338313597, -0.41418353838192673, -0.10127192162653198, 0.08391090403595941, 0.08899952998408807, 0.10108718419874171, -0.15785039649185256, 0.2375644084548733, -0.04944974807957839, -0.008535481849173777, -0.11099137871168416, -0.366251818946025, -0.4116539238793415, 0.19467222326625933, 0.036288919187918905, 0.004957287814765997, 0.07076906024168558, 0.19208309193715017, 0.05651219978271775, -0.28016829332032045, 0.008727742683998917, -0.013864833293301008, 0.16458426558424707, 0.3375154900270618, 0.18197765491755785, -0.3595138810163909, -0.25336718159561217, -0.08516465249218406, -0.20477614772913683, -0.06442582021750762, 0.1730308620509241, -0.6774202086255222, 0.19551672577175866, 0.0475246081837091, -0.23297473270215527, -0.09300838052264224, 0.022386996542283273, 0.40738753744711587, 0.1997998517715735, 0.03914323658655275, -0.3981949871604548, -0.32198921955871224, -0.4653934845069978, 0.14592605864390776, -0.11757697714103443, -0.4863680976234657, 0.028590420131751344, 0.09670485141388876, 0.04390118333106141, -0.4545895334204626, 0.007269545191482648, -0.4334598295636576, -0.1457745180848087, 0.04384412600570543, -0.25226619292878927, -0.6837810673164268, 0.03555820506612194, -0.5184765476143441, 0.05381264648340554, 0.12988281467609042, -0.047781227146627886, -0.182014206136024, -0.4502223996499144, -0.07501412716889631, -0.19007931711940573, -0.7649611084203498, -0.06543872136549822, -0.014943681656067286, 0.051256780290828266, 0.1091340354463944, -0.22890024892639232, 0.2465471593645597, 0.0012542447270560617, -0.039941533748621916, -0.23298761422502295, 0.3410589636845218, -0.06327316397725269, 0.12950357598981693, 0.049037783329197504, -0.33544467528683886, -0.30146937867805235, 0.09409774706737263],