{"corr": -0.13104697875321647, "p-value": 0.42649740614592313, "slope": -0.4300663370885044, "intercept": -1.19176399293784, "Halvorsen2016": [-0.1604806521602365, 0.04769831866626663, -0.06895785972140031, -0.2376103577545218, -0.1018410733411206, -0.3370672634215526, -0.09090537168535953, 0.11640219782841132, -0.26775579777001013, -0.1740882806085708, -0.04166991478588748, -1.255598217810335, -0.03212854074583779, -0.17430506199500617, -0.29149613883322667, -0.1686892696292427, -0.02628912576645362, -0.04795657499251306, 0.17508624462423175, 0.4834366017819343, 0.43109864835391193, -0.32718553832903247, 0.014737713664012154, -0.10851126984682417, 0.02196204957172803, -0.23287451823547223, 0.05074651295403332, 0.0762382081766961, 0.30075958801887204, -0.0755848709804964, 0.08617851127699075, -0.025678973816861426, -0.2212080880009773, -0.011565949710210317, -0.09839394999310899, -0.21885000250553152, -0.12073269463672961, 0.049576663105340674, -0.038442565861204765], "Qu2017": [-1.6510071490740712, -1.649509033878807, -1.0078054664599523, -1.2153021120574552, -2.549661804367174, 1.6002042531232443, -1.1917754562573724, -1.683407864714192, -0.5552791096970286, -0.6724825856629615, -1.7451417391461626, -2.1058756705643473, -1.504103948926598, -1.9588084406063462, -1.4928484116460545, -0.06375547180298077, -0.38761377434456445, 0.5155808795839893, -1.333071888182815, -1.5259714577247654, -1.5275954222632226, -0.2755996074621805, -0.9137148826132928, -2.1154913651036953, -0.8852614342764307, -1.8421028416985372, -1.7662937712602234, -1.9275856496050736, -1.8634884886828798, -1.3133151618286591, -2.149593474716261, -0.7002007487118012, -0.38607918383442563, 0.28671974880887724, -0.7468339232735759, 0.2563964440900687, -1.3393601424160195, -1.9174240687637107, -1.840292658534278], "mirnas": ["miR-106b", "miR-126-3p", "miR-20", "miR-17", "miR-24-3p", "miR-122-5p", "miR-15b", "miR-320b", "miR-939", "miR-19b-3p", "miR-21-5p", "let-7f", "miR-423", "miR-197", "miR-494", "miR-1825", "miR-92a", "miR-638", "miR-29c", "miR-107-3p", "miR-185-5p", "miR-483", "miR-320a", "miR-30e-5p", "miR-16", "miR-223a-3p", "miR-23a", "miR-26a", "let-7a", "miR-27a", "miR-181a", "miR-1275", "miR-25", "miR-1260a", "miR-19a", "miR-486-5p", "miR-140-3p", "miR-130a", "miR-22"], "p-values": {"Halvorsen2016": [0.007875815743364916, 0.2831229033088838, 0.07902637899715415, 2.0729600402855845e-05, 0.007997423712349806, 1.3727795471894957e-06, 0.6641052017167525, 0.5976545188807535, 0.49747121788596604, 2.6710844844230012e-06, 0.3019978965763652, 0.005332167039810472, 0.8592993283043355, 0.00024405682788379432, 0.42702051621020964, 0.0002062999301200148, 0.6252514448696662, 0.8948169624588127, 0.508902547201022, 0.29409164563329454, 0.0762574048965414, 0.04231345265008666, 0.8824914506024824, 0.15695062648622204, 0.6899202654038333, 7.097468249675474e-07, 0.8535944656225665, 0.4513027093500841, 0.4040700818322642, 0.503560484119586, 0.717028501263012, 0.8848964263700941, 2.9457167862777815e-05, 0.9156604075488898, 0.01716196392872504, 0.012564172021686982, 0.597972277628418, 0.7909617261687482, 0.9002850831913978], "Qu2017": [0.02214659174174118, 0.03282779938150324, 0.2416800391677147, 0.15011765026973672, 0.010510361405935252, 0.07765830703383299, 0.1704745128935188, 0.020659133915040314, 0.2977677979146028, 0.5572450815691361, 0.08382777115584553, 0.006797370787752879, 0.05041640358667671, 0.0001837028830412558, 0.014370178554631147, 0.9272077553113525, 0.4810867330899662, 0.42358113264931474, 0.01930989278501576, 0.05416192362011969, 0.00951213127113953, 0.718952400444179, 0.11998344171490324, 0.02875388326461446, 0.6430323110413578, 0.13465069076904992, 0.02305277146486588, 0.013998668840635099, 0.043409469947787035, 0.04126078153596329, 6.926761764506895e-05, 0.14677047891252623, 0.6262883047150944, 0.515199008106437, 0.3697696616835213, 0.7336602712987699, 0.02418734856142267, 0.007816590102431768, 0.053361263339796246]}}