{"corr": -0.12008668232116256, "p-value": 0.09195495359066688, "slope": -0.03597303202214482, "intercept": 0.01051847329619869, "Halvorsen2016": [-0.4361376397526117, -0.0979039470959592, -0.08813039890830716, 0.04769831866626663, 0.012799080910367298, 0.548255946632905, 1.7157968811504756, -0.36775316038468236, 0.532414229931859, 0.3354800987145543, -0.1587925793522546, -0.06045421433002647, 0.024899073917733, -0.1740882806085708, 0.09880356847083116, 0.45994511035758445, 1.1935076674529155, -0.04166991478588748, 0.24369349145238364, -0.03212854074583779, -0.1596464500203245, -0.29149613883322667, -0.17878007972761467, 0.14859359234901443, 0.45988781507990717, 0.1425134516880462, -0.2978178603291771, 0.11963296736668672, 0.43109864835391193, -0.32718553832903247, -0.15228015864851296, 0.591099987034476, 0.0762382081766961, 0.2833760297409308, -0.2182206096044806, 1.5977741676325374, 0.7225156854978082, 1.000631239109914, -0.30027386088871305, 1.0206892896406228, 0.30075958801887204, -0.23110007493427556, 0.08617851127699075, 0.04008959130607467, 0.04574172769126021, -0.11003216016546441, -0.04904518526837988, 0.029847846632926098, 0.0110567058616018, 1.6213037133831063, -0.06895785972140031, 0.16416251511604502, 1.0920804883565078, -0.4011939340200078, 1.467175140664455, 0.30296118044245324, -0.14864319124610798, 0.7571600875410536, -0.32187204268952085, -0.5798495889281892, -1.255598217810335, -0.17430506199500617, 0.019724113128724595, 0.07207916962471034, -0.1875800357714535, 0.8055493701530395, -0.08763697539756474, -0.45891165747589957, 0.0055935583774111685, -0.31880503502699453, -0.09772564761244135, 0.675320624606363, 0.014737713664012154, -0.18703872367041374, -0.23804734114098525, 0.021811970150349663, 0.24782516509562807, 0.0369866672008253, 0.13844890758655787, -0.3495982537415944, -0.045167919761090136, -0.25184823425730535, 1.9821579237280753, -0.4935590525560385, -0.044410253850314066, -0.23824872976625366, 0.024954658888613885, 0.135968107578475, -0.0755848709804964, -0.3233912227013649, -0.054870917793393384, 0.036143058373533335, -0.3806206535669032, 1.204937220196118, -0.29264033407997425, -0.12822383840467355, -0.1604806521602365, -0.19796758409898957, -0.2328894834199402, -0.05625327326153051, -0.1018410733411206, -0.3761422152207019, 0.3219968950856533, 1.3799217015659684, -0.09090537168535953, 0.11640219782841132, -0.20682526299720455, -0.18830606100649738, 0.1869865593131254, 0.30858552434219844, 0.8890781886258095, -1.1125109581921186, -0.3058704123030178, -0.11926396867537761, -0.04795657499251306, -0.17420030570373074, -0.07815888270897953, 0.4834366017819343, -0.011627093178179261, 0.1476131589780158, -0.10851126984682417, 0.4403650905764508, 0.02196204957172803, 0.07576103258051888, -0.23287451823547223, 0.17029653044109783, -0.2612728798585051, -0.07233956383445224, -0.5424977712263467, 1.1298628757943274, 1.6047004825809923, 0.35047948931840567, 0.11176384579675283, -0.025678973816861426, 1.3708669098094757, 0.16580184418033142, -0.017370730976968708, -0.09839394999310899, -0.2839772025798424, -0.029677243529991786, -0.153785228629287, -0.23072893835947103, -0.003766095565527967, 0.010263978661500864, -0.2376103577545218, -0.42288447238781773, -0.2031284348569281, 0.2316606279867741, -0.3370672634215526, 0.22310909400510293, 0.13833517218460167, 2.0187956883424487, -0.0005545669787113796, -0.22341737680514215, -0.050212897233577025, -0.06215767989917536, 0.21080514691227448, 0.10096197564780487, -0.20699629367683806, 0.3704255147539547, 0.014795008941689357, -0.1686892696292427, -0.02628912576645362, 0.869340820619413, 0.04763161670120962, -0.042853874665649806, 0.06553382551513914, 0.17508624462423175, -0.34412612714672297, 0.25664179663073117, -0.23849244848473125, 0.07457023147357111, 0.42555041310660374, 0.07849068222746826, 0.27014039302079923, -0.26283524511695644, 0.17805063387897813, -0.14019684113241143, 0.05074651295403332, 0.8177130720885687, 0.6787934025563195, 0.40796161801310227, -0.23285570486071266, -0.29388158923741375, 0.24677631945277617, -0.11643341092744436, 0.5324415948406003, 0.1929298754303871, 0.31477811767502556, 0.1724746061462295, -0.2212080880009773, -0.22275762595845616, -0.011565949710210317, -0.14047262810332045, -0.21885000250553152, -0.12073269463672961, 0.049576663105340674, -0.038442565861204765],