{"corr": -0.303164841445939, "p-value": 0.3648056345101639, "slope": -1.3335854970736147, "intercept": -0.06336448640872908, "Halvorsen2016": [-0.26283524511695644, 0.012799080910367298, 0.07576103258051888, 0.16416251511604502, -0.23287451823547223, 0.04574172769126021, -0.02628912576645362, 0.40796161801310227, 0.13833517218460167, -0.044410253850314066, -0.050212897233577025], "Marzi2016": [0.708939420379425, 0.41968477985195113, -0.0132739899115752, -0.47697252578611726, 1.0947477232927059, -0.7824810315114378, -1.039470323843537, -0.4817274942453117, 1.186582061660541, -0.8699524902735356, -0.7473284835769717], "mirnas": ["miR-29a", "miR-30c", "miR-30b", "miR-191-5p", "miR-223a-3p", "miR-374a-5p", "miR-92a", "miR-328", "miR-148a", "miR-331-3p", "miR-484"], "p-values": {"Halvorsen2016": [0.019048918811239025, 0.7763107047934846, 0.06239991535879061, 0.20633540849047718, 7.097468249675474e-07, 0.7023365997582495, 0.6252514448696662, 0.07949844128737127, 0.2019467920412318, 0.8230565010570058, 0.2214901885825778], "Marzi2016": [1.4156486645866428e-08, 0.002581237112155, 0.9202055639248479, 9.024528339465123e-06, 7.101878897787841e-12, 2.5435734547289026e-09, 5.514291956393523e-18, 1.4991602466437515e-05, 1.4331643497525897e-14, 1.7866973417030885e-14, 1.616851214458367e-09]}}