{"corr": -0.3054084286963956, "p-value": 0.12134896101742573, "slope": -0.2905008465575881, "intercept": -0.013882807096572969, "Halvorsen2016": [0.532414229931859, -0.26775579777001013, 0.11640219782841132, -0.33099225368097335, 1.467175140664455, -0.04166991478588748, -0.17430506199500617, -0.17878007972761467, -0.1686892696292427, -0.02628912576645362, -0.04795657499251306, 0.14859359234901443, 0.0012840128273479772, 0.11963296736668672, -0.32718553832903247, 0.014737713664012154, -0.23849244848473125, 0.02196204957172803, -0.23287451823547223, 0.40796161801310227, -0.054870917793393384, 0.11176384579675283, -0.025678973816861426, -0.3806206535669032, -0.011565949710210317, -0.017370730976968708, -0.21885000250553152], "Keller2020": [-0.3608199222567934, 0.39898319966992923, 0.13868587813473648, 0.27767957295451184, -0.5871062351559269, -0.09637318922411275, -0.24819764227678048, -0.7747343127968132, -0.10380790106252955, 0.4781269158194189, 0.6203938723335629, 0.04952658501736081, 0.12013326188373305, -0.1484293185233333, -0.1728320392221781, 0.0917336345497908, -0.38993562665009374, -0.010850067778334048, -0.02042268402478392, -0.09208123815104183, -0.14825678845779555, 0.38004319723172636, 0.38220788662986505, -0.12537471777987624, -0.4423351382006787, -0.1352129369882517, 0.4869067340264953], "mirnas": ["miR-206-3p", "miR-939", "miR-320b", "miR-1249-3p", "miR-1180-3p", "miR-21-5p", "miR-197", "miR-574", "miR-1825", "miR-92a", "miR-638", "miR-1290", "miR-296-5p", "miR-539", "miR-483", "miR-320a", "miR-30a-3p", "miR-16", "miR-223a-3p", "miR-328", "miR-432", "miR-483", "miR-1275", "miR-1227-3p", "miR-1260a", "miR-365", "miR-486-5p"], "p-values": {"Halvorsen2016": [0.0670842951142367, 0.49747121788596604, 0.5976545188807535, 0.4479994563820269, 1.2425742207333357e-05, 0.3019978965763652, 0.00024405682788379432, 5.019798656155559e-06, 0.0002062999301200148, 0.6252514448696662, 0.8948169624588127, 0.0006704304046454442, 0.9957543115069019, 0.7587874242468892, 0.04231345265008666, 0.8824914506024824, 0.10237743713979836, 0.6899202654038333, 7.097468249675474e-07, 0.07949844128737127, 0.8105751993519675, 0.03316438311499687, 0.8848964263700941, 0.2105108525674618, 0.9156604075488898, 0.9315530069454383, 0.012564172021686982], "Keller2020": [0.33452938859508363, 0.23237084249534962, 0.653900644473806, 0.38468359793597706, 0.18176657119936215, 0.7728483311788084, 0.3775765036817893, 0.04661381918176125, 0.8010280039743112, 0.20497934060834622, 0.1838185636467198, 0.8927947476313126, 0.6161858410418442, 0.5672126810063683, 0.5368907980424287, 0.7748445614041773, 0.12712280159083073, 0.9777036118757727, 0.9528149924872533, 0.6673098762334836, 0.5796213170155002, 0.39498927305517295, 0.3465657014957154, 0.6130428950065466, 0.1459735155321283, 0.6358252724952355, 0.13831929897720183]}}