{"corr": 0.1606318951838693, "p-value": 0.048051622097298026, "slope": 0.22785492040849814, "intercept": 0.3686135011509206, "Halvorsen2016": [-0.4361376397526117, -0.0979039470959592, 0.548255946632905, 0.04769831866626663, 0.012799080910367298, 1.7157968811504756, -0.36775316038468236, 0.532414229931859, 0.3354800987145543, -0.06045421433002647, 0.024899073917733, -0.1740882806085708, 0.09880356847083116, 0.45994511035758445, 1.1935076674529155, -0.04166991478588748, -0.03212854074583779, -0.29149613883322667, -0.17878007972761467, 0.14859359234901443, 0.1425134516880462, -0.11594212530019743, 0.43109864835391193, -0.32718553832903247, -0.15228015864851296, 0.591099987034476, 0.0762382081766961, 0.7225156854978082, 0.41894136006886906, 0.30075958801887204, -0.36785492363906436, -0.23110007493427556, 0.08617851127699075, 0.04574172769126021, -0.11003216016546441, 0.4074925663742077, 0.029847846632926098, 0.0110567058616018, 1.6213037133831063, -0.06895785972140031, 0.918326145149921, 0.16416251511604502, 1.0920804883565078, -0.4011939340200078, 1.467175140664455, -0.33099225368097335, 0.30296118044245324, -0.14864319124610798, -0.3286286096884393, -0.32187204268952085, -1.255598217810335, -0.17430506199500617, 0.019724113128724595, 0.07207916962471034, -0.1875800357714535, 0.8055493701530395, -0.08763697539756474, 0.0055935583774111685, 0.0012840128273479772, -0.09772564761244135, 0.014737713664012154, 0.021811970150349663, 0.24782516509562807, -0.3495982537415944, -0.045167919761090136, -0.25184823425730535, -0.4935590525560385, -0.044410253850314066, 0.135968107578475, -0.0755848709804964, -0.054870917793393384, 0.036143058373533335, -0.3806206535669032, -0.12822383840467355, -0.1604806521602365, -0.2328894834199402, -0.1018410733411206, -0.3761422152207019, 0.3219968950856533, -0.09090537168535953, 0.11640219782841132, -0.20682526299720455, -0.26775579777001013, -0.18830606100649738, 0.8890781886258095, -0.3058704123030178, -0.11926396867537761, -0.04795657499251306, -0.17420030570373074, 0.4834366017819343, -0.011627093178179261, 0.1476131589780158, -0.8154918111368291, -0.10851126984682417, 0.4403650905764508, 0.02196204957172803, 0.07576103258051888, -0.23287451823547223, 0.17029653044109783, -0.5078144597034844, -0.5424977712263467, 1.1298628757943274, -0.12852613513092565, 0.35047948931840567, 0.11176384579675283, -0.025678973816861426, 0.16580184418033142, -0.017370730976968708, -0.09839394999310899, -0.029677243529991786, -0.153785228629287, -0.23072893835947103, -0.003766095565527967, -0.2376103577545218, -0.42288447238781773, -0.2031284348569281, 0.22310909400510293, 0.13833517218460167, -0.22341737680514215, -0.30012036085374205, -0.050212897233577025, 0.21080514691227448, 0.10096197564780487, -0.20699629367683806, 0.014795008941689357, -0.1686892696292427, -0.02628912576645362, 0.04763161670120962, 0.06553382551513914, 0.17508624462423175, -0.34412612714672297, 0.25664179663073117, 0.07457023147357111, 0.42555041310660374, 0.07849068222746826, 0.27014039302079923, -0.26283524511695644, 0.05074651295403332, 0.40796161801310227, -0.29388158923741375, 0.24677631945277617, -0.11643341092744436, 0.31477811767502556, 0.1724746061462295, -0.2212080880009773, -0.22275762595845616, -0.011565949710210317, -0.14047262810332045, -0.21885000250553152, -0.12073269463672961, 0.049576663105340674, -0.038442565861204765], "Keller2009": [0.9290410091627066, 0.41602984962378475, 0.03904557489887232, -1.176313823364259, 0.5886062597055319, 1.414212020058672, 0.42721048032977493, -0.3496080854555319, 0.14127137903086562, 0.11299081260803163, 1.3130544002666245, 0.7761797252147781, 0.7999754480187933, -0.10419318578808026, -0.08660144892071389, 0.2814143406535963, 0.7164600047320605, 0.3027740442491657, 0.18143347329684018, 0.363869786981273, 0.21131394791720712, 0.6807575999164717, 0.4295180979679265, -0.22726383317382404, 0.5524094527959851, 0.8545312463752119, -0.4047317299565547, 0.7219607030847017, 1.3452037353247774, -1.0150667293331401, 0.3083280466700816, 0.3923127511072715, 0.5619938052267613, -0.1259619544896305, 0.8450316565043506, -0.00449042352514001, -0.08909797112763626, 0.6385280944924605, 0.532366954414182, -0.6646053864243324, 1.2294995426275968, 0.1487739061185287, 0.10795946411014153, 0.3870889026114767, 0.6728448552366968, -3.100435844260268e-05, 0.5464217797881344, 0.6388489837373221, 1.301204128884002, -0.9233509585789896, -1.2844130085508354, 0.4004315771869327, 0.5802515495018068, 1.183586402686131, 0.46521093359486193, -0.4042630125788284, -0.6037660172614172, -0.36260099722854044, 0.32863207215470785, -0.6752892796470258, 0.23576252625311173, 1.057881150556356, 0.7081352116387228, 0.8831114031452321, 0.26159236119288265, -0.10833566266000288, 0.36249721640122445, 0.7012118689841134, 0.42286977529606307, 0.6968502251639732, 0.4598223561352148, 0.5607969381968871, 0.5434495987624451, 0.35158285317833393, 0.30825621977370044, 0.32489028374870804, 1.0244384180677462, 0.8034502047583929, 0.8424610465001543, -0.7065911399983686, -0.17462482577834865, 0.47277328863915635, 1.371152661896998, 0.5439606535766823, 0.006816895706051134, 0.5869662971075018, 1.287256869208193, -0.14321186535321678, 0.7908536239990942, -0.038298886280106526, 0.32624085004753617, 0.30518273319421574, -0.034213169906085694, 0.4122331609865364, 1.028074332919167, -0.5871895300379961, 0.49217890439533796, -0.5257991704895928, 0.759803457798874, 0.5909535215706274, 1.159855586264778, 1.1237193737661477, 0.24243031447894609, 0.9391476694872244, 0.21532037544845303, 0.45127278289990075, -0.00944626510697276, 0.21699691021753903, 1.5744671294295753, -0.7075176548538484, 0.7830103436167309, -0.2155676647186497, 0.0029814645479113128, -0.5833326989613049, 0.34898130955921325, 1.0608543617089108, 0.3641836187209472, 0.33991175792122885, 0.6023023755129582, -0.8480671296313423, 0.3699978717656026, 0.3839556910084237, 0.1118726822592167, 0.0931860707635975, 0.4025669575803913, 0.08173047954385346, -0.03239873932428348, 1.4215775049809576, 0.3238180587235588, 1.2542166522793192, -0.49387958923855, 0.746317995206754, 0.2660742665060123, 0.8763832383508874, 0.5148594108658064, 0.5345661843000227, 1.220399080841325, 0.24521373443907135, 0.6357661074682466, 0.7184661684967191, 0.6844082077537793, -0.8752894778772645, 1.411120971480699, 1.0786503370208564, 0.7240119403265121, 0.17104627606077472, 0.908505214070352, 0.7084627493617583, -0.22113737780523074, 0.8511668445200575, 0.6650522672686947, 0.9445415687847225],