{"corr": -0.027584463200662438, "p-value": 0.7116499040900532, "slope": -0.014057147086735819, "intercept": 0.05679043781984605, "Jin2017": [0.17680449326745157, -0.7175436666105005, -0.9623667209840814, 0.4413606888705125, -0.5727413594131945, -0.3770695646414473, -1.2093836514715708, -0.03887308804772516, 0.34697457744316973, -1.0735623907259475, -0.47426715796641356, 0.6245516693768349, 1.1431693668364211, 0.06682245827664363, -1.0110830726126787, -0.22714502344582493, 0.058869332288859565, -0.1556357021839384, 0.44509420693842405, 1.9856369421970481, 0.246237713563365, -0.7868300395890624, 0.1941362106572234, -0.9739484942870684, -1.5608509749185653, 0.2916878570436819, 1.4567031465988358, 0.17788594392177381, 0.13070019108101538, 1.1433241520662378, -0.041432750334938206, 0.2952486474151033, 1.919651045784986, 0.28843033046443034, -0.9161357100389418, -0.15929072868213826, 0.020242883225912278, -0.01714021025580306, 0.00409969476464255, 0.11018099343209312, 0.5041078113735905, 0.6045590490553099, 0.13620802121035083, 0.705934734031769, 1.0558021048798327, -0.15238796559399925, -0.07554729470284613, 0.1481320981657878, -0.6809561318375195, 0.2455050421460149, 0.05887592238729658, 0.15424348353628303, -0.9916946036588957, 0.05931918484374231, -2.440556186457753, -0.0277026210099134, -1.1776356442133613, -0.7314862894097436, -0.040733057200948296, -1.0777203955748211, -0.4266106236228146, -0.4146125415314929, -1.1616987153902265, 0.16056988778096415, 1.2221189574296805, -0.5981386383906047, 1.957746991157208, -0.04123313129606997, -0.3062738832014282, 2.439220885712939, -0.2960174664003832, 0.5143111070288936, 1.6166657948720884, -0.13746259566555769, -0.10771508872014568, 0.2100449107460992, 0.9243053366928321, -0.4929868023792747, -0.2519865047426947, -1.0498495574874975, -1.0017051243181616, 0.5173677560074706, 1.0168440949082418, 0.5658958759917985, 1.5398468710999373, -1.7155373421125466, -0.3705985603797008, -0.3839475248829102, -0.6861149544342203, -0.013035792056702977, 0.8279329251549161, 0.2714698543240799, -0.9615271775112684, 0.22955767056574533, -0.2604999881638892, -0.35298540973452175, 2.3032670938023516, 0.23053525719521056, 0.2246514183546437, -0.7348742932791504, -0.4457272329131595, 1.4304358138914193, -0.5164843108001431, 0.13031338805144516, -0.29602229400702834, -0.19728320109181843, 0.681938403477383, 0.15606879607975432, 2.4381392543805416, -0.7579650179525748, -0.11439834531193882, 1.3759052627911397, -0.056835514329087344, 1.556388809090676, 0.2630719810103276, -0.19381167951333694, 2.6755128378603183, -0.5007251983131855, -0.006189982606081284, 1.2636696957076037, 0.31347956180971726, 0.024734225915337478, -0.3209090012333296, 1.5721992906596722, 1.2205233584685233, 1.759416367248675, 1.6591463496033687, -0.06722821433250756, -1.642452763507995, 0.29045902967013715, 1.1054471711928169, 0.5823267215234071, -0.752989954748482, -0.5358043211439341, 0.04510544482144582, -0.50801464225943, -1.6342075094704556, -0.1589419420702779, 0.4879515774923336, 1.450642600000509, 0.9944536246743392, 1.2611560411783618, 0.12852119211407192, 0.3285380516908056, 0.7268953024116362, 0.8174276391170967, -0.3465288718106466, 2.504751582573055, 0.05690574313468684, 0.8603070122368106, 0.08577618395258493, -1.7406043402241846, -0.05478948401245566, 1.318447245534316, 0.535029349653259, 0.8419771820219509, 0.08256517463718653, 0.3046228498673059, -0.6641703039547344, 1.5080150956507092, 1.114948058171253, -1.2646089682527477, -0.10166821031686127, 1.3297728131742836, 1.834794934525981, -0.8622861495786212, 0.39728443488018034, -0.3390298138889192, 0.5563050377973651, 0.6165269516367691, -0.2619774433930131, -0.4603984773701387, -1.9195971238869354, 0.29638339623320253, -1.275878554867623, 0.8807075011559087, 0.8659761201097533, 1.553633655014825, -1.2319212011272578, -0.6817866867495657, -0.11872095753736109, 2.2935795335113935], "Halvorsen2016": [-0.4361376397526117, -0.0979039470959592, -0.08813039890830716, 0.04769831866626663, 0.012799080910367298, 0.548255946632905, 1.7157968811504756, -0.36775316038468236, 0.532414229931859, -0.24457387187579674, 0.3354800987145543, -0.1587925793522546, -1.533531196171932, -0.06045421433002647, 0.024899073917733, -0.1740882806085708, 0.09880356847083116, -0.04166991478588748, 0.24369349145238364, -0.1596464500203245, -0.29149613883322667, -0.17878007972761467, 0.45988781507990717, 0.1425134516880462, -0.2978178603291771, 0.11963296736668672, 0.012829866432701304, 0.43109864835391193, -0.15228015864851296, 0.91268127756862, 0.591099987034476, 0.0762382081766961, 0.2833760297409308, -0.2182206096044806, 1.5977741676325374, -0.30027386088871305, 0.41894136006886906, 0.30075958801887204, -0.36785492363906436, -0.23110007493427556, 0.08617851127699075, -0.7576359804071338, 0.04574172769126021, -0.11003216016546441, -0.04904518526837988, 0.4074925663742077, 0.029847846632926098, 1.6213037133831063, -0.06895785972140031, 0.918326145149921, 0.16416251511604502, 1.0920804883565078, -0.4011939340200078, 1.467175140664455, -0.33099225368097335, 0.30296118044245324, -0.14864319124610798, -0.3286286096884393, -1.255598217810335, -0.17430506199500617, 0.019724113128724595, 0.07207916962471034, 0.8055493701530395, -0.08763697539756474, 0.0055935583774111685, 0.0012840128273479772, -0.06594002337926866, -0.31880503502699453, 0.675320624606363, 0.014737713664012154, -0.18703872367041374, -0.23804734114098525, 0.021811970150349663, 0.24782516509562807, 0.13844890758655787, -0.3495982537415944, -0.045167919761090136, -0.25184823425730535, 1.9821579237280753, -0.4935590525560385, -0.044410253850314066, -0.23824872976625366, 0.135968107578475, -0.0755848709804964, -0.054870917793393384, 0.036143058373533335, -0.3806206535669032, -0.12822383840467355, -0.1604806521602365, -0.19796758409898957, -0.05625327326153051, -0.1018410733411206, -0.2878001658463484, -0.3761422152207019, 0.3219968950856533, -0.09090537168535953, 0.11640219782841132, -0.20682526299720455, -0.26775579777001013, 1.1593130760971055, -0.18830606100649738, 0.1869865593131254, 0.30858552434219844, 0.8890781886258095, -1.1125109581921186, -0.3058704123030178, -0.11926396867537761, -0.17420030570373074, -0.07815888270897953, 0.4834366017819343, -0.011627093178179261, 0.1476131589780158, -0.10851126984682417, -0.047673519217719784, 0.02196204957172803, 0.07576103258051888, -0.23287451823547223, 0.17029653044109783, -0.2612728798585051, -0.5078144597034844, -0.07233956383445224, -0.5424977712263467, 1.1298628757943274, 1.6047004825809923, -0.1811398755298569, 0.10402427996664129, 0.11176384579675283, 1.3708669098094757, -0.017370730976968708, -0.09839394999310899, -0.2839772025798424, -0.029677243529991786, -0.153785228629287, -0.003766095565527967, 0.010263978661500864, -0.2376103577545218, -0.42288447238781773, -0.2031284348569281, 0.2316606279867741, 0.22310909400510293, 0.13833517218460167, -0.22341737680514215, -0.0005545669787113796, -0.30012036085374205, -0.050212897233577025, 0.21080514691227448, 0.10096197564780487, -0.20699629367683806, 0.3704255147539547, 0.014795008941689357, -0.02628912576645362, 0.0024649796702167137, 0.04763161670120962, -0.042853874665649806, 0.06553382551513914, 0.17508624462423175, -0.34412612714672297, 0.25664179663073117, -0.23849244848473125, 0.07457023147357111, 0.42555041310660374, 0.07849068222746826, -0.26283524511695644, 0.17805063387897813, -0.14019684113241143, 0.05074651295403332, 0.8177130720885687, 0.6787934025563195, 0.40796161801310227, -0.23285570486071266, -0.29388158923741375, 0.24677631945277617, -0.11643341092744436, 0.2823211980242917, -0.2212080880009773, -0.22275762595845616, -0.14047262810332045, -0.21885000250553152, -0.12073269463672961, 0.049576663105340674, -0.031491451464203325, -0.038442565861204765],