{"corr": -0.11236788868861039, "p-value": 0.18149468292949156, "slope": -0.039208174308188744, "intercept": -0.3023730712023159, "Jin2017": [0.17680449326745157, -0.17279292681691752, -0.3941114472737439, -0.5727413594131945, 0.4413606888705125, -1.2093836514715708, -0.03887308804772516, -0.4580950716437999, -0.7068527795586382, 0.00094260798026793, 0.6217484913519821, -0.44662454571856397, -1.0110830726126787, 0.058869332288859565, 0.025265355890814613, -0.1556357021839384, 0.37420504109836283, -0.7868300395890624, 0.246237713563365, 0.08216547570888728, 1.4567031465988358, -0.24058047798290463, 0.7818908763274229, 0.033512663208377085, 0.3936905019213066, 0.24258870696570783, -0.20654150800945417, -0.041432750334938206, 0.2952486474151033, -0.0014019687913211037, 1.919651045784986, 0.020242883225912278, -0.01714021025580306, -0.8592338887516592, -0.2859590920527153, 0.00409969476464255, 0.11018099343209312, -0.9586858979515693, 0.5041078113735905, 0.9269156946851163, 0.13620802121035083, 0.7785684169127917, 0.705934734031769, -0.07554729470284613, 0.2455050421460149, -0.6809561318375195, 0.15424348353628303, 0.7548537903981907, -0.10519439535678557, 0.05931918484374231, -1.1776356442133613, -0.7314862894097436, -0.040733057200948296, -1.0777203955748211, -0.27957113176930337, 0.5287156457394091, 0.16056988778096415, 4.873108646731055, 1.957746991157208, 2.439220885712939, 1.6166657948720884, -0.13746259566555769, 0.2100449107460992, -1.0498495574874975, -1.0017051243181616, 0.4219051467457109, 0.5658958759917985, 0.5249770093583035, -0.3839475248829102, -0.6861149544342203, 0.2653709040203033, 0.2714698543240799, -0.9615271775112684, 0.22955767056574533, -0.2604999881638892, 0.23053525719521056, -0.10607067220066455, 2.056067189794943, -0.5164843108001431, -0.29602229400702834, -0.3452699057960251, -0.19728320109181843, 0.681938403477383, 0.15606879607975432, -0.7579650179525748, 1.3759052627911397, 1.556388809090676, 2.6755128378603183, -0.5007251983131855, 1.3264460630087278, -0.9347042109649182, 0.3690601546229932, -0.22658144791279855, -0.3209090012333296, 1.5721992906596722, 1.759416367248675, 1.6591463496033687, 0.20711819932065778, 0.29045902967013715, 1.1054471711928169, 0.18246083251444806, 0.5823267215234071, -0.752989954748482, 1.698536435401206, -0.50801464225943, -1.6342075094704556, 0.4879515774923336, -0.1589419420702779, 1.450642600000509, 0.3285380516908056, 0.9944536246743392, 0.12852119211407192, 0.21184096225228077, 0.6653024779840964, -0.603268151378787, -1.0447645777518302, 2.504751582573055, 0.8603070122368106, 0.08577618395258493, -0.05478948401245566, 0.16970468455523832, 0.19124016291365664, 0.8419771820219509, -1.0339830719318106, 0.08256517463718653, 1.7680758148713653, 1.114948058171253, -1.2646089682527477, -0.10166821031686127, -0.452814946420922, -0.8622861495786212, -0.2710629906886627, 0.5563050377973651, 0.4190759734629755, -1.9195971238869354, -0.708805614823814, -1.275878554867623, 0.8659761201097533, 0.13234514835400082, -1.2319212011272578, -0.6817866867495657, -0.11872095753736109, 2.2935795335113935], "Leidinger2016": [-0.20677771247005428, -0.33023218748393957, -0.48135355959533577, -0.0324677752973348, -0.7658144536866222, -0.04649045769267311, -0.20048021936199154, -0.3601431401307205, -0.05297157933312852, -0.19106266229160573, 0.46980929343584876, -0.3297880228652279, -0.16171873294626277, -0.3000675425391206, 0.15257846654207674, -0.7949947446444529, -0.5694478542899493, -0.22248370751648155, -0.03684175670210757, -0.31669210387908125, -0.4192717271264203, -0.11338355764026643, -0.0597483434163651, -0.5639550636330402, -0.0711867690646176, 0.04801637844010165, -0.053219423339005235, -0.08148711939293017, -0.4097797321338592, -0.19244086662475837, -0.09209221688684552, -0.7788223053693519, -0.38055369072893375, -0.26499667217069645, -0.12303132371523892, -0.09119783675567433, -0.1506702110949943, -0.0490936216197909, -0.6778307611737908, -0.11710749207447768, -0.9573437004916578, -0.09658378623865943, -0.24449869034582164, -0.24278487486205885, -0.3054370918403164, -0.5298354076397427, -0.3022834149434165, 0.0968791877371811, -0.04099177627434478, -0.1227357162572231, -0.2316317978715377, -0.13750403581997844, -0.5132913179545168, -0.20493989239429927, -0.4174790671044689, -0.4606014476066129, -0.8874951598322174, -0.263791586773239, -1.3617181069940294, -0.04519332383820402, -0.08140180888812118, -0.2711235320861594, -0.2970326052646974, 0.07514181341187487, -0.0971976589810212, -0.05608630813860595, -0.544821213116931, -0.023679580843341715, -0.21887714453018947, -0.5257891240874264, -1.0255013235767336, -0.26119640895766616, -0.24566447819397993, -0.23137632863035745, 0.07074372212653322, -0.17656272238667775, -0.11875509683194553, -0.278635507436799, -0.7381717110244161, 0.044661130329656254, -0.9512759999038196, -0.07952671068100874, -0.022984068233727437, -0.13482868586481728, -0.5528391582635195, -0.037795519440803, -0.17018335888071984, -0.23466547441212, 1.161470044535645, -0.7742527506466264, -0.4100320252002111, -0.4635004026202927, -0.2836380427842963, -0.1897214758420414, -0.8479973617684178, -0.09737200313724442, -0.189141982476912, -0.2738620434312675, -0.7290265778856173, -0.39805949939733687, -0.20263591129124378, -0.9244474760983626, -0.11247923144982347, -0.09975203883973827, -0.3957896957695818, -0.09951086630741177, -1.2057317048945793, -0.0887432162230929, -0.061406121758784474, -1.101423333399474, -0.5723968987658816, -1.016349635406938, -0.4589081675741122, -0.02196079109333053, -0.10670457028620209, -0.2731728704908114, -1.2341194154997646, -0.5821549012079201, -0.08345603316689384, -0.1396817526194828, -0.38136629978316183, -0.3131064582434303, -0.48986222385613737, -0.22312617474133095, -0.4578222684840709, -0.5552108318945415, -0.36009972012585256, -0.9242542910505119, -0.003171513214441997, -0.3896280586146499, -0.8359007414220272, -0.28067739624151944, -0.08777367619888415, 0.04772210542154096, -0.375716611981568, -0.1924028091354824, -0.10813197092822238, -0.1318956450714951, -0.8497429695693562, -0.11210776861922758, -0.39470763866144654, -0.4137935592637143, -0.2430795029980864], "mirnas": ["miR-145", "miR-182", "miR-26a-3p", "miR-30c", "miR-126-3p", "miR-339-5p", "miR-425-5p", "let-7e", "miR-93-3p", "miR-576-5p", "miR-326-3p", "let-7c", "miR-222-3p", "miR-193a-5p", "miR-100", "miR-21-5p", "let-7g", "miR-574", "miR-494", "miR-7a-3p", "miR-224-5p", "miR-153-3p", "miR-320c", "let-7d-3p", "miR-1228-5p", "miR-490-5p", "miR-29c-5p", "miR-199a-5p", "miR-26a", "miR-181c", "miR-132a-3p", "miR-29b", "let-7a", "miR-421", "miR-500-5p", "miR-342-5p", "miR-744-5p", "miR-18a-3p", "miR-181a", "miR-324-3p", "miR-374a-5p", "miR-127-5p", "miR-130b-3p", "miR-664", "miR-500a-3p", "miR-20", "miR-874", "miR-320d", "miR-625-3p", "miR-1180-3p", "miR-28b", "miR-362-5p", "let-7f", "miR-197", "let-7d", "miR-363-3p", "miR-26b", "let-7b", "miR-32-5p", "miR-320a", "miR-128", "miR-192", "miR-345", "miR-125b", "miR-331-3p", "miR-361-3p", "miR-27a", "miR-124-3p", "miR-30a-5p", "miR-106b", "miR-96-5p", "miR-24-3p", "miR-324", "miR-151-3p", "miR-378-5p", "miR-652-3p", "miR-216b-5p", "miR-451a", "miR-598", "miR-330-3p", "miR-98", "miR-186", "miR-361", "miR-625-5p", "miR-107-3p", "miR-150-5p", "miR-139-5p", "miR-223a-3p", "miR-215-5p", "miR-15a", "miR-93", "miR-383-5p", "miR-636", "miR-502a-3p", "miR-627", "miR-139-3p", "miR-483", "miR-378", "miR-19a", "miR-376a-3p", "miR-1224-3p", "miR-195", "miR-125a", "miR-1912", "miR-17", "miR-532-3p", "miR-656-3p", "miR-339", "miR-486a-3p", "miR-497", "miR-148a", "miR-199a-3p", "let-7i", "miR-125b-3p", "miR-766", "miR-505", "miR-101-2", "miR-660", "miR-92a", "miR-422a", "miR-181c", "miR-377-3p", "miR-29c", "miR-183-3p", "miR-20b-5p", "miR-629-5p", "miR-148b-3p", "miR-18", "miR-29a", "let-7e-3p", "miR-23a", "miR-183-5p", "miR-328", "miR-217", "miR-106a-5p", "miR-23b-3p", "miR-25", "miR-942", "miR-30e", "miR-140-3p", "miR-130a", "miR-146b-5p", "miR-22"],