{"corr": 0.017575893561058105, "p-value": 0.871637914004918, "slope": 0.01482684986830688, "intercept": -0.02620572785331388, "Jin2017": [0.17398224516087038, -0.5217644532328196, -0.3770695646414473, -1.0735623907259475, 0.6245516693768349, 0.3256915592107012, -0.17999935431368774, -0.2780889790197557, -0.20174438480188708, -0.12910726481290552, -0.24058047798290463, 0.3936905019213066, 1.1433241520662378, 0.24258870696570783, 0.3026621879876308, -0.420810409305146, 0.19842922381284187, -1.6079896535400775, -1.9091828178073365, -0.5626957957912759, 0.018367442277782718, -0.6886916714115634, -0.030951469344280176, 0.5168217652479639, -0.0277026210099134, -0.0968936154904759, -0.01503502523359298, 0.5616224623302797, 0.4647476359327902, 0.7691922060538464, -1.8076618323913891, 0.01388928675863756, 0.13128705267370616, -0.3980743123626772, -0.8116658950837237, 0.44534258171760915, -2.746304007478213, -0.3705985603797008, 0.28570401715887606, 0.6127754842169645, -0.6487602912763293, 0.28214451979160315, 0.34904918994648576, 0.38761255587900434, -0.5439542803435966, 0.3100470022089947, 0.36118692036761857, 3.3817488815767573, -1.093904048956338, 0.08051985824147488, -0.10607067220066455, 1.0562317541017996, 0.13031338805144516, 0.4917105785425637, 0.36908578492621624, 0.5817274598283796, -1.8532828040377458, -0.867968757726411, 0.27507606984759997, 1.5721992906596722, 0.03078134405005583, -1.642452763507995, -0.05449502320716988, 0.5425739857888117, -0.24861825298320994, -0.8214212998450987, -0.010385392686482413, 0.6456615555447821, -0.37590855607964213, -0.12486063151880501, -0.9257548764811048, 0.14590218737604788, 0.05690574313468684, 0.3080908885765645, -0.16309154423009037, -1.4334567570839651, -0.6796139187395288, -1.0339830719318106, 1.4953786974190184, -1.2442378243447705, -1.212002870383093, 1.3250121879614962, 0.5156682891671442, 0.4190759734629755, -0.7109880035800937, -1.3185138893256343, 0.2745723183452717], "Yao2019": [-2.143854274507482, -0.029906731883795824, 0.9307868662709197, -0.3791231503877376, 0.2633237055413686, -0.31283592483029055, 0.5977624137200179, -0.3820578148810687, 0.37153860138654593, -1.3050812089624673, 0.5980858402383096, 0.7982173959656924, 0.12078583721954869, 1.0629191855898783, 0.4856013816977036, -0.24447780786718337, -0.3237573385865141, -1.80028844255729, 0.21291044656738412, 1.4161116971166012, -1.467215570484071, 0.4829572090171437, 0.6499025076611745, -0.4564298116367176, -1.050830549619489, 0.38410954276091724, -0.5075867966673939, -0.166384427312319, -0.14979054542575174, -0.7589458132731997, 0.2852017611199123, 0.6587088659184136, 0.14623158695566982, 0.14076422187896548, -0.7763228543061544, -0.9592077455934361, 1.3335378307739871, -0.2960221323814215, 1.3086537789228152, -0.49409808504894914, -0.6251509782598826, -1.5175351112320112, 0.4219950525216596, 0.46847787961559556, -0.011498180494203238, 0.35930272453638135, 0.0911317019706076, 1.34056206933026, 0.6587088659184136, 1.4785570205736613, 0.14623158695566982, -0.29268308447364144, 0.14623158695566982, -0.7350974948240603, -0.5142509254055982, -0.005673510955101001, 0.2871702645318678, -0.29268308447364144, -0.6530012342857108, 0.22250719594447874, -1.2216062642198646, -0.30536955633008134, -0.4390753624426387, 0.975458103782492, 0.2633237055413686, -0.2960221323814215, 0.14623158695566982, -1.084133259744474, 1.0673360749824652, 0.23842249822537115, -0.7833976088086996, -0.4590675117859604, -0.2960221323814215, 0.37153860138654593, 0.21291044656738412, -0.29268308447364144, -0.7317584469162799, -0.11584034194488621, -0.1617105668771956, -0.49409808504894914, 0.14623158695566982, 0.23871477592542895, 0.1373555701523728, 0.7308413259229272, 0.37153860138654593, 1.1310845484719243, -0.9806938692339938], "mirnas": ["miR-135a-3p", "miR-3187-3p", "miR-629-3p", "miR-31-5p", "miR-1298-5p", "miR-7845-5p", "miR-660-3p", "miR-940", "miR-887", "miR-376a-5p", "miR-153-3p", "miR-1228-5p", "miR-138", "miR-490-5p", "miR-885-3p", "miR-219a-5p", "miR-323a-5p", "miR-210-5p", "miR-196a", "miR-933", "miR-1270", "miR-222-5p", "miR-616", "miR-125b-3p", "miR-18b-5p", "miR-548at-5p", "miR-378g", "miR-3667-5p", "miR-502-5p", "miR-4667", "miR-29b-5p", "miR-186-3p", "miR-542-5p", "miR-1179", "miR-708-3p", "miR-496-3p", "miR-1285-5p", "miR-1227-3p", "miR-6805-5p", "miR-495-5p", "miR-374c-5p", "miR-122b-5p", "miR-551a", "miR-6891-5p", "miR-6804-5p", "miR-873", "miR-4676-5p", "miR-1224-5p", "miR-365-2-5p", "miR-193b-5p", "miR-216b-5p", "miR-320e", "miR-362-3p", "miR-491-3p", "miR-299-3p", "miR-665", "miR-1262", "miR-365-5p", "miR-500b-5p", "miR-627", "miR-187-3p", "miR-365", "miR-455-3p", "let-7g-3p", "miR-138-2-3p", "miR-708", "miR-137-3p", "miR-6503-3p", "miR-219b", "miR-551b-5p", "miR-181b-3-3p", "miR-378i", "miR-212", "miR-4429", "miR-129-1-3p", "miR-5100", "miR-1323", "miR-183-3p", "miR-154-3p", "miR-615-3p", "miR-503-3p", "miR-642b-5p", "miR-219b-5p", "miR-217", "miR-31-3p", "miR-296-3p", "Unknown"], "p-values": {"Jin2017": [0.487285186274114, 0.12836588590153705, 0.1916514446713229, 0.002586403441476947, 0.006471766988953381, 0.13037042657716943, 0.6617940723255007, 0.40991678456583913, 0.4654330805618785, 0.6062764681056945, 0.5459833360966417, 0.19875350962468158, 0.0032252821240466253, 0.31904212788703484, 0.40744337138032694, 0.1011711513393349, 0.6723971147602938, 1.0787296681107936e-06, 0.00012815063340145102, 0.16655105384593397, 0.9453884794515097, 0.0005522154108643376, 0.9053660512363653, 0.1361976637427628, 0.9237059242751651, 0.6825682825327234, 0.9623998446998853, 0.05448524178278006, 0.07380013689218462, 0.0034601391107219937, 3.225240747662237e-05, 0.9679321890088066, 0.5917925396759259, 0.09663045597566608, 0.0029124392620754856, 0.14764837365730965, 8.993751604596473e-08, 0.36218239639195504, 0.3424229809709691, 0.05762487239414356, 0.026532715342580757, 0.4175616703081272, 0.11119814908531234, 0.12568588494959107, 0.012340438437778945, 0.15857264801853724, 0.16152422320908105, 4.758481085477971e-15, 0.0001401598424583103, 0.6130717729112691, 0.7498789105815603, 0.037608100551284676, 0.6567213046120455, 0.09198396091699544, 0.10843217058018287, 0.21046644289067815, 7.503217317906309e-05, 0.007117242973321285, 0.37623953466479043, 0.0004211161983310669, 0.9339068818783526, 8.330678214035585e-05, 0.824998058824336, 0.04575630551224934, 0.45360653939411466, 0.03289943866650626, 0.980944710526616, 0.05307318105907776, 0.28265161313352055, 0.6730168588622114, 0.0008504805056031864, 0.5768248195783086, 0.8869938231229157, 0.2208940758255783, 0.682226821098715, 4.694653393597636e-06, 0.011772120434710582, 0.004728291235499096, 9.932062758163013e-05, 0.0002648846648971268, 7.178841919756366e-05, 2.4379961588412278e-05, 0.24929843038432975, 0.06700890503907585, 0.038532049310587096, 0.0006052126575216715, 0.3765305581877898],