{"corr": 0.5294747728029578, "p-value": 0.006491992647442442, "slope": 0.24893542047009481, "intercept": -0.12834666193847144, "Jin2017": [0.4413606888705125, -0.50801464225943, -0.5727413594131945, 0.05887592238729658, 0.9944536246743392, -0.4146125415314929, 0.16056988778096415, 1.957746991157208, -0.11439834531193882, 1.114948058171253, -0.10166821031686127, 1.556388809090676, -0.19381167951333694, 2.6755128378603183, 0.2952486474151033, 0.5563050377973651, -0.7096276126034258, -1.0017051243181616, 1.0168440949082418, -0.01714021025580306, 1.5398468710999373, 0.13620802121035083, 1.0558021048798327, 1.1054471711928169, 2.2935795335113935], "Bianchi2011": [-0.13616453928396355, -0.46111752048450516, -0.46936087669168863, -0.15129944515862373, 0.8808110636176152, -0.3046935674229603, -0.2511323661723047, 0.03737942003567493, -0.3729785711324678, 0.25252599315811985, 0.4625035847626221, 0.044047935103846136, -0.23232070613411343, 0.9529742661455445, -0.15142321046779844, -0.21236679809285997, 0.33547705809067313, -0.22750721532151716, 0.39805371741815915, -0.4332998601721829, 1.0214428886787372, -0.18621315273197886, -0.18700851644404387, -0.6809516294400374, 0.18112417595531638], "mirnas": ["miR-126-3p", "miR-17", "miR-30c", "miR-191-5p", "miR-148a", "miR-28-5p", "miR-26b", "miR-32-5p", "miR-342-3p", "miR-148b-3p", "miR-29a", "miR-139-5p", "miR-30b", "miR-223a-3p", "miR-26a", "miR-328", "miR-140-5p", "miR-331-3p", "miR-142-5p", "let-7a", "miR-432", "miR-374a-5p", "miR-142-3p", "miR-376a-3p", "miR-22"], "p-values": {"Jin2017": [0.2342689822412534, 0.2781825824300896, 0.08428345272988995, 0.8594709637984036, 0.013452685747394975, 0.22452981628583654, 0.4858004206315556, 7.54180938817725e-07, 0.7682288488373913, 0.022815294352687497, 0.6828950544149728, 0.00014502321700574845, 0.6144099125842809, 2.789015051819706e-07, 0.15177630661600558, 0.14790345381501566, 0.03331474436002021, 0.00550473850784877, 0.004671677764704347, 0.8959224809665931, 0.0013361384602374766, 0.7337504487523125, 0.0015090575105200295, 0.0010911804876956735, 3.644857606376319e-15], "Bianchi2011": [0.035061284596444704, 1.0879136719279033e-06, 7.9372318448231e-06, 0.008576553848249718, 2.2799874776139176e-07, 0.09329612669013874, 0.023965711950979886, 0.8458506772436319, 6.707287048611133e-05, 0.15756055243855122, 4.284948664714242e-05, 0.83088057968927, 0.016926513359532776, 0.00014748281949036594, 0.07247830961722486, 0.11404956844705813, 1.327348530147137e-07, 9.538214672058043e-05, 0.00011469575410906855, 0.0720250437447595, 8.081676355475523e-09, 0.13611953634090698, 0.09990347384598572, 0.05123977732705461, 0.2724693692539459]}}