{"corr": -0.32460593040187347, "p-value": 0.02773768218834952, "slope": -0.09673878649001433, "intercept": -0.7473979195234784, "Jin2017": [-0.6861149544342203, 0.3966044067789074, -0.4308029407785234, 0.04510544482144582, -0.50801464225943, 0.0775501627828091, -1.4205399970172246, 0.7548537903981907, -2.027841958574231, 0.00094260798026793, 0.21184096225228077, 2.3032670938023516, -0.7577378835693122, 1.0562317541017996, 0.27053541242939105, -0.22714502344582493, 2.056067189794943, -1.8899007694488361, 0.45681689251157465, -0.040733057200948296, -0.3452699057960251, -0.6685978269054959, 1.083588976882085, 0.16056988778096415, -0.7579650179525748, -0.07224143609991528, 1.4567031465988358, -1.0339830719318106, 0.7818908763274229, 1.3759052627911397, -0.3062738832014282, 0.3936905019213066, 0.4398773273633279, -0.20654150800945417, -0.041432750334938206, 1.3264460630087278, -0.006189982606081284, -0.708805614823814, -3.2240135501534137, -0.01714021025580306, 0.03078134405005583, 4.2865646674217075, -2.494934101769828, -0.6817866867495657, 0.429599412900975, 2.2935795335113935], "Li2017": [-0.9259337205457351, 0.06427158173826059, -0.5012693030203846, -0.38657761065451735, -0.7579655575217168, -0.7609417918597717, -0.6547560137353027, -1.3331127137183973, -1.0525505492038743, -1.0703962467688024, -0.4996631962159189, -1.6070868921664327, 0.08166153692431488, -1.7303586058663551, -0.5727991174613156, -0.439662329803194, -0.38165409809790685, -0.3924296868179867, -1.043374840966659, -0.6256814723773266, -1.1844343600044516, -0.5277632991330119, -0.4868360346571361, -0.6826316304367109, -0.750715292848582, -0.5401744984993873, -1.2991226747786222, -1.013694769955405, -1.539537015327265, -0.3288713983143349, -0.944943347947499, -0.8095147407906981, -0.9734394613292711, -0.5682761682532599, -0.5326251893685728, -0.6595701064942238, -0.9889826479949894, -0.586667322092338, -0.48390959308816495, -0.5623073172347803, -0.9423369865296589, -1.1037655468384733, -0.3348834397852262, -0.6892729328618111, -0.7719445429387048, -0.7870800231863657], "mirnas": ["miR-106b", "miR-6740-5p", "miR-328-5p", "miR-340-3p", "miR-17", "miR-4306", "miR-32-3p", "miR-320d", "miR-574-5p", "miR-576-5p", "let-7i", "miR-320b", "miR-4484", "miR-320e", "miR-487a-3p", "miR-19b-3p", "miR-451a", "miR-15b-3p", "miR-6780a-5p", "let-7f", "miR-98", "miR-200b-5p", "miR-4433a-3p", "miR-26b", "miR-107-3p", "miR-181a-3p", "miR-224-5p", "miR-183-3p", "miR-320c", "miR-150-5p", "miR-1-3p", "miR-1228-5p", "miR-92b", "miR-29c-5p", "miR-199a-5p", "miR-15a", "miR-323", "miR-23b-3p", "miR-1260b", "let-7a", "miR-187-3p", "miR-9-3p", "miR-1246", "miR-130a", "miR-764", "miR-22"], "p-values": {"Jin2017": [0.07184619347344152, 0.182340381463293, 0.15678171452352097, 0.9012968228589149, 0.2781825824300896, 0.7543614655733287, 3.356585920923114e-05, 0.018571322527174736, 9.785258695573338e-05, 0.9981412676293588, 0.463114234511696, 1.2808035297165468e-06, 0.003027107966860205, 0.037608100551284676, 0.21745540743736363, 0.6042998984302713, 7.141708307989589e-05, 7.031815873405963e-07, 0.08673025214961921, 0.8540498631415864, 0.24340997269598127, 0.10522466530323375, 0.0018842335204958846, 0.4858004206315556, 0.03629511114352128, 0.7777152323251613, 0.00047981757296613987, 0.004728291235499096, 0.00790150832769862, 0.0007122070707502096, 0.42778244719195024, 0.19875350962468158, 0.381144546611935, 0.4613495866041545, 0.8991197835041354, 0.0001835174528872421, 0.9897573067413763, 0.0017092006061595513, 1.7431290993244325e-12, 0.8959224809665931, 0.9339068818783526, 1.3901583803305535e-14, 4.4178509644574555e-06, 0.02148748384498887, 0.13478832715384054, 3.644857606376319e-15], "Li2017": [0.27037774039763834, 0.7639674026821819, 0.42552514253863016, 0.11725116248083937, 0.7426141913107522, 0.43454592208333054, 0.40474022342711413, 0.13818473312707902, 0.17149561263697768, 0.2025712667400852, 0.6314218319628964, 0.1132805530957829, 0.8682785007977609, 0.14692365638480798, 0.43729692734270376, 0.6550218156744838, 0.8648635353834568, 0.6908096675286799, 0.19827123590370105, 0.43615536813955036, 0.29829865709693887, 0.6818999774888791, 0.5850947329651428, 0.42007514084867104, 0.4622933542171267, 0.5803161273353894, 0.3787947771978861, 0.18051686732518168, 0.1415619789613318, 0.6525694128730946, 0.2529652912237531, 0.29582448328179567, 0.3272298719390625, 0.4127257923361174, 0.22553977981059953, 0.24175205563260266, 0.26934491120532433, 0.47612286215052946, 0.41892304817962833, 0.6080789275048939, 0.27261680054845905, 0.15566683839020146, 0.5163171068873764, 0.36074316675329376, 0.2458232095452794, 0.5860591922746857]}}