{"corr": 0.22492611870769755, "p-value": 0.03512599884184312, "slope": 0.08593250440062461, "intercept": 0.06297585279854417, "Jin2017": [0.17398224516087038, -0.062038353978372186, -1.4205399970172246, 0.34697457744316973, -0.1556357021839384, 0.3256915592107012, 1.3922337364674675, -0.7868300395890624, -0.2219765982729715, -0.2780889790197557, -0.5213760614819662, 0.2916878570436819, 0.7818908763274229, 0.3936905019213066, 2.607888397678816, -0.4022220653909672, -0.0014019687913211037, 1.5975397851475999, -3.2240135501534137, 0.9269156946851163, -0.5626957957912759, 0.3966044067789074, -0.021885919390643733, -0.9870335185455511, -0.5784580863337918, 0.0775501627828091, 0.7548537903981907, -2.027841958574231, 0.4752147479524115, -0.7577378835693122, -2.440556186457753, 0.05931918484374231, 1.0513172293736166, 0.04212874718151604, -1.0777203955748211, 0.5616224623302797, 1.083588976882085, 4.873108646731055, -0.5981386383906047, 0.6548757171291992, 2.439220885712939, 0.4398773273633279, 0.27589199618821986, 1.5398468710999373, -0.3705985603797008, -1.278392698481559, 0.28570401715887606, -0.4308029407785234, 0.38761255587900434, 0.30957858340311295, 3.3817488815767573, 0.2246514183546437, 2.3032670938023516, 1.0562317541017996, 2.056067189794943, 0.3859157242465493, 0.2630719810103276, 0.5789629075011681, 2.6755128378603183, 0.1921114845149, -0.8197466784877064, -0.6675527164791775, -1.445251773884224, -0.22658144791279855, 1.6591463496033687, 2.462589953991618, -1.642452763507995, 0.15031769915820242, 0.7184705421444478, 0.8896585309450755, -0.7401184625325883, 0.27381954761119487, -0.05010739615257237, 1.137601906378845, -0.603268151378787, -0.47672175857501675, 0.3080908885765645, 0.08577618395258493, 0.2737098803784888, -0.16309154423009037, -1.4334567570839651, -0.6641703039547344, 0.5563050377973651, 1.0875417502745532, 1.553633655014825, -2.494934101769828, 0.2652855999988979, 0.2745723183452717], "Keller2020": [0.594828568219839, 0.4793994368386667, -0.8415470183888123, -0.3608199222567934, -0.09637318922411275, 0.13168346270054937, 0.55062590232506, -0.7747343127968132, -0.08187317199567867, 0.06429156377421337, 0.09990316580021404, -0.1484293185233333, 0.6347611086918254, -0.5341251669411595, 1.286494782689296, -0.412959591045031, -0.009791086322910342, -0.23133315041351715, -0.056980726662519264, -0.00841591017243075, 0.09181405654500487, 0.061017975658166954, 0.11612077515724914, 0.23967251839474346, -0.05202694055719092, -0.33036329500133355, -0.02243772781490678, -1.2726691827885153, -1.120207004896355, 0.10459758184261314, 0.27767957295451184, -0.5871062351559269, 0.1556774509368405, 0.1830393529556259, -0.24819764227678048, 0.4431974873055763, 0.9317900593353814, -0.6317477758693556, 0.12013326188373305, -0.39654318619454537, 0.0917336345497908, 0.3744647928808046, -0.08973381264128169, -0.14825678845779555, -0.12537471777987624, 0.15073010978000725, -0.4765342547707448, 1.8490569060319788, 0.6868642185585112, 0.13606443234496735, 0.08230993696737096, 0.39898319966992923, 0.13868587813473648, 0.21541207052940056, 0.9140234736638375, 0.40409583192607074, -0.010850067778334048, 0.24128673180991594, -0.02042268402478392, 0.03659927068092738, 0.21946093351148, 0.19121424501941978, -0.3145633621909445, 0.08607288085468115, 0.38004319723172636, 0.050785367475483005, -0.1352129369882517, 0.19610350180070646, 0.7055650171576715, 0.09221320046151033, 0.8655949681901008, -0.5176709050526332, 0.3153384184961876, 0.925992770236548, -0.06731933401786819, -0.36946990918033407, 0.4322048413056875, 0.4781269158194189, 0.04902168218303814, 0.07523499092880737, -0.2457701281517752, -0.38993562665009374, -0.09208123815104183, 0.4883505898246161, 0.4869067340264953, -0.4769484012520837, 0.5006326720727341, 0.10999261228220744], "mirnas": ["miR-135a-3p", "Unknown", "miR-32-3p", "miR-206-3p", "miR-21-5p", "miR-7845-5p", "miR-3679-5p", "miR-574", "miR-197-5p", "miR-940", "miR-1304", "miR-539", "miR-320c", "miR-1228-5p", "miR-150-3p", "miR-3064-5p", "miR-181c", "miR-1306-3p", "miR-1260b", "miR-324-3p", "miR-933", "miR-6740-5p", "let-7b-3p", "miR-1185-3p", "miR-181d", "miR-4306", "miR-320d", "miR-574-5p", "miR-451b", "miR-4484", "miR-1249-3p", "miR-1180-3p", "miR-425-3p", "miR-98-3p", "miR-197", "miR-3667-5p", "miR-4433a-3p", "let-7b", "miR-296-5p", "miR-671-5p", "miR-320a", "miR-92b", "miR-4800-5p", "miR-432", "miR-1227-3p", "miR-5010-3p", "miR-6805-5p", "miR-328-5p", "miR-6891-5p", "miR-187-5p", "miR-1224-5p", "miR-939", "miR-320b", "miR-320e", "miR-451a", "miR-6833-5p", "miR-16", "miR-642b-3p", "miR-223a-3p", "miR-129-3-3p", "miR-23c", "miR-149-5p", "miR-7977", "miR-636", "miR-483", "miR-4433a-5p", "miR-365", "let-7f-3p", "miR-3138", "miR-191-3p", "miR-1225-5p", "miR-670-5p", "miR-1343-5p", "Unknown", "miR-766", "miR-6741-5p", "miR-4429", "miR-92a", "miR-6813-3p", "miR-129-1-3p", "miR-5100", "miR-30a-3p", "miR-328", "miR-134-5p", "miR-486-5p", "miR-1246", "miR-7847-3p", "Unknown"], "p-values": {"Jin2017": [0.487285186274114, 0.8263470391621555, 3.356585920923114e-05, 0.42994046203765646, 0.7770148431120761, 0.13037042657716943, 0.0005145391681620667, 4.892102603137138e-05, 0.5019522643846245, 0.40991678456583913, 0.05087208488964163, 0.4503781066934255, 0.00790150832769862, 0.19875350962468158, 2.1095491664694887e-12, 0.11158748215381925, 0.9931811399604051, 3.963822110620315e-06, 1.7431290993244325e-12, 0.02472950270688047, 0.16655105384593397, 0.182340381463293, 0.9564225407737326, 0.0018548936261088083, 0.09612903073496741, 0.7543614655733287, 0.018571322527174736, 9.785258695573338e-05, 0.17938004016945566, 0.003027107966860205, 1.9225868287196987e-13, 0.8853954459060644, 0.0009504645707834354, 0.8894021936687763, 0.02635414500911476, 0.05448524178278006, 0.0018842335204958846, 1.173232268985235e-16, 0.09372697863435717, 0.08446047932981748, 9.284460173723723e-07, 0.381144546611935, 0.43407101529073344, 0.0013361384602374766, 0.36218239639195504, 0.0008304269453621117, 0.3424229809709691, 0.15678171452352097, 0.12568588494959107, 0.28971334744964, 4.758481085477971e-15, 0.467021036844111, 1.2808035297165468e-06, 0.037608100551284676, 7.141708307989589e-05, 0.16506868001297068, 0.12345147665948304, 0.06277282486765444, 2.789015051819706e-07, 0.6513791915556745, 0.001701869310312831, 0.08549356421856938, 5.582128222328082e-05, 0.30967728182170245, 8.389670944544853e-05, 5.0170806063685136e-09, 8.330678214035585e-05, 0.6618404725311455, 0.026971118126823002, 0.01713609463235816, 0.18492381972140334, 0.23925817766052698, 0.8246201911739819, 0.00047197103839822157, 0.040416230511538934, 0.1394925018706476, 0.2208940758255783, 0.6360635908918313, 0.20808195367859175, 0.682226821098715, 4.694653393597636e-06, 2.2309302472907214e-06, 0.14790345381501566, 0.0026027755256175433, 1.7534329608083704e-05, 4.4178509644574555e-06, 0.5073380101335596, 0.3765305581877898],