{"corr": 0.18196360609857512, "p-value": 0.4176729730794566, "slope": 0.12303015608595688, "intercept": 0.014083970959117956, "Keller2009": [-1.176313823364259, -0.5833326989613049, 0.5886062597055319, 0.1487739061185287, 0.33991175792122885, -0.08660144892071389, 1.183586402686131, -0.6037660172614172, 0.32624085004753617, 0.8763832383508874, 1.220399080841325, 0.49217890439533796, -0.5257991704895928, -0.4047317299565547, 0.6357661074682466, 0.7012118689841134, 0.42286977529606307, -1.0150667293331401, -0.28634618657698485, 0.4598223561352148, -0.1259619544896305, 0.9445415687847225], "Bianchi2011": [-0.13616453928396355, -0.46111752048450516, -0.46936087669168863, -0.15129944515862373, 0.8808110636176152, 0.3281281058104619, -0.3046935674229603, -0.2511323661723047, -0.3729785711324678, 0.25252599315811985, 0.4625035847626221, -0.23232070613411343, 0.9529742661455445, -0.15142321046779844, -0.21236679809285997, -0.22750721532151716, 0.39805371741815915, -0.4332998601721829, -0.14325028761788594, 1.0214428886787372, -0.18621315273197886, 0.18112417595531638], "mirnas": ["miR-126-3p", "miR-17", "miR-30c", "miR-191-5p", "miR-148a", "miR-133b-3p", "miR-28-5p", "miR-26b", "miR-342-3p", "miR-148b-3p", "miR-29a", "miR-30b", "miR-223a-3p", "miR-26a", "miR-328", "miR-331-3p", "miR-142-5p", "let-7a", "miR-103a", "miR-432", "miR-374a-5p", "miR-22"], "p-values": {"Keller2009": [7.0163611328640425e-06, 0.051250443512747726, 0.24034408235607177, 0.6378757554712646, 0.3219681770194704, 0.7884233240540749, 0.002741658994001747, 0.01160073106762632, 0.0952543633823643, 0.11820363832307156, 0.0007576228697549298, 0.17290570460854995, 0.16903037354667258, 0.09183097620092075, 0.050749624158234224, 0.027743620690868612, 0.26185156528227554, 0.001015757834594985, 0.2676926862535956, 0.13109517525445802, 0.7833620752350932, 3.936256990205335e-05], "Bianchi2011": [0.035061284596444704, 1.0879136719279033e-06, 7.9372318448231e-06, 0.008576553848249718, 2.2799874776139176e-07, 0.3082606921927545, 0.09329612669013874, 0.023965711950979886, 6.707287048611133e-05, 0.15756055243855122, 4.284948664714242e-05, 0.016926513359532776, 0.00014748281949036594, 0.07247830961722486, 0.11404956844705813, 9.538214672058043e-05, 0.00011469575410906855, 0.0720250437447595, 0.18732719934328973, 8.081676355475523e-09, 0.13611953634090698, 0.2724693692539459]}}