{"corr": 0.17657914725434706, "p-value": 0.16277881279122278, "slope": 0.3471673659917959, "intercept": -0.7441146452818074, "Keller2014": [-0.4319590892255647, -0.17934390605066805, 0.7171523383983844, -0.9957532311184278, -0.9302937341066202, -1.2669765337658696, 0.10081682154515342, 0.06469125949984253, 0.7220480331180936, -0.36572782332678144, -0.21021530078839556, 0.4334835716368428, -0.15414653767079817, -0.22489817126707728, 0.7155602094626796, 0.49454001808609305, 0.625028587471324, 0.8404669285059272, -0.20880413482503768, 0.07207118138095941, 0.30725870465378335, -0.27530296421716327, 1.1142606212829707, 1.0091429317763918, 0.24167009162168257, 0.3101750887896308, 0.9423455058939256, -0.3043391875600644, 0.3693067628822366, 0.22891822645459775, 0.48155732345457913, 0.27532240537929753, 0.22312911201266591, -0.00836351460404226, -1.2152351883313295, -0.12747213161759535, 0.5224232214552162, -0.2326998684538028, 0.8403731737023337, -0.023239652695139147, -0.25904546596827493, -0.582747970888746, 0.36708271576805335, -0.34962954712044636, 0.6134882516579396, 0.568788830013599, -0.6458832556956517, -0.004722898467128313, 0.1553320828764514, -0.698519175994017, -0.17714430837012773, -0.5014603658537002, -1.324388379798596, 0.03864923502204018, -0.21944571473898206, 0.8327219030575462, 0.22794694004127425, 0.643309791064712, 0.12714326643963317, 0.24913474781032593, 0.07649919324690013, -0.06272556492517206, -0.25326830621818786, -0.08816184090053845], "Qu2017": [-1.6510071490740712, 0.2643277679748881, 0.7183428701225809, -1.649509033878807, -1.0078054664599523, -1.2153021120574552, 0.712844532350329, -1.5552898793911787, 0.27133765568166446, -2.549661804367174, 1.6002042531232443, 0.22010404702979444, -1.1917754562573724, -1.683407864714192, -0.5552791096970286, -0.9160488404725435, 0.3851308522969431, -0.6724825856629615, -0.12993413373945129, -1.7451417391461626, -2.1058756705643473, -1.5601900734258547, -1.504103948926598, -1.9588084406063462, -1.4928484116460545, -0.06375547180298077, 0.862401768579855, -0.38761377434456445, 0.5155808795839893, 0.7477091610008847, -1.6505203551541483, -1.5619632187386474, -1.333071888182815, 1.6613346228872157, -1.5259714577247654, 0.6928561644601159, -1.5275954222632226, -0.9480991078980991, -0.2755996074621805, -0.9137148826132928, 0.2337593539489834, 1.4478334335250875, -2.1154913651036953, -0.8852614342764307, -1.8421028416985372, -1.7662937712602234, -1.9275856496050736, -0.4451093700580171, 0.14620128104610694, -1.1823259610219021, 1.133768749750376, -1.8634884886828798, -1.8571484330727688, -1.3133151618286591, -2.149593474716261, -0.7002007487118012, -0.38607918383442563, 0.28671974880887724, 0.951417361368935, -0.7468339232735759, 0.2563964440900687, -1.3393601424160195, -1.9174240687637107, -1.840292658534278], "mirnas": ["miR-106b", "miR-188-5p", "miR-1225-5p", "miR-126-3p", "miR-20", "miR-17", "miR-32-3p", "miR-320d", "miR-1281", "miR-24-3p", "miR-122-5p", "miR-574-5p", "miR-15b", "miR-320b", "miR-939", "let-7i", "miR-1268a", "miR-19b-3p", "miR-451a", "miR-21-5p", "let-7f", "let-7g", "miR-423", "miR-197", "miR-494", "miR-1825", "miR-1207-5p", "miR-92a", "miR-638", "miR-940", "let-7b", "miR-30e", "miR-29c", "miR-671-5p", "miR-107-3p", "miR-1915", "miR-185-5p", "miR-320c", "miR-483", "miR-320a", "miR-150-3p", "miR-548j", "miR-30e-5p", "miR-16", "miR-223a-3p", "miR-23a", "miR-26a", "miR-15a", "miR-572", "miR-93", "miR-630", "let-7a", "miR-103a", "miR-27a", "miR-181a", "miR-1275", "miR-25", "miR-1260a", "miR-1202", "miR-19a", "miR-486-5p", "miR-140-3p", "miR-130a", "miR-22"], "p-values": {"Keller2014": [0.014729668804019394, 0.08227767496046093, 1.794458804273898e-05, 6.222225146404158e-10, 3.052726604937968e-07, 4.3831153056045773e-14, 0.5693847986876195, 0.7251544818715605, 0.00017660912199937072, 0.014070946455524853, 0.2092030391976825, 0.03589645145715524, 0.19427849231934152, 0.26983147098309296, 1.2236053160441128e-05, 0.04441928364977695, 0.0020644151136181054, 1.8023217985512593e-09, 0.36108105139627267, 0.6671557911220585, 0.1511406294667627, 0.32957013972301263, 2.3289280098859853e-07, 4.9780600162593e-09, 0.09049813345995669, 0.07007691717223168, 1.3975974125348497e-06, 0.040608145768469835, 0.0348207302795539, 0.03498066003995617, 0.030160849804649014, 0.13636403510081024, 0.12546244744253954, 0.9569236215343472, 1.9350581534781698e-16, 0.37594363985448975, 0.00019389354625908684, 0.17805796286387954, 7.668252644406853e-06, 0.9130988213032999, 0.059698327633476905, 0.00018321643191906824, 0.007937606641494647, 0.005374232588555154, 0.0007193263995797017, 2.9588666633482276e-06, 2.0443686244119357e-07, 0.9652571790128893, 0.34343671039040113, 4.483947784342663e-07, 0.26229415451102844, 0.015272559346992507, 7.063581291244568e-13, 0.7959727184333996, 0.13697638438841386, 6.521612918916101e-07, 0.06516600983665449, 7.3399892619036435e-06, 0.47401106871686227, 0.05102914905430114, 0.411268254541041, 0.5905748140446931, 0.017552773131705637, 0.4507174363698676], "Qu2017": [0.02214659174174118, 0.607627964921879, 0.0672594521081718, 0.03282779938150324, 0.2416800391677147, 0.15011765026973672, 0.45130480137789186, 0.04395512656570191, 0.723191559106819, 0.010510361405935252, 0.07765830703383299, 0.8010148873171422, 0.1704745128935188, 0.020659133915040314, 0.2977677979146028, 0.30791888750643137, 0.13241131008192153, 0.5572450815691361, 0.9580622683524801, 0.08382777115584553, 0.006797370787752879, 0.05324087995577059, 0.05041640358667671, 0.0001837028830412558, 0.014370178554631147, 0.9272077553113525, 0.03926640203280411, 0.4810867330899662, 0.42358113264931474, 0.05273371401686016, 0.046047344948883746, 0.02530908915287919, 0.01930989278501576, 0.016142597183148866, 0.05416192362011969, 0.08733327130782834, 0.00951213127113953, 0.03686279867345059, 0.718952400444179, 0.11998344171490324, 0.6667097603327363, 0.006468956899654892, 0.02875388326461446, 0.6430323110413578, 0.13465069076904992, 0.02305277146486588, 0.013998668840635099, 0.5805890560908551, 0.7317772812066161, 0.13848662811820067, 0.0028913822737838013, 0.043409469947787035, 0.012045053481601703, 0.04126078153596329, 6.926761764506895e-05, 0.14677047891252623, 0.6262883047150944, 0.515199008106437, 0.04946898819461566, 0.3697696616835213, 0.7336602712987699, 0.02418734856142267, 0.007816590102431768, 0.053361263339796246]}}