{"corr": -0.0018864454668394868, "p-value": 0.9812927355128426, "slope": -0.0012688275962638503, "intercept": -0.06028439235423706, "Keller2014": [0.9552628354750758, -0.6780755630077606, -0.006482084820327643, -0.33886050729827166, 0.4244541844166553, -0.9957532311184278, 0.2012876523843344, 0.49340851617655745, 0.10684170455341388, -0.16805783349581765, 0.1242976037753836, 0.8146058945446543, -0.2178041171682412, -0.1564148470786894, -0.05184956609292404, -0.4840872380403639, 0.8404669285059272, 0.3851664618925257, 0.07207118138095941, -0.27530296421716327, 1.1142606212829707, -0.02505333564522738, 1.0731104070416415, -0.33551345102216057, 0.20493751007707642, 0.5224232214552162, 1.2448366911649371, -0.2220229749236437, 1.2468236403588493, -0.6458832556956517, 0.25444775214420984, -0.23859353700535754, -0.15048712954416013, -0.5014603658537002, 0.38344323924366946, -0.29944772230253536, -1.324388379798596, -0.21944571473898206, 0.5143737450294477, -0.3788138564275244, -0.5093686542167903, 0.10522212957716691, 0.46654677263799477, 0.30001057089237104, -0.9302937341066202, -0.09822284418719415, 0.048221427774113805, 0.30962158174143095, -0.20233894696268645, -0.10382140949051069, -0.25326830621818786, 0.30725870465378335, -0.24113763493506715, 1.0091429317763918, 0.21465193025549612, 0.20033867882637044, -0.2917293293797751, -0.6242187904127378, -0.8698624266359434, 0.48155732345457913, -0.7366159924118054, 0.27532240537929753, 0.28558906228555647, -0.7143709111601702, 0.6178061874627894, 0.48909337637782857, -0.023239652695139147, 0.3707297313771486, -1.0222916175963745, 0.5767088989940788, -0.3232806598434067, 0.043896114216679286, -0.22615763549491946, 0.8583213905740537, 0.9766586396235162, 0.1840642689210384, -0.6762838516580767, -0.04117727254349386, 0.03864923502204018, 0.2616750284010698, 0.7541043269873933, -0.4319590892255647, -0.683334585920815, -0.36572782332678144, 0.6725300208468028, -0.15414653767079817, -0.22489817126707728, 0.024263181475963142, 0.13554200926204757, -0.20880413482503768, 0.31704098075085624, 0.5937286922036071, -0.29455242799618997, -1.2152351883313295, 0.42189295752401457, 0.13516260588790632, -0.29807542238225265, 0.017243227881163233, 0.36708271576805335, -0.34962954712044636, -0.3451273613132647, 0.6134882516579396, 0.4576561985394928, -0.004722898467128313, 0.4309040970244443, -0.43863465698296444, -0.698519175994017, 0.1139092716074157, -0.5303944617402305, -0.6742287301574832, -0.05917370769948212, 0.5620785070428416, 0.24913474781032593, 0.29728705319075155, -0.3220922943481729, 0.5699488191201484, 0.43730652904223843, -1.2669765337658696, 0.4092286262390237, 0.13229969214364865, -0.21021530078839556, -0.37472088703134976, -0.5123108539603116, -0.3700902879325743, 0.03235188698644362, 0.49454001808609305, 0.794714520827156, -0.43372245092766837, 0.779890115963915, -0.13870636181954035, 0.4494249659683396, 0.4847866162603238, -0.1991860512241012, -0.19466942479957244, -0.3043391875600644, 0.5966915622803798, 0.3721384180942653, 0.22312911201266591, -1.0284516997750233, 0.4553104703959423, -0.06913761408708008, 0.07421061968042748, -0.43690971562795794, 0.5927018912994773, 0.01910163764154315, 0.568788830013599, 0.7747075209063234, 0.03885412309816695, 0.4295421723346617, -0.9205331478019456, 0.1773737101363937, -0.496901892241059, 0.22794694004127425, 0.07649919324690013, -0.06272556492517206, -0.089868969862792, -0.08816184090053845], "Zaporozhchenko2018": [-0.36229253133664174, -0.12815537064366703, -0.7992707554944971, -0.19658131938509432, 0.34564839675046066, -0.03717074224319873, -0.09699769243272874, 0.26426387404569557, -0.08276896661863875, -0.3572401745179005, -0.3414214877849804, -0.135828274926842, -0.17129762767582304, 1.0162031352408216, -0.016310859191843212, -0.2864153656268972, -0.32793213544416205, -0.08731750004166391, -0.137685090637996, -0.11947151723364399, -0.09535810442814677, 0.19738486893859164, -0.0408694872967378, 0.7628900310453288, -0.2411991014960414, -0.14293659251628726, -0.36006778795384664, -0.16477967450217135, 0.37049674084190587, -0.10270356552257134, 0.03365189817977296, 0.6248184928591878, -0.21085883098619063, -0.0025732925030067886, -0.35847345311918544, -0.10584020243911332, -0.10787657760398421, -0.06984832173712341, -0.15100341739811235, -0.2481646780686386, -0.2163059933857679, -0.10339765568219589, -0.13674999747246305, 0.02693195552442752, -0.07314972028165344, -0.1391534596512059, -0.12575989047442587, -0.44943921241362095, -0.19784982075910532, -0.17745176161709006, -0.33976566556101007, -0.11496140591371326, 1.460298808891361, 0.26966217640559015, -0.03926389683797071, 0.33736324538213, -0.07052960634169138, -0.11542011869278426, -0.11993761035023201, 0.12550132156222538, -0.08554770496784952, -0.3405108027588286, 0.1345789359082203, -0.11090403789963788, -0.2689532956078421, 0.6061513659805255, -0.07196677148059163, -0.18328802947688, 0.05640494153688856, -0.2682840984552235, 0.6276435357837735, -0.04287552611005796, -0.09283681083332274, -0.08968761275370013, 1.1574140294050013, -0.1729242745648666, -0.05988940043437789, 0.6655318569256128, -0.5421671921990585, -0.0644610912695016, -0.1108185982851896, -0.13068500289463736, 0.3734709033620841, -0.1739064311963226, -0.21175326739062977, -0.3156267117393194, -0.2219745091054185, -0.30583908428587736, -0.18433253046360587, -0.24614110949510726, -0.614139898840027, -0.32198102651852806, 0.5010155313127507, -0.18560238362513248, -0.27840681564095027, -0.02767643367090276, -0.1342183990979763, -0.13579005901600572, -0.26869867639010775, -0.20607226396818712, -0.09734005250719296, -0.17404834798998917, -0.42447831033856087, -0.0571702577435708, -0.21794463515451745, -0.20195214689431468, -0.1709783755672062, 0.35097858906653223, -0.058249176387395823, -0.5848261968576486, 0.74622349684598, 0.5115624835919244, -0.3349046117880159, 0.3068743601685481, -0.03931299192088916, -0.03764841730423339, -0.292993364292114, -0.3018168504173626, -0.2559044842385271, -0.1318243433562145, -0.1660129188909397, 1.1718608994355104, -0.19276698024599573, -0.22820755842703982, -0.2447006903510107, -0.06364445858089558, 0.22427113027953327, -0.12255947368258988, -0.038693187044469626, 0.5405723067556512, 0.7667949758222175, -0.3566949558178445, -0.06028569943804654, -0.2664300066809093, -0.07593377906331181, -0.38998899116241054, -0.32204794452158525, -0.2453740329929427, -0.2911630988212951, -0.10219621104624882, -0.4084057094705431, -0.16655106232241157, -0.1679847039599888, -0.23925600050211443, 0.9293183835345812, -0.18445801563981018, -0.4760003641187034, -0.3059700985393081, -0.3858550332783022, -0.15154789938319713, -0.13847589199079813, 0.2956108806077382, -0.1887598429415946, -0.0023539534820925384, -0.3255404770791487, -0.24200173301983616, -0.36691387484076243],