{"corr": 0.007357772261845748, "p-value": 0.9521536610840335, "slope": 0.004645347384715251, "intercept": -0.8078338299089057, "Keller2020": [0.061017975658166954, -0.6727543503920443, 0.055005809168352876, 0.7299404250507504, 1.8490569060319788, 1.3140407108368817, 1.1318319153850702, 0.19446330534251954, 0.41171991762400995, -0.33036329500133355, 0.3553093909270365, -0.8415470183888123, 0.15811620624539624, -0.02243772781490678, -0.15981267330812654, 0.5097737554734734, 0.753543308720763, 0.7174590783681415, -1.2726691827885153, 0.3595462299321063, 0.13868587813473648, 0.10459758184261314, 0.42399575773914433, 0.21541207052940056, 0.9140234736638375, -0.21176861190345947, -0.19392843228710271, 0.25630374837123615, -0.11900650602881854, -0.11160727573833257, 0.7056372704195839, -0.4158090077575258, 0.44456609415070625, -0.40565715895097265, 0.9317900593353814, 0.6203938723335629, 0.1319210446850571, 0.18942981952206792, -1.4002066074779553, -0.3373921022136649, -0.39602270712045984, 0.6347611086918254, 1.2282245725659586, 0.7209028299957183, 0.7840714338322043, -0.5341251669411595, -0.2779067125738023, 0.3744647928808046, -0.057134681104375584, -0.8945748300730596, -0.2523104623218173, -0.9864872997862775, -0.2633254090574214, 0.9324602554903463, 0.3994355839157791, 0.03167701638978049, -0.17199781666519537, 1.0563126848695252, -0.056980726662519264, 0.605808923767369, -0.9822957045253293, 0.8154216897405686, 0.38220788662986505, 0.26716494583418104, 0.10083217753688578, 1.1242545337575185, 0.05713065190082857, -0.4769484012520837, 0.7147942678111858], "Li2017": [0.06427158173826059, -0.791275955683022, -0.8459646676943742, -1.0021909909764157, -0.5012693030203846, -1.302265816204931, -1.0144973094382763, -0.664011376071641, -0.7913694392242556, -0.7609417918597717, -0.7292042482078658, -0.6547560137353027, -0.44617709301180564, -1.3331127137183973, -0.49277641098626057, -0.6453581638176856, -1.0109600732708934, -0.4411255102124706, -1.0525505492038743, -0.3724357227049143, -1.6070868921664327, 0.08166153692431488, -0.44216539538943894, -1.7303586058663551, -0.38165409809790685, -0.6475446279232149, -0.46857602539530685, -0.7695057233152816, -1.205973785493042, -0.7724624268613531, -0.8008587380542439, -0.018381688274272036, -0.8473011056591001, -1.109018962201036, -0.4868360346571361, -0.9319461066467577, -1.1605886797044977, -1.024910891042399, -0.5717918119782692, -1.1868291105557933, -1.1869518748975827, -1.539537015327265, -0.7710732797822631, -0.5036850213329245, -0.4580829425074489, -0.8095147407906981, -0.4795583003745314, -0.9734394613292711, -0.6322922378034779, -1.1387551767869206, -1.0322986938600511, -0.9001830101749396, -0.8730074594910403, -1.0932144710473364, -1.0424819286204163, -2.3502867998142207, -0.9750510641257322, -0.8523112338827143, -0.48390959308816495, -0.9268368251466477, -0.3869909662209067, -0.6044678443813889, -1.029914927672399, -0.6204075039288469, -0.8610832277313383, -0.5988163196459544, -0.883295638701171, -0.3348834397852262, -0.47206831519870296], "mirnas": ["miR-6740-5p", "miR-4516", "miR-6069", "miR-3196", "miR-328-5p", "Unknown", "miR-4327", "miR-371b-5p", "miR-7106-5p", "miR-4306", "miR-7107-5p", "miR-32-3p", "miR-6799-5p", "miR-320d", "miR-1281", "miR-4466", "miR-642a-3p", "miR-4433b-3p", "miR-574-5p", "miR-4669", "miR-320b", "miR-4484", "miR-1268a", "miR-320e", "miR-451a", "miR-6127", "miR-4281", "miR-6089", "miR-4298", "Unknown", "miR-1207-5p", "miR-3610", "miR-7704", "miR-4507", "miR-4433a-3p", "miR-638", "miR-6126", "miR-4788", "miR-4455", "miR-4443", "miR-6868-5p", "miR-320c", "miR-6090", "miR-2861", "miR-4463", "miR-1228-5p", "miR-6849-5p", "miR-92b", "miR-3679-3p", "Unknown", "miR-7162-3p", "miR-6739-5p", "miR-4271", "miR-3960", "miR-3162-5p", "miR-6784-5p", "miR-4485-5p", "miR-4530", "miR-1260b", "miR-5739", "Unknown", "miR-4270", "miR-1275", "miR-1268b", "miR-4505", "miR-1202", "miR-7114-5p", "miR-1246", "miR-3940-5p"], "p-values": {"Keller2020": [0.8955318043404846, 0.3173137959469087, 0.8974430171302306, 0.0477205996699687, 0.0006126471763893787, 0.03674620511701992, 0.013182991340762892, 0.6251728688552369, 0.20835825772413114, 0.3545535545547501, 0.5013734193188548, 0.08680121237697036, 0.5743163343545902, 0.9419347909336777, 0.7241327927480133, 0.23010384856266566, 0.118188658426427, 0.023867491517804356, 0.03806595745853565, 0.4352493221492427, 0.653900644473806, 0.720707349256066, 0.25712425608256767, 0.454590406932578, 0.29408780638609733, 0.6092288122207421, 0.7491842284842507, 0.6918535523364374, 0.7733123437793924, 0.8004474845350819, 0.10880600811999029, 0.291527497551764, 0.3124142604087919, 0.4474447479647454, 0.008433407250800079, 0.1838185636467198, 0.6853568594480317, 0.5997655503488429, 0.020244087888348854, 0.580219054581814, 0.2079848904026908, 0.19738842137087725, 0.07514943689994555, 0.12686080113731898, 0.03445089005478936, 0.26711682765194333, 0.48767799316479066, 0.2558469060800584, 0.8271536613941565, 0.0779551367247825, 0.4391642770831863, 0.0037172452469839373, 0.4926497388636648, 0.11754084441585948, 0.29143046504578596, 0.9027343977902014, 0.5832278190494591, 0.012443889224266463, 0.7916026465588131, 0.10719070066908018, 0.076385084274293, 0.06891770979614113, 0.3465657014957154, 0.47680432465991407, 0.8152397685826787, 0.012339914881190624, 0.8300077720298299, 0.3890608188727426, 0.033286039662836914], "Li2017": [0.7639674026821819, 0.16076651720103635, 0.21821784755571738, 0.23489149368901446, 0.42552514253863016, 0.15601036307639093, 0.16980325906053614, 0.419000547666045, 0.1235369932481747, 0.43454592208333054, 0.4110790943229188, 0.40474022342711413, 0.5014353885855414, 0.13818473312707902, 0.4394655204231913, 0.2769984335993658, 0.1459782737596981, 0.5216411470522724, 0.17149561263697768, 0.5515018350315154, 0.1132805530957829, 0.8682785007977609, 0.14884663563262224, 0.14692365638480798, 0.8648635353834568, 0.3252819205339323, 0.12136356196367853, 0.24049052767172424, 0.13350019987245695, 0.4121492117036073, 0.15125612472788127, 0.9663169454319009, 0.2178816866061612, 0.24210531185306167, 0.5850947329651428, 0.23999731895642007, 0.15064538667498384, 0.20518302449180467, 0.3689160902875146, 0.1826624198390533, 0.17940160025125054, 0.1415619789613318, 0.3336540260683199, 0.6152001116582066, 0.5298446567618444, 0.29582448328179567, 0.4562799913292289, 0.3272298719390625, 0.27337474505715437, 0.22247216778416842, 0.16167779014874264, 0.11516338275171996, 0.17821489943701388, 0.1719137737454172, 0.17100830685983576, 0.12562933603720108, 0.3590775343675041, 0.19265147909749566, 0.41892304817962833, 0.23027322396635, 0.4759855121101637, 0.4058053911437311, 0.1564717046748924, 0.11692784460242363, 0.2821883313192135, 0.1201067689416608, 0.1574630021382324, 0.5163171068873764, 0.26355455774716824]}}