{"corr": 0.0476862738292609, "p-value": 0.6081030375572406, "slope": 0.0832628485918626, "intercept": -0.040369737944315046, "Keller2014": [0.48353650734436027, -0.17709280451245607, 0.0078039808212056715, 0.5814934739781984, -0.23941867615090495, 0.5668310351822701, -0.5348522960416806, -0.005174454506714545, -0.10950417953514262, -0.22657511390257973, 0.18788867709393553, 0.10156104711021471, -0.4368296775916618, 0.22891822645459775, -0.08185852103102755, -0.2665957500792104, -0.0006318444098206687, -0.3753756790558084, -0.03215650113928616, 0.8571454885594514, 0.8403731737023337, 0.7628401383601906, 0.705323039880173, -0.16946820637957904, -0.22763584599523698, -0.09348804219525032, 0.4520952034446367, -0.6155238809248673, -0.20521475299796121, -0.6652943279918584, -0.14779275535811895, -0.1665647255394407, 0.2474017586698033, 0.39399213994699556, -0.6445237800126747, -0.38774359979109074, 0.1264056610105863, 0.47936419200905434, 0.289048363033361, 0.13763997250325272, -0.20233894696268645, -0.33759334030390015, -0.3431956769501807, 0.03126990551227103, 0.26739636850662046, -0.487523808928932, 0.016010588200230998, -0.1769760049955284, 0.48909337637782857, -0.31443161698088345, 0.22674968645787047, -0.24666295125123966, -0.8751605168612155, 0.4919780013793621, 0.2147378057494025, -0.5074687746774874, -0.4252332970781971, 0.6252778388286431, -0.2677806826353891, -0.030185859463227226, -0.07408843999847878, -0.13009709081777135, -0.5118658547989152, 0.32611515771388133, 0.17618539536193795, 0.46473056581793515, -0.07598467352998038, -0.6512628289711968, -0.4465388615909207, 0.36781019406818205, 0.21142043608988925, -0.1563369762616822, 0.5490982464545602, 0.22294782800312618, -0.06753226074935163, 0.2004097105861456, 0.20935545839466313, -0.3071644728928727, 0.19724689657370387, -0.2576255429377865, -0.2856860762466926, 0.8764880028003874, -0.8003673873168875, 0.3242762191776145, -0.2202222045536137, -0.06971783964723914, 0.5620785070428416, -0.28274910734814895, -0.5383690718726035, -0.5151908659242656, -0.5000387204636139, -0.17934390605066805, 0.2945879934672923, -0.5995964681822394, 0.5928400455143691, -0.13738238052840845, -0.38442144080686835, 0.01926757919017389, -0.1535595088590189, 0.30136829106349394, 0.008596540257531364, 0.1470203419688944, 0.5289908868599982, -0.3457777830219326, 0.5169407534221602, -0.30535212745086554, 0.10198306747530564, 0.2700319704142988, -0.12974939334375457, 0.243450110720057, 0.3379307300737725, -0.4694310472549492, 0.004009702854164094, 0.29249329127474666, -0.0930636749892366, -0.4308568855203505, -0.3524795744271825, -0.9487074026225026], "Yao2019": [-0.21716661546851695, 0.6497908557658755, -0.020152840356649215, 0.9307868662709197, -0.14645149751797157, -1.0614273252545017, 0.7275022780151471, -0.3791231503877376, 0.2633237055413686, -0.4390753624426387, -0.6995089652545556, 0.7735079504023572, -0.8524485570364354, -0.3820578148810687, -0.7206682460776204, 0.37153860138654593, 0.28411453264658343, 0.5980858402383096, -0.29268308447364144, 1.1310845484719243, -0.14645149751797157, 0.7982173959656924, 0.12078583721954869, 1.0629191855898783, -0.8981428742285988, 1.035046650195929, 0.4856013816977036, -0.24447780786718337, -0.3237573385865141, 0.2871702645318678, -0.7146808714974279, 1.4161116971166012, -1.467215570484071, 0.14623158695566982, -1.6954178138791078, 0.4829572090171437, -0.4390753624426387, 0.6499025076611745, 1.2035155342890365, -0.5165959401249616, -1.050830549619489, 1.181278237151599, -0.4390753624426387, 0.16260081431120604, -0.14979054542575174, -0.166384427312319, 0.2871702645318678, 0.6587088659184136, 0.5150613052773074, 0.14623158695566982, -0.3785718902090841, -0.7763228543061544, -0.29268308447364144, -0.4000376884827, -0.49409808504894914, -0.9592077455934361, 0.14623158695566982, -0.2960221323814215, 0.2871702645318678, -0.35671836594283324, 0.6519858090100227, 0.4219950525216596, 0.14623158695566982, 0.35930272453638135, 1.34056206933026, 1.4785570205736613, -0.008851867849553809, 0.14623158695566982, -1.2583198554964699, 0.14623158695566982, 0.14623158695566982, -0.7350974948240603, 0.43340185148753746, -1.5175351112320112, -0.08752891039941439, -0.4390753624426387, 0.14623158695566982, -0.7999914906952668, -0.005673510955101001, 0.7478763856640613, -0.6880107847603525, 0.14623158695566982, 0.3127255083509839, -0.3060519278238509, 0.22250719594447874, 0.7319185981188152, -0.30536955633008134, 0.5949894845813188, -0.4390753624426387, 0.975458103782492, 0.2633237055413686, 0.19027412454350223, -0.2960221323814215, -0.08752891039941439, 0.25447183769181475, 0.14623158695566982, -1.0995578748039065, -0.633607063382948, -1.4997656961089634, 0.23842249822537115, -0.2960221323814215, -0.9531655968349095, -0.718989714696402, 0.21291044656738412, -1.9053347704417385, 0.8165131460128314, -0.7317584469162799, -0.11584034194488621, -0.1617105668771956, -0.49409808504894914, 0.37153860138654593, 0.7308413259229272, -1.4928429849172236, 0.43340185148753746, -0.20589825894590721, 0.37153860138654593, -0.22992267238318811, -0.00566613720342164], "mirnas": ["miR-1226", "miR-20b-3p", "miR-512-3p", "miR-629-3p", "miR-376b-3p", "miR-582", "miR-202-5p", "miR-31-5p", "miR-1298-5p", "miR-612", "miR-589-3p", "miR-1229-3p", "miR-182-3p", "miR-940", "miR-891a-5p", "miR-887", "miR-372", "miR-153-3p", "miR-1302", "miR-296-3p", "miR-483", "miR-1228-5p", "miR-138", "miR-490-5p", "miR-412", "miR-1238-3p", "miR-885-3p", "miR-219a-5p", "miR-323a-5p", "miR-597", "miR-1914-5p", "miR-933", "miR-1270", "miR-624", "miR-380-5p", "miR-222-5p", "miR-15a-3p", "miR-616", "miR-643", "miR-19b-5p", "miR-18b-5p", "miR-101-5p", "miR-607", "miR-517c-3p", "miR-502-5p", "miR-509-5p", "miR-99a-3p", "miR-186-3p", "miR-885-5p", "miR-542-5p", "miR-506", "miR-708-3p", "miR-208b-3p", "miR-943", "miR-517c-??", "miR-496-3p", "miR-518e-3p", "miR-1227-3p", "miR-549", "miR-33-3p", "miR-302a-5p", "miR-551a", "miR-141-5p", "miR-873", "miR-1224-5p", "miR-193b-5p", "miR-432-3p", "miR-216b-5p", "miR-616-5p", "miR-200c-5p", "miR-362-3p", "miR-491-3p", "miR-1909-5p", "miR-122-3p", "miR-937", "miR-1914-3p", "miR-1909-3p", "miR-1276", "miR-665", "miR-1183", "miR-208a-3p", "miR-877-3p", "miR-1289", "miR-888", "miR-627", "miR-1234", "miR-365", "miR-1248", "miR-455-3p", "let-7g-3p", "miR-138-2-3p", "miR-188-5p", "miR-708", "miR-1537-3p", "miR-194-3p", "miR-137-3p", "miR-570-3p", "miR-600", "miR-509", "miR-551b-5p", "miR-212", "miR-579", "miR-769-3p", "miR-129-1-3p", "miR-668", "miR-610", "miR-1323", "miR-183-3p", "miR-154-3p", "miR-615-3p", "miR-380", "miR-217", "miR-96-3p", "miR-520a-5p", "miR-1197-3p", "miR-31-3p", "miR-1256", "miR-545"],