{"corr": 0.022152804487052438, "p-value": 0.9427350866919153, "slope": 0.03563284837163216, "intercept": -0.007760895595451282, "Keller2014": [0.5927018912994773, 0.2012876523843344, -0.3451273613132647, -0.09822284418719415, 0.6134882516579396, -0.3788138564275244, -0.3043391875600644, 0.7747075209063234, -0.2917293293797751, -0.5123108539603116, 0.4309040970244443, 0.9766586396235162, 0.779890115963915], "Marzi2016": [0.708939420379425, 0.41968477985195113, -0.0132739899115752, -0.47697252578611726, 1.0947477232927059, -0.7824810315114378, -1.039470323843537, -0.4817274942453117, -0.3669523935061297, 1.186582061660541, 1.354224997622194, -0.8699524902735356, -0.7473284835769717], "mirnas": ["miR-29a", "miR-30c", "miR-30b", "miR-191-5p", "miR-223a-3p", "miR-374a-5p", "miR-92a", "miR-328", "let-7d", "miR-148a", "miR-140-5p", "miR-331-3p", "miR-484"], "p-values": {"Keller2014": [2.7344651385441714e-05, 0.16634485634102916, 0.023506803317534946, 0.42256256466348785, 0.0007193263995797017, 0.0374714101377248, 0.040608145768469835, 0.00012610312968091027, 0.041254477713671495, 3.4506035254254403e-07, 0.008645234660490032, 5.860778027724716e-10, 5.88244681858121e-09], "Marzi2016": [1.4156486645866428e-08, 0.002581237112155, 0.9202055639248479, 9.024528339465123e-06, 7.101878897787841e-12, 2.5435734547289026e-09, 5.514291956393523e-18, 1.4991602466437515e-05, 0.015232888629862744, 1.4331643497525897e-14, 3.5098940955796554e-30, 1.7866973417030885e-14, 1.616851214458367e-09]}}