{"corr": -0.10113093496990047, "p-value": 0.3401648193635385, "slope": -0.06663089236136423, "intercept": -0.25843004777508205, "Keller2014": [-0.33886050729827166, 0.4244541844166553, -0.9957532311184278, 0.49340851617655745, 0.10684170455341388, -0.4840872380403639, 0.07207118138095941, 0.24167009162168257, 1.0731104070416415, -0.33551345102216057, 0.20493751007707642, -0.2665957500792104, 0.5224232214552162, -0.2220229749236437, 0.25444775214420984, -0.4853429329735641, -0.29944772230253536, -0.362904346205326, 0.4547006643494158, -0.5093686542167903, 0.10522212957716691, -0.09822284418719415, -0.3046016164441283, 0.30962158174143095, 0.4071380147034861, -0.5774540334376166, 1.0091429317763918, 0.21465193025549612, 0.20033867882637044, -0.6242187904127378, -0.8698624266359434, -0.7366159924118054, -0.023239652695139147, -0.4592403987827184, 0.30174875395533013, 0.2922508360508249, -0.22615763549491946, 0.05082084504945766, 0.9766586396235162, -0.47657181808430094, 0.03864923502204018, 0.2616750284010698, -0.2736410558432276, 0.7541043269873933, -0.4319590892255647, -0.27429428418393, -0.15414653767079817, 0.024263181475963142, -0.20880413482503768, -0.5778613334914119, 0.4485765214345546, -0.29455242799618997, 0.175776420465791, 0.017243227881163233, 0.13516260588790632, 0.6134882516579396, -0.2856860762466926, -0.6950574187450138, 0.4309040970244443, -0.698519175994017, -0.6742287301574832, 0.06822127726863383, 0.24913474781032593, 0.5699488191201484, -1.2669765337658696, -0.13738238052840845, -0.5123108539603116, 0.22392761267016503, 0.779890115963915, -0.05059107838901155, 0.008596540257531364, 0.5966915622803798, -0.3850746819100507, 0.3721384180942653, 0.22312911201266591, -0.07016686988728787, 0.07421061968042748, -0.43690971562795794, -0.23851035436758075, 0.5927018912994773, 0.01910163764154315, 0.568788830013599, 0.7747075209063234, 0.2790971117147141, 0.4295421723346617, 0.1773737101363937, 0.22794694004127425, -0.4404831227452667, 0.27532240537929753, -0.25326830621818786, -0.08816184090053845], "Nigita2018": [-0.10827968125465001, -0.4304121844438106, -0.5635881967593057, -0.6191124914164418, -0.2002189562659396, -0.3126496029586653, -0.2406874832787213, -0.07860134229814542, -0.4511711853419891, -0.9380281416022072, -0.13428016252990432, -0.6985268204784096, -0.13330973900866183, -0.34327218191842157, -0.4997664070463649, 0.018969654114247177, -0.3581226263751204, 0.25325626477020324, 0.11893488052271652, -0.08255600041344686, -0.5539946555056502, 0.21440895022740836, -0.5966394053130357, -0.4285714387664865, -0.4770325659296564, -0.3575165237131249, -0.45430128121002916, -0.8936455155672947, -0.8048412662001037, 0.18133512137092056, -0.3889430719292435, -0.03436663538915623, -0.4739614633960455, -0.06657443096469148, -0.24004582834731153, -0.2583553410334667, 0.06396624371717206, 0.045605167178009394, -0.31042389961115263, -0.326327724344306, -0.49798598616635625, -0.01867461669587591, -0.1755439044029605, -0.4171399838165716, 0.0791660004144254, -0.518511991298451, 0.6082571138895934, -0.16597418705404585, 0.1410700160810356, -0.3272979645417058, 0.07072306991410363, -0.2019581885682129, -0.4664708167652981, -0.5403999204587574, 0.11107076371326279, -0.24878735805096125, -1.5514752878427802, 0.11038446899793947, -0.3066188214094633, -0.15904325531496932, 0.009595781551030682, -0.4896427257357169, -0.15653724696586724, -0.351892845967686, -0.2421301013609089, 0.11154205860037525, 0.2811856623237663, -0.41801599474422524, -0.1549635209637557, -0.1408380413427625, -0.5125283122929944, -0.05741293207936882, -0.18478098836268725, -0.09463352910037054, -0.5404616362780679, -0.5135018567905394, -0.18092084583555695, -0.1442426571397257, -0.3037302567671366, -0.36111041707506364, -0.3139526064808268, -0.4177372415217112, -0.23887949461293825, -0.15481233117982476, -0.26901443365142536, -0.2957618786372076, 0.08551726715982519, -0.48629047560676864, 0.2264629045628243, -0.5954545854399867, -0.17408661623996174], "mirnas": ["miR-221", "miR-193b", "miR-126-3p", "miR-339-5p", "miR-338-3p", "miR-222-3p", "miR-21-5p", "miR-494", "miR-574", "miR-141-3p", "miR-152-3p", "miR-887", "miR-185-5p", "miR-27b", "miR-132a-3p", "miR-200b-3p", "miR-421", "miR-654", "miR-337-3p", "miR-130b-3p", "miR-424", "miR-191-5p", "miR-874", "miR-425-3p", "miR-1249-3p", "miR-362-5p", "miR-197", "miR-10b-5p", "miR-28-5p", "miR-363-3p", "miR-26b", "miR-144-3p", "miR-320a", "miR-455", "miR-92b", "miR-203-3p", "miR-301a", "miR-501-5p", "miR-331-3p", "miR-1301-3p", "miR-27a", "miR-99b", "miR-301b", "miR-30a-5p", "miR-106b", "miR-376c", "miR-15b", "miR-652-3p", "miR-451a", "miR-598", "miR-361", "miR-127", "miR-193a", "miR-342-3p", "miR-150-5p", "miR-223a-3p", "miR-208a-3p", "miR-454", "miR-140-5p", "miR-93", "miR-551b-3p", "miR-758", "miR-19a", "miR-125a", "miR-17", "miR-137-3p", "miR-148a", "miR-1307", "miR-484", "miR-628-3p", "miR-212", "miR-423", "miR-181c", "miR-143", "miR-29c", "miR-370", "miR-148b-3p", "miR-18", "miR-214", "miR-29a", "miR-543-3p", "miR-23a", "miR-328", "miR-605", "miR-505-3p", "miR-210", "miR-25", "miR-487b-3p", "miR-30e", "miR-130a", "miR-22"], "p-values": {"Keller2014": [0.033980991560884265, 0.0044748447400095375, 6.222225146404158e-10, 0.00033412123216424437, 0.44123407583132845, 9.034948558307559e-05, 0.6671557911220585, 0.09049813345995669, 6.398659706283223e-08, 0.01965671467451947, 0.078871752993327, 0.01005759992369844, 0.00019389354625908684, 0.07657467846560398, 0.02853939826974692, 0.0009901893497816555, 0.06338873062829363, 0.0020305110183182016, 0.0035403175996244545, 0.0005148415859265053, 0.3922771816727644, 0.42256256466348785, 0.030866673152999135, 0.05172551484113171, 0.06919719236748076, 0.0018158293040459433, 4.9780600162593e-09, 0.11251587668334097, 0.0796484133295738, 1.5449539564298213e-05, 9.580631397063054e-06, 8.066014198686245e-06, 0.9130988213032999, 0.004628964587247706, 0.00847347062170082, 0.044391052243336, 0.08832446845257129, 0.7796963028077376, 5.860778027724716e-10, 1.2921615639266151e-05, 0.7959727184333996, 0.018536670759523012, 0.025084690372533098, 1.6343497946194635e-06, 0.014729668804019394, 0.05200049033811346, 0.19427849231934152, 0.8127037981621501, 0.36108105139627267, 0.0005076503296495745, 0.005722801548854608, 0.051910330114804955, 0.1902102191167417, 0.9133760164183502, 0.45512041599165964, 0.0007193263995797017, 0.07976331238226161, 3.885105539441472e-05, 0.008645234660490032, 4.483947784342663e-07, 1.7123967083894385e-05, 0.6775018842795006, 0.05102914905430114, 0.004017836157601025, 4.3831153056045773e-14, 0.4461139285311132, 3.4506035254254403e-07, 0.11444709222507704, 5.88244681858121e-09, 0.7840628123748971, 0.951658654306224, 2.148082288656976e-07, 0.017170110194146077, 0.006983933088070074, 0.12546244744253954, 0.624165683637131, 0.5072076045012591, 0.007777377828850652, 0.08839226019205744, 2.7344651385441714e-05, 0.9006895684129838, 2.9588666633482276e-06, 0.00012610312968091027, 0.07074583045996304, 0.003996247082288238, 0.18624393383757193, 0.06516600983665449, 0.002657535441383228, 0.13636403510081024, 0.017552773131705637, 0.4507174363698676],