{"corr": -0.0473430802862537, "p-value": 0.5624600925770868, "slope": -0.01170102460681373, "intercept": -0.016883888650368346, "Keller2020": [0.594828568219839, 0.1531555346443266, -0.8415470183888123, -0.3608199222567934, -0.785820611615363, 0.09461386571122898, 0.42399575773914433, 0.09410101670390604, -0.09637318922411275, 0.08775670420551662, 0.55062590232506, -0.7747343127968132, 0.5381868815224033, 0.04952658501736081, 0.06429156377421337, -2.0240214322981562, 0.4381448147063066, -0.1484293185233333, 0.6347611086918254, -0.1728320392221781, -0.5341251669411595, 1.286494782689296, -0.009791086322910342, 0.08292059532874288, -0.23133315041351715, -0.5217530398878858, 0.029452819998347913, 0.2522330499473584, -0.3594611263108745, 0.1502847928868753, -0.056980726662519264, 0.6304185339515354, -0.6308092335749029, 0.19619578913604357, -0.00841591017243075, -0.027314097579022922, 0.09181405654500487, 0.12239629115592766, 0.11612077515724914, 0.522589608567934, -0.05202694055719092, -0.33036329500133355, -0.02243772781490678, -0.15981267330812654, 0.30310603998760755, 0.21794580364812838, -1.2726691827885153, 0.2489370368391523, 0.1556774509368405, 0.27767957295451184, -0.5871062351559269, -0.6679913586251705, -0.19392843228710271, -0.24819764227678048, 0.4431974873055763, -0.11900650602881854, 0.7056372704195839, 0.21197664241682707, 0.23585021454133742, 0.35633238296252623, 0.0673817314416873, 0.12013326188373305, 0.1585040182583426, -0.39654318619454537, -0.17650101651551087, 0.21088770945576885, 0.7209028299957183, 0.0917336345497908, 0.3744647928808046, -0.057134681104375584, 0.257436820969485, -0.14825678845779555, -0.014512821892952723, 0.29034083368316205, -0.12537471777987624, -0.02765291459542566, -0.09524815623857336, 0.7299404250507504, -0.2684879754628342, -0.03138837794456801, 0.13606443234496735, 0.08230993696737096, 0.09698559770578696, 0.39898319966992923, 0.13868587813473648, 0.21541207052940056, 0.9140234736638375, 1.2058809901341487, 0.05211376040932718, 0.6203938723335629, -0.21785259092863937, -1.0781380839374677, 0.14421469962889777, 0.019838559285365806, 0.8510424677433779, -0.6757351736555861, 0.24128673180991594, -0.010850067778334048, -0.02042268402478392, -0.2633254090574214, 0.03659927068092738, 0.21946093351148, 0.19121424501941978, 0.3994355839157791, 0.17601152800528563, 0.9283505582160335, 0.08607288085468115, 0.18813728823466186, 0.06854631404506101, 0.8154216897405686, 0.38220788662986505, 0.006456456015348342, 0.38004319723172636, -0.1352129369882517, 0.19153989442931407, 0.19610350180070646, -1.0853835656339772, -0.526961428502942, 0.7055650171576715, 0.09221320046151033, 0.050019255911554025, 0.8655949681901008, -0.5176709050526332, -0.6365823205688437, 1.1318319153850702, -0.4769484012520837, 0.35159930761275326, -0.36855459755607645, -0.06731933401786819, 0.17124474801255232, -0.7379425793688562, -0.26466652957758957, -0.10380790106252955, 0.4781269158194189, -0.4158090077575258, 0.544341379328901, 0.07523499092880737, 0.04485903244668464, -0.38993562665009374, 0.18651799269240626, -0.008186187606285963, -0.09208123815104183, 0.18295818380417267, 0.17680344612832155, 0.23133770404221, 0.4883505898246161, -0.4423351382006787, 1.1242545337575185, -0.21093171502772765, 0.4869067340264953, 0.290263010445054, 0.10999261228220744], "Leidinger2014": [-0.0322606787215793, 0.05415151907514003, 0.008791921853435624, -0.02785284139361218, 0.08304105974384005, 0.041805064382813104, 0.018617899816933153, 0.024775651142464074, 0.39164343328481, 0.02437516169932334, -0.039094809813158306, -0.053030031840377925, -0.03837334120282897, -0.0714816409244595, 0.05574599991905345, 0.03766503289772173, -0.001047554396763282, 0.002421253066149278, -0.21875897897151478, 0.04144297466911264, 0.04861852715818004, -0.09207520569828034, -0.022520179263976203, 0.04128644983130085, 0.02661219988800371, 0.05778011762064714, 0.0707827131566913, -0.012505018416333797, 0.014753939914566637, 0.03904552630252264, 0.08189899685015684, 0.11177322421329183, -0.07888398671762423, -0.23229858471462866, 0.029800413231986837, -0.12766574227128785, -0.061417765409587426, 0.029933887719605586, -0.043538347655450234, -0.01902366816033984, -0.11323780220426037, -0.13375310530601192, -0.2404235672770863, 0.0965204441379268, -0.003707509191435753, -0.06393336266197625, -0.06079625750420295, -0.0490602286597963, 0.018924598855127824, 0.09475530922038816, -0.1956740079384816, -0.11516908966942022, 0.056171453391209415, 0.028418187749890994, 0.12408599987091104, -0.10015137238161154, 0.007993893444427965, -0.23298443333787383, 0.056371552281612794, -0.004886544192472711, 0.04111931305750481, -0.06891418609090588, -0.07117869727373599, -0.4116833341530223, 0.036801694620762805, 0.06448580726943953, 0.016613382207886305, -0.16351729132526965, -0.039025514590499064, 0.1118641148839013, 0.10812729949808755, -0.1604778545250583, 0.03393481864316107, -0.005800681251802974, 0.12758385394214747, -0.12808311330818584, -0.008801655002063879, 0.03040897044209251, -0.1522731088937081, 0.05559292332188437, 0.03294259278017987, -0.024123722368667118, 0.049328822692542414, 0.02255861991291573, -0.19995915550217797, -0.18774565457745127, -0.7375897010171646, -0.00020672801297029605, -0.009895457646565343, 0.015131145765155101, 0.000717414221225945, -0.06386937911807003, -0.04677575133179837, -0.09154666193308048, 0.04956700647583324, 0.009969109738506413, -0.12485241296279811, -0.07990552568268747, 0.17149934139624912, -0.14890429353468065, 0.05462074636892664, 0.0042056469965089304, 0.032107689889618346, 0.03619573125257196, -0.05360489307445585, 0.1699363166749278, -0.02853954441054688, -0.026083839018198406, 0.06084513921250427, 0.004343841930686459, -0.07469335947244601, -0.039234764631779454, 0.039860229221867376, -0.07820584958323124, 0.009320594354469039, 0.004612176877579572, 0.04020159104249585, -0.07953321562219304, -0.08614417563628948, -0.004682401244561805, 0.04447541850184328, -0.034696156883422535, -0.046822665668669036, 0.04219536746561711, -0.018371724458606187, -0.10416311302828485, 0.05743306268785885, -0.013103428180070138, 0.008459597301881571, 0.23051127725924692, -0.037398018557893806, 0.04594692510721339, 0.08381950102746205, -0.16761908152581442, 0.04666136506807682, 0.0621761244603592, 0.0871061097242223, -0.020315308765440795, -0.03965531007827232, 0.06371371406605113, -0.09108017023475934, -0.04695565360068612, 0.045470515908833206, 0.0008807436932864415, 0.08365705498086984, 0.03475272222720921, 0.14910144731625874, 0.015097284007987821, -0.043351210589917644, -0.4106631884475921, -0.002121072823842468, -0.07251269687451302],