{"corr": 0.04893834070447934, "p-value": 0.6269716143837993, "slope": 0.05303878493521935, "intercept": 1.042868705041121, "Keller2020": [-0.6727543503920443, 0.19446330534251954, -0.3608199222567934, -0.785820611615363, 0.09461386571122898, 0.42399575773914433, -0.09637318922411275, 0.21152738483044847, -0.7747343127968132, -0.08187317199567867, 0.04952658501736081, 0.06429156377421337, 0.09990316580021404, 0.4381448147063066, -0.1484293185233333, 0.6347611086918254, -0.1728320392221781, 0.26626715908833387, -0.2165343561757832, -0.009791086322910342, -0.23133315041351715, -0.5217530398878858, -0.056980726662519264, -0.9822957045253293, -0.6308092335749029, 0.19619578913604357, 0.09181405654500487, 0.12239629115592766, 0.23967251839474346, -0.02243772781490678, -0.15981267330812654, 0.753543308720763, -1.2726691827885153, 0.2489370368391523, 0.4113030602534033, 0.27767957295451184, -0.5871062351559269, 0.1830393529556259, -0.24819764227678048, -0.12152476964097156, -0.6317477758693556, 0.12013326188373305, -0.39654318619454537, -0.17650101651551087, 0.21088770945576885, 0.0917336345497908, 0.3744647928808046, 0.3169296916396528, -0.14825678845779555, -0.014512821892952723, -0.02765291459542566, 0.15073010978000725, 1.8490569060319788, 0.7299404250507504, -0.2684879754628342, 0.08230993696737096, 0.39898319966992923, 0.13868587813473648, 0.21541207052940056, 0.9140234736638375, 1.2058809901341487, 0.6203938723335629, -1.4002066074779553, -0.3373921022136649, 0.14421469962889777, -0.010850067778334048, -0.02042268402478392, 0.21946093351148, 0.19121424501941978, 0.9283505582160335, 0.06854631404506101, 0.38004319723172636, 0.38220788662986505, -0.1352129369882517, 0.19153989442931407, 0.25979860718357795, 0.35159930761275326, -0.3960277176868731, 1.1766678752158386, -0.06731933401786819, 0.17124474801255232, -0.7379425793688562, -0.26466652957758957, 0.4781269158194189, 0.544341379328901, 0.07523499092880737, 0.7403643786480592, 0.04485903244668464, -0.38993562665009374, 0.10632684158437955, -0.09208123815104183, 0.18295818380417267, 0.17680344612832155, 0.4883505898246161, 0.2856558442122161, 0.26716494583418104, -0.4423351382006787, 1.1242545337575185, -0.21093171502772765, -0.4769484012520837, 0.06933648296229525], "Reis2020": [0.8124246266176135, 0.8899330463133462, 1.129527206338461, 1.3540687655428378, 1.2689924636665126, 1.2489500504190107, -0.17896793903993288, 1.2523597555772996, 0.5717493405667, 1.467586998251717, 1.665765715134691, 0.9482306881660383, 0.8015302028191789, 1.8347540293210955, 1.0988398599138627, 0.856584466594474, 1.0364672045793135, 1.4182710187672, 1.0866979830087373, 0.7698448939092277, 0.6600690205204215, 0.8172481119634851, -0.8354609273211735, 1.047028974215964, 0.8463553511196081, 1.186743722165354, 0.6077591535798463, 1.9621605732844682, 0.8471038229836227, 0.8066863423268349, 0.861491115480792, 0.9793338522928667, 1.719239871641511, 1.54002244198024, 1.0529335855876347, 0.7632749742139888, 1.9244043259219545, 0.7145411395125943, 0.6394444624897972, 0.8649008206390806, 0.5596906272020205, 2.560106429091679, 0.8062705246246045, 0.7841490228659511, 1.8543806248663672, 0.56667636459949, 1.0931847391635303, 0.9365877925035891, 0.6887604419743141, 0.9562975515893066, 1.2459561629629525, 1.2574327315445095, 0.8733835017645794, 1.182918199304835, 1.8064784255694337, 0.916046398013411, 1.265832249129562, 1.030396266126751, 0.8574161019989348, 2.5567798874738363, 1.6287579396361918, 1.3960663534681006, 1.6141211565176843, 1.8278514554640723, 1.1037465088001808, 2.045074623109196, -1.2535240451435445, 0.7142084853508099, 1.8653582122052481, 0.8568339572158122, 0.9002453253286584, 0.8376231793727713, 0.9057341189980987, 1.6755790129073267, 0.8443594261489025, 0.8510956729250339, 1.0487754085653314, 0.8688926705804918, 0.8620732602639145, 0.3093683704593634, 0.9603725650711636, 0.7387417297823995, 0.794211811259925, 1.3504095697632108, 0.9138009824213673, 0.9019085961375797, 0.9218678458446357, 1.4182710187672, 0.8858580328314893, 1.2002993792580625, 0.588215721575021, 0.9994594290808145, 1.2743980937955068, 0.7424840891024724, 0.8831136359967688, 0.9597072567475953, 0.9931390000069136, 0.8078506318930797, 1.7089275926261989, 0.47270156389543594, 1.1278639355295397], "mirnas": ["miR-4516", "miR-371b-5p", "miR-206-3p", "miR-489", "miR-1228-3p", "miR-1268a", "miR-21-5p", "miR-4787-3p", "miR-574", "miR-197-5p", "miR-1290", "miR-940", "miR-1304", "miR-563", "miR-539", "miR-320c", "miR-483", "miR-548ai", "miR-5196-5p", "miR-181c", "miR-1306-3p", "miR-3195", "miR-1260b", "Unknown", "miR-595", "miR-1299", "miR-933", "miR-3613-3p", "miR-1185-3p", "miR-320d", "miR-1281", "miR-642a-3p", "miR-574-5p", "miR-514b-5p", "miR-345-3p", "miR-1249-3p", "miR-1180-3p", "miR-98-3p", "miR-197", "miR-6724-5p", "let-7b", "miR-296-5p", "miR-671-5p", "miR-765", "miR-1915", "miR-320a", "miR-92b", "miR-5001-5p", "miR-432", "miR-198", "miR-371-5p", "miR-5010-3p", "miR-328-5p", "miR-3196", "miR-1295", "miR-1224-5p", "miR-939", "miR-320b", "miR-320e", "miR-451a", "miR-575", "miR-638", "miR-4455", "miR-4443", "miR-3614-5p", "miR-16", "miR-223a-3p", "miR-23c", "miR-149-5p", "miR-630", "miR-1234", "miR-483", "miR-1275", "miR-365", "miR-550", "miR-652-5p", "miR-663a", "miR-211-3p", "miR-4741", "miR-766", "miR-4284", "miR-2278", "miR-3934-5p", "miR-92a", "miR-769-3p", "miR-129-1-3p", "miR-4707-3p", "miR-3202", "miR-30a-3p", "miR-1908-3p", "miR-328", "miR-572", "miR-3180-5p", "miR-134-5p", "miR-4787-5p", "miR-1268b", "miR-1260a", "miR-1202", "miR-188-5p", "miR-1246", "miR-4707-5p"], "p-values": {"Keller2020": [0.3173137959469087, 0.6251728688552369, 0.33452938859508363, 0.0700357782360587, 0.825503313495308, 0.25712425608256767, 0.7728483311788084, 0.5717200301857949, 0.04661381918176125, 0.8893636236505116, 0.8927947476313126, 0.8913262459323378, 0.8201935042156794, 0.17797718917826422, 0.5672126810063683, 0.19738842137087725, 0.5368907980424287, 0.3744801800628095, 0.45283784869638977, 0.9724274281907537, 0.5179182884377164, 0.37335348636860133, 0.7916026465588131, 0.076385084274293, 0.2103893238660929, 0.46909862457153717, 0.7555448875502417, 0.685848215127433, 0.4016039022711472, 0.9419347909336777, 0.7241327927480133, 0.118188658426427, 0.03806595745853565, 0.2495380039917738, 0.1563325518335185, 0.38468359793597706, 0.18176657119936215, 0.5812332051735938, 0.3775765036817893, 0.7548115235250902, 0.0805016110497026, 0.6161858410418442, 0.4003892487270505, 0.5265852910118569, 0.6616899694925614, 0.7748445614041773, 0.2558469060800584, 0.3655643463642756, 0.5796213170155002, 0.9619206197193046, 0.9310571774943512, 0.6109225007420114, 0.0006126471763893787, 0.0477205996699687, 0.3690980224485303, 0.7807922489288501, 0.23237084249534962, 0.653900644473806, 0.454590406932578, 0.29408780638609733, 8.638821469738608e-06, 0.1838185636467198, 0.020244087888348854, 0.580219054581814, 0.6257624000990258, 0.9777036118757727, 0.9528149924872533, 0.5378173039347975, 0.5912409142016808, 0.02575687042480338, 0.8694180614874659, 0.39498927305517295, 0.3465657014957154, 0.6358252724952355, 0.5725867681771712, 0.41897621120255757, 0.17606599305132312, 0.3251676661058698, 0.005572845007915599, 0.822602905892768, 0.6362422437817419, 0.07999389716109757, 0.3072377050248734, 0.20497934060834622, 0.013756010651638331, 0.7743172383109691, 0.0008363813746348769, 0.8352665459230819, 0.12712280159083073, 0.7342924069512115, 0.6673098762334836, 0.5372462711764754, 0.5488046583212899, 0.23183036721918204, 0.4163733016680232, 0.47680432465991407, 0.1459735155321283, 0.012339914881190624, 0.5660706559971322, 0.3890608188727426, 0.7579250358695684],