{"corr": -0.1013475766906793, "p-value": 0.5623866987994174, "slope": -0.04356175804722138, "intercept": 0.029865601073115575, "Keller2020": [0.09221320046151033, -0.3608199222567934, -0.785820611615363, 0.13868587813473648, 0.1556774509368405, -0.5871062351559269, -0.06731933401786819, 0.9140234736638375, -0.09637318922411275, -0.24819764227678048, -0.7747343127968132, -0.10380790106252955, 0.4781269158194189, 0.6203938723335629, 0.04952658501736081, -0.6317477758693556, 0.07523499092880737, -0.1484293185233333, -0.1728320392221781, 0.0917336345497908, -0.38993562665009374, -0.010850067778334048, -0.02042268402478392, -0.09208123815104183, 0.18295818380417267, 0.08607288085468115, 0.18813728823466186, 0.4883505898246161, -0.14825678845779555, 0.38220788662986505, 0.38004319723172636, -0.4423351382006787, -0.12537471777987624, -0.1352129369882517, 0.4869067340264953], "Wozniak2015": [0.36376633160845034, -0.014552545857677724, 0.11245498887260665, 0.06941919486367859, 0.2923929427584069, -0.13863343644375106, 0.180479482865692, -0.03369382595969067, 0.07914777876213669, 0.279457304039419, 0.008524439606854292, -0.060868691988096794, -0.0011810896710409092, -0.1628106497453734, -0.18877456577703733, 0.09908304211100541, -0.12214268139818271, 0.0209995776639079, -0.17251956272996802, 0.05043216136160748, 0.1065695801419615, 0.0909222435448706, 0.19157262221590782, 0.03406419239273617, -0.023034286533878394, 0.07178413483465068, 0.4142138347741431, 0.12104549291501321, 0.09975298255477004, -0.20008251223764967, -0.2344276769000429, -0.11415233629611135, 0.15435821674165798, -0.255934294555638, -0.04918916971337846], "mirnas": ["miR-191-3p", "miR-206-3p", "miR-489", "miR-320b", "miR-425-3p", "miR-1180-3p", "miR-766", "miR-451a", "miR-21-5p", "miR-197", "miR-574", "miR-1825", "miR-92a", "miR-638", "miR-1290", "let-7b", "miR-129-1-3p", "miR-539", "miR-483", "miR-320a", "miR-30a-3p", "miR-16", "miR-223a-3p", "miR-328", "miR-572", "miR-636", "miR-1267", "miR-134-5p", "miR-432", "miR-1275", "miR-483", "miR-1260a", "miR-1227-3p", "miR-365", "miR-486-5p"], "p-values": {"Keller2020": [0.823510909707899, 0.33452938859508363, 0.0700357782360587, 0.653900644473806, 0.6919483698066595, 0.18176657119936215, 0.822602905892768, 0.29408780638609733, 0.7728483311788084, 0.3775765036817893, 0.04661381918176125, 0.8010280039743112, 0.20497934060834622, 0.1838185636467198, 0.8927947476313126, 0.0805016110497026, 0.7743172383109691, 0.5672126810063683, 0.5368907980424287, 0.7748445614041773, 0.12712280159083073, 0.9777036118757727, 0.9528149924872533, 0.6673098762334836, 0.5372462711764754, 0.7211453343772376, 0.49909287687069825, 0.23183036721918204, 0.5796213170155002, 0.3465657014957154, 0.39498927305517295, 0.1459735155321283, 0.6130428950065466, 0.6358252724952355, 0.13831929897720183], "Wozniak2015": [0.0026819384869940853, 0.9006510007828915, 0.5407167241706541, 0.4207947362305742, 0.0025993141133893224, 0.1829571136692434, 0.002514708991796256, 0.6081262172965516, 0.15432927039038072, 0.2129393482184594, 0.8023574898049288, 0.7744064634874074, 0.9861079078008823, 0.1006310734170655, 0.0028425594602406925, 0.01312562653776553, 0.3747820421389092, 0.8291057442029153, 0.19344650320595252, 0.12720151663437346, 0.1606195308192637, 0.21027183971804736, 0.006337873687496603, 0.601195606481149, 0.8434473157582482, 0.6585424723198039, 0.08598122717309982, 0.12752501253685583, 0.27317583335784396, 0.0677271049429161, 0.005004945935998587, 0.25321704174193466, 0.31190455330795896, 0.04536736496543074, 0.5791027694305854]}}