{"corr": -0.183358475488003, "p-value": 0.09105208269277576, "slope": -0.14677985018725637, "intercept": 0.2019967308296505, "Keller2020": [-0.8415470183888123, -0.785820611615363, 0.09461386571122898, 0.42399575773914433, 0.09410101670390604, -0.09637318922411275, 0.08775670420551662, -0.7747343127968132, 0.06429156377421337, 0.6347611086918254, -0.1728320392221781, -0.5341251669411595, 1.286494782689296, -0.009791086322910342, 0.08292059532874288, -0.23133315041351715, 0.029452819998347913, 0.19619578913604357, -0.6308092335749029, 0.09181405654500487, 0.11612077515724914, -0.05202694055719092, -0.02243772781490678, -0.15981267330812654, 0.30310603998760755, -1.2726691827885153, 0.1556774509368405, 0.27767957295451184, -0.5871062351559269, -0.6679913586251705, -0.24819764227678048, 0.7056372704195839, 0.23585021454133742, -0.6317477758693556, 0.12013326188373305, 0.1585040182583426, -0.39654318619454537, -0.17650101651551087, 0.21088770945576885, 0.0917336345497908, 0.3744647928808046, 0.257436820969485, -0.014512821892952723, -0.12537471777987624, -0.02765291459542566, -0.2684879754628342, 0.13606443234496735, 0.08230993696737096, 0.39898319966992923, 0.13868587813473648, 0.9140234736638375, 1.2058809901341487, 0.6203938723335629, -0.21785259092863937, 0.019838559285365806, -0.010850067778334048, -0.02042268402478392, 0.03659927068092738, 0.19121424501941978, 0.17601152800528563, 0.9283505582160335, 0.08607288085468115, 0.18813728823466186, 0.06854631404506101, 0.38004319723172636, 0.38220788662986505, -0.1352129369882517, 0.19610350180070646, 0.09221320046151033, 0.8655949681901008, 0.35159930761275326, -0.36855459755607645, -0.06731933401786819, -0.10380790106252955, 0.4781269158194189, 0.544341379328901, 0.07523499092880737, -0.38993562665009374, 0.18651799269240626, -0.09208123815104183, 0.18295818380417267, 0.4883505898246161, -0.4423351382006787, 1.1242545337575185, -0.21093171502772765, 0.4869067340264953], "Keller2014": [0.10081682154515342, -0.15520735029047483, 0.04079441863157322, 0.625028587471324, -0.05086110827374529, 0.07207118138095941, 0.10156104711021471, 1.0731104070416415, 0.22891822645459775, -0.2326998684538028, 0.8403731737023337, 0.7628401383601906, -0.25904546596827493, -0.10708540014222237, -0.09348804219525032, 0.48572094109782216, -0.1423619532097167, -0.4458164666586725, 0.3334330268373828, -0.1665647255394407, 0.30001057089237104, -0.04344537021690435, 0.06469125949984253, 0.7220480331180936, 0.34116249257879283, 0.4334835716368428, 0.30962158174143095, 0.4071380147034861, 0.487946165949811, -0.06977708773211536, 1.0091429317763918, 0.9423455058939256, 0.15455052274372266, 0.48155732345457913, 0.28558906228555647, -0.09743983142490115, -0.00836351460404226, 0.5038487719927569, -0.12747213161759535, -0.023239652695139147, 0.30174875395533013, -0.17187824270426738, -0.18535371837342898, 0.6252778388286431, -0.16528588235124264, -0.25814812362501444, 0.1405121112782552, 0.17618539536193795, 0.7155602094626796, -0.22489817126707728, -0.20880413482503768, -0.006127418305247151, 0.3693067628822366, 0.10698988972503673, 0.2004097105861456, -0.34962954712044636, 0.6134882516579396, 0.36982145868562166, -0.07896862056572945, -0.09081938727396932, -0.17714430837012773, 0.04298413670643485, 0.2340422505234829, -0.06971783964723914, 0.5663156548904676, 0.8327219030575462, 0.5620785070428416, -0.2571437703747448, -0.1172025077028292, 0.7171523383983844, 0.29173588895689784, -0.03942131210537049, 0.4494249659683396, 0.3101750887896308, -0.3043391875600644, 0.5289908868599982, -0.3457777830219326, 0.27622707904388566, 0.3101243889316072, 0.7747075209063234, 0.1553320828764514, 0.06919029531916679, 0.643309791064712, 0.12714326643963317, -0.17934390605066805, 0.07649919324690013], "mirnas": ["miR-32-3p", "miR-489", "miR-1228-3p", "miR-1268a", "miR-1539", "miR-21-5p", "miR-1229-3p", "miR-574", "miR-940", "miR-320c", "miR-483", "miR-1228-5p", "miR-150-3p", "miR-181c", "miR-1238-3p", "miR-1306-3p", "miR-634", "miR-1299", "miR-595", "miR-933", "let-7b-3p", "miR-181d", "miR-320d", "miR-1281", "miR-149-3p", "miR-574-5p", "miR-425-3p", "miR-1249-3p", "miR-1180-3p", "miR-33b-3p", "miR-197", "miR-1207-5p", "miR-602", "let-7b", "miR-296-5p", "miR-557", "miR-671-5p", "miR-765", "miR-1915", "miR-320a", "miR-92b", "miR-1181", "miR-198", "miR-1227-3p", "miR-371-5p", "miR-1295", "miR-187-5p", "miR-1224-5p", "miR-939", "miR-320b", "miR-451a", "miR-575", "miR-638", "miR-195-3p", "miR-1914-3p", "miR-16", "miR-223a-3p", "miR-129-3-3p", "miR-149-5p", "miR-1237", "miR-630", "miR-636", "miR-1267", "miR-1234", "miR-483", "miR-1275", "miR-365", "let-7f-3p", "miR-191-3p", "miR-1225-5p", "miR-663a", "miR-1226-5p", "miR-766", "miR-1825", "miR-92a", "miR-769-3p", "miR-129-1-3p", "miR-30a-3p", "miR-1471", "miR-328", "miR-572", "miR-134-5p", "miR-1260a", "miR-1202", "miR-188-5p", "miR-486-5p"], "p-values": {"Keller2020": [0.08680121237697036, 0.0700357782360587, 0.825503313495308, 0.25712425608256767, 0.7984305932688518, 0.7728483311788084, 0.732976474559899, 0.04661381918176125, 0.8913262459323378, 0.19738842137087725, 0.5368907980424287, 0.26711682765194333, 0.013365691505008766, 0.9724274281907537, 0.8448803621948382, 0.5179182884377164, 0.9057014660916345, 0.46909862457153717, 0.2103893238660929, 0.7555448875502417, 0.7591619263580123, 0.8433349660031488, 0.9419347909336777, 0.7241327927480133, 0.15929116366544743, 0.03806595745853565, 0.6919483698066595, 0.38468359793597706, 0.18176657119936215, 0.21304977764453578, 0.3775765036817893, 0.10880600811999029, 0.44592941898969185, 0.0805016110497026, 0.6161858410418442, 0.5499130042820779, 0.4003892487270505, 0.5265852910118569, 0.6616899694925614, 0.7748445614041773, 0.2558469060800584, 0.25497967511883624, 0.9619206197193046, 0.6130428950065466, 0.9310571774943512, 0.3690980224485303, 0.7215836403330744, 0.7807922489288501, 0.23237084249534962, 0.653900644473806, 0.29408780638609733, 8.638821469738608e-06, 0.1838185636467198, 0.4026845135340763, 0.9418872968012024, 0.9777036118757727, 0.9528149924872533, 0.8839533064939245, 0.5912409142016808, 0.5696075800540344, 0.02575687042480338, 0.7211453343772376, 0.49909287687069825, 0.8694180614874659, 0.39498927305517295, 0.3465657014957154, 0.6358252724952355, 0.6070068255530199, 0.823510909707899, 0.07790663206955725, 0.17606599305132312, 0.25879645394803713, 0.822602905892768, 0.8010280039743112, 0.20497934060834622, 0.013756010651638331, 0.7743172383109691, 0.12712280159083073, 0.5498359228802466, 0.6673098762334836, 0.5372462711764754, 0.23183036721918204, 0.1459735155321283, 0.012339914881190624, 0.5660706559971322, 0.13831929897720183],