{"corr": 0.014226098618929425, "p-value": 0.8917512760448095, "slope": 0.011251438722753507, "intercept": 0.17959129300793972, "Keller2020": [0.594828568219839, -0.8415470183888123, -0.3608199222567934, -0.785820611615363, 0.09461386571122898, 0.42399575773914433, 0.09410101670390604, -0.09637318922411275, 0.08775670420551662, -0.7747343127968132, 0.04952658501736081, 0.06429156377421337, 0.4381448147063066, -0.1484293185233333, 0.6347611086918254, -0.1728320392221781, -0.5341251669411595, 1.286494782689296, -0.009791086322910342, 0.08292059532874288, -0.23133315041351715, 0.029452819998347913, 0.19619578913604357, -0.6308092335749029, 0.09181405654500487, 0.11612077515724914, -0.05202694055719092, -0.02243772781490678, -0.15981267330812654, 0.30310603998760755, -1.2726691827885153, 0.1556774509368405, 0.27767957295451184, -0.5871062351559269, -0.6679913586251705, -0.24819764227678048, 0.7056372704195839, 0.23585021454133742, -0.6317477758693556, 0.12013326188373305, 0.1585040182583426, -0.39654318619454537, -0.17650101651551087, 0.21088770945576885, 0.0917336345497908, 0.3744647928808046, 0.257436820969485, -0.14825678845779555, -0.014512821892952723, -0.12537471777987624, -0.02765291459542566, -0.2684879754628342, 0.13606443234496735, 0.08230993696737096, 0.39898319966992923, 0.13868587813473648, 0.9140234736638375, 1.2058809901341487, 0.6203938723335629, -0.21785259092863937, 0.019838559285365806, -0.010850067778334048, -0.02042268402478392, 0.03659927068092738, 0.19121424501941978, 0.17601152800528563, 0.9283505582160335, 0.08607288085468115, 0.18813728823466186, 0.06854631404506101, 0.38004319723172636, 0.38220788662986505, -0.1352129369882517, 0.19153989442931407, 0.19610350180070646, 0.09221320046151033, 0.8655949681901008, 0.35159930761275326, -0.36855459755607645, -0.06731933401786819, -0.10380790106252955, 0.4781269158194189, 0.544341379328901, 0.07523499092880737, -0.38993562665009374, 0.18651799269240626, -0.09208123815104183, 0.18295818380417267, 0.4883505898246161, -0.4423351382006787, 1.1242545337575185, -0.21093171502772765, 0.4869067340264953, -0.4769484012520837], "Leidinger2011": [0.4291376881220099, 0.33248143292808846, 0.43873752285095974, -0.059840718287079396, 0.14099013638064628, 0.6209743519368411, 0.010922359012793955, 0.20641487640888154, -0.15635381259483877, 0.0017977063455490582, 0.26092607952121416, -0.031785610012417656, -0.03503715569112602, 0.2065998786822742, -0.3539927702807576, 0.4038203316311598, 0.266494385414453, 0.08741425609675038, 0.4637962525824025, 0.29484427838426763, 0.7286135672708265, -0.32325016916219296, 0.31949785224151556, 0.2732183264506608, -0.4585226344729789, 0.8279651881002721, 0.27849819725172376, -0.5284207800386845, 0.27148786519234963, 0.34904057403304656, -0.14355993180277266, 0.6291564016214919, 0.0896240689735619, 0.5003014065171654, -0.2695199607390708, 0.3120114160735272, 0.7034674811445454, -0.1116113956811593, -0.10992641521660954, 0.34407318235062145, 0.09246602343799154, 0.034916222674459915, 0.44923008590829566, 0.1031730458903578, -0.28448584565956864, 0.37482281006371354, -0.19373098337662317, 0.7652216254348809, 0.09267954253877142, 0.48185717830329994, 0.23993627738426604, 0.15042861170006144, -0.2051039287454563, 0.9201236705859734, 0.6705771328897754, -0.4604631591117838, 0.02376094110249765, -0.1767743348894582, 0.6221404338359923, 0.4625972116420803, 0.05628341269348226, 0.14157423864499336, 0.430258107545845, -0.0177276244209528, 0.2681946456124655, 0.32197995060751883, -0.09339655693959595, 0.016669538916116597, 0.005092725372959616, -0.309338937102165, 1.0452609355202809, 0.5803966659690595, 0.19093580473520777, 0.24368005831621833, 0.01632601238908512, -0.1535197102750902, 0.8566047174094183, 0.04867413203628247, 0.17082765459376653, 0.03635885140015653, 0.4440182958289405, 0.05664917568900473, 0.21020389960653396, 0.014645458144925776, -0.1422953705106993, -0.26482039376887073, 1.247195546318986, -0.2419893466874094, 0.1582483958256587, 0.3451424563001366, -0.02901143816597701, -0.28231019562652704, -0.16734708344076216, 0.377067860987657], "mirnas": ["miR-135a-3p", "miR-32-3p", "miR-206-3p", "miR-489", "miR-1228-3p", "miR-1268a", "miR-1539", "miR-21-5p", "miR-1229-3p", "miR-574", "miR-1290", "miR-940", "miR-563", "miR-539", "miR-320c", "miR-483", "miR-1228-5p", "miR-150-3p", "miR-181c", "miR-1238-3p", "miR-1306-3p", "miR-634", "miR-1299", "miR-595", "miR-933", "let-7b-3p", "miR-181d", "miR-320d", "miR-1281", "miR-149-3p", "miR-574-5p", "miR-425-3p", "miR-1249-3p", "miR-1180-3p", "miR-33b-3p", "miR-197", "miR-1207-5p", "miR-602", "let-7b", "miR-296-5p", "miR-557", "miR-671-5p", "miR-765", "miR-1915", "miR-320a", "miR-92b", "miR-1181", "miR-432", "miR-198", "miR-1227-3p", "miR-371-5p", "miR-1295", "miR-187-5p", "miR-1224-5p", "miR-939", "miR-320b", "miR-451a", "miR-575", "miR-638", "miR-195-3p", "miR-1914-3p", "miR-16", "miR-223a-3p", "miR-129-3-3p", "miR-149-5p", "miR-1237", "miR-630", "miR-636", "miR-1267", "miR-1234", "miR-483", "miR-1275", "miR-365", "miR-550", "let-7f-3p", "miR-191-3p", "miR-1225-5p", "miR-663a", "miR-1226-5p", "miR-766", "miR-1825", "miR-92a", "miR-769-3p", "miR-129-1-3p", "miR-30a-3p", "miR-1471", "miR-328", "miR-572", "miR-134-5p", "miR-1260a", "miR-1202", "miR-188-5p", "miR-486-5p", "miR-1246"], "p-values": {"Keller2020": [0.044946716477229684, 0.08680121237697036, 0.33452938859508363, 0.0700357782360587, 0.825503313495308, 0.25712425608256767, 0.7984305932688518, 0.7728483311788084, 0.732976474559899, 0.04661381918176125, 0.8927947476313126, 0.8913262459323378, 0.17797718917826422, 0.5672126810063683, 0.19738842137087725, 0.5368907980424287, 0.26711682765194333, 0.013365691505008766, 0.9724274281907537, 0.8448803621948382, 0.5179182884377164, 0.9057014660916345, 0.46909862457153717, 0.2103893238660929, 0.7555448875502417, 0.7591619263580123, 0.8433349660031488, 0.9419347909336777, 0.7241327927480133, 0.15929116366544743, 0.03806595745853565, 0.6919483698066595, 0.38468359793597706, 0.18176657119936215, 0.21304977764453578, 0.3775765036817893, 0.10880600811999029, 0.44592941898969185, 0.0805016110497026, 0.6161858410418442, 0.5499130042820779, 0.4003892487270505, 0.5265852910118569, 0.6616899694925614, 0.7748445614041773, 0.2558469060800584, 0.25497967511883624, 0.5796213170155002, 0.9619206197193046, 0.6130428950065466, 0.9310571774943512, 0.3690980224485303, 0.7215836403330744, 0.7807922489288501, 0.23237084249534962, 0.653900644473806, 0.29408780638609733, 8.638821469738608e-06, 0.1838185636467198, 0.4026845135340763, 0.9418872968012024, 0.9777036118757727, 0.9528149924872533, 0.8839533064939245, 0.5912409142016808, 0.5696075800540344, 0.02575687042480338, 0.7211453343772376, 0.49909287687069825, 0.8694180614874659, 0.39498927305517295, 0.3465657014957154, 0.6358252724952355, 0.5725867681771712, 0.6070068255530199, 0.823510909707899, 0.07790663206955725, 0.17606599305132312, 0.25879645394803713, 0.822602905892768, 0.8010280039743112, 0.20497934060834622, 0.013756010651638331, 0.7743172383109691, 0.12712280159083073, 0.5498359228802466, 0.6673098762334836, 0.5372462711764754, 0.23183036721918204, 0.1459735155321283, 0.012339914881190624, 0.5660706559971322, 0.13831929897720183, 0.3890608188727426],