{"corr": 0.09420661762823904, "p-value": 0.6269061488833199, "slope": 0.05766453475752763, "intercept": -0.12160387989341549, "Keller2020": [-0.02243772781490678, -0.785820611615363, -0.5871062351559269, -0.06731933401786819, 0.9140234736638375, -0.09637318922411275, 0.08775670420551662, -0.6679913586251705, -0.24819764227678048, -0.7747343127968132, 0.4781269158194189, -0.6317477758693556, 0.6347611086918254, 0.019838559285365806, 0.0917336345497908, -0.5341251669411595, -0.02042268402478392, 0.18651799269240626, -0.009791086322910342, -0.09208123815104183, 0.18295818380417267, 0.029452819998347913, 0.08607288085468115, -0.6308092335749029, 0.19619578913604357, -0.00841591017243075, 0.38004319723172636, 0.38220788662986505, 0.19153989442931407], "Leidinger2016": [0.0968791877371811, 0.1040184723117408, -0.1227357162572231, -0.10670457028620209, -0.278635507436799, -0.7949947446444529, -0.2969592946441628, -0.6814481882207045, -0.20493989239429927, -0.22248370751648155, -0.08345603316689384, -0.263791586773239, -0.0597483434163651, 0.7294528617729963, -0.04519332383820402, -0.0711867690646176, -0.23466547441212, 0.015260764992661201, -0.19244086662475837, -0.08777367619888415, -0.04994664734806184, 0.06337118314433052, -0.2836380427842963, -0.014749425151820676, 0.13749071223960999, -0.11710749207447768, -0.189141982476912, -0.19608374735343834, -0.15105552530516692], "mirnas": ["miR-320d", "miR-489", "miR-1180-3p", "miR-766", "miR-451a", "miR-21-5p", "miR-1229-3p", "miR-33b-3p", "miR-197", "miR-574", "miR-92a", "let-7b", "miR-320c", "miR-1914-3p", "miR-320a", "miR-1228-5p", "miR-223a-3p", "miR-1471", "miR-181c", "miR-328", "miR-572", "miR-634", "miR-636", "miR-595", "miR-1299", "miR-324-3p", "miR-483", "miR-1275", "miR-550"], "p-values": {"Keller2020": [0.9419347909336777, 0.0700357782360587, 0.18176657119936215, 0.822602905892768, 0.29408780638609733, 0.7728483311788084, 0.732976474559899, 0.21304977764453578, 0.3775765036817893, 0.04661381918176125, 0.20497934060834622, 0.0805016110497026, 0.19738842137087725, 0.9418872968012024, 0.7748445614041773, 0.26711682765194333, 0.9528149924872533, 0.5498359228802466, 0.9724274281907537, 0.6673098762334836, 0.5372462711764754, 0.9057014660916345, 0.7211453343772376, 0.2103893238660929, 0.46909862457153717, 0.9716794047392219, 0.39498927305517295, 0.3465657014957154, 0.5725867681771712], "Leidinger2016": [0.7963744372896528, 0.4373769999918766, 0.1290826904150358, 0.15755157497972705, 0.002657753319696468, 3.9374823930384714e-05, 0.15118391693386923, 0.001393938901066579, 0.024147310845602867, 0.03555638345440558, 0.0425524604979703, 0.00034680091209512157, 0.2944612689139454, 0.031747978838729214, 0.5201244891749467, 0.8246437672950224, 0.2506984674252215, 0.4327612702788137, 0.008066990523613867, 0.26722788622254334, 0.8601495668685539, 0.26594547664338003, 0.1022705856419212, 0.7739595905284818, 0.6405296170957303, 0.16498494547795126, 0.4264565857292413, 0.02392845477399335, 0.1100715392355908]}}