{"corr": -0.16401389517260115, "p-value": 0.030574705283249532, "slope": -0.11974086795106789, "intercept": 0.05943699361273645, "Keller2014": [-0.006482084820327643, -0.33886050729827166, -0.009467479153046195, -0.9957532311184278, 0.2012876523843344, 0.49340851617655745, -0.4569703218689838, -0.16805783349581765, 0.1242976037753836, -0.4059472496215003, -0.2178041171682412, 0.16335972440996427, -0.05184956609292404, -0.4840872380403639, 0.8404669285059272, 0.17644122348423918, 0.5438973489011578, 0.07207118138095941, 0.10156104711021471, -0.27530296421716327, 1.1142606212829707, -0.02505333564522738, 0.20493751007707642, -0.08185852103102755, 0.5224232214552162, -0.2326998684538028, 1.2448366911649371, 0.7628401383601906, -0.2220229749236437, -0.16946820637957904, -0.6458832556956517, -0.3307228430490558, -0.5753269275160302, -0.4853429329735641, -0.15048712954416013, -0.5014603658537002, -0.29944772230253536, -1.324388379798596, 0.40420138614676493, 0.547105303346463, -0.21944571473898206, 0.14763827850003944, 0.12736253364251504, 0.6226863334389521, 0.3514678198471548, -0.9302937341066202, -0.09822284418719415, 0.06469125949984253, 0.0615272496541103, 0.519846760996783, 0.4334835716368428, 0.30962158174143095, 0.487946165949811, -0.10382140949051069, 0.30725870465378335, -0.06977708773211536, -0.020252154172077663, -0.24113763493506715, 1.0091429317763918, 0.21465193025549612, 0.20033867882637044, -0.2917293293797751, -0.6242187904127378, -0.8698624266359434, 0.48155732345457913, -0.7366159924118054, 0.27532240537929753, -0.7143709111601702, -0.023239652695139147, 0.30174875395533013, -0.16439909082124543, 0.3707297313771486, -1.0222916175963745, 0.5767088989940788, 0.2922508360508249, -0.3232806598434067, -0.39872364694448403, 0.043896114216679286, 0.5987770114237527, 0.4035282613291193, 0.8583213905740537, -0.47657181808430094, 0.1840642689210384, -0.04117727254349386, -0.6762838516580767, 0.03864923502204018, 0.07250344839408057, 0.2616750284010698, -0.2736410558432276, -0.5444141393164228, 0.7541043269873933, -0.4319590892255647, -0.683334585920815, 0.28023100115557453, -0.40729664932556475, -0.36572782332678144, 0.6725300208468028, -0.15414653767079817, -0.22489817126707728, 0.024263181475963142, 0.13554200926204757, -0.20880413482503768, 0.31704098075085624, -0.06260834537460089, -0.5154158545501724, 0.5952446996480917, 0.5937286922036071, 0.4485765214345546, 0.5653568062605848, -1.2152351883313295, 0.42189295752401457, 0.13516260588790632, 0.36708271576805335, -0.34962954712044636, 0.6134882516579396, 0.4576561985394928, -0.004722898467128313, 0.07083869892274647, 0.4309040970244443, -0.698519175994017, 0.1139092716074157, -0.5303944617402305, 0.5663156548904676, -0.28274910734814895, 0.24913474781032593, -0.04939679400264178, 0.5699488191201484, 0.43730652904223843, -1.2669765337658696, 0.13229969214364865, -0.21021530078839556, -0.13738238052840845, -0.07547560743571355, -0.5123108539603116, 0.03235188698644362, 0.22392761267016503, -0.3700902879325743, 0.49454001808609305, 0.794714520827156, -0.13870636181954035, 0.779890115963915, 0.4847866162603238, -0.07754108098021142, -0.1991860512241012, -0.19466942479957244, -0.3043391875600644, 0.5966915622803798, 0.2158836672072455, 0.3721384180942653, 0.22312911201266591, 0.3889449100254323, -1.0284516997750233, -0.07016686988728787, 0.4553104703959423, -0.22723243785471503, -0.06913761408708008, 0.07421061968042748, 0.5927018912994773, 0.27622707904388566, 0.01910163764154315, -0.2372978203420243, 0.568788830013599, 0.12847847119008868, 0.7747075209063234, 0.03885412309816695, -0.9205331478019456, 0.06919029531916679, -0.496901892241059, 0.22794694004127425, 0.4198978312464, 0.07649919324690013, -0.06272556492517206, -0.089868969862792, -0.08816184090053845], "Chen2019": [0.5699105737296802, -0.15621961831958814, -0.46329193513273437, 0.08846107691171111, -0.10857659224595007, -0.17746609039048267, -0.5660612770009732, 0.03778217239900597, 0.15203699438041457, -0.21412386729919214, -0.2047573099509389, 0.45146794398937795, 0.6956968346066497, -0.2631256243836959, 0.08326124289761433, -0.2977173750503688, 0.019452454445346174, 0.1636689647512674, -0.5367341400053467, 0.037856883673983835, 0.05379517495859572, -0.4128860484853538, 0.19301912838071383, -0.5370271807569602, 0.17190518127334115, -0.06216173331817658, -0.2559022078715995, -0.4479545790439332, 0.0652758465622808, -0.5405148589805904, 0.2010140660171715, 0.08953867829378408, 0.5432019757795202, 0.308147665668847, 0.21795643232644174, 0.39194372604058597, 0.32150620562885535, 0.2174564687483198, 0.05618856738622778, 0.5306938531412715, 0.10353902847061641, 0.1275102340277585, 0.5103047905408629, 0.13152323915748018, 0.21868899706762784, 0.43354911248648254, 0.23236062163790805, -0.05009945027839363, 0.2710748954055249, 0.22643895779220555, 0.019412655299414813, 0.35830254303749826, 0.2616244091033867, -0.060865531951970975, 0.1873648987197074, -0.655868584883647, 0.6089734446436964, 0.15900560262171431, -0.4780143078218638, -0.08303104020712512, -0.2608983916317968, 0.31192236238319604, 0.35495920200208625, 0.06974073374509726, 0.5618808317828592, 0.6579846311264388, -0.05788259431740434, 0.6090368054847115, -0.2342205616774878, 0.08522473060555492, 0.3048413043150199, -0.06114759024293342, 0.5469127791996968, 0.25726821663128996, 0.3475221979876599, 0.14087739969320362, -0.08387811717732054, -0.43840156833787647, 0.8163284959499156, 0.23680630415920578, -0.3116355317638321, 0.19219401671263742, 0.006695151811777263, 0.13878072215154857, -0.1868651718906959, 0.2912946274741718, 0.1349938166960734, -0.060576300251661844, -0.5897796583497512, -0.614023756458635, -0.21541258480705242, 0.27851687042625495, 0.7880145141379074, -0.5342755733719587, 0.8074949055035997, 0.13132785718662893, -0.040900401318218954, 0.2831225359852778, -0.11682072279106133, 0.33599261704253003, -0.28686955293248045, 0.42329863110364674, -0.21604745538951317, -0.8815761934384967, 0.45903617988824963, 0.5078521392708621, 0.17662171730900997, 0.013360683185881423, -0.10970347006845275, 0.2918621566642154, 0.25069539123149925, 0.04981800431394032, 0.002679218586924109, 0.21266073619431275, -0.05120049461392283, 0.2651174834700455, 0.28533682267366267, 0.4104292319575935, 0.21051070185519233, 0.13064277128224128, 0.3173917114409206, 0.20458608757434166, -0.13036529044607692, -0.5466447383866817, 0.009428822281312432, -0.5514477390463537, -0.3573084163079392, 0.040023173534646767, 0.14634711803068695, 0.2637754521299416, 0.20467832523216345, -0.5952376465348412, 0.10604422425710433, 0.2270260716917407, -0.23940044675864516, 0.2170565933419999, -0.20133268538174498, 0.26926966654828033, -0.5980122149998816, 0.14397032777964064, 0.33031154191760426, 0.221883000626376, 0.2174564687483198, 0.41380218137630287, 0.3111171458897387, -0.22075667497450613, 0.17646980402016846, -0.795774703815231, 0.16215440357373753, -0.22894551326514745, 0.4191726091926694, 0.6167185646089162, -0.3568839911728422, 0.26746867755138226, 0.524754638331379, -0.49566835443638, 0.017741787481433964, 0.11921032495176052, 0.04547605890394103, -0.3304792849331487, -0.2071471035910488, -0.25002183319153126, 0.6457998469985884, -0.37694579574395953, 0.21075145642532456, 0.2972903441321394, -0.666857650392046, -0.32710377524780043, 0.11998659688210855, 0.26785027605574224, 0.18047608314677038, 0.19421413468146587, -0.028282857346376603, -0.5242949704443955],