{"corr": -0.3858675542902711, "p-value": 0.614132445709729, "slope": -0.7668215833277469, "intercept": -0.06218905260354811, "Keller2014": [0.20493751007707642, 0.07207118138095941, 0.3693067628822366, -0.5123108539603116], "Abdollahi2019": [0.039631603212511315, -1.162560995142607, 0.13668088827498023, 0.6347346734043595], "mirnas": ["miR-152-3p", "miR-21-5p", "miR-638", "miR-148a"], "p-values": {"Keller2014": [0.078871752993327, 0.6671557911220585, 0.0348207302795539, 3.4506035254254403e-07], "Abdollahi2019": [0.03017429357971092, 0.0014304292474665052, 0.14772416574645988, 0.006991486275714225]}}