{"corr": -0.24043355056992402, "p-value": 0.004217193154463284, "slope": -0.11178820929810823, "intercept": 0.1229894116844833, "Keller2009": [0.5363058907866476, 0.41602984962378475, -1.176313823364259, 0.5886062597055319, 1.414212020058672, 0.0976004235964573, 0.42721048032977493, -0.5187693655625054, -0.3496080854555319, 0.14127137903086562, -0.8435071934737561, 0.11299081260803163, 1.3130544002666245, 0.7761797252147781, 0.6932109115232696, 0.7999754480187933, 0.2814143406535963, 0.3093527634203843, -0.9226661948582056, 0.7164600047320605, 0.21131394791720712, 0.4295180979679265, -0.22642466279059986, 0.8791359355203336, 0.31662469579015673, 0.5524094527959851, -0.4047317299565547, 0.508254836554809, 1.3452037353247774, -1.0150667293331401, 0.8065343593520952, -0.28634618657698485, 0.3083280466700816, 0.3923127511072715, 0.5619938052267613, 0.18403156906149457, 0.6235847932204885, -0.6646053864243324, 1.2294995426275968, 0.1487739061185287, -0.134657264734076, 0.7985107971487382, 0.3130595595153496, 1.0407416112770589, 0.642229281120229, 0.6728448552366968, 0.6388489837373221, -1.2844130085508354, -0.15454401330764753, 0.9576203178652201, 0.4004315771869327, 0.5802515495018068, 1.183586402686131, -1.6431993240231828, -0.40884837462074797, -0.6037660172614172, -0.8314020445069906, -0.36260099722854044, 1.1838047363447963, 0.23576252625311173, -0.4905471016097966, 1.057881150556356, 0.42268247940020287, 0.7081352116387228, 0.8831114031452321, 0.26159236119288265, 0.36249721640122445, 0.31884493713465606, 0.42286977529606307, 1.10824836074889, 0.6968502251639732, 0.7748792380213867, 0.5607969381968871, 0.35158285317833393, 0.30825621977370044, 0.8719455810140521, 1.0244384180677462, 0.8034502047583929, -0.7065911399983686, -0.17462482577834865, 0.47277328863915635, 0.5439606535766823, -0.6832619270030653, 0.5799534268975348, 0.14908363898739901, -0.7133151130448956, 0.5869662971075018, 1.287256869208193, 0.7908536239990942, -0.038298886280106526, 0.27178835182483796, 0.30518273319421574, 0.4122331609865364, -0.5871895300379961, -0.5257991704895928, 0.759803457798874, -0.9142694706108427, 0.5115459553807297, -0.21265961824523685, 1.1237193737661477, 0.21532037544845303, 1.3164308807580938, 1.5744671294295753, 0.7830103436167309, 0.0029814645479113128, -0.5833326989613049, 1.0608543617089108, 0.3641836187209472, 0.33991175792122885, 0.6023023755129582, 0.5076520996838398, -1.3432877884040257, 1.1081975642134685, 0.3699978717656026, 0.0931860707635975, 0.4025669575803913, -0.03239873932428348, 0.9127531121994786, 0.3238180587235588, 1.2542166522793192, -0.49387958923855, 0.746317995206754, 0.7763856791762189, 0.2660742665060123, 0.8763832383508874, 1.220399080841325, 0.0707868815168885, 0.24521373443907135, 0.7378291076164285, 0.6357661074682466, 0.7184661684967191, 0.8511668445200575, -0.8752894778772645, 0.5261957755229021, 0.7240119403265121, 0.7084627493617583, -0.22113737780523074, 0.7191106437521134, 0.3747330285166654, 0.9445415687847225], "Chen2019": [0.5699105737296802, -0.15621961831958814, 0.08846107691171111, -0.10857659224595007, -0.17746609039048267, -0.5660612770009732, 0.03778217239900597, 0.15203699438041457, -0.08644283277753016, -0.2047573099509389, 0.45146794398937795, 0.6956968346066497, -0.2631256243836959, 0.08326124289761433, -0.2977173750503688, 0.019452454445346174, 0.1636689647512674, -0.5367341400053467, 0.037856883673983835, 0.05379517495859572, 0.19301912838071383, 0.17190518127334115, -0.06216173331817658, -0.2559022078715995, -0.4479545790439332, 0.0652758465622808, 0.2010140660171715, 0.08953867829378408, 0.21795643232644174, 0.39194372604058597, 0.32150620562885535, 0.2174564687483198, 0.05618856738622778, 0.5306938531412715, 0.10353902847061641, 0.13152323915748018, 0.21868899706762784, 0.43354911248648254, 0.07561587145254427, 0.23236062163790805, -0.05009945027839363, 0.2710748954055249, 0.22643895779220555, 0.019412655299414813, 0.35830254303749826, 0.2616244091033867, -0.060865531951970975, 0.1873648987197074, 0.6089734446436964, 0.15900560262171431, -0.4780143078218638, -0.08303104020712512, -0.2608983916317968, 0.31192236238319604, 0.35495920200208625, 0.06974073374509726, 0.5618808317828592, 0.6579846311264388, -0.05788259431740434, -0.2342205616774878, 0.08522473060555492, -0.06114759024293342, 0.5469127791996968, 0.25726821663128996, -0.08387811717732054, -0.43840156833787647, -0.3116355317638321, 0.19219401671263742, 0.006695151811777263, 0.13878072215154857, 0.2912946274741718, 0.1349938166960734, -0.060576300251661844, -0.21541258480705242, 0.27851687042625495, 0.8074949055035997, 0.13132785718662893, -0.040900401318218954, 0.2831225359852778, -0.11682072279106133, 0.33599261704253003, -0.28686955293248045, 0.42329863110364674, -0.21604745538951317, 0.5078521392708621, -0.06700905858617355, 0.17662171730900997, 0.013360683185881423, -0.10970347006845275, 0.2918621566642154, 0.25069539123149925, 0.04981800431394032, 0.002679218586924109, 0.21266073619431275, -0.05120049461392283, 0.2651174834700455, 0.28533682267366267, 0.4104292319575935, 0.13064277128224128, 0.3173917114409206, -0.13036529044607692, -0.5466447383866817, 0.009428822281312432, -0.3573084163079392, 0.040023173534646767, 0.14634711803068695, 0.2637754521299416, 0.10604422425710433, 0.2270260716917407, -0.5980122149998816, 0.2170565933419999, 0.26926966654828033, 0.14397032777964064, 0.33031154191760426, 0.41380218137630287, 0.3111171458897387, -0.22075667497450613, 0.17646980402016846, 0.16215440357373753, -0.22894551326514745, 0.6167185646089162, -0.3568839911728422, 0.26746867755138226, -0.49566835443638, 0.017741787481433964, 0.11921032495176052, -0.2071471035910488, -0.25002183319153126, 0.6457998469985884, -0.37694579574395953, 0.21075145642532456, 0.19421413468146587, 0.2972903441321394, -0.666857650392046, 0.11998659688210855, 0.26785027605574224, 0.18047608314677038, 0.8262392645381156, -0.028282857346376603, -0.5242949704443955], "mirnas": ["miR-182", "miR-221", "miR-126-3p", "miR-30c", "miR-339-5p", "miR-541-3p", "miR-425-5p", "let-7e", "miR-206-3p", "miR-10a-5p", "let-7c", "miR-30e", "miR-222-3p", "miR-19b-3p", "miR-100", "miR-193a-5p", "miR-21-5p", "miR-1229-3p", "let-7g", "miR-423", "miR-152-3p", "miR-185-5p", "miR-320c", "let-7d-3p", "miR-1228-5p", "miR-27b", "miR-26a", "miR-664a-5p", "miR-29b", "let-7a", "miR-421", "miR-103a", "miR-342-5p", "miR-744-5p", "miR-181a", "miR-1908-5p", "miR-340", "miR-20", "miR-500a-3p", "miR-191-5p", "miR-320d", "miR-625-3p", "miR-181a-2-3p", "miR-574-5p", "miR-425-3p", "miR-1180-3p", "miR-28b", "let-7f", "miR-424-3p", "miR-106b-3p", "miR-197", "miR-10b-5p", "miR-28-5p", "let-7d", "miR-363-3p", "miR-26b", "let-7b", "miR-144-3p", "miR-30e", "miR-320a", "miR-92b", "miR-128", "miR-144", "miR-192", "miR-345", "miR-335", "miR-125b", "miR-1301-3p", "miR-142-5p", "miR-361-3p", "miR-27a", "miR-185-3p", "miR-99b", "miR-30a-5p", "miR-106b", "miR-96-5p", "miR-24-3p", "miR-151-3p", "miR-15b", "miR-320b", "miR-652-3p", "miR-99a", "miR-451a", "miR-584", "miR-92b-5p", "miR-98", "miR-186", "miR-361", "miR-625-5p", "miR-107-3p", "miR-16-2-3p", "miR-150-5p", "miR-30e-5p", "miR-16", "miR-223a-3p", "miR-215-5p", "miR-15a", "miR-941", "miR-93", "miR-502a-3p", "miR-483", "miR-1248", "miR-19a", "miR-125a", "miR-28", "miR-17", "miR-339", "miR-486a-3p", "miR-148a", "miR-409", "miR-1307", "let-7i", "miR-501", "miR-484", "miR-101-2", "miR-660", "miR-92a", "miR-423", "miR-143", "miR-29c", "miR-20b-5p", "miR-370", "miR-629-5p", "miR-146a", "miR-148b-3p", "miR-29a", "miR-485", "miR-23a", "miR-183-5p", "miR-328", "miR-532", "miR-140-3p", "miR-106a-5p", "miR-134-5p", "miR-25", "miR-942", "miR-486-5p", "miR-1246", "miR-22-5p", "miR-22"],