{"corr": 0.02471638811865336, "p-value": 0.8931854750618213, "slope": 0.01910948652753916, "intercept": -0.06209956645476867, "Keller2020": [-0.33036329500133355, -0.02243772781490678, -0.3608199222567934, -1.2726691827885153, 0.13868587813473648, 0.1556774509368405, -0.5871062351559269, 0.9140234736638375, -0.09637318922411275, 0.08775670420551662, -0.6679913586251705, -0.24819764227678048, 0.05068565972507086, 0.4781269158194189, 0.9317900593353814, -0.6317477758693556, 0.6347611086918254, 0.0917336345497908, -0.5341251669411595, -0.05772178910877669, 0.3744647928808046, -0.38993562665009374, -0.010850067778334048, -0.02042268402478392, -0.09208123815104183, 0.4883505898246161, -0.9822957045253293, 0.38004319723172636, -0.15693178979239114, 0.050785367475483005, 0.4869067340264953, -0.4769484012520837], "Chen2019": [0.6382316226810512, -0.05009945027839363, -0.08644283277753016, 0.019412655299414813, -0.11682072279106133, 0.35830254303749826, 0.2616244091033867, 0.42329863110364674, 0.1636689647512674, -0.5367341400053467, -0.655868584883647, -0.4780143078218638, -0.04443733135157045, -0.22075667497450613, -0.11347816855031678, 0.5618808317828592, -0.06216173331817658, -0.2342205616774878, -0.4479545790439332, -0.5361429839243578, 0.08522473060555492, 0.04547605890394103, 0.21266073619431275, -0.05120049461392283, -0.37694579574395953, -0.666857650392046, -0.5927513441844592, -0.13036529044607692, -0.592944752781202, 0.19850200966313758, 0.18047608314677038, 0.8262392645381156], "mirnas": ["miR-4306", "miR-320d", "miR-206-3p", "miR-574-5p", "miR-320b", "miR-425-3p", "miR-1180-3p", "miR-451a", "miR-21-5p", "miR-1229-3p", "miR-33b-3p", "miR-197", "miR-4497", "miR-92a", "miR-4433a-3p", "let-7b", "miR-320c", "miR-320a", "miR-1228-5p", "miR-4655-5p", "miR-92b", "miR-30a-3p", "miR-16", "miR-223a-3p", "miR-328", "miR-134-5p", "Unknown", "miR-483", "miR-6894-5p", "miR-4433a-5p", "miR-486-5p", "miR-1246"], "p-values": {"Keller2020": [0.3545535545547501, 0.9419347909336777, 0.33452938859508363, 0.03806595745853565, 0.653900644473806, 0.6919483698066595, 0.18176657119936215, 0.29408780638609733, 0.7728483311788084, 0.732976474559899, 0.21304977764453578, 0.3775765036817893, 0.8643501940041545, 0.20497934060834622, 0.008433407250800079, 0.0805016110497026, 0.19738842137087725, 0.7748445614041773, 0.26711682765194333, 0.8398227255911241, 0.2558469060800584, 0.12712280159083073, 0.9777036118757727, 0.9528149924872533, 0.6673098762334836, 0.23183036721918204, 0.076385084274293, 0.39498927305517295, 0.5418154790683678, 0.8798354785326743, 0.13831929897720183, 0.3890608188727426], "Chen2019": [0.011328406206285502, 0.8375972453183013, 0.7804675994052317, 0.906515912936169, 0.6671398607693586, 0.19020250204876257, 0.20261253233391038, 0.14156187563859413, 0.5551103497762422, 0.000155567481209196, 0.0001550021388976566, 0.16397096869753747, 0.8864664442731349, 0.2850264728552833, 0.7169070479271776, 0.014650497442371268, 0.8441861083196351, 0.38815283939211953, 0.12071269960262518, 0.0001557331104214894, 0.8001417662626106, 0.8454100345111976, 0.47622745965551705, 0.8995704889598588, 0.162839349544352, 0.05551312279699543, 0.00015408722391266485, 0.665927505062837, 0.0001547874298282878, 0.5689765833592846, 0.42637201254250867, 0.04097273679877056]}}