{"corr": 0.16623805792364882, "p-value": 0.025726096834649492, "slope": 0.13993624892967005, "intercept": -0.263632938363185, "Keller2014": [0.9552628354750758, -0.6780755630077606, -0.006482084820327643, -0.9957532311184278, 0.2012876523843344, 0.49340851617655745, -0.16805783349581765, 0.1242976037753836, 0.8146058945446543, -0.15520735029047483, -0.1564148470786894, 0.16335972440996427, -0.4840872380403639, 0.5438973489011578, 0.17644122348423918, 0.07207118138095941, 0.10156104711021471, -0.27530296421716327, 1.1142606212829707, -0.4368296775916618, 1.0731104070416415, 0.24167009162168257, 0.6137221966209807, 0.12621800773749814, 0.31599741946791604, -0.3753756790558084, -0.2326998684538028, 1.2448366911649371, 0.7628401383601906, -0.25130366468776066, -0.16946820637957904, 1.2468236403588493, -0.6458832556956517, -0.10708540014222237, 0.25444775214420984, -0.1423619532097167, -0.5884414671080096, -0.5437566949711932, -0.15048712954416013, -0.5014603658537002, -0.29944772230253536, -1.324388379798596, 0.40420138614676493, 0.547105303346463, 0.3334330268373828, 0.5143737450294477, -0.21944571473898206, -0.3788138564275244, 0.021592896528525262, -0.5093686542167903, -0.362904346205326, -0.4458164666586725, 0.8676891294736617, 0.08769519119290499, -0.9302937341066202, -0.15245466679274614, -0.2169642877550032, -0.3046016164441283, 0.289048363033361, 0.06469125949984253, 0.0615272496541103, 0.487946165949811, -0.4842636477826464, -0.7014814691894105, -0.2001417028517213, -0.10382140949051069, -0.5774540334376166, 0.30725870465378335, -0.06977708773211536, -0.415426935270012, 1.0091429317763918, -0.0776506851423387, -0.2917293293797751, -0.6242187904127378, -0.8698624266359434, 0.48155732345457913, -0.7143709111601702, 0.016010588200230998, -0.023239652695139147, 0.3707297313771486, 0.5767088989940788, -0.39872364694448403, 0.02006601208460838, -0.4962594310192283, 0.8583213905740537, 0.9766586396235162, -0.04117727254349386, 0.03864923502204018, 0.7541043269873933, -0.4319590892255647, -0.40729664932556475, -0.5118658547989152, -0.40185766352313507, -0.36572782332678144, 0.6725300208468028, 0.2228365298660574, 0.16715619114241942, 0.024263181475963142, -0.6512628289711968, -0.11250308824114444, -0.20880413482503768, -0.4465388615909207, -0.5778613334914119, -0.5154158545501724, -0.8451914485721275, 0.5937286922036071, 0.4485765214345546, -0.5747182622147953, 0.5653568062605848, -0.6886377635549537, -1.2152351883313295, 0.175776420465791, 0.13516260588790632, 0.2004097105861456, -0.27125055429244505, 0.2543904542249834, 0.6134882516579396, 0.4576561985394928, -0.004722898467128313, -0.698519175994017, -0.047188309074419926, 0.04298413670643485, 0.1139092716074157, -0.2202222045536137, 0.5663156548904676, 0.8327219030575462, -0.18257228201565323, -0.008489405077407445, 0.24913474781032593, 0.29728705319075155, 0.24438193797437724, -0.3220922943481729, 0.5699488191201484, -0.44107471130109505, -1.2669765337658696, 0.4092286262390237, 0.3293218555175171, 0.13229969214364865, -0.07547560743571355, -0.4647631929937668, -0.43372245092766837, -0.5123108539603116, -0.3700902879325743, 0.03235188698644362, 0.49454001808609305, 0.0748478067121109, 0.05541953814858615, 0.4494249659683396, 0.16170888694669144, -0.1991860512241012, -0.19466942479957244, -0.3043391875600644, 0.5966915622803798, 0.16159670444224356, -0.3850746819100507, -0.16594304290268508, 0.22312911201266591, 0.3889449100254323, 0.2700319704142988, -1.0284516997750233, 0.4553104703959423, 0.07421061968042748, -0.23851035436758075, 0.5927018912994773, -0.43690971562795794, -0.3102936076225793, 0.568788830013599, 0.3101243889316072, 0.12847847119008868, 0.7747075209063234, 0.1553320828764514, -0.4694310472549492, -0.9205331478019456, -0.43499713937658896, 0.22794694004127425, 0.4198978312464, 0.27532240537929753, -0.06272556492517206, -0.25326830621818786, -0.08816184090053845], "Leidinger2016": [-0.20677771247005428, -1.0132504403521794, -0.33023218748393957, -0.7658144536866222, -0.0324677752973348, -0.04649045769267311, -0.20048021936199154, -0.3601431401307205, -0.05297157933312852, 0.1040184723117408, 0.46980929343584876, -0.3297880228652279, -0.16171873294626277, -0.3000675425391206, 0.15257846654207674, -0.7949947446444529, -0.2969592946441628, -0.5694478542899493, -0.20247982181547972, 0.007521110802296026, -0.22248370751648155, -0.03684175670210757, -0.5500022331365921, -0.015754677690561575, -0.31669210387908125, -0.11338355764026643, -0.0597483434163651, -0.5639550636330402, -0.0711867690646176, 0.09806315345560246, 0.04801637844010165, -0.08148711939293017, -0.4097797321338592, -0.19244086662475837, -0.09209221688684552, 0.06337118314433052, -0.10491212141902553, -0.45614251607807654, -0.7788223053693519, -0.38055369072893375, -0.26499667217069645, -0.32058979707357216, -0.09119783675567433, -0.1506702110949943, -0.014749425151820676, -0.0490936216197909, -0.6778307611737908, -0.9573437004916578, -0.09658378623865943, -0.24449869034582164, -0.4762660467753339, 0.13749071223960999, -0.24278487486205885, -0.17002719840124123, -0.5298354076397427, -0.10492378871007427, 0.04518930646845183, -0.3022834149434165, -1.1622658435929898, 0.0968791877371811, -0.04099177627434478, -0.1227357162572231, 1.281385121980196, -0.5505756019796477, 2.2949455811341517, -0.2316317978715377, -0.13750403581997844, -0.5132913179545168, -0.6814481882207045, -0.019604068029152488, -0.20493989239429927, 0.22298929268983586, -0.4174790671044689, -0.4606014476066129, -0.8874951598322174, -0.263791586773239, -1.3617181069940294, -0.4461475857468331, -0.04519332383820402, -0.08140180888812118, -0.2711235320861594, -0.2970326052646974, 0.041414996006616384, -0.25749220394248074, 0.07514181341187487, -0.0971976589810212, -0.05608630813860595, -0.544821213116931, -0.21887714453018947, -0.5257891240874264, -1.0255013235767336, 0.023951823259266973, 0.08111405329741565, -0.26119640895766616, -0.23137632863035745, 0.07074372212653322, -0.18895273382998584, -0.17656272238667775, -0.11875509683194553, 0.10828442046118848, -0.278635507436799, -0.03948515246986603, -0.7381717110244161, 0.044661130329656254, -0.7422344555491626, -0.07952671068100874, -0.022984068233727437, -0.012142835631165364, -0.13482868586481728, -0.14314286591251035, -0.5528391582635195, -0.47302377304980037, -0.037795519440803, 0.7294528617729963, 0.08357308254062412, -0.762179378623971, -0.23466547441212, 1.161470044535645, -0.7742527506466264, -0.4100320252002111, -0.4635004026202927, -0.2836380427842963, -0.1897214758420414, -0.8479973617684178, -0.189141982476912, -0.19608374735343834, -0.022400847066279726, -0.43548849190878863, -0.7290265778856173, -0.39805949939733687, -0.20263591129124378, -0.9244474760983626, -0.11247923144982347, -0.09975203883973827, -0.3957896957695818, -0.09951086630741177, -1.2057317048945793, -0.0887432162230929, -0.061406121758784474, -1.0822055806333952, -1.101423333399474, -0.5723968987658816, -1.016349635406938, 0.3503474048209183, -0.4589081675741122, -0.02196079109333053, -0.7917070953510206, -0.10670457028620209, -0.2731728704908114, -1.2341194154997646, -0.5821549012079201, -0.08345603316689384, -0.1781454714664506, -0.1396817526194828, -0.38136629978316183, -0.3131064582434303, -0.48986222385613737, -0.5171782659432622, -0.22312617474133095, -0.4578222684840709, -0.5552108318945415, -0.36009972012585256, -0.8249200922545195, -0.003171513214441997, -0.9242542910505119, -0.3248692656695465, -0.8359007414220272, 0.015260764992661201, -0.28067739624151944, -0.08777367619888415, -0.04994664734806184, 0.04772210542154096, -0.375716611981568, -0.03472639017465815, -0.10813197092822238, -0.1318956450714951, -0.8497429695693562, -0.11210776861922758, -0.39470763866144654, -0.2430795029980864],