{"corr": -0.026258082730560572, "p-value": 0.9354398684116614, "slope": -0.00970440598669449, "intercept": -0.315992638298618, "Keller2020": [0.9140234736638375, 0.0917336345497908, -0.09637318922411275, 0.3744647928808046, -0.9822957045253293, -0.24819764227678048, 0.925992770236548, -0.02042268402478392, -0.7747343127968132, -0.09208123815104183, 0.1556774509368405, 0.27767957295451184], "Nigita2018": [0.1410700160810356, -0.4739614633960455, -0.2406874832787213, -0.24004582834731153, -0.06505974163963396, -0.45430128121002916, -0.6195831794559228, -0.24878735805096125, -0.4511711853419891, -0.23887949461293825, -0.4285714387664865, -0.4770325659296564], "mirnas": ["miR-451a", "miR-320a", "miR-21-5p", "miR-92b", "Unknown", "miR-197", "Unknown", "miR-223a-3p", "miR-574", "miR-328", "miR-425-3p", "miR-1249-3p"], "p-values": {"Keller2020": [0.29408780638609733, 0.7748445614041773, 0.7728483311788084, 0.2558469060800584, 0.076385084274293, 0.3775765036817893, 0.07813857711016083, 0.9528149924872533, 0.04661381918176125, 0.6673098762334836, 0.6919483698066595, 0.38468359793597706], "Nigita2018": [0.7629475442280564, 0.3136860137560104, 0.6324277623525953, 0.5378416564323328, 0.8751957737861369, 0.20266672069589503, 0.12275359501788918, 0.588663947574964, 0.2592874202343439, 0.48172460648727367, 0.3535333960813771, 0.24117302831232992]}}