{"corr": 0.02430054211418641, "p-value": 0.8191474875322674, "slope": 0.017703521384693006, "intercept": 0.006807413691996888, "Keller2009": [0.9290410091627066, 0.7273380244320233, 0.41602984962378475, 0.03904557489887232, -1.176313823364259, 0.5886062597055319, 0.14127137903086562, 1.3130544002666245, 0.7761797252147781, 0.6932109115232696, 0.7999754480187933, -0.08660144892071389, 0.2814143406535963, 0.7164600047320605, 0.18143347329684018, 0.21131394791720712, 0.4295180979679265, 0.5524094527959851, -0.4047317299565547, 0.3923127511072715, 0.5619938052267613, -0.1259619544896305, 0.8450316565043506, -0.6646053864243324, 0.1487739061185287, 0.3870889026114767, 0.642229281120229, 0.4004315771869327, 1.183586402686131, -0.40884837462074797, -0.6037660172614172, 0.32863207215470785, -0.6752892796470258, 0.23576252625311173, 1.057881150556356, 0.7081352116387228, 0.8831114031452321, 0.26159236119288265, -0.10833566266000288, 0.36249721640122445, 0.7012118689841134, 0.42286977529606307, 0.6968502251639732, 0.5607969381968871, 0.30825621977370044, 1.0244384180677462, -0.7065911399983686, 0.47277328863915635, 0.5439606535766823, -0.6832619270030653, 0.5869662971075018, 1.287256869208193, 0.7908536239990942, 0.32624085004753617, 0.30518273319421574, -0.5871895300379961, 0.49217890439533796, -0.5257991704895928, 0.1700974469125936, -0.21265961824523685, -0.14565517866246558, 1.1237193737661477, 0.21532037544845303, 0.21699691021753903, 1.5744671294295753, -0.7075176548538484, 0.7830103436167309, 0.0029814645479113128, -0.5833326989613049, 0.34898130955921325, 1.0608543617089108, 0.33991175792122885, 0.3699978717656026, 0.0931860707635975, 0.4025669575803913, -0.03239873932428348, 0.3238180587235588, 1.2542166522793192, -0.49387958923855, 0.2660742665060123, 0.8763832383508874, 0.5148594108658064, 1.220399080841325, 0.6357661074682466, 0.7184661684967191, -0.8752894778772645, 0.5261957755229021, 0.7240119403265121, -0.22113737780523074, 0.8511668445200575, 0.6650522672686947], "Boeri2011": [0.3311675021451469, -0.2915097653146705, -0.021907022151932208, -0.7921324096702879, 0.07258556056573817, -0.2390381393841577, 0.4642413613481424, 0.005011820412711197, -0.1565173184788557, 0.6269393940724183, -0.20216385965790049, 0.9199773296907453, 0.14632753495343614, 0.3321928488697995, 0.04479641637276177, 0.4287199018266906, -0.6533755077370218, 0.14791149045655833, 0.033849035492998836, 0.37757024040756804, 0.22971255184420677, -0.04367357576833018, 0.027207642753229927, -0.02717783838265554, -0.08789922028410904, 0.985753794202816, 0.016525718099227447, 0.363722538097506, -0.2735255786414891, 0.6473571269030081, -0.0007498864841224441, -0.02303146341388878, -0.42964801818263, -0.11038381257601557, 0.171520060092255, -0.4031721123543005, 0.22823720004542702, 0.2995864059576462, -0.028763256545377425, 0.5722754240423191, -0.6500594820229597, -0.25788941055480563, 0.2748896183414107, -0.5697145016290649, -0.01099107215490386, 0.12764823172153655, 0.7983378537927703, -0.17101257797038233, 0.7045323520513613, -0.5766107706167771, -0.0814898621287917, 1.1699360087927422, -0.17668544128024177, 0.09539084935369779, -0.1917678609294508, -0.48270497033654075, -0.06836306241965022, 0.029527926720578388, -0.09166325803530659, -0.11828114788389604, -0.2349654621112045, -0.4229643260717696, -0.8307008182274056, -0.022565744909248703, -0.1448793248194835, -0.16037423656682587, -0.8054181048965805, 0.187890977132732, 0.10501222895849677, 0.0019763852132709857, -0.19625336737630167, 0.3181491345858233, 0.04529480687217055, -0.09250122197413177, -0.6720144806024504, -0.3534847699527149, 0.6091897019982653, 0.7207766233756134, 0.033733479201411384, 0.18421441277454081, -0.3078555692998899, 0.2421607232713595, -0.07263525665068123, 0.4236890821845438, -0.5715066078509858, 0.08584226282661031, 0.520290811444401, -0.4539415817661292, -0.3100555439222334, -0.5231708777547, 0.4231730677085008], "mirnas": ["miR-145", "miR-374b-5p", "miR-221", "miR-629-3p", "miR-126-3p", "miR-30c", "miR-10a-5p", "miR-222-3p", "miR-19b-3p", "miR-100", "miR-193a-5p", "miR-133b-3p", "miR-21-5p", "miR-423", "miR-574", "miR-152-3p", "miR-185-5p", "miR-27b", "miR-26a", "miR-744-5p", "miR-181a", "miR-374a-5p", "miR-130b-3p", "miR-20", "miR-191-5p", "miR-133a-3p", "miR-425-3p", "miR-197", "miR-28-5p", "miR-363-3p", "miR-26b", "miR-296-5p", "miR-885-5p", "miR-320a", "miR-128", "miR-192", "miR-345", "miR-335", "miR-301a", "miR-125b", "miR-331-3p", "miR-142-5p", "miR-27a", "miR-99b", "miR-106b", "miR-24-3p", "miR-15b", "miR-652-3p", "miR-99a", "miR-451a", "miR-186", "miR-361", "miR-625-5p", "miR-342-3p", "miR-150-5p", "miR-16", "miR-30b", "miR-223a-3p", "miR-454", "miR-93", "miR-636", "miR-502a-3p", "miR-483", "miR-365", "miR-19a", "miR-195", "miR-125a", "miR-28", "miR-17", "miR-532-3p", "miR-339", "miR-148a", "miR-484", "miR-101-2", "miR-660", "miR-92a", "miR-143", "miR-29c", "miR-20b-5p", "miR-146a", "miR-148b-3p", "miR-18", "miR-29a", "miR-328", "miR-532", "miR-106a-5p", "miR-134-5p", "miR-25", "miR-486-5p", "miR-140-3p", "miR-130a"], "p-values": {"Keller2009": [0.01372735236808246, 0.11810419505716213, 0.2463827770681574, 0.8711078412158739, 7.0163611328640425e-06, 0.24034408235607177, 0.6587776019873657, 0.0018615714367192868, 0.0481484980815032, 0.0622725377749096, 0.011064299948903764, 0.7884233240540749, 0.38928058717959957, 8.678801632708001e-07, 0.4435834837030955, 0.6068481506372598, 0.021920381789106054, 0.15402576649848954, 0.09183097620092075, 0.09714256958163314, 0.14581485496053684, 0.7833620752350932, 0.010888559803946825, 0.004405863154606824, 0.6378757554712646, 0.22786854715766158, 0.01251718015756756, 0.1507603143379022, 0.002741658994001747, 0.3162578930672715, 0.01160073106762632, 0.2777974510029521, 0.07101621627225715, 0.2913443625996188, 0.01921311413602971, 0.08248679526412922, 0.012599713110742344, 0.2152243994528144, 0.7581638687534527, 0.31710960214181155, 0.027743620690868612, 0.26185156528227554, 0.09672145486198974, 0.11250816260089681, 0.4544814760696412, 0.005622032942055726, 0.05091950822406849, 0.12237801367771371, 0.13847177230349061, 0.07657854244573185, 0.1415536071861342, 0.0006837654740930445, 0.02020417032332805, 0.0952543633823643, 0.3486440076471493, 0.07119801277478958, 0.17290570460854995, 0.16903037354667258, 0.7182785904588356, 0.41053616434359796, 0.4617593740336948, 0.018771006948754748, 0.6399533004750414, 0.5031547121355486, 7.279596572694176e-05, 0.008146295791130801, 0.04657938431353622, 0.9947218308996875, 0.051250443512747726, 0.3163228260155103, 0.0011584852834903956, 0.3219681770194704, 0.36351301770117017, 0.7441523610551133, 0.2833155430886799, 0.9158447091081248, 0.3889475210433798, 0.0014517141114022598, 0.14367859740871766, 0.4700278944612494, 0.11820363832307156, 0.19628685213218983, 0.0007576228697549298, 0.050749624158234224, 0.03993261775584565, 0.016771030594572058, 0.10517323095745595, 0.0006852137106303386, 0.2827601205805217, 0.010426957634922428, 0.06585874904978846],