{"corr": 0.22121779706539016, "p-value": 0.08939169790919109, "slope": 0.31025673340444115, "intercept": -0.8933301235519806, "Keller2009": [0.30825621977370044, 0.10657976565024989, 0.7761416767640084, -1.176313823364259, -0.6646053864243324, -0.5833326989613049, 0.7191106437521134, -0.134657264734076, -0.66031197183787, 1.0244384180677462, 1.0407416112770589, -0.7065911399983686, -0.17462482577834865, 1.371152661896998, -1.3432877884040257, 0.4321084421676942, 0.7761797252147781, -0.6832619270030653, 0.2814143406535963, -1.2844130085508354, -0.9226661948582056, 0.7164600047320605, 0.4004315771869327, 0.3027740442491657, 0.08173047954385346, 0.2836472553729926, -0.03239873932428348, -0.14321186535321678, 0.7308303074540912, -0.8314020445069906, 1.1838047363447963, 1.2542166522793192, 1.178671608660566, -0.038298886280106526, 0.5623557470815399, 0.4295180979679265, -0.22642466279059986, -0.22726383317382404, 0.23576252625311173, 0.668079680885574, 0.4122331609865364, -0.5871895300379961, -0.5257991704895928, 0.24521373443907135, -0.4047317299565547, -0.9142694706108427, -0.21265961824523685, -1.0150667293331401, -0.28634618657698485, 0.6968502251639732, 0.5619938052267613, 0.45127278289990075, 0.7240119403265121, 0.908505214070352, 0.4490974204709802, 1.5744671294295753, -0.22113737780523074, 0.8511668445200575, 0.6650522672686947, 0.9445415687847225], "Qu2017": [-1.6510071490740712, 0.2643277679748881, 0.7183428701225809, -1.649509033878807, -1.0078054664599523, -1.2153021120574552, 0.8435069534811219, -1.5552898793911787, 0.27133765568166446, -2.549661804367174, 0.22010404702979444, -1.1917754562573724, -1.683407864714192, -0.5552791096970286, -0.9160488404725435, 0.3851308522969431, -0.6724825856629615, -0.12993413373945129, -1.7451417391461626, -2.1058756705643473, -1.5601900734258547, -1.504103948926598, -1.9588084406063462, -1.4928484116460545, -0.06375547180298077, 0.862401768579855, -0.38761377434456445, 0.5155808795839893, 0.7477091610008847, -1.6505203551541483, -1.5619632187386474, -1.333071888182815, 1.6613346228872157, -1.5259714577247654, 0.6928561644601159, -1.5275954222632226, -0.9480991078980991, -0.2755996074621805, -0.9137148826132928, 0.2337593539489834, -2.1154913651036953, -0.8852614342764307, -1.8421028416985372, -1.7662937712602234, -1.9275856496050736, -0.4451093700580171, -1.1823259610219021, -1.8634884886828798, -1.8571484330727688, -1.3133151618286591, -2.149593474716261, -0.7002007487118012, -0.38607918383442563, 0.28671974880887724, 0.951417361368935, -0.7468339232735759, 0.2563964440900687, -1.3393601424160195, -1.9174240687637107, -1.840292658534278], "mirnas": ["miR-106b", "miR-188-5p", "miR-1225-5p", "miR-126-3p", "miR-20", "miR-17", "miR-1246", "miR-320d", "miR-1281", "miR-24-3p", "miR-574-5p", "miR-15b", "miR-320b", "miR-939", "let-7i", "miR-1268a", "miR-19b-3p", "miR-451a", "miR-21-5p", "let-7f", "let-7g", "miR-423", "miR-197", "miR-494", "miR-1825", "miR-1207-5p", "miR-92a", "miR-638", "miR-940", "let-7b", "miR-30e", "miR-29c", "miR-671-5p", "miR-107-3p", "miR-1915", "miR-185-5p", "miR-320c", "miR-483", "miR-320a", "miR-150-3p", "miR-30e-5p", "miR-16", "miR-223a-3p", "miR-23a", "miR-26a", "miR-15a", "miR-93", "let-7a", "miR-103a", "miR-27a", "miR-181a", "miR-1275", "miR-25", "miR-1260a", "miR-1202", "miR-19a", "miR-486-5p", "miR-140-3p", "miR-130a", "miR-22"], "p-values": {"Keller2009": [0.4544814760696412, 0.7291251454959318, 0.027841069587840554, 7.0163611328640425e-06, 0.004405863154606824, 0.051250443512747726, 0.032527730889655604, 0.5692707027363513, 0.11847537579158378, 0.005622032942055726, 0.0005404556184266135, 0.05091950822406849, 0.5253726269617209, 0.00033437217058521863, 2.872291883234173e-05, 0.2630888332677561, 0.0481484980815032, 0.07657854244573185, 0.38928058717959957, 0.009861558282688325, 0.016739176633323083, 8.678801632708001e-07, 0.1507603143379022, 0.4417584523678145, 0.8125557663187645, 0.46753567879169156, 0.9158447091081248, 0.6523857169423468, 0.02606875088001288, 0.0064693730808154225, 0.0013567624621440575, 0.0014517141114022598, 0.0021229278507117924, 0.8983988906554359, 0.2851737116572492, 0.021920381789106054, 0.44635790308054657, 0.5140828408077025, 0.2913443625996188, 0.05800736903687735, 0.06333864970249647, 0.07119801277478958, 0.16903037354667258, 0.49146940126934313, 0.09183097620092075, 0.0003772037025676432, 0.41053616434359796, 0.001015757834594985, 0.2676926862535956, 0.09672145486198974, 0.14581485496053684, 0.2106034167372596, 0.0006852137106303386, 0.017792571159609145, 0.12003111370735547, 7.279596572694176e-05, 0.2827601205805217, 0.010426957634922428, 0.06585874904978846, 3.936256990205335e-05], "Qu2017": [0.02214659174174118, 0.607627964921879, 0.0672594521081718, 0.03282779938150324, 0.2416800391677147, 0.15011765026973672, 0.04511468277893991, 0.04395512656570191, 0.723191559106819, 0.010510361405935252, 0.8010148873171422, 0.1704745128935188, 0.020659133915040314, 0.2977677979146028, 0.30791888750643137, 0.13241131008192153, 0.5572450815691361, 0.9580622683524801, 0.08382777115584553, 0.006797370787752879, 0.05324087995577059, 0.05041640358667671, 0.0001837028830412558, 0.014370178554631147, 0.9272077553113525, 0.03926640203280411, 0.4810867330899662, 0.42358113264931474, 0.05273371401686016, 0.046047344948883746, 0.02530908915287919, 0.01930989278501576, 0.016142597183148866, 0.05416192362011969, 0.08733327130782834, 0.00951213127113953, 0.03686279867345059, 0.718952400444179, 0.11998344171490324, 0.6667097603327363, 0.02875388326461446, 0.6430323110413578, 0.13465069076904992, 0.02305277146486588, 0.013998668840635099, 0.5805890560908551, 0.13848662811820067, 0.043409469947787035, 0.012045053481601703, 0.04126078153596329, 6.926761764506895e-05, 0.14677047891252623, 0.6262883047150944, 0.515199008106437, 0.04946898819461566, 0.3697696616835213, 0.7336602712987699, 0.02418734856142267, 0.007816590102431768, 0.053361263339796246]}}