{"corr": -0.0455297765053693, "p-value": 0.6289755136853492, "slope": -0.03596359351840545, "intercept": 0.056423111902468764, "Keller2014": [0.9552628354750758, -0.6780755630077606, -0.33886050729827166, 0.4244541844166553, -0.9957532311184278, 0.2012876523843344, 0.5814934739781984, -0.2178041171682412, 0.3332857121261562, -0.4840872380403639, 0.8404669285059272, 0.17644122348423918, 0.5438973489011578, 0.3851664618925257, 0.07207118138095941, 1.1142606212829707, 1.0731104070416415, 0.20493751007707642, -0.2442511128521157, 0.5224232214552162, -0.2220229749236437, -0.6458832556956517, 0.25444775214420984, 0.38344323924366946, 0.547105303346463, -0.21944571473898206, -0.6652943279918584, -0.3788138564275244, -0.5093686542167903, -0.9302937341066202, -0.09822284418719415, 0.048221427774113805, 0.30962158174143095, 1.0091429317763918, 0.20033867882637044, -0.6242187904127378, -0.8698624266359434, 0.28558906228555647, 0.6178061874627894, 0.48909337637782857, -0.023239652695139147, 0.3707297313771486, 0.5767088989940788, 0.2922508360508249, -0.39872364694448403, 0.043896114216679286, -0.22615763549491946, 0.8583213905740537, 0.9766586396235162, -0.45345181374865084, -0.4363010611572448, 0.1840642689210384, -0.6762838516580767, 0.03864923502204018, 0.2616750284010698, -0.4319590892255647, -0.27429428418393, -0.36572782332678144, -0.15414653767079817, 0.024263181475963142, 0.13554200926204757, -0.20880413482503768, -0.5778613334914119, -0.5154158545501724, 0.5937286922036071, 0.4485765214345546, 0.5653568062605848, -0.29455242799618997, 0.017243227881163233, 0.13516260588790632, -0.34962954712044636, -0.3451273613132647, 0.6134882516579396, 0.04072996938992098, -0.6950574187450138, 0.4309040970244443, -0.43863465698296444, -0.698519175994017, 0.04298413670643485, 0.1139092716074157, 0.5663156548904676, -0.2984700252658176, 0.5620785070428416, 0.24913474781032593, 0.29728705319075155, -0.3220922943481729, 0.5699488191201484, 0.43730652904223843, -1.2669765337658696, 0.4092286262390237, 0.13229969214364865, -0.21021530078839556, -0.5123108539603116, -0.3700902879325743, 0.779890115963915, -0.1991860512241012, 0.008596540257531364, -0.19466942479957244, -0.3043391875600644, 0.3721384180942653, 0.22312911201266591, -1.0284516997750233, -0.06913761408708008, 0.07421061968042748, -0.43690971562795794, 0.5927018912994773, 0.7747075209063234, -0.2665344147922939, 0.03885412309816695, -0.9205331478019456, 0.06919029531916679, 0.22794694004127425, 0.07649919324690013, -0.06272556492517206, -0.25326830621818786], "Boeri2011": [0.3311675021451469, -0.2915097653146705, -0.021907022151932208, 0.19214729710443285, 0.07258556056573817, -0.2390381393841577, -0.7921324096702879, 0.4642413613481424, -0.1551762504198626, 0.005011820412711197, -0.1565173184788557, 0.6269393940724183, -0.20216385965790049, 0.9199773296907453, 0.14632753495343614, 0.3321928488697995, 0.04479641637276177, 0.4287199018266906, 0.8501208967777822, -0.6533755077370218, 0.14791149045655833, 0.033849035492998836, 0.08642639908500994, 0.4968302912223214, 0.37757024040756804, 0.22971255184420677, 0.022939336658100384, -0.04367357576833018, 0.027207642753229927, -0.02717783838265554, -0.08789922028410904, 0.985753794202816, 0.016525718099227447, 0.363722538097506, -0.2735255786414891, 0.6473571269030081, -0.0007498864841224441, -0.02303146341388878, 0.629233333858246, -0.42964801818263, -0.11038381257601557, 0.171520060092255, -0.4031721123543005, 0.3880412150205419, 0.22823720004542702, 0.2995864059576462, -0.028763256545377425, 0.5722754240423191, -0.6500594820229597, 0.27115167628271053, 0.7281198049476618, -0.25788941055480563, -0.2152811656254796, 0.2748896183414107, -0.5697145016290649, -0.01099107215490386, 0.3401824497807038, 0.12764823172153655, 0.7983378537927703, -0.17101257797038233, 0.7045323520513613, -0.5766107706167771, 0.5118576546416431, 0.2952717860755665, -0.0814898621287917, 1.1699360087927422, -0.17668544128024177, 0.28913755445653194, 0.09539084935369779, -0.1917678609294508, -0.48270497033654075, -0.06836306241965022, 0.029527926720578388, 0.4114565992939566, -0.09166325803530659, -0.16977609032984564, -0.11181394494541444, -0.11828114788389604, -0.2349654621112045, -0.4229643260717696, -0.8307008182274056, 0.10866552269311201, -0.022565744909248703, -0.1448793248194835, 0.11767581798865745, -0.16037423656682587, -0.8054181048965805, 0.187890977132732, 0.10501222895849677, 0.0019763852132709857, -0.19625336737630167, -0.19250249352175683, 0.3181491345858233, 0.14564710419022744, 0.04529480687217055, -0.09250122197413177, -0.09692323026078045, -0.6720144806024504, -0.3534847699527149, 0.6091897019982653, 0.7207766233756134, 0.033733479201411384, 0.18421441277454081, -0.3078555692998899, 0.2421607232713595, -0.07263525665068123, 0.4236890821845438, 0.29134335010484813, -0.5715066078509858, 0.08584226282661031, 0.520290811444401, -0.4539415817661292, -0.3100555439222334, -0.5231708777547, 0.4231730677085008], "mirnas": ["miR-145", "miR-374b-5p", "miR-221", "miR-193b", "miR-126-3p", "miR-30c", "miR-629-3p", "miR-10a-5p", "miR-485-3p", "miR-222-3p", "miR-19b-3p", "miR-100", "miR-193a-5p", "miR-133b-3p", "miR-21-5p", "miR-423", "miR-574", "miR-152-3p", "miR-218-5p", "miR-185-5p", "miR-27b", "miR-26a", "miR-132a-3p", "miR-346-5p", "miR-744-5p", "miR-181a", "miR-597", "miR-374a-5p", "miR-130b-3p", "miR-20", "miR-191-5p", "miR-133a-3p", "miR-425-3p", "miR-197", "miR-28-5p", "miR-363-3p", "miR-26b", "miR-296-5p", "miR-34a", "miR-885-5p", "miR-320a", "miR-128", "miR-192", "miR-203-3p", "miR-345", "miR-335", "miR-301a", "miR-125b", "miR-331-3p", "miR-337-5p", "miR-548a", "miR-142-5p", "miR-495-3p", "miR-27a", "miR-99b", "miR-106b", "miR-376c", "miR-24-3p", "miR-15b", "miR-652-3p", "miR-99a", "miR-451a", "miR-598", "miR-330-3p", "miR-186", "miR-361", "miR-625-5p", "miR-127", "miR-342-3p", "miR-150-5p", "miR-16", "miR-30b", "miR-223a-3p", "miR-323", "miR-454", "miR-140-5p", "miR-590", "miR-93", "miR-636", "miR-502a-3p", "miR-483", "miR-518d-3p", "miR-365", "miR-19a", "miR-376a-3p", "miR-195", "miR-125a", "miR-28", "miR-17", "miR-532-3p", "miR-339", "miR-122-5p", "miR-148a", "miR-199a-3p", "miR-484", "miR-101-2", "miR-212", "miR-660", "miR-92a", "miR-143", "miR-29c", "miR-20b-5p", "miR-146a", "miR-148b-3p", "miR-18", "miR-29a", "miR-328", "miR-410", "miR-532", "miR-106a-5p", "miR-134-5p", "miR-25", "miR-486-5p", "miR-140-3p", "miR-130a"],