{"corr": -0.009753976771877438, "p-value": 0.925257177809262, "slope": -0.015846554282084844, "intercept": -0.23368426937009176, "Keller2020": [0.594828568219839, -0.8415470183888123, -0.3608199222567934, -0.785820611615363, 0.09461386571122898, 0.42399575773914433, 0.09410101670390604, -0.09637318922411275, 0.08775670420551662, -0.7747343127968132, 0.04952658501736081, 0.06429156377421337, -2.0240214322981562, 0.4381448147063066, -0.1484293185233333, 0.6347611086918254, -0.1728320392221781, -0.5341251669411595, -0.009791086322910342, 0.08292059532874288, 0.029452819998347913, 0.2522330499473584, 0.6304185339515354, -0.6308092335749029, 0.19619578913604357, 0.09181405654500487, 0.11612077515724914, 0.522589608567934, -0.05202694055719092, -0.02243772781490678, -0.15981267330812654, 0.30310603998760755, -1.2726691827885153, 0.27767957295451184, -0.5871062351559269, -0.6679913586251705, -0.24819764227678048, 0.7056372704195839, 0.23585021454133742, -0.6317477758693556, 0.12013326188373305, 0.1585040182583426, -0.39654318619454537, -0.17650101651551087, 0.21088770945576885, 0.0917336345497908, 0.3744647928808046, 0.257436820969485, -0.14825678845779555, -0.014512821892952723, -0.12537471777987624, -0.02765291459542566, -0.2684879754628342, 0.13606443234496735, 0.08230993696737096, 0.39898319966992923, 0.13868587813473648, 0.9140234736638375, 1.2058809901341487, 0.6203938723335629, -0.21785259092863937, 0.019838559285365806, -0.010850067778334048, 0.03659927068092738, 0.19121424501941978, 0.17601152800528563, 0.9283505582160335, 0.08607288085468115, 0.18813728823466186, 0.06854631404506101, 0.38004319723172636, 0.38220788662986505, -0.1352129369882517, 0.19153989442931407, 0.19610350180070646, 0.09221320046151033, 0.8655949681901008, -0.5176709050526332, 0.35159930761275326, -0.36855459755607645, -0.06731933401786819, -0.7379425793688562, -0.10380790106252955, 0.4781269158194189, 0.544341379328901, 0.07523499092880737, -0.38993562665009374, 0.18651799269240626, -0.09208123815104183, 0.18295818380417267, 0.4883505898246161, 1.1242545337575185, -0.21093171502772765, 0.4869067340264953, -0.4769484012520837], "Patnaik2012": [0.15832983771921383, 0.16273191638085055, 0.5876142445941972, -0.6675810118266359, -0.36960923604831586, 0.29431195000395016, 0.2799016791376471, -1.656845398533065, -0.2155281441183446, 0.03900809800306025, 0.8786937968569795, -0.44216978024600995, 0.09766758586284521, -0.1507225086331411, 0.07359027042408023, -2.7347278106460977, -0.3120404630715496, 0.0588116920750784, -0.06377103286705413, -0.15358353272445285, -1.7004068922115185, -0.2077350065442744, -0.5750600517258704, -0.03210295532637661, -0.31995458914524705, -0.07938194602633086, 0.23513280086966104, 0.1871122365638579, -1.0042390915184534, -2.256999694180106, 0.031948545503608906, 0.5689770168834676, 0.10062576182374136, -0.0239739699627798, 0.15149938330262827, 0.21715631063354407, -0.7823502111120053, 0.1516353849155737, -0.06683241675635698, -2.555683826022667, 0.030537775023874426, -0.6593691797817982, 0.09522739218404606, 0.32360605356050665, -0.39634231750298354, -2.6031268535758674, -0.7341760437312472, -0.0766705175629746, 0.07252326293426904, 0.7913290717520951, 0.08910552738957325, 0.13524897649726564, 0.0014005743049242253, 0.4526478223991742, -0.00036402415590526115, -0.09995504037086081, -2.542966411268324, -1.3062856185459881, 0.40029314256744386, 1.158106509932193, -0.5238994174499512, 0.08031182372307039, -2.7640035300342234, -0.4412554137196404, 0.06513274795074361, -0.3264214583762607, 0.3784109522350465, -0.2642431591954504, -0.044858332571454565, -0.22239251757365444, 0.7897770815528953, 0.0351412049520282, -0.15911189830237876, -1.6678510992698214, 0.07882054802458258, 0.02229002259677268, 0.21602209577283782, 0.20887808618909579, 0.07859006698098468, -0.04600222694864369, -0.4927296037435862, -0.04486817143650859, -1.175058877441121, -0.4190736767788147, -0.09498139696943454, 0.05671111835139104, 0.28354192726477084, 0.08236284736610971, 0.33383980667310365, 0.041584760274663145, 0.405393398488661, -0.14314808878218277, 0.19308260872828215, -0.28344907257553026, 0.46824557160124813], "mirnas": ["miR-135a-3p", "miR-32-3p", "miR-206-3p", "miR-489", "miR-1228-3p", "miR-1268a", "miR-1539", "miR-21-5p", "miR-1229-3p", "miR-574", "miR-1290", "miR-940", "miR-762", "miR-563", "miR-539", "miR-320c", "miR-483", "miR-1228-5p", "miR-181c", "miR-1238-3p", "miR-634", "miR-2116-3p", "miR-718", "miR-595", "miR-1299", "miR-933", "let-7b-3p", "miR-2276-3p", "miR-181d", "miR-320d", "miR-1281", "miR-149-3p", "miR-574-5p", "miR-1249-3p", "miR-1180-3p", "miR-33b-3p", "miR-197", "miR-1207-5p", "miR-602", "let-7b", "miR-296-5p", "miR-557", "miR-671-5p", "miR-765", "miR-1915", "miR-320a", "miR-92b", "miR-1181", "miR-432", "miR-198", "miR-1227-3p", "miR-371-5p", "miR-1295", "miR-187-5p", "miR-1224-5p", "miR-939", "miR-320b", "miR-451a", "miR-575", "miR-638", "miR-195-3p", "miR-1914-3p", "miR-16", "miR-129-3-3p", "miR-149-5p", "miR-1237", "miR-630", "miR-636", "miR-1267", "miR-1234", "miR-483", "miR-1275", "miR-365", "miR-550", "let-7f-3p", "miR-191-3p", "miR-1225-5p", "miR-670-5p", "miR-663a", "miR-1226-5p", "miR-766", "miR-2278", "miR-1825", "miR-92a", "miR-769-3p", "miR-129-1-3p", "miR-30a-3p", "miR-1471", "miR-328", "miR-572", "miR-134-5p", "miR-1202", "miR-188-5p", "miR-486-5p", "miR-1246"], "p-values": {"Keller2020": [0.044946716477229684, 0.08680121237697036, 0.33452938859508363, 0.0700357782360587, 0.825503313495308, 0.25712425608256767, 0.7984305932688518, 0.7728483311788084, 0.732976474559899, 0.04661381918176125, 0.8927947476313126, 0.8913262459323378, 0.0019437372393771406, 0.17797718917826422, 0.5672126810063683, 0.19738842137087725, 0.5368907980424287, 0.26711682765194333, 0.9724274281907537, 0.8448803621948382, 0.9057014660916345, 0.4975648960623309, 0.10439266403096245, 0.2103893238660929, 0.46909862457153717, 0.7555448875502417, 0.7591619263580123, 0.08070337463437373, 0.8433349660031488, 0.9419347909336777, 0.7241327927480133, 0.15929116366544743, 0.03806595745853565, 0.38468359793597706, 0.18176657119936215, 0.21304977764453578, 0.3775765036817893, 0.10880600811999029, 0.44592941898969185, 0.0805016110497026, 0.6161858410418442, 0.5499130042820779, 0.4003892487270505, 0.5265852910118569, 0.6616899694925614, 0.7748445614041773, 0.2558469060800584, 0.25497967511883624, 0.5796213170155002, 0.9619206197193046, 0.6130428950065466, 0.9310571774943512, 0.3690980224485303, 0.7215836403330744, 0.7807922489288501, 0.23237084249534962, 0.653900644473806, 0.29408780638609733, 8.638821469738608e-06, 0.1838185636467198, 0.4026845135340763, 0.9418872968012024, 0.9777036118757727, 0.8839533064939245, 0.5912409142016808, 0.5696075800540344, 0.02575687042480338, 0.7211453343772376, 0.49909287687069825, 0.8694180614874659, 0.39498927305517295, 0.3465657014957154, 0.6358252724952355, 0.5725867681771712, 0.6070068255530199, 0.823510909707899, 0.07790663206955725, 0.19666015767021833, 0.17606599305132312, 0.25879645394803713, 0.822602905892768, 0.07999389716109757, 0.8010280039743112, 0.20497934060834622, 0.013756010651638331, 0.7743172383109691, 0.12712280159083073, 0.5498359228802466, 0.6673098762334836, 0.5372462711764754, 0.23183036721918204, 0.012339914881190624, 0.5660706559971322, 0.13831929897720183, 0.3890608188727426],