{"corr": -0.40647714532726886, "p-value": 0.14922948181988677, "slope": -0.6554645855338967, "intercept": 0.12066919764725985, "Leidinger2016": [-0.11338355764026643, -0.22312617474133095, -0.4461475857468331, -0.03948515246986603, 0.7294528617729963, -0.0711867690646176, -0.2969592946441628, -0.8479973617684178, 0.04801637844010165, 0.007521110802296026, 0.023951823259266973, -1.1622658435929898, 0.04772210542154096, -0.11875509683194553], "Yao2019": [0.5980858402383096, -0.11584034194488621, 0.2871702645318678, -1.2583198554964699, -0.4390753624426387, 0.7982173959656924, 0.7735079504023572, 0.22250719594447874, 1.0629191855898783, -0.8524485570364354, 0.14623158695566982, 1.2035155342890365, 0.7308413259229272, 0.14623158695566982], "mirnas": ["miR-153-3p", "miR-183-3p", "miR-99a-3p", "miR-616-5p", "miR-1914-3p", "miR-1228-5p", "miR-1229-3p", "miR-627", "miR-490-5p", "miR-182-3p", "miR-141-5p", "miR-643", "miR-217", "miR-216b-5p"], "p-values": {"Leidinger2016": [0.16259844333313472, 0.019519874844529314, 0.04546361187559271, 0.8861843194774419, 0.031747978838729214, 0.8246437672950224, 0.15118391693386923, 0.007698851010381199, 0.7870430681266851, 0.9098394102534109, 0.8940740720773772, 1.1652811805235459e-05, 0.3535716164633602, 0.4656643507566337], "Yao2019": [0.4670878838743058, 0.9217350506298783, 0.34659350708733416, 0.12313386781116496, 0.34659350708733416, 0.24181707293894739, 0.44496110084770235, 0.828563009136616, 0.16782316683878967, 0.22202798901074378, 0.34659350708733416, 0.13246690810618322, 0.3438247522817549, 0.34659350708733416]}}