{"corr": 0.26922999116156293, "p-value": 0.0012971051638527653, "slope": 0.5609445934555474, "intercept": 0.5024499592461629, "Leidinger2016": [-0.20677771247005428, -1.0132504403521794, -0.33023218748393957, -0.7658144536866222, -0.0324677752973348, -0.04649045769267311, -0.20048021936199154, -0.3601431401307205, -0.05297157933312852, 0.46980929343584876, -0.3297880228652279, -0.16171873294626277, -0.3000675425391206, 0.15257846654207674, -0.7949947446444529, -0.2969592946441628, -0.5694478542899493, -0.20247982181547972, -0.22248370751648155, -0.03684175670210757, -0.5500022331365921, -0.015754677690561575, -0.31669210387908125, -0.0597483434163651, -0.5639550636330402, -0.0711867690646176, -0.053219423339005235, -0.08148711939293017, -0.4097797321338592, -0.19244086662475837, 0.06337118314433052, -0.45614251607807654, -0.7788223053693519, -0.38055369072893375, -0.26499667217069645, -0.12303132371523892, -0.32058979707357216, -0.09119783675567433, -0.1506702110949943, -0.0490936216197909, -0.6778307611737908, -0.9573437004916578, -0.4762660467753339, -0.09658378623865943, -0.24449869034582164, -0.24278487486205885, -0.17002719840124123, -0.3054370918403164, -0.5298354076397427, 0.04518930646845183, -0.3022834149434165, 0.0968791877371811, -0.04099177627434478, -0.1227357162572231, -0.2316317978715377, -0.13750403581997844, -0.5132913179545168, -0.019604068029152488, -0.20493989239429927, 0.22298929268983586, -0.4174790671044689, -0.4606014476066129, -0.8874951598322174, -0.263791586773239, -0.04519332383820402, -0.08140180888812118, -0.2711235320861594, -0.2970326052646974, 0.07514181341187487, -0.0971976589810212, -0.05608630813860595, -0.544821213116931, -0.21887714453018947, -0.5257891240874264, -1.0255013235767336, -0.26119640895766616, -0.23137632863035745, 0.07074372212653322, -0.17656272238667775, -0.278635507436799, -0.9512759999038196, -0.07952671068100874, -0.022984068233727437, -0.012142835631165364, -0.13482868586481728, -0.5528391582635195, -0.47302377304980037, -0.037795519440803, 0.7294528617729963, -0.23466547441212, 1.161470044535645, -0.7742527506466264, -0.4100320252002111, -0.4635004026202927, -0.2836380427842963, -0.1897214758420414, -0.189141982476912, -0.19608374735343834, -0.022400847066279726, -0.43548849190878863, -0.7290265778856173, -0.15105552530516692, -0.20263591129124378, -0.9244474760983626, -0.11247923144982347, -0.3957896957695818, -0.09951086630741177, -0.0887432162230929, -0.061406121758784474, -1.101423333399474, -0.5723968987658816, -0.4589081675741122, -0.10670457028620209, -0.2731728704908114, -1.2341194154997646, -0.5821549012079201, -0.08345603316689384, -0.1781454714664506, -0.1396817526194828, -0.38136629978316183, -0.48986222385613737, -0.22312617474133095, -0.4578222684840709, -0.5552108318945415, -0.36009972012585256, -0.8249200922545195, -0.003171513214441997, -0.9242542910505119, -0.8359007414220272, 0.015260764992661201, -0.28067739624151944, -0.08777367619888415, -0.375716611981568, -0.03472639017465815, -0.10813197092822238, -0.1318956450714951, -0.8497429695693562, -0.11210776861922758, -0.39470763866144654, -0.2430795029980864], "Keller2009": [0.9290410091627066, 0.7273380244320233, 0.5363058907866476, -1.176313823364259, 0.5886062597055319, 1.414212020058672, 0.42721048032977493, -0.5187693655625054, 1.429426486563044, 0.3663737416746181, -0.8435071934737561, 1.3130544002666245, 0.7999754480187933, 0.6932109115232696, 0.2814143406535963, 0.3093527634203843, -0.9226661948582056, 0.7164600047320605, 0.18143347329684018, 0.3027740442491657, 0.6807575999164717, -0.0007918738669840445, 0.03722726676026415, -0.22642466279059986, 0.8791359355203336, 0.31662469579015673, 1.2747445607497783, 0.8545312463752119, -0.4047317299565547, 0.7193037272693565, 0.17661953220426646, 0.341003233282729, 1.3452037353247774, -1.0150667293331401, 0.8065343593520952, 0.45888335574291117, -0.28634618657698485, 0.3083280466700816, 0.3923127511072715, 1.0958722462672934, 0.5619938052267613, -0.1259619544896305, 0.44160342699626914, -0.35383710213280367, 0.8450316565043506, -0.08909797112763626, 0.15247010629544971, 1.2294995426275968, -0.6646053864243324, 0.03596179733343446, 0.10795946411014153, -0.134657264734076, 0.7985107971487382, 0.6728448552366968, 0.6388489837373221, 1.301204128884002, -1.2844130085508354, 1.2273112721907853, 0.4004315771869327, 0.46521093359486193, -1.6431993240231828, -0.40884837462074797, -0.6037660172614172, -0.8314020445069906, 0.23576252625311173, 1.057881150556356, 0.7081352116387228, 0.8831114031452321, 0.36249721640122445, 0.7012118689841134, 1.10824836074889, 0.6968502251639732, 0.35158285317833393, 0.30825621977370044, 0.8719455810140521, 1.0244384180677462, 0.8034502047583929, 0.8424610465001543, 0.47277328863915635, -0.6832619270030653, -0.7133151130448956, 0.5869662971075018, 1.287256869208193, -0.3922062099228736, 0.7908536239990942, -0.038298886280106526, -0.4707054822741199, 0.30518273319421574, 1.126360177501581, -0.5257991704895928, 0.759803457798874, -0.9142694706108427, -0.21265961824523685, -0.2713903652555515, -0.14565517866246558, 1.1237193737661477, 0.21532037544845303, 0.45127278289990075, -1.130494308521564, 0.3531068932990918, 1.5744671294295753, 0.9201279576489612, -0.1460895973987965, -0.7075176548538484, 0.7830103436167309, -0.5833326989613049, 0.34898130955921325, 1.0608543617089108, 0.3641836187209472, -0.8480671296313423, 0.33991175792122885, -1.3432877884040257, 0.704692131920286, 1.3152643625379459, 0.0931860707635975, 0.4025669575803913, -0.03239873932428348, 0.9127531121994786, 1.4215775049809576, 0.5689566705332074, 1.2542166522793192, 0.4192531874358446, -0.49387958923855, 0.7763856791762189, 0.8763832383508874, 0.5345661843000227, 1.220399080841325, 0.5148594108658064, 0.24521373443907135, 0.3282118366197862, 0.7378291076164285, 0.6357661074682466, -0.8752894778772645, -0.35959106320446477, 0.7240119403265121, 0.7084627493617583, 1.1838047363447963, 0.8511668445200575, 0.6650522672686947, 0.9445415687847225], "mirnas": ["miR-145", "miR-374b-5p", "miR-182", "miR-126-3p", "miR-30c", "miR-339-5p", "miR-425-5p", "let-7e", "miR-93-3p", "miR-326-3p", "let-7c", "miR-222-3p", "miR-193a-5p", "miR-100", "miR-21-5p", "miR-1229-3p", "let-7g", "miR-423", "miR-574", "miR-494", "miR-1303", "miR-1913", "miR-7a-3p", "miR-320c", "let-7d-3p", "miR-1228-5p", "miR-29c-5p", "miR-199a-5p", "miR-26a", "miR-181c", "miR-634", "miR-641", "miR-29b", "let-7a", "miR-421", "miR-500-5p", "miR-103a", "miR-342-5p", "miR-744-5p", "miR-18a-3p", "miR-181a", "miR-374a-5p", "miR-654", "miR-127-5p", "miR-130b-3p", "miR-664", "miR-18b-3p", "miR-500a-3p", "miR-20", "miR-518f-5p", "miR-874", "miR-320d", "miR-625-3p", "miR-1180-3p", "miR-28b", "miR-362-5p", "let-7f", "miR-604", "miR-197", "miR-564", "let-7d", "miR-363-3p", "miR-26b", "let-7b", "miR-320a", "miR-128", "miR-192", "miR-345", "miR-125b", "miR-331-3p", "miR-361-3p", "miR-27a", "miR-30a-5p", "miR-106b", "miR-96-5p", "miR-24-3p", "miR-151-3p", "miR-378-5p", "miR-652-3p", "miR-451a", "miR-98", "miR-186", "miR-361", "miR-519f-5p", "miR-625-5p", "miR-107-3p", "miR-193a", "miR-150-5p", "miR-1914-3p", "miR-223a-3p", "miR-215-5p", "miR-15a", "miR-93", "miR-383-5p", "miR-636", "miR-502a-3p", "miR-483", "miR-1275", "miR-1283a", "miR-518b", "miR-19a", "miR-550", "miR-1224-3p", "miR-195", "miR-125a", "miR-17", "miR-532-3p", "miR-339", "miR-486a-3p", "miR-497", "miR-148a", "let-7i", "miR-766", "miR-505", "miR-101-2", "miR-660", "miR-92a", "miR-423", "miR-422a", "miR-181c", "miR-29c", "miR-183-3p", "miR-20b-5p", "miR-629-5p", "miR-148b-3p", "miR-214", "miR-29a", "miR-18", "miR-23a", "miR-1471", "miR-183-5p", "miR-328", "miR-106a-5p", "miR-508-5p", "miR-25", "miR-942", "miR-30e", "miR-140-3p", "miR-130a", "miR-22"],