{"corr": 0.045623065485666026, "p-value": 0.6062543405492224, "slope": 0.14673512148510162, "intercept": 0.09194596916448088, "Leidinger2014": [0.0704546985090527, 0.08989770559859665, 0.09743334245530788, 0.1467880003257665, 0.20848438865974747, -0.025745653018499848, 0.08225029520287563, 0.02683774761730813, -0.04790484338545809, -0.00022648339689526454, 0.05289226354064699, -0.2721086056200931, -0.18028703616645297, -0.07133889511802086, -0.11006467689964072, 0.39164343328481, -0.09353366276694411, -0.053030031840377925, 0.17700368874924866, 0.010074762530465665, 0.08625518548758103, -0.06889950553456962, 0.13814513135873335, -0.08562595250758842, -0.006630793254146069, -0.07893705051783796, 0.03537599527242043, -0.025980793763842172, 0.009377968783340554, -0.009546932729332177, -0.05908454248300467, 0.029800413231986837, 0.08567938022953311, -0.06446856611806284, 0.3694879697285149, 0.07322627271316431, 0.04577689281440444, 0.060832310800672126, 0.018924598855127824, 0.028418187749890994, 0.07863777131729056, 0.0901845926267588, 0.10932785892542637, -0.06891418609090588, 0.37893718561650924, 0.03905774399719987, -0.07413361457081222, -0.16351729132526965, -0.0431484978138946, -0.01638039473357425, -0.085262003925547, 0.06845511022737319, 0.05327750583740075, 0.15333989864233716, -0.3658425550819382, -0.054152311743879675, 0.03710712433927711, 0.04438490455249183, 0.15006554443946327, 0.0013537584332823196, 0.2658551216197299, 0.028485722888125727, 0.010967898133695825, -0.00581318711811327, -0.061828708714986066, 0.18866357857339178, 0.011070852935481464, -0.15897010231695008, -0.08105639720655632, -0.23337981031691307, -0.7375897010171646, 0.1894613880682664, 0.2160994097084119, 0.017968826824124817, 0.043698003190571, 0.07329110579716641, -0.011051714133189491, 0.022117789476674643, 0.1047044040331141, -0.0067133017315323205, -0.07990552568268747, -0.06683690072117596, 0.17149934139624912, -0.09681518937913249, 0.057949935741373804, 0.0570780983129361, 0.10503600405602131, 0.04091143212518994, -0.02853954441054688, 0.015844854228965415, 0.039860229221867376, -0.028278596617531085, -0.07820584958323124, 0.1648994537078225, -0.11482816999107515, -0.008350669927010033, -0.164825030832625, 0.08555404654565898, -0.09039865459725192, 0.096906882613608, 0.0005534893990766583, 0.08706001827138446, 0.03747166542187317, -0.1425340423602176, -0.05286580970157721, 0.11733131429167508, 0.07031296579039098, 0.03826659871727603, -0.015309881019216024, 0.08201144572319238, -0.004161090964581735, -0.16761908152581442, -0.08707089026849199, 0.08440792713575257, 0.012097083656054029, 0.04843768394126395, 0.13234885254027617, -0.04885461505728866, 0.048448896771283716, 0.120010099761074, 0.012022592491112594, -0.04695565360068612, -0.08783243989487688, 0.01755010680150576, 0.03475272222720921, -0.03903765737863801, -0.4106631884475921, -0.03817360201655972, -0.05568657891867909, 0.34482554443635566], "Boeri2011": [0.3311675021451469, -0.2915097653146705, -0.021907022151932208, 0.19214729710443285, 0.07258556056573817, -0.2390381393841577, -0.7921324096702879, 0.4642413613481424, -0.1551762504198626, 0.005011820412711197, -0.1565173184788557, 0.6269393940724183, -0.20216385965790049, -0.07748264675780782, 0.9199773296907453, 0.14632753495343614, 0.3321928488697995, 0.04479641637276177, 0.4287199018266906, 0.8501208967777822, 0.7752482245774797, -0.6533755077370218, 0.14791149045655833, 0.033849035492998836, 0.08642639908500994, 1.6244898820338465, 0.223025750116555, 0.4968302912223214, 0.37757024040756804, 0.22971255184420677, 0.022939336658100384, -0.6475532770160759, -0.04367357576833018, 0.027207642753229927, -0.2655121603801078, -0.02717783838265554, -0.08789922028410904, 0.985753794202816, 0.016525718099227447, 0.363722538097506, -0.2735255786414891, 0.6473571269030081, -0.0007498864841224441, -0.02303146341388878, 0.629233333858246, -0.42964801818263, 1.8563772933349636, -0.11038381257601557, 0.171520060092255, -0.4031721123543005, 0.3880412150205419, 0.22823720004542702, 0.2995864059576462, -0.028763256545377425, 0.5722754240423191, -0.6500594820229597, 0.27115167628271053, 0.7281198049476618, -0.25788941055480563, -0.2152811656254796, 0.2748896183414107, -0.5697145016290649, 0.05313180984478828, -0.01099107215490386, 0.3401824497807038, 0.12764823172153655, 1.087779992639547, 0.7983378537927703, -0.17101257797038233, 0.7045323520513613, -0.5766107706167771, 0.5118576546416431, 0.2952717860755665, -0.0814898621287917, 1.1699360087927422, -0.17668544128024177, 0.28913755445653194, 0.09539084935369779, -0.1917678609294508, 0.32258000504668916, -0.48270497033654075, -0.06836306241965022, 0.029527926720578388, 0.4114565992939566, -0.09166325803530659, -0.16977609032984564, -0.11181394494541444, -0.11828114788389604, -0.2349654621112045, -0.4229643260717696, -0.8307008182274056, 0.10866552269311201, -0.022565744909248703, -0.1448793248194835, 0.23603227918097675, 0.11767581798865745, 0.12146976881088753, -0.16037423656682587, -0.8054181048965805, 0.187890977132732, 0.3452287121533031, 0.10501222895849677, 0.0019763852132709857, -0.19625336737630167, -0.19250249352175683, 0.3181491345858233, 0.14564710419022744, 0.04529480687217055, -0.09250122197413177, -0.09692323026078045, -0.6720144806024504, -0.3534847699527149, 0.0032465733308467814, 0.6091897019982653, 0.7207766233756134, 0.005070989747693853, 0.033733479201411384, 0.18421441277454081, -0.3078555692998899, 0.2421607232713595, -0.07263525665068123, 0.4236890821845438, 0.29134335010484813, -0.5715066078509858, 0.520290811444401, -0.4539415817661292, -0.3100555439222334, -0.5231708777547, 0.4231730677085008, 0.1875031156963804], "mirnas": ["miR-145", "miR-374b-5p", "miR-221", "miR-193b", "miR-126-3p", "miR-30c", "miR-629-3p", "miR-10a-5p", "miR-485-3p", "miR-222-3p", "miR-19b-3p", "miR-100", "miR-193a-5p", "Unknown", "miR-133b-3p", "miR-21-5p", "miR-423", "miR-574", "miR-152-3p", "miR-218-5p", "miR-224-5p", "miR-185-5p", "miR-27b", "miR-26a", "miR-132a-3p", "miR-204", "miR-375-3p", "miR-346-5p", "miR-744-5p", "miR-181a", "miR-597", "miR-324-3p", "miR-374a-5p", "miR-130b-3p", "miR-142-3p", "miR-20", "miR-191-5p", "miR-133a-3p", "miR-425-3p", "miR-197", "miR-28-5p", "miR-363-3p", "miR-26b", "miR-296-5p", "miR-34a", "miR-885-5p", "miR-1-3p", "miR-320a", "miR-128", "miR-192", "miR-203-3p", "miR-345", "miR-335", "miR-301a", "miR-125b", "miR-331-3p", "miR-337-5p", "miR-548a", "miR-142-5p", "miR-495-3p", "miR-27a", "miR-99b", "Unknown", "miR-106b", "miR-376c", "miR-24-3p", "miR-324", "miR-15b", "miR-652-3p", "miR-99a", "miR-451a", "miR-598", "miR-330-3p", "miR-186", "miR-361", "miR-625-5p", "miR-127", "miR-342-3p", "miR-150-5p", "miR-139-5p", "miR-16", "miR-30b", "miR-223a-3p", "miR-323", "miR-454", "miR-140-5p", "miR-590", "miR-93", "miR-636", "miR-502a-3p", "miR-483", "miR-518d-3p", "miR-365", "miR-19a", "Unknown", "miR-376a-3p", "Unknown", "miR-195", "miR-125a", "miR-28", "miR-340-3p", "miR-17", "miR-532-3p", "miR-339", "miR-122-5p", "miR-148a", "miR-199a-3p", "miR-484", "miR-101-2", "miR-212", "miR-660", "miR-92a", "miR-155", "miR-143", "miR-29c", "Unknown", "miR-20b-5p", "miR-146a", "miR-148b-3p", "miR-18", "miR-29a", "miR-328", "miR-410", "miR-532", "miR-134-5p", "miR-25", "miR-486-5p", "miR-140-3p", "miR-130a", "miR-146b-5p"],