{"corr": -0.23191455467789954, "p-value": 0.019005242095875865, "slope": -0.20140658243262866, "intercept": 0.029043988330724593, "Leidinger2016": [-0.33023218748393957, -0.7658144536866222, -0.0324677752973348, -0.04649045769267311, -0.20048021936199154, -0.3601431401307205, -0.3297880228652279, -0.16171873294626277, -0.3000675425391206, 0.15257846654207674, -0.7949947446444529, -0.2969592946441628, -0.5694478542899493, -0.20247982181547972, -0.20836891994453846, -0.4192717271264203, -0.0597483434163651, -0.5639550636330402, -0.0711867690646176, 0.04801637844010165, -0.4097797321338592, -0.7788223053693519, -0.38055369072893375, -0.26499667217069645, -0.32058979707357216, -0.09119783675567433, -0.1506702110949943, -0.6778307611737908, -0.3054370918403164, -0.5298354076397427, 0.0968791877371811, -0.04099177627434478, -0.1227357162572231, -0.2316317978715377, -0.5132913179545168, -0.6814481882207045, -0.20493989239429927, -0.4174790671044689, -0.4606014476066129, -0.8874951598322174, -0.263791586773239, -1.3617181069940294, -0.04519332383820402, -0.08140180888812118, -0.2711235320861594, -0.2970326052646974, 0.07514181341187487, -0.05608630813860595, -0.544821213116931, -0.21887714453018947, -0.5257891240874264, -1.0255013235767336, -0.26119640895766616, -0.23137632863035745, -0.17656272238667775, -0.278635507436799, 0.044661130329656254, -0.9512759999038196, -0.07952671068100874, -0.022984068233727437, -0.13482868586481728, -0.5528391582635195, -0.037795519440803, -0.17018335888071984, -0.23466547441212, 1.161470044535645, -0.7742527506466264, -0.4100320252002111, -0.1897214758420414, -0.09737200313724442, -0.189141982476912, -0.2738620434312675, -0.7290265778856173, -0.11247923144982347, -0.3957896957695818, -0.0887432162230929, -0.061406121758784474, -0.5723968987658816, 0.3503474048209183, -1.016349635406938, -0.4589081675741122, -1.2341194154997646, -0.5821549012079201, -0.08345603316689384, -0.1781454714664506, -0.48986222385613737, -0.5171782659432622, -0.4578222684840709, -0.5552108318945415, -0.36009972012585256, -0.003171513214441997, -0.8359007414220272, -0.28067739624151944, -0.08777367619888415, -0.375716611981568, -0.1924028091354824, -0.10813197092822238, -0.1318956450714951, -0.8497429695693562, -0.11210776861922758, -0.4137935592637143, -0.2430795029980864], "Chen2019": [0.5699105737296802, 0.08846107691171111, -0.10857659224595007, -0.17746609039048267, 0.03778217239900597, 0.15203699438041457, 0.45146794398937795, -0.2631256243836959, 0.019452454445346174, -0.2977173750503688, 0.1636689647512674, -0.5367341400053467, 0.037856883673983835, 0.05379517495859572, 0.34676456933892996, 0.5921300346601638, -0.06216173331817658, -0.2559022078715995, -0.4479545790439332, -0.5405148589805904, 0.2010140660171715, 0.21795643232644174, 0.39194372604058597, 0.32150620562885535, 0.2174564687483198, 0.05618856738622778, 0.5306938531412715, 0.10353902847061641, 0.07561587145254427, 0.43354911248648254, -0.05009945027839363, 0.2710748954055249, 0.2616244091033867, -0.060865531951970975, 0.1873648987197074, -0.655868584883647, -0.4780143078218638, 0.31192236238319604, 0.35495920200208625, 0.06974073374509726, 0.5618808317828592, 0.6090368054847115, -0.2342205616774878, -0.06114759024293342, 0.25726821663128996, -0.08387811717732054, -0.3116355317638321, 0.13878072215154857, 0.2912946274741718, -0.21541258480705242, 0.27851687042625495, 0.8074949055035997, 0.13132785718662893, -0.040900401318218954, 0.33599261704253003, 0.42329863110364674, 0.45903617988824963, -0.06700905858617355, 0.17662171730900997, 0.013360683185881423, -0.10970347006845275, 0.2918621566642154, 0.04981800431394032, -0.09995318487482671, -0.05120049461392283, 0.2651174834700455, 0.28533682267366267, 0.13064277128224128, 0.3173917114409206, 0.10028946589421522, -0.13036529044607692, -0.059167317657598584, 0.009428822281312432, -0.3573084163079392, 0.14634711803068695, 0.2637754521299416, 0.10604422425710433, 0.2270260716917407, -0.23940044675864516, -0.20133268538174498, 0.26926966654828033, 0.41380218137630287, 0.3111171458897387, -0.22075667497450613, 0.17646980402016846, -0.22894551326514745, 0.4191726091926694, 0.6167185646089162, 0.26746867755138226, 0.017741787481433964, 0.11921032495176052, -0.25002183319153126, 0.6457998469985884, -0.37694579574395953, 0.2972903441321394, -0.09294942370024459, 0.11998659688210855, 0.26785027605574224, -0.05788259431740434, 0.19421413468146587, 0.1331065323563252, -0.5242949704443955], "mirnas": ["miR-182", "miR-126-3p", "miR-30c", "miR-339-5p", "miR-425-5p", "let-7e", "let-7c", "miR-222-3p", "miR-193a-5p", "miR-100", "miR-21-5p", "miR-1229-3p", "let-7g", "miR-423", "miR-130b-5p", "miR-224-5p", "miR-320c", "let-7d-3p", "miR-1228-5p", "miR-490-5p", "miR-26a", "miR-29b", "let-7a", "miR-421", "miR-103a", "miR-342-5p", "miR-744-5p", "miR-181a", "miR-500a-3p", "miR-20", "miR-320d", "miR-625-3p", "miR-1180-3p", "miR-28b", "let-7f", "miR-33b-3p", "miR-197", "let-7d", "miR-363-3p", "miR-26b", "let-7b", "miR-32-5p", "miR-320a", "miR-128", "miR-192", "miR-345", "miR-125b", "miR-361-3p", "miR-27a", "miR-30a-5p", "miR-106b", "miR-96-5p", "miR-24-3p", "miR-151-3p", "miR-652-3p", "miR-451a", "miR-330-3p", "miR-98", "miR-186", "miR-361", "miR-625-5p", "miR-107-3p", "miR-150-5p", "miR-139-5p", "miR-223a-3p", "miR-215-5p", "miR-15a", "miR-93", "miR-502a-3p", "miR-139-3p", "miR-483", "miR-378", "miR-19a", "miR-125a", "miR-17", "miR-339", "miR-486a-3p", "miR-148a", "miR-205-5p", "miR-199a-3p", "let-7i", "miR-101-2", "miR-660", "miR-92a", "miR-423", "miR-29c", "miR-499a-5p", "miR-20b-5p", "miR-629-5p", "miR-148b-3p", "miR-29a", "miR-23a", "miR-183-5p", "miR-328", "miR-106a-5p", "miR-23b-3p", "miR-25", "miR-942", "miR-30e", "miR-140-3p", "miR-146b-5p", "miR-22"], "p-values": {"Leidinger2016": [0.020582685653538827, 3.289576842250483e-07, 0.7444647757164533, 0.596935804034921, 0.1338197089953767, 8.514610161510076e-06, 0.000377608865742144, 0.026828539916577052, 0.005648983351833752, 0.379731832998467, 3.9374823930384714e-05, 0.15118391693386923, 8.219672226397695e-08, 0.05705332892937572, 0.08827054364383441, 0.2157735735377306, 0.2944612689139454, 0.003423626080508077, 0.8246437672950224, 0.7870430681266851, 3.434379292011319e-05, 0.03486505124053897, 1.626173014130221e-06, 0.010912986185382315, 0.0005342339491822465, 0.17341416801816203, 0.09427779431622177, 9.107348198781138e-05, 0.10402824743012547, 4.976638039272161e-05, 0.7963744372896528, 0.3403801873799831, 0.1290826904150358, 0.018496213639401675, 1.2699998091285819e-06, 0.001393938901066579, 0.024147310845602867, 8.744665439827381e-06, 0.0004022373621471682, 8.062536524346328e-10, 0.00034680091209512157, 8.141686530352454e-07, 0.5201244891749467, 0.3991332955708855, 0.029051011520786388, 0.01641946687240621, 0.4757392154031005, 0.7726444960959808, 3.24887221273143e-06, 0.04887619480486708, 0.000266879708709158, 6.787209773005597e-06, 0.003161973447487549, 0.23930097375008746, 0.029060929152070505, 0.002657753319696468, 0.7304747883743863, 0.00014239207218616398, 0.47900876535720216, 0.8832647176827788, 0.2986099061016029, 0.004117287575868049, 0.5528246531759371, 0.09266729081728073, 0.2506984674252215, 0.0011871444331819408, 0.00023269357380321763, 3.675523644177318e-05, 0.08402123389214172, 0.2980710653432727, 0.4264565857292413, 0.0461541584720518, 0.0009588577554931727, 0.23694975154369707, 9.992734489270517e-05, 0.44217205015324623, 0.27168249327592203, 0.00020983507478175678, 0.05305783228589202, 3.674077056229958e-05, 1.7383297104756822e-05, 6.38468215971558e-05, 0.0004093626931180185, 0.0425524604979703, 0.06638810989705934, 0.002225154554665027, 0.012319125589278552, 0.00011873478246428062, 0.0013079672034909083, 0.004856725921357638, 0.9369487525067393, 0.00918673949082728, 0.016254891753809675, 0.26722788622254334, 0.00016872463546675358, 0.02942955798742369, 0.1793277635389756, 0.12065633728147204, 0.0008031241348749173, 0.2923215188423394, 0.00010457387784127584, 0.06526095300986046],