{"corr": -0.07203223431212781, "p-value": 0.5201578708696497, "slope": -0.5594672020350722, "intercept": -0.4676769642947523, "Leidinger2014": [0.20848438865974747, 0.008791921853435624, 0.018617899816933153, 0.05289226354064699, 0.39164343328481, -0.09353366276694411, -0.039094809813158306, 0.05308969179957862, 0.05574599991905345, 0.03766503289772173, -0.06889950553456962, -0.21875897897151478, 0.04144297466911264, -0.09207520569828034, -0.020961502393219554, -0.08562595250758842, 0.05778011762064714, 0.0007258906022557911, -0.027727490161528083, -0.009546932729332177, 0.07322627271316431, -0.13375310530601192, -0.2404235672770863, 0.0965204441379268, -0.06393336266197625, -0.06079625750420295, 0.06825362893819789, 0.056171453391209415, 0.028418187749890994, -0.10015137238161154, 0.007993893444427965, 0.07551481350197153, -0.4116833341530223, 0.06448580726943953, 0.016613382207886305, -0.16351729132526965, 0.2658551216197299, -0.005800681251802974, -0.00581318711811327, 0.03040897044209251, 0.18866357857339178, -0.15897010231695008, -0.19995915550217797, 0.02255861991291573, -0.18774565457745127, -0.7375897010171646, 0.015131145765155101, -0.048660819070118225, -0.09129136609856373, -0.07990552568268747, 0.17149934139624912, -0.14890429353468065, -0.04916181422119403, 0.03619573125257196, 0.04091143212518994, 0.1699363166749278, 0.004343841930686459, -0.07469335947244601, 0.1648994537078225, 0.04020159104249585, -0.034696156883422535, 0.04219536746561711, 0.08706001827138446, -0.018371724458606187, -0.10416311302828485, -0.05286580970157721, 0.08381950102746205, 0.04666136506807682, -0.16761908152581442, 0.012097083656054029, 0.2121218774376597, 0.045470515908833206, 0.16986823715687355, -0.03903765737863801, 0.14910144731625874, 0.015097284007987821, -0.043351210589917644, -0.4106631884475921, -0.03817360201655972, -0.05568657891867909, -0.07251269687451302, -0.0142606259265001], "Qu2017": [-1.649509033878807, 0.712844532350329, 0.3851308522969431, -0.6724825856629615, -1.7451417391461626, -1.504103948926598, 1.318054294394084, -1.4928484116460545, 0.7477091610008847, 0.03587600941008812, -1.5275954222632226, -0.9480991078980991, -0.2755996074621805, 0.2337593539489834, 1.4478334335250875, -1.9275856496050736, -0.8487740692312431, -1.8634884886828798, -1.8571484330727688, -2.149593474716261, -1.0078054664599523, -1.4644877913783052, -1.5552898793911787, 0.27133765568166446, -0.37993339036697626, 0.22010404702979444, -2.1058756705643473, 2.5756140275243093, -1.9588084406063462, -0.8342703727900831, 0.862401768579855, -1.5619632187386474, 1.6613346228872157, 0.6928561644601159, 0.8694894485985605, -0.9137148826132928, -1.3133151618286591, -0.21750049209561406, -1.6510071490740712, -1.0154568964079187, -2.549661804367174, -1.1917754562573724, -1.683407864714192, -0.5552791096970286, -1.679070289413953, -0.12993413373945129, 0.5155808795839893, -1.5259714577247654, -2.1154913651036953, -0.8852614342764307, -1.8421028416985372, -0.15345254663820967, -0.4451093700580171, 0.9053830853953253, -1.1823259610219021, 1.133768749750376, -0.2105450099887896, -0.7002007487118012, -0.7468339232735759, 1.514557131108248, 0.7183428701225809, 1.4025177792454036, -1.2153021120574552, -0.4908232189588826, 0.8435069534811219, 1.6002042531232443, -0.06375547180298077, 0.8783380417296814, -0.38761377434456445, -1.333071888182815, -1.7662937712602234, 0.14620128104610694, 1.3075446432037878, -0.38607918383442563, 0.28671974880887724, 0.951417361368935, 0.2643277679748881, 0.2563964440900687, -1.3393601424160195, -1.9174240687637107, 0.36414740797471257, -1.840292658534278], "mirnas": ["miR-126-3p", "miR-32-3p", "miR-1268a", "miR-19b-3p", "miR-21-5p", "miR-423", "miR-3679-5p", "miR-494", "miR-940", "miR-762", "miR-185-5p", "miR-320c", "miR-483", "miR-150-3p", "miR-548j", "miR-26a", "miR-3195", "let-7a", "miR-103a", "miR-181a", "miR-20", "miR-4306", "miR-320d", "miR-1281", "miR-3141", "miR-574-5p", "let-7f", "miR-4281", "miR-197", "miR-4298", "miR-1207-5p", "miR-30e", "miR-671-5p", "miR-1915", "miR-2861", "miR-320a", "miR-27a", "miR-3188", "miR-106b", "miR-3196", "miR-24-3p", "miR-15b", "miR-320b", "miR-939", "miR-320e", "miR-451a", "miR-638", "miR-107-3p", "miR-30e-5p", "miR-16", "miR-223a-3p", "miR-4271", "miR-15a", "miR-3162-5p", "miR-93", "miR-630", "miR-4270", "miR-1275", "miR-19a", "miR-3663-3p", "miR-1225-5p", "miR-3665", "miR-17", "miR-4327", "miR-1246", "miR-122-5p", "miR-1825", "miR-3610", "miR-92a", "miR-29c", "miR-23a", "miR-572", "miR-4286", "miR-25", "miR-1260a", "miR-1202", "miR-188-5p", "miR-486-5p", "miR-140-3p", "miR-130a", "Unknown", "miR-22"], "p-values": {"Leidinger2014": [0.7103764357712232, 0.9284629125662183, 0.9363885070567981, 0.6306388480984678, 0.533382137518738, 0.7955634666909889, 0.8621447034726688, 0.838658449945429, 0.829225949168387, 0.7627571607843604, 0.9129611237930975, 0.4967279940630237, 0.7826392595119391, 0.5981944792103859, 0.8051792018841555, 0.7052404487723448, 0.7399489885088713, 0.9958720435832362, 0.9142624275333355, 0.980380157981162, 0.7298655832727804, 0.8429415896876266, 0.5040133582298298, 0.7163976533417571, 0.8046243215610973, 0.816191544701124, 0.6931098103788744, 0.8887714476583585, 0.8659958887023692, 0.5964955764422899, 0.9764013579247082, 0.8484279388754687, 0.20304307450702988, 0.7639840268876222, 0.9449352665061564, 0.6848323167834185, 0.6863685517300825, 0.9882582507844809, 0.9758115035564605, 0.8577833983350137, 0.577131207442769, 0.7299000072233919, 0.5988675374692642, 0.9170178499740813, 0.5992602075847231, 0.528474760484144, 0.9320496987086995, 0.8339962228144241, 0.6375941204751594, 0.7029305144486829, 0.8082839085277544, 0.593146476323821, 0.8689306763019855, 0.8841929030759186, 0.9036232781774437, 0.5426637060967321, 0.9873069393691163, 0.822049560647456, 0.6100090574486117, 0.942965157653084, 0.8889587483511585, 0.9041448014161906, 0.5590495225214518, 0.907809270751649, 0.7683833755803107, 0.4188477462060829, 0.7671252500119601, 0.7545456332384983, 0.790183438913441, 0.9827307517987485, 0.5172811773384718, 0.7911283339930457, 0.8326608073083192, 0.923316540240622, 0.7952959882531858, 0.9491161552404088, 0.7816292958846984, 0.7672896659398627, 0.9101656812347076, 0.9025118413207058, 0.8000091177500699, 0.9722484158042651],