{"corr": 0.049451450013480926, "p-value": 0.8455018195075599, "slope": 0.0605118147528656, "intercept": -0.004266691516628757, "Leidinger2016": [-0.5723968987658816, -0.36009972012585256, -0.38055369072893375, -0.7658144536866222, -0.3957896957695818, -0.0324677752973348, -0.003171513214441997, -0.17018335888071984, -0.32058979707357216, -0.23466547441212, -0.9573437004916578, -0.4097797321338592, -0.08777367619888415, -0.8874951598322174, -0.39805949939733687, -1.3617181069940294, -0.0971976589810212, -0.2430795029980864], "Bianchi2011": [0.8808110636176152, 0.25252599315811985, -0.4332998601721829, -0.13616453928396355, -0.46111752048450516, -0.46936087669168863, 0.4625035847626221, 0.044047935103846136, -0.14325028761788594, 0.9529742661455445, -0.18621315273197886, -0.15142321046779844, -0.21236679809285997, -0.2511323661723047, -0.6809516294400374, 0.03737942003567493, -0.22750721532151716, 0.18112417595531638], "mirnas": ["miR-148a", "miR-148b-3p", "let-7a", "miR-126-3p", "miR-17", "miR-30c", "miR-29a", "miR-139-5p", "miR-103a", "miR-223a-3p", "miR-374a-5p", "miR-26a", "miR-328", "miR-26b", "miR-376a-3p", "miR-32-5p", "miR-331-3p", "miR-22"], "p-values": {"Leidinger2016": [0.00020983507478175678, 0.004856725921357638, 1.626173014130221e-06, 3.289576842250483e-07, 9.992734489270517e-05, 0.7444647757164533, 0.9369487525067393, 0.09266729081728073, 0.0005342339491822465, 0.2506984674252215, 1.0451384251963194e-05, 3.434379292011319e-05, 0.26722788622254334, 8.062536524346328e-10, 0.08463367203407628, 8.141686530352454e-07, 0.332644493243724, 0.06526095300986046], "Bianchi2011": [2.2799874776139176e-07, 0.15756055243855122, 0.0720250437447595, 0.035061284596444704, 1.0879136719279033e-06, 7.9372318448231e-06, 4.284948664714242e-05, 0.83088057968927, 0.18732719934328973, 0.00014748281949036594, 0.13611953634090698, 0.07247830961722486, 0.11404956844705813, 0.023965711950979886, 0.05123977732705461, 0.8458506772436319, 9.538214672058043e-05, 0.2724693692539459]}}