{"corr": 0.5618111309864904, "p-value": 0.4381888690135096, "slope": 4.03241325012455, "intercept": 0.4881196531717545, "Leidinger2014": [-0.1046075729284445, 0.041805064382813104, 0.043698003190571, 0.2121218774376597], "Kryczka2021": [0.7733986631049611, -0.11134223289294007, 0.11126074028263436, 1.9574872508824568], "mirnas": ["Unknown", "miR-1228-3p", "miR-361", "miR-23a"], "p-values": {"Leidinger2014": [0.6354938892433689, 0.8617829425703661, 0.8425198487252392, 0.5172811773384718], "Kryczka2021": [0.003780625838125006, 0.4801020257403582, 0.48043821163168043, 0.0002568923058496278]}}