{"corr": 0.05730098840328798, "p-value": 0.5712093583830931, "slope": 0.08195653810967411, "intercept": 0.09337403629662257, "Leidinger2016": [-0.20677771247005428, -0.7658144536866222, -0.0324677752973348, -0.04649045769267311, -0.20048021936199154, -0.16171873294626277, -0.3000675425391206, -0.7949947446444529, -0.20247982181547972, -0.22248370751648155, -0.03684175670210757, -0.5500022331365921, -0.4192717271264203, -0.08148711939293017, -0.4097797321338592, -0.09209221688684552, -0.10491212141902553, -0.7788223053693519, -0.38055369072893375, -0.09119783675567433, -0.1506702110949943, -0.6778307611737908, -0.9573437004916578, -0.24449869034582164, -0.24278487486205885, -0.3054370918403164, -0.5298354076397427, -0.3022834149434165, -0.1227357162572231, -0.5505756019796477, -0.2316317978715377, -0.13750403581997844, -0.5132913179545168, -0.20493989239429927, 0.22298929268983586, -0.8874951598322174, -1.3617181069940294, -0.04519332383820402, -0.08140180888812118, -0.2711235320861594, -0.2970326052646974, 0.07514181341187487, -0.0971976589810212, -0.544821213116931, -0.21887714453018947, -0.5257891240874264, -0.26119640895766616, -0.24566447819397993, -0.23137632863035745, 0.07074372212653322, -0.17656272238667775, -0.03948515246986603, -0.7381717110244161, 0.044661130329656254, -0.07952671068100874, -0.022984068233727437, -0.13482868586481728, -0.14314286591251035, -0.5528391582635195, -0.037795519440803, -0.17018335888071984, -0.23466547441212, 1.161470044535645, -0.1897214758420414, -0.8479973617684178, -0.09737200313724442, -0.189141982476912, -0.19608374735343834, -0.7290265778856173, -0.39805949939733687, -0.9244474760983626, -0.11247923144982347, -0.3957896957695818, -0.09951086630741177, -1.2057317048945793, -0.0887432162230929, -0.061406121758784474, -1.101423333399474, -0.5723968987658816, -1.016349635406938, 0.3503474048209183, -1.2341194154997646, -0.5821549012079201, -0.08345603316689384, -0.1396817526194828, -0.48986222385613737, -0.4578222684840709, -0.36009972012585256, -0.8249200922545195, -0.003171513214441997, -0.9242542910505119, -0.8359007414220272, -0.08777367619888415, -0.375716611981568, -0.10813197092822238, -0.1318956450714951, -0.11210776861922758, -0.39470763866144654, -0.4137935592637143, -0.2430795029980864], "Halvorsen2016": [-0.4361376397526117, 0.04769831866626663, 0.012799080910367298, 1.7157968811504756, -0.36775316038468236, 0.024899073917733, 0.09880356847083116, -0.04166991478588748, -0.03212854074583779, -0.17878007972761467, -0.29149613883322667, -0.11594212530019743, 0.012829866432701304, 0.591099987034476, 0.0762382081766961, 0.2833760297409308, 2.121216983264225, 0.41894136006886906, 0.30075958801887204, -0.36785492363906436, -0.23110007493427556, 0.08617851127699075, 0.04574172769126021, -0.11003216016546441, 0.029847846632926098, 0.918326145149921, -0.06895785972140031, 1.0920804883565078, 1.467175140664455, 0.22219108683217045, -0.14864319124610798, -0.3286286096884393, -1.255598217810335, -0.17430506199500617, -0.1875800357714535, -0.08763697539756474, -0.06594002337926866, 0.014737713664012154, 0.021811970150349663, 0.24782516509562807, -0.3495982537415944, -0.4935590525560385, -0.044410253850314066, -0.0755848709804964, -0.12822383840467355, -0.1604806521602365, -0.1018410733411206, -0.2878001658463484, -0.3761422152207019, 0.3219968950856533, -0.20682526299720455, 0.5184106654601732, 0.30858552434219844, -1.1125109581921186, -0.3058704123030178, -0.11926396867537761, -0.17420030570373074, -0.241520546667641, 0.4834366017819343, 0.1476131589780158, -0.047673519217719784, -0.23287451823547223, 0.17029653044109783, 1.1298628757943274, 1.6047004825809923, 0.10402427996664129, 0.11176384579675283, -0.025678973816861426, -0.09839394999310899, -0.2839772025798424, -0.029677243529991786, -0.153785228629287, -0.2376103577545218, -0.42288447238781773, 0.2316606279867741, -0.2031284348569281, 0.22310909400510293, -0.30012036085374205, 0.13833517218460167, -0.0005545669787113796, 2.0187956883424487, -0.20699629367683806, 0.014795008941689357, -0.02628912576645362, 0.04763161670120962, 0.17508624462423175, -0.34412612714672297, 0.42555041310660374, 0.27014039302079923, -0.26283524511695644, 0.07849068222746826, 0.05074651295403332, 0.40796161801310227, -0.11643341092744436, -0.2212080880009773, -0.14047262810332045, -0.12073269463672961, 0.049576663105340674, -0.031491451464203325, -0.038442565861204765], "mirnas": ["miR-145", "miR-126-3p", "miR-30c", "miR-339-5p", "miR-425-5p", "miR-222-3p", "miR-193a-5p", "miR-21-5p", "miR-423", "miR-574", "miR-494", "miR-1303", "miR-224-5p", "miR-199a-5p", "miR-26a", "miR-132a-3p", "miR-33b-5p", "miR-29b", "let-7a", "miR-342-5p", "miR-744-5p", "miR-181a", "miR-374a-5p", "miR-130b-3p", "miR-664", "miR-500a-3p", "miR-20", "miR-874", "miR-1180-3p", "miR-1291", "miR-28b", "miR-362-5p", "let-7f", "miR-197", "miR-564", "miR-26b", "miR-32-5p", "miR-320a", "miR-128", "miR-192", "miR-345", "miR-125b", "miR-331-3p", "miR-27a", "miR-30a-5p", "miR-106b", "miR-24-3p", "miR-324", "miR-151-3p", "miR-378-5p", "miR-652-3p", "miR-616-5p", "miR-598", "miR-330-3p", "miR-186", "miR-361", "miR-625-5p", "miR-519d", "miR-107-3p", "miR-150-5p", "miR-139-5p", "miR-223a-3p", "miR-215-5p", "miR-502a-3p", "miR-627", "miR-139-3p", "miR-483", "miR-1275", "miR-19a", "miR-376a-3p", "miR-195", "miR-125a", "miR-17", "miR-532-3p", "miR-656-3p", "miR-339", "miR-486a-3p", "miR-497", "miR-148a", "miR-199a-3p", "miR-205-5p", "miR-101-2", "miR-660", "miR-92a", "miR-422a", "miR-29c", "miR-20b-5p", "miR-148b-3p", "miR-214", "miR-29a", "miR-18", "miR-23a", "miR-328", "miR-106a-5p", "miR-25", "miR-942", "miR-140-3p", "miR-130a", "miR-146b-5p", "miR-22"], "p-values": {"Leidinger2016": [0.04588401517973345, 3.289576842250483e-07, 0.7444647757164533, 0.596935804034921, 0.1338197089953767, 0.026828539916577052, 0.005648983351833752, 3.9374823930384714e-05, 0.05705332892937572, 0.03555638345440558, 0.8531983090296489, 0.0840774757284021, 0.2157735735377306, 0.7436838832537114, 3.434379292011319e-05, 0.22761121710277535, 0.13616002482108314, 0.03486505124053897, 1.626173014130221e-06, 0.17341416801816203, 0.09427779431622177, 9.107348198781138e-05, 1.0451384251963194e-05, 0.006691896427663721, 0.03388403401907941, 0.10402824743012547, 4.976638039272161e-05, 0.1019718509290001, 0.1290826904150358, 0.029564143432316475, 0.018496213639401675, 0.40475853637971626, 1.2699998091285819e-06, 0.024147310845602867, 0.28445069383216753, 8.062536524346328e-10, 8.141686530352454e-07, 0.5201244891749467, 0.3991332955708855, 0.029051011520786388, 0.01641946687240621, 0.4757392154031005, 0.332644493243724, 3.24887221273143e-06, 0.04887619480486708, 0.000266879708709158, 0.003161973447487549, 0.06382140763065593, 0.23930097375008746, 0.5652504120398044, 0.029060929152070505, 0.8861843194774419, 0.009379088003377488, 0.7304747883743863, 0.47900876535720216, 0.8832647176827788, 0.2986099061016029, 0.7139693853621718, 0.004117287575868049, 0.5528246531759371, 0.09266729081728073, 0.2506984674252215, 0.0011871444331819408, 0.08402123389214172, 0.007698851010381199, 0.2980710653432727, 0.4264565857292413, 0.02392845477399335, 0.0009588577554931727, 0.08463367203407628, 7.468419915272589e-05, 0.23694975154369707, 9.992734489270517e-05, 0.1570535003215133, 0.0002629995332265652, 0.44217205015324623, 0.27168249327592203, 0.00038425471510039995, 0.00020983507478175678, 3.674077056229958e-05, 0.05305783228589202, 6.38468215971558e-05, 0.0004093626931180185, 0.0425524604979703, 0.014891240105545015, 0.002225154554665027, 0.00011873478246428062, 0.004856725921357638, 0.01742747030181268, 0.9369487525067393, 9.875608694485487e-06, 0.00918673949082728, 0.26722788622254334, 0.00016872463546675358, 0.1793277635389756, 0.12065633728147204, 0.2923215188423394, 0.0010060588088770647, 0.00010457387784127584, 0.06526095300986046],