{"corr": 0.09285442982499809, "p-value": 0.3760166913398453, "slope": 0.08486054819465616, "intercept": -0.2531429222482978, "Leidinger2011": [0.3224267106531671, -0.15717621787156896, -0.2492787874374821, 0.1373774271413975, 0.22903211490918224, -0.14601469038539938, 0.20641487640888154, -0.053964355928716075, 0.0017977063455490582, -0.5713007856655663, 0.36442379465411656, -0.24014108056993022, 0.24422996272445996, 0.21102489492222132, 0.28935135950832025, -0.3764224425454966, 0.28924667503520823, -0.2932268644664143, 0.019380866832699774, -0.1793287629491966, -0.06829634146179168, 0.33504958964224396, 0.4236320159678061, 0.12027240207920974, 0.6291564016214919, 0.0896240689735619, 0.3662077993502928, 0.3120114160735272, -0.08991929800895204, 0.24726859974124232, -0.0740583125243869, -0.2442585234034057, -0.5659123216161849, -0.28448584565956864, -0.1001501435514826, 0.37482281006371354, -0.17140933894935614, -0.12432351509574341, 0.468659864145342, 0.4987973600876989, -0.17057073145707802, 0.2724313295175234, 0.44050004463743514, -0.002840322871709729, 0.3178980369164024, -0.846224432380494, -0.2410302414357167, 0.10877576446156348, -0.131019630139505, 0.02376094110249765, 0.24978747979383617, 0.32748295714057973, -0.11837217764927926, -0.09812012938368456, -0.27994151177372584, -0.016655428093524712, 0.430258107545845, -0.5122468936541145, -0.13339269269570092, 0.6513552580129611, -0.452400375766395, -0.03416388357545112, -0.4751813436077621, 0.11834384991278722, 0.7580196354094657, 0.4919647689202281, -0.5315578146882365, -0.2894479005880003, -0.15499733396143014, 0.04825438585929881, 0.19824818436609076, 0.2650400967313319, 0.05013914698089937, 0.18292486081552373, 0.08208582488048329, 0.06680472727365425, 0.27901846310537526, 0.1525444923293225, -0.3117583350589842, -0.6465159992520522, -0.31284535888078013, 0.5082415233536042, -0.07836107144333418, 0.4015359007377998, 1.247195546318986, -0.07850069806990082, 0.4416600010857914, -0.08219409340207001, 0.3028817779277943, -0.08713503012586049, 0.09774291609737362, 0.0859225732784012, 0.2340468565294953], "Nigita2018": [-0.10827968125465001, -0.4304121844438106, -0.5635881967593057, -0.6191124914164418, -0.2002189562659396, -0.3126496029586653, -0.2406874832787213, -0.07860134229814542, -0.4511711853419891, -0.9380281416022072, -0.13428016252990432, -0.6985268204784096, -0.13330973900866183, -0.34327218191842157, -0.4997664070463649, 0.018969654114247177, 0.2187980452952621, -0.3581226263751204, 0.25325626477020324, 0.11893488052271652, -0.08255600041344686, -0.5539946555056502, 0.21440895022740836, -0.5966394053130357, -0.4285714387664865, -0.4770325659296564, -0.3575165237131249, -0.45430128121002916, -0.8936455155672947, -0.8048412662001037, 0.18133512137092056, -0.3889430719292435, -0.03436663538915623, -0.4739614633960455, -0.06657443096469148, -0.24004582834731153, -0.2583553410334667, 0.06396624371717206, 0.045605167178009394, -0.31042389961115263, -0.326327724344306, -0.49798598616635625, -0.01867461669587591, -0.1755439044029605, -0.4171399838165716, 0.0791660004144254, -0.518511991298451, 0.6082571138895934, -0.16597418705404585, 0.1410700160810356, -0.3272979645417058, 0.07072306991410363, -0.2019581885682129, -0.4664708167652981, -0.5403999204587574, 0.11107076371326279, -0.24878735805096125, -1.5514752878427802, 0.11038446899793947, -0.3066188214094633, -0.15904325531496932, 0.009595781551030682, -0.4896427257357169, -0.15653724696586724, -0.351892845967686, 0.17400433342383226, -0.2421301013609089, 0.11154205860037525, 0.2811856623237663, -0.41801599474422524, -0.1549635209637557, -0.1408380413427625, -0.5125283122929944, -0.05741293207936882, -0.18478098836268725, -0.09463352910037054, -0.5404616362780679, -0.5135018567905394, -0.18092084583555695, -0.1442426571397257, -0.3037302567671366, -0.36111041707506364, -0.3139526064808268, -0.4177372415217112, -0.23887949461293825, -0.15481233117982476, -0.26901443365142536, -0.2957618786372076, 0.08551726715982519, -0.48629047560676864, 0.2264629045628243, -0.5954545854399867, -0.17408661623996174], "mirnas": ["miR-221", "miR-193b", "miR-126-3p", "miR-339-5p", "miR-338-3p", "miR-222-3p", "miR-21-5p", "miR-494", "miR-574", "miR-141-3p", "miR-152-3p", "miR-887", "miR-185-5p", "miR-27b", "miR-132a-3p", "miR-200b-3p", "miR-375-3p", "miR-421", "miR-654", "miR-337-3p", "miR-130b-3p", "miR-424", "miR-191-5p", "miR-874", "miR-425-3p", "miR-1249-3p", "miR-362-5p", "miR-197", "miR-10b-5p", "miR-28-5p", "miR-363-3p", "miR-26b", "miR-144-3p", "miR-320a", "miR-455", "miR-92b", "miR-203-3p", "miR-301a", "miR-501-5p", "miR-331-3p", "miR-1301-3p", "miR-27a", "miR-99b", "miR-301b", "miR-30a-5p", "miR-106b", "miR-376c", "miR-15b", "miR-652-3p", "miR-451a", "miR-598", "miR-361", "miR-127", "miR-193a", "miR-342-3p", "miR-150-5p", "miR-223a-3p", "miR-208a-3p", "miR-454", "miR-140-5p", "miR-93", "miR-551b-3p", "miR-758", "miR-19a", "miR-125a", "miR-340-3p", "miR-17", "miR-137-3p", "miR-148a", "miR-1307", "miR-484", "miR-628-3p", "miR-212", "miR-423", "miR-181c", "miR-143", "miR-29c", "miR-370", "miR-148b-3p", "miR-18", "miR-214", "miR-29a", "miR-543-3p", "miR-23a", "miR-328", "miR-605", "miR-505-3p", "miR-210", "miR-25", "miR-487b-3p", "miR-30e", "miR-130a", "miR-22"], "p-values": {"Leidinger2011": [0.2023506333923853, 0.4442480938355281, 0.3762947362011022, 0.5765001200794206, 0.25972069441920625, 0.5589671780864947, 0.5827653010355849, 0.8093241637126339, 0.9952205748521615, 0.11988309385576992, 0.125950140902761, 0.2770864956530974, 0.35189605599524865, 0.3980636534318839, 0.47573574094694204, 0.07467289925492385, 0.400287941962439, 0.2863597638234479, 0.9343805462657806, 0.5457862843793331, 0.8148305480982109, 0.19848139161217923, 0.10756213872480033, 0.5201843681489433, 0.13703797949112512, 0.8520780906647747, 0.17730916006500222, 0.2721792134447137, 0.5657891186661963, 0.25229171438865333, 0.7981604917800256, 0.5470786317873221, 0.11824670589787466, 0.43976085257321496, 0.7255286675003325, 0.1777969033355649, 0.5843715634678254, 0.6051951874152015, 0.20740055050933617, 0.0767594414952215, 0.4725430115679027, 0.41432368991982427, 0.11094535695264217, 0.988637770920241, 0.24057660797922395, 0.01066331364392464, 0.2945268380399119, 0.5472533577536273, 0.4948324811178656, 0.9515479735451045, 0.44192206084189545, 0.1860666366905792, 0.6995124918493071, 0.5678679356747338, 0.3173118454093349, 0.9528442977042288, 0.20805736143143702, 0.15540493049036766, 0.5072205454770933, 0.03502412694960718, 0.09528840693423177, 0.9155564248024138, 0.18742900567199944, 0.6927949628765543, 0.06120482940545489, 0.11220090947635593, 0.03087591900426225, 0.18952200117034418, 0.37644345822817027, 0.8462924708366175, 0.46649729479682056, 0.5610886178201282, 0.8422592484182825, 0.3440904776009027, 0.7521951098683775, 0.7308713716107567, 0.40700836953152975, 0.48406156679958856, 0.10698400532848155, 0.022877530385152035, 0.354656981319618, 0.021297576610834933, 0.776471707925676, 0.10363275217286155, 0.01800947849129076, 0.7819741148611731, 0.13873879860118316, 0.7384159263656316, 0.18657790312734682, 0.6020824688056579, 0.7341318341908949, 0.7758569860837934, 0.3601511062567704],