{"corr": 0.09348063440625161, "p-value": 0.2634115017185043, "slope": 0.1883155840738311, "intercept": -0.06626621813031884, "Leidinger2011": [0.06590387656873942, 0.4291376881220099, 0.16390158650324332, -0.19259817689877307, 0.21359049683032136, 0.2767918591168924, -0.34555245475915497, -0.17223180361240065, -0.8640003139426076, -0.08963216343447813, -0.37247262229255934, -0.031020186009835072, -0.030674063028717894, -0.15635381259483877, -0.3652340887947796, -0.031785610012417656, -0.10711457540730548, -0.24014108056993022, 0.4936642145803038, -0.2751486205757423, -0.3356911598243977, -0.0676071086502106, 0.4038203316311598, 0.266494385414453, 0.06850787587267036, -0.2471367704412471, -0.5143237069844767, 0.29484427838426763, 0.639204855776079, 0.1993668263749612, 0.32713191440826445, 0.46988766766351225, -0.29702151657501064, 0.5433582893059655, -0.4585226344729789, 0.4506443256202908, -0.08908683634775519, -0.4631906767911972, -0.09632784976357225, -0.010314838939340324, -0.06957497559631112, 0.5491410171690654, 0.25780062490066025, -0.14056236657747964, -0.1290002136570231, 0.4457116653439045, -0.6609947392530198, -0.23391828525118757, -0.6196207918556771, -0.02914046826413634, 0.49154696406418974, -0.5151605846023999, 0.22063842499109082, 0.27442683899973364, -0.4012709452758533, -0.022597812668179403, -0.016042945204202956, 0.6795774895237148, -0.061639608792854926, 0.051541756657485845, -0.3013925578508035, -0.6842937073382336, -0.1381017802628717, 0.23894936281649615, -0.7745808075751007, 0.4706610701703189, -0.06630051030714068, 0.48185717830329994, -0.11832222941592967, 0.05533969091534192, -0.3767696033436786, 0.1663047667966929, -0.17806345670567375, -0.027562085108753156, 0.3648511576626732, -0.2328565938503562, -0.19060148691281542, 0.9201236705859734, 0.6219374922554808, 0.2392454293345402, -0.8808682362661784, -0.1854557910487975, -0.1504498645928627, 0.38472360374256653, -0.435943623560241, 0.3236289444263491, -0.2897356534835533, 0.22816735299088825, -0.391860006097116, -0.2969741789786443, 0.11841527544357552, 0.38238874668991263, 0.05628341269348226, 0.1670750225926645, -0.11310075340146594, 0.2075450965061202, -0.028902936203886537, -0.118197222308283, -0.03484655442746103, -0.5122468936541145, 0.4703225599431744, 0.505791213372603, 0.027377029643157757, -0.04236031282030071, 0.07543135118406616, -0.309338937102165, 0.2613063848920232, 0.19093580473520777, 0.08054397242079281, -0.31912044638178505, -0.16116876360384857, -0.0031290132276936347, -0.299001871906571, -0.28231019562652704, -0.10235298700925408, -0.10894001745527442, 0.3916864041784883, 0.14598869277469875, -0.01383841169059042, -0.2894479005880003, -0.2732896895032437, -0.3071167047222284, -0.44396470055975845, -0.01577901332218911, 0.05013914698089937, 0.04193801531509081, -0.0684920303908477, 0.21020389960653396, 0.014645458144925776, 0.1897214140285097, 0.21643645643173326, 0.007673110380878201, 0.5758155207389241, -0.5261527429260672, 0.009677840037261897, -0.5268596545394145, 0.7126203619192792, -0.6164091026401366, -0.8156911194192953, -0.12033224530113956, -0.1260658189655347, -0.10305994278679165, -0.43423778510975497, -0.346877419863987, 0.3475824007508549], "Yao2019": [-0.21716661546851695, -2.143854274507482, 0.1373555701523728, 0.6497908557658755, -0.020152840356649215, 0.9307868662709197, -0.14645149751797157, -1.0614273252545017, 0.7275022780151471, -0.3791231503877376, 0.2633237055413686, -0.4390753624426387, -0.6995089652545556, 0.7735079504023572, -0.8524485570364354, -0.3820578148810687, -0.7206682460776204, 0.37153860138654593, -1.3050812089624673, 0.28411453264658343, 0.5980858402383096, -0.29268308447364144, -0.14645149751797157, 0.7982173959656924, 0.12078583721954869, 1.0629191855898783, -0.8981428742285988, 1.035046650195929, 0.4856013816977036, -0.24447780786718337, -0.3237573385865141, 0.21291044656738412, 0.2871702645318678, -0.7146808714974279, 1.4161116971166012, -1.467215570484071, 0.14623158695566982, -1.6954178138791078, 0.4829572090171437, -0.4390753624426387, 0.6499025076611745, 0.5177701883422157, -0.29268308447364144, 1.2035155342890365, -0.5165959401249616, -0.4564298116367176, -1.050830549619489, 1.181278237151599, -0.4390753624426387, 0.16260081431120604, -0.14979054542575174, -0.166384427312319, 0.2852017611199123, 0.2871702645318678, 0.6587088659184136, 0.5150613052773074, 0.14623158695566982, -0.49409808504894914, 0.14076422187896548, -0.3785718902090841, -0.7763228543061544, -0.29268308447364144, -0.4000376884827, -0.49409808504894914, -0.9592077455934361, -0.166384427312319, 0.14623158695566982, -0.2960221323814215, 0.2871702645318678, -0.0018325746130409826, -0.35671836594283324, -0.2656308873706379, 0.6519858090100227, 0.1407187670138962, 0.4219950525216596, 0.14623158695566982, 0.35930272453638135, 1.34056206933026, 1.4785570205736613, -0.008851867849553809, 0.14623158695566982, -1.2583198554964699, 0.14623158695566982, 0.14623158695566982, -0.7350974948240603, -0.5142509254055982, 0.43340185148753746, 0.38410954276091724, -1.5175351112320112, -0.08752891039941439, -2.2055458959923637, 0.37153860138654593, -0.4390753624426387, 0.14623158695566982, -0.7999914906952668, 0.2871702645318678, -0.4390753624426387, -0.005673510955101001, 0.7478763856640613, -0.6880107847603525, 0.2871702645318678, 0.14623158695566982, 0.3127255083509839, -0.3060519278238509, 0.22250719594447874, 0.7319185981188152, -1.2216062642198646, -0.30536955633008134, 0.5949894845813188, -0.4390753624426387, 0.975458103782492, 0.2633237055413686, -0.00566613720342164, 0.19027412454350223, -0.2960221323814215, -0.005673510955101001, 0.11031275311218489, -0.08752891039941439, 0.25447183769181475, 0.14623158695566982, -1.0995578748039065, -0.633607063382948, -1.4997656961089634, 0.23842249822537115, -0.2960221323814215, 0.7478763856640613, -0.9531655968349095, -0.718989714696402, 0.21291044656738412, -1.9053347704417385, 0.8165131460128314, -0.7317584469162799, -0.11584034194488621, -0.1617105668771956, -0.49409808504894914, 0.37153860138654593, -0.061054745420477494, 0.7308413259229272, -1.4928429849172236, 0.43340185148753746, 0.5977467094229296, -0.20589825894590721, 0.37153860138654593, -0.22992267238318811, 1.1310845484719243],