{"corr": 0.10948503925432154, "p-value": 0.721802125776462, "slope": 0.21089840321451137, "intercept": -0.05381577024742892, "Leidinger2011": [0.5082415233536042, 0.1632465303084935, -0.15363791772058555, 0.4236320159678061, 0.430258107545845, -0.2628571358921026, 0.05664917568900473, 1.247195546318986, -0.35515713447859565, -0.15499733396143014, 0.6513552580129611, 0.4987973600876989, 0.19824818436609076], "Marzi2016": [0.708939420379425, 0.41968477985195113, -0.0132739899115752, -0.47697252578611726, 1.0947477232927059, -0.7824810315114378, -1.039470323843537, -0.4817274942453117, -0.3669523935061297, 1.186582061660541, 1.354224997622194, -0.8699524902735356, -0.7473284835769717], "mirnas": ["miR-29a", "miR-30c", "miR-30b", "miR-191-5p", "miR-223a-3p", "miR-374a-5p", "miR-92a", "miR-328", "let-7d", "miR-148a", "miR-140-5p", "miR-331-3p", "miR-484"], "p-values": {"Leidinger2011": [0.021297576610834933, 0.5952894974109875, 0.6015036866729639, 0.10756213872480033, 0.20805736143143702, 0.3926735864334815, 0.789179342864153, 0.01800947849129076, 0.145498921420167, 0.37644345822817027, 0.03502412694960718, 0.0767594414952215, 0.46649729479682056], "Marzi2016": [1.4156486645866428e-08, 0.002581237112155, 0.9202055639248479, 9.024528339465123e-06, 7.101878897787841e-12, 2.5435734547289026e-09, 5.514291956393523e-18, 1.4991602466437515e-05, 0.015232888629862744, 1.4331643497525897e-14, 3.5098940955796554e-30, 1.7866973417030885e-14, 1.616851214458367e-09]}}