{"corr": -0.005351336729778954, "p-value": 0.9454460071946769, "slope": -0.014914849717251393, "intercept": -0.03741376152974905, "Leidinger2014": [0.0704546985090527, 0.08989770559859665, -0.111184579613411, 0.09743334245530788, 0.1467880003257665, 0.20848438865974747, -0.025745653018499848, -0.0988817724450391, 0.197789239864165, -0.0531102670729222, 0.04426709929695702, 0.02683774761730813, 0.03529706677628459, 0.07464163324806557, -0.00022648339689526454, 0.05289226354064699, -0.11006467689964072, 0.39164343328481, 0.002696447493576879, -0.09353366276694411, -0.1594427678021038, -0.053030031840377925, 0.020544651942752852, 0.17700368874924866, -0.06889950553456962, -0.0193908548585101, 0.13814513135873335, 0.05737127927816933, -0.08562595250758842, -0.006630793254146069, -0.07893705051783796, 0.03537599527242043, -0.0012507095253126675, 0.0171461528967175, 0.0007258906022557911, -0.025980793763842172, 0.08704719265929255, -0.027727490161528083, -0.05812435050477717, -0.009546932729332177, -0.01627845501129225, 0.029800413231986837, 0.08567938022953311, -0.06446856611806284, 0.3694879697285149, 0.016347554649502126, 0.048803774510830296, -0.043538347655450234, 0.07322627271316431, 0.04577689281440444, 0.060832310800672126, 0.018924598855127824, 0.0953194819944146, -0.09965809911838064, -0.05568657891867909, 0.06825362893819789, 0.05858042381193937, 0.028418187749890994, -0.012645331602155235, 0.07863777131729056, 0.0901845926267588, 0.10932785892542637, 0.07551481350197153, -0.3075973288813516, -0.06891418609090588, 0.1906463227724621, 0.37893718561650924, 0.03905774399719987, -0.07413361457081222, -0.16351729132526965, -0.0431484978138946, -0.20447328023143174, -0.01638039473357425, 0.003932681645467884, 0.05327750583740075, 0.15333989864233716, -0.3658425550819382, -0.054152311743879675, 0.15006554443946327, 0.0013537584332823196, -0.011575263058932594, 0.2658551216197299, 0.028485722888125727, -0.09257249941031623, 0.006507386867036285, -0.00581318711811327, -0.03108231687280738, 0.18866357857339178, 0.011070852935481464, -0.08570421653232305, -0.15897010231695008, -0.19995915550217797, -0.08105639720655632, -0.23337981031691307, -0.7375897010171646, -0.21047379690172544, 0.017968826824124817, -0.011051714133189491, -0.048660819070118225, -0.17071276880602232, 0.1047044040331141, 0.0767643520813914, 0.022117789476674643, -0.09129136609856373, -0.0067133017315323205, -0.07990552568268747, -0.06683690072117596, 0.17149934139624912, -0.009091147960371027, -0.04916181422119403, 0.0570780983129361, 0.10503600405602131, 0.04091143212518994, 0.015844854228965415, 0.11750509473039242, -0.014768218791024832, -0.02648825866498474, -0.07820584958323124, 0.1648994537078225, -0.11482816999107515, -0.008350669927010033, -0.019326641024134325, 0.08555404654565898, -0.09039865459725192, 0.096906882613608, 0.08706001827138446, 0.03747166542187317, -0.1425340423602176, -0.05286580970157721, 0.07739941146239182, 0.11733131429167508, 0.07031296579039098, 0.04711401738948387, -0.035217451128962504, 0.08052932614068245, 0.049669362603090045, 0.03826659871727603, 0.008459597301881571, 0.021412644373055408, -0.015309881019216024, -0.004161090964581735, -0.16761908152581442, -0.08707089026849199, 0.05953229702330028, 0.08440792713575257, 0.012097083656054029, -0.034594938647920966, 0.13234885254027617, -0.04885461505728866, 0.048448896771283716, 0.120010099761074, 0.012022592491112594, -0.03143058176619587, 0.2121218774376597, -0.04695565360068612, 0.01755010680150576, 0.04405173157953236, 0.09694276249524247, -0.012098107468597973, 0.013209281997347793, -0.03903765737863801, -0.4106631884475921, -0.03817360201655972, 0.020490465720604166, 0.34482554443635566, -0.0142606259265001], "Zaporozhchenko2018": [-0.36229253133664174, -0.12815537064366703, -0.7992707554944971, -0.19658131938509432, 0.34564839675046066, -0.03717074224319873, -0.09699769243272874, 0.26426387404569557, -0.08276896661863875, -0.135828274926842, -0.46592704390637696, -0.17129762767582304, 1.0162031352408216, -0.016310859191843212, -0.2864153656268972, -0.32793213544416205, -0.08731750004166391, -0.137685090637996, 0.9728739135180056, -0.09535810442814677, 0.19738486893859164, -0.0408694872967378, 0.7628900310453288, -0.2411991014960414, -0.14293659251628726, -0.36006778795384664, -0.16477967450217135, 0.37049674084190587, -0.10270356552257134, 0.03365189817977296, -0.13305907317601984, 0.6335041254772776, 0.6248184928591878, -0.21085883098619063, -0.0025732925030067886, -0.35847345311918544, -0.10584020243911332, -0.10787657760398421, -0.027493730595300934, -0.06984832173712341, -0.15100341739811235, -0.21861793449567585, -0.2481646780686386, -0.2163059933857679, -0.025485518946363972, -0.10339765568219589, -0.13674999747246305, 0.02693195552442752, -0.07314972028165344, -0.1391534596512059, -0.12575989047442587, -0.44943921241362095, -0.19784982075910532, -0.17745176161709006, -0.33976566556101007, -0.11496140591371326, 1.460298808891361, 0.26966217640559015, -0.03926389683797071, 0.33736324538213, -0.11542011869278426, -0.11993761035023201, -0.3405108027588286, -0.08554770496784952, 0.1345789359082203, -0.11090403789963788, -0.2689532956078421, 0.6061513659805255, 0.36534739884691014, -0.07196677148059163, -0.18328802947688, 0.05640494153688856, -0.2682840984552235, 0.6276435357837735, -0.04287552611005796, -0.09283681083332274, -0.08968761275370013, 1.1574140294050013, -0.1729242745648666, -0.05988940043437789, 0.6655318569256128, -0.5421671921990585, -0.0644610912695016, 0.08173819344550634, -0.1108185982851896, -0.13068500289463736, 0.3734709033620841, -0.1739064311963226, 0.505394259201926, -0.21175326739062977, -0.3156267117393194, -0.2219745091054185, -0.30583908428587736, -0.18433253046360587, -0.24614110949510726, -0.614139898840027, -0.32198102651852806, 0.5010155313127507, -0.18560238362513248, -0.27840681564095027, -0.02767643367090276, -0.1342183990979763, -0.13579005901600572, -0.26869867639010775, -0.12306722256579948, -0.20607226396818712, -0.09734005250719296, -0.17404834798998917, -0.42447831033856087, -0.0571702577435708, -0.21794463515451745, -0.20195214689431468, -0.1709783755672062, 0.35097858906653223, -0.058249176387395823, -0.5848261968576486, 0.74622349684598, 0.5115624835919244, -0.3349046117880159, -0.024977203634672963, 0.3068743601685481, 0.02197508136930686, -0.03931299192088916, -0.03764841730423339, -0.292993364292114, -0.3018168504173626, -0.2559044842385271, -0.1318243433562145, -0.1660129188909397, 1.1718608994355104, -0.19276698024599573, -0.22820755842703982, -0.2447006903510107, 0.22427113027953327, -0.12255947368258988, 0.5405723067556512, -0.038693187044469626, 0.7667949758222175, -0.3566949558178445, -0.06028569943804654, -0.2664300066809093, -0.07593377906331181, -0.03321256795638135, -0.38998899116241054, -0.32204794452158525, -0.2453740329929427, 0.7932585584841143, -0.2911630988212951, -0.4084057094705431, -0.16655106232241157, -0.1679847039599888, -0.23925600050211443, 0.9293183835345812, -0.18445801563981018, -0.4760003641187034, -0.3059700985393081, -0.3858550332783022, -0.23791729358482464, -0.13847589199079813, 0.2956108806077382, -0.1887598429415946, -0.0023539534820925384, -0.3255404770791487, -0.24200173301983616, 0.07809673191072156, -0.36691387484076243],