{"corr": 0.028934820566033043, "p-value": 0.8815570716856266, "slope": 0.03510361861006726, "intercept": -0.7634047991743195, "Leidinger2016": [-0.5257891240874264, -0.17002719840124123, -0.3957896957695818, 0.0968791877371811, -0.19106266229160573, -0.4589081675741122, -0.278635507436799, -0.03948515246986603, -0.5132913179545168, -0.20247982181547972, -0.9512759999038196, -0.8874951598322174, -0.14314286591251035, -0.5528391582635195, -0.4192717271264203, -0.47302377304980037, -0.0597483434163651, -0.037795519440803, -0.22312617474133095, -0.0711867690646176, -0.053219423339005235, -0.08148711939293017, -0.7742527506466264, -0.1924028091354824, -0.38055369072893375, -0.32058979707357216, -0.19608374735343834, -0.39470763866144654, -0.2430795029980864], "Li2017": [-0.9259337205457351, -0.7798398154830704, -0.7579655575217168, -1.3331127137183973, -1.0703962467688024, -0.4996631962159189, -0.38165409809790685, -0.30205269959657827, -0.6256814723773266, -1.0178092714649036, -1.1844343600044516, -0.6826316304367109, -0.3408156805026206, -0.750715292848582, -1.2991226747786222, -0.7510585717309547, -1.539537015327265, -0.3288713983143349, -1.013694769955405, -0.8095147407906981, -0.5682761682532599, -0.5326251893685728, -0.6595701064942238, -0.586667322092338, -0.5623073172347803, -0.6491522015286886, -1.029914927672399, -0.6892729328618111, -0.7870800231863657], "mirnas": ["miR-106b", "miR-18b-3p", "miR-17", "miR-320d", "miR-576-5p", "let-7i", "miR-451a", "miR-616-5p", "let-7f", "miR-423", "miR-98", "miR-26b", "miR-519d", "miR-107-3p", "miR-224-5p", "miR-193a", "miR-320c", "miR-150-5p", "miR-183-3p", "miR-1228-5p", "miR-29c-5p", "miR-199a-5p", "miR-15a", "miR-23b-3p", "let-7a", "miR-103a", "miR-1275", "miR-130a", "miR-22"], "p-values": {"Leidinger2016": [0.000266879708709158, 0.4888202309939901, 9.992734489270517e-05, 0.7963744372896528, 0.06780014452546951, 1.7383297104756822e-05, 0.002657753319696468, 0.8861843194774419, 1.2699998091285819e-06, 0.05705332892937572, 0.00014239207218616398, 8.062536524346328e-10, 0.7139693853621718, 0.004117287575868049, 0.2157735735377306, 0.005657581170236068, 0.2944612689139454, 0.5528246531759371, 0.019519874844529314, 0.8246437672950224, 0.7750791777029538, 0.7436838832537114, 0.00023269357380321763, 0.02942955798742369, 1.626173014130221e-06, 0.0005342339491822465, 0.02392845477399335, 0.0010060588088770647, 0.06526095300986046], "Li2017": [0.27037774039763834, 0.19261396061243832, 0.7426141913107522, 0.13818473312707902, 0.2025712667400852, 0.6314218319628964, 0.8648635353834568, 0.1268586028623889, 0.43615536813955036, 0.23052667977406593, 0.29829865709693887, 0.42007514084867104, 0.3346740851600409, 0.4622933542171267, 0.3787947771978861, 0.24165169607643422, 0.1415619789613318, 0.6525694128730946, 0.18051686732518168, 0.29582448328179567, 0.4127257923361174, 0.22553977981059953, 0.24175205563260266, 0.47612286215052946, 0.6080789275048939, 0.42886261716758356, 0.1564717046748924, 0.36074316675329376, 0.5860591922746857]}}