{"corr": 0.22710421155759525, "p-value": 0.03439813236459032, "slope": 0.7480025952313891, "intercept": -0.7034582490670432, "Leidinger2014": [-0.039164539419727654, 0.008791921853435624, -0.00180266522770329, 0.018617899816933153, 0.05289226354064699, -0.09353366276694411, -0.0702863960183035, 0.08625518548758103, -0.21875897897151478, 0.04861852715818004, -0.041080679568707985, -0.04684448621974287, 0.05737127927816933, 0.0071382794257559105, 0.08189899685015684, 0.0007258906022557911, -0.027727490161528083, -0.005744774717455334, -0.047352573845152034, 0.013724960292235237, 0.08459388218691699, 0.01787204244175508, -0.13375310530601192, -0.2404235672770863, 0.0965204441379268, -0.06079625750420295, 0.06825362893819789, -0.015452926693438004, 0.05113552233104417, 0.056171453391209415, -0.10015137238161154, -0.04030127213623387, 0.007993893444427965, 0.019134416934892765, 0.10932785892542637, 0.016613382207886305, 0.0073531508313868935, -0.07413361457081222, -0.059114736732121434, -0.039025514590499064, 0.1118641148839013, -0.00581318711811327, 0.03040897044209251, 0.020787424335213092, -0.19995915550217797, -0.18774565457745127, -0.030084867192787038, -0.7375897010171646, 0.04509088334375816, 0.0031306730130534603, 0.015131145765155101, -0.031102587005770427, 0.06399335351876452, -0.048660819070118225, -0.028868701682183938, 0.1047044040331141, -0.14890429353468065, -0.04916181422119403, 0.03619573125257196, -0.09681518937913249, 0.08070648684451781, 0.004343841930686459, -0.07469335947244601, 0.09490650739125178, -0.04271485508397817, -0.0024624346515381068, -0.012632204036149963, 0.02450202402382419, 0.0005534893990766583, 0.08706001827138446, -0.033750621251546944, -0.018371724458606187, -0.05286580970157721, -0.005867219212637648, 0.021412644373055408, 0.04666136506807682, -0.07876966650830614, 0.057160793940374155, 0.055372976022404374, 0.050566697309538854, 0.16986823715687355, 0.09694276249524247, -0.012098107468597973, 0.015097284007987821, -0.10416311302828485, -0.05568657891867909, -0.0142606259265001], "Li2017": [0.239671953984682, -0.6547560137353027, -1.0703962467688024, -0.44216539538943894, -0.439662329803194, -1.0178092714649036, -0.9697486703345379, -1.2991226747786222, -1.539537015327265, -0.8095147407906981, -0.531955960147346, -0.5682761682532599, -0.5326251893685728, -0.7285322199407149, -0.48390959308816495, -0.5623073172347803, -0.6491522015286886, -0.7678379298713889, -0.9609847014415245, -0.7719445429387048, -0.9541617727527372, -0.7798398154830704, -0.7609417918597717, -1.3331127137183973, -0.49277641098626057, -1.0525505492038743, -0.6256814723773266, -0.7906373491906455, -0.2115073790204356, -0.46857602539530685, -1.205973785493042, -0.5277632991330119, -0.8008587380542439, -0.2564643707364844, -0.6826316304367109, -0.5036850213329245, 0.2204405568967674, -0.944943347947499, -0.4455145579528157, -0.9734394613292711, -0.6322922378034779, -0.9259337205457351, -1.0021909909764157, -0.5705619441098473, -1.6070868921664327, -1.7303586058663551, -0.5727991174613156, -0.38165409809790685, -0.30205269959657827, -1.1844343600044516, -0.9319461066467577, -0.3408156805026206, -0.7612031731751676, -0.750715292848582, -0.7510585717309547, -0.3288713983143349, -0.8730074594910403, -0.6595701064942238, -1.0424819286204163, -0.9889826479949894, -0.3304437698285775, -0.6044678443813889, -1.029914927672399, -0.9423369865296589, -1.1037655468384733, -1.094403127550371, -0.5418909249983079, -0.36708663183525825, -0.38657761065451735, -0.7579655575217168, -0.257472571704119, -1.0144973094382763, -0.49888449120945577, -1.4288092869364202, -0.3924296868179867, -0.018381688274272036, -0.672335607956456, -0.5401744984993873, -1.013694769955405, -0.8060475149928572, -0.4392382448451531, -0.586667322092338, -0.4323362592310195, -0.5988163196459544, -0.3348834397852262, -0.6892729328618111, -0.7870800231863657], "mirnas": ["miR-1226", "miR-32-3p", "miR-576-5p", "miR-1268a", "miR-19b-3p", "miR-423", "miR-675b", "miR-224-5p", "miR-320c", "miR-1228-5p", "miR-1264", "miR-29c-5p", "miR-199a-5p", "miR-609", "miR-1260b", "let-7a", "miR-103a", "miR-611", "miR-3115", "miR-764", "miR-3197", "miR-18b-3p", "miR-4306", "miR-320d", "miR-1281", "miR-574-5p", "let-7f", "miR-2909", "miR-711", "miR-4281", "miR-4298", "miR-200b-5p", "miR-1207-5p", "miR-936", "miR-26b", "miR-2861", "miR-548d-5p", "miR-1-3p", "miR-761", "miR-92b", "miR-3679-3p", "miR-106b", "miR-3196", "miR-3664-5p", "miR-320b", "miR-320e", "miR-487a-3p", "miR-451a", "miR-616-5p", "miR-98", "miR-638", "miR-519d", "miR-580", "miR-107-3p", "miR-193a", "miR-150-5p", "miR-4271", "miR-15a", "miR-3162-5p", "miR-323", "miR-941", "miR-4270", "miR-1275", "miR-187-3p", "miR-9-3p", "miR-3189-3p", "miR-632", "miR-1233", "miR-340-3p", "miR-17", "miR-3662", "miR-4327", "miR-122-5p", "miR-216a", "miR-15b-3p", "miR-3610", "miR-3163", "miR-181a-3p", "miR-183-3p", "miR-3655", "miR-4286", "miR-23b-3p", "miR-210", "miR-1202", "miR-1246", "miR-130a", "miR-22"], "p-values": {"Leidinger2014": [0.6967278647341901, 0.9284629125662183, 0.9895998571337701, 0.9363885070567981, 0.6306388480984678, 0.7955634666909889, 0.5650507276565977, 0.38123038423716327, 0.4967279940630237, 0.8483108206798439, 0.5820396385489108, 0.7986700981725218, 0.8776738413125252, 0.9103518736035119, 0.8861027082337165, 0.9958720435832362, 0.9142624275333355, 0.9457414088703182, 0.441132663211793, 0.8830212456622019, 0.37750603468176935, 0.9041747620129486, 0.8429415896876266, 0.5040133582298298, 0.7163976533417571, 0.816191544701124, 0.6931098103788744, 0.8417269011017435, 0.781426093866193, 0.8887714476583585, 0.5964955764422899, 0.7190908316571172, 0.9764013579247082, 0.9194276414327791, 0.7682401742424616, 0.9449352665061564, 0.9454727377046059, 0.6556926371007588, 0.5748969027683739, 0.8707057686740604, 0.48288771573781175, 0.9758115035564605, 0.8577833983350137, 0.8236195671410369, 0.5988675374692642, 0.5992602075847231, 0.7374459168800398, 0.528474760484144, 0.7672789099796022, 0.9901673887954838, 0.9320496987086995, 0.7067656056921989, 0.608791600623271, 0.8339962228144241, 0.9542142542290739, 0.9355519399858196, 0.593146476323821, 0.8689306763019855, 0.8841929030759186, 0.5501841421745639, 0.8012361172495854, 0.9873069393691163, 0.822049560647456, 0.23232951138991587, 0.8396356369260042, 0.9906605519378862, 0.9197212029999375, 0.8682622846908521, 0.9993484808638002, 0.5590495225214518, 0.6727345971609668, 0.907809270751649, 0.4188477462060829, 0.9551438801204153, 0.9216919775379435, 0.7545456332384983, 0.5723322664438433, 0.8526128598620475, 0.8804859839358358, 0.5075605513316856, 0.8326608073083192, 0.7295766881743545, 0.9804489164877752, 0.9491161552404088, 0.7683833755803107, 0.9025118413207058, 0.9722484158042651],