{"corr": 0.11301613331779534, "p-value": 0.11857656728322541, "slope": 0.10187762093732602, "intercept": 0.06251484176868088, "Leidinger2016": [-0.20677771247005428, -1.0132504403521794, -0.14281937525983027, -0.33023218748393957, -0.48135355959533577, -0.7658144536866222, -0.0324677752973348, -0.04649045769267311, -0.20048021936199154, -0.3601431401307205, -0.05297157933312852, -0.19106266229160573, 0.1040184723117408, 0.46980929343584876, -0.3297880228652279, -0.16171873294626277, -0.3000675425391206, 0.15257846654207674, -0.7949947446444529, -0.2969592946441628, -0.5694478542899493, -0.20247982181547972, 0.007521110802296026, -0.22248370751648155, -0.03684175670210757, -0.20836891994453846, -0.5500022331365921, -0.015754677690561575, -0.31669210387908125, -0.11338355764026643, -0.0597483434163651, -0.5639550636330402, -0.0711867690646176, 0.09806315345560246, 0.04801637844010165, 1.6718462583424016, -0.053219423339005235, -0.08148711939293017, -0.4097797321338592, -0.19244086662475837, -0.09209221688684552, 0.06337118314433052, -0.10491212141902553, -0.45614251607807654, -0.7788223053693519, -0.38055369072893375, -0.26499667217069645, -0.12303132371523892, -0.32058979707357216, -0.09119783675567433, -0.1506702110949943, -0.014749425151820676, -0.0490936216197909, -0.6778307611737908, -0.9573437004916578, -0.09658378623865943, -0.24449869034582164, -0.4762660467753339, 0.13749071223960999, -0.24278487486205885, -0.17002719840124123, -0.3054370918403164, -0.10492378871007427, 0.04518930646845183, -0.5298354076397427, -0.3022834149434165, -1.1622658435929898, 0.0968791877371811, -0.04099177627434478, -0.1227357162572231, 1.281385121980196, -0.5505756019796477, 2.2949455811341517, -0.2316317978715377, -0.13750403581997844, -0.5132913179545168, -0.6814481882207045, -0.019604068029152488, -0.20493989239429927, 0.22298929268983586, -0.4174790671044689, -0.4606014476066129, -0.8874951598322174, -0.263791586773239, -1.3617181069940294, -0.4461475857468331, -0.04519332383820402, -0.08140180888812118, -0.2711235320861594, -0.2970326052646974, 0.041414996006616384, -0.25749220394248074, 0.07514181341187487, -0.0971976589810212, -0.05608630813860595, -0.544821213116931, -0.21887714453018947, -0.5257891240874264, -1.0255013235767336, 0.023951823259266973, 0.08111405329741565, -0.26119640895766616, -0.23137632863035745, 0.07074372212653322, -0.18895273382998584, -0.17656272238667775, -0.11875509683194553, 0.10828442046118848, -0.278635507436799, -0.03948515246986603, -0.7381717110244161, 0.044661130329656254, -0.7422344555491626, -0.9512759999038196, -0.07952671068100874, -0.022984068233727437, -0.012142835631165364, -0.13482868586481728, -0.14314286591251035, -0.5528391582635195, -0.47302377304980037, -0.037795519440803, 0.7294528617729963, 0.08357308254062412, -0.762179378623971, -0.23466547441212, 1.161470044535645, -0.7742527506466264, -0.4100320252002111, -0.4635004026202927, -0.2836380427842963, -0.1897214758420414, -0.8479973617684178, -0.189141982476912, -0.19608374735343834, -0.022400847066279726, -0.43548849190878863, -0.7290265778856173, -0.15105552530516692, -0.39805949939733687, -0.20263591129124378, -0.9244474760983626, -0.11247923144982347, -0.09975203883973827, -0.3957896957695818, -0.09951086630741177, -1.2057317048945793, -0.0887432162230929, -0.061406121758784474, -1.0822055806333952, -0.32780591454491403, -1.101423333399474, -0.5723968987658816, -1.016349635406938, 0.3503474048209183, -0.4589081675741122, -0.02196079109333053, -0.7917070953510206, -0.10670457028620209, -0.2731728704908114, -1.2341194154997646, -0.5821549012079201, -0.08345603316689384, -0.1781454714664506, -0.1396817526194828, -0.38136629978316183, -0.3131064582434303, -0.48986222385613737, -0.5171782659432622, -0.22312617474133095, -0.4578222684840709, -0.5552108318945415, -0.36009972012585256, -0.8249200922545195, -0.003171513214441997, -0.3896280586146499, -0.9242542910505119, -0.3248692656695465, -0.8359007414220272, 0.015260764992661201, -0.28067739624151944, -0.08777367619888415, -0.04994664734806184, 0.04772210542154096, -0.375716611981568, -0.03472639017465815, -0.10813197092822238, -0.1318956450714951, -0.8497429695693562, -0.11210776861922758, -0.39470763866144654, -0.2430795029980864],