{"corr": 0.22448464766593498, "p-value": 0.27024344170674186, "slope": 0.21036307763180692, "intercept": -0.007147841017005599, "Leidinger2011": [-0.2492787874374821, -0.5315578146882365, 0.1632465303084935, 0.4236320159678061, -0.15499733396143014, -0.06285194745454598, 0.24726859974124232, -0.2442585234034057, -0.5411735139046567, -0.27994151177372584, -0.3117583350589842, 0.5082415233536042, -0.15363791772058555, 0.430258107545845, -0.16742317419159347, 1.247195546318986, 0.6513552580129611, 0.4987973600876989, -0.08291356532002925, 0.1995728891554459, -0.9611072582421021, 0.7652216254348809, -0.2628571358921026, 0.6288680238672093, 0.07474192312128264, 0.2340468565294953], "Bianchi2011": [-0.13616453928396355, -0.46111752048450516, -0.46936087669168863, -0.15129944515862373, 0.8808110636176152, 0.3281281058104619, -0.3046935674229603, -0.2511323661723047, 0.03737942003567493, -0.3729785711324678, 0.25252599315811985, 0.4625035847626221, -0.23232070613411343, 0.9529742661455445, -0.15142321046779844, -0.21236679809285997, 0.33547705809067313, -0.22750721532151716, 0.39805371741815915, -0.4332998601721829, -0.14325028761788594, 1.0214428886787372, -0.18621315273197886, -0.18700851644404387, -0.6809516294400374, 0.18112417595531638], "mirnas": ["miR-126-3p", "miR-17", "miR-30c", "miR-191-5p", "miR-148a", "miR-133b-3p", "miR-28-5p", "miR-26b", "miR-32-5p", "miR-342-3p", "miR-148b-3p", "miR-29a", "miR-30b", "miR-223a-3p", "miR-26a", "miR-328", "miR-140-5p", "miR-331-3p", "miR-142-5p", "let-7a", "miR-103a", "miR-432", "miR-374a-5p", "miR-142-3p", "miR-376a-3p", "miR-22"], "p-values": {"Leidinger2011": [0.3762947362011022, 0.03087591900426225, 0.5952894974109875, 0.10756213872480033, 0.37644345822817027, 0.8315081212258726, 0.25229171438865333, 0.5470786317873221, 0.08132031965893984, 0.3173118454093349, 0.10698400532848155, 0.021297576610834933, 0.6015036866729639, 0.20805736143143702, 0.5248046796496781, 0.01800947849129076, 0.03502412694960718, 0.0767594414952215, 0.7369046630741973, 0.69521105320827, 0.011243157885887289, 0.01418321131598594, 0.3926735864334815, 0.17923000525097743, 0.7342687255146145, 0.3601511062567704], "Bianchi2011": [0.035061284596444704, 1.0879136719279033e-06, 7.9372318448231e-06, 0.008576553848249718, 2.2799874776139176e-07, 0.3082606921927545, 0.09329612669013874, 0.023965711950979886, 0.8458506772436319, 6.707287048611133e-05, 0.15756055243855122, 4.284948664714242e-05, 0.016926513359532776, 0.00014748281949036594, 0.07247830961722486, 0.11404956844705813, 1.327348530147137e-07, 9.538214672058043e-05, 0.00011469575410906855, 0.0720250437447595, 0.18732719934328973, 8.081676355475523e-09, 0.13611953634090698, 0.09990347384598572, 0.05123977732705461, 0.2724693692539459]}}