{"corr": -0.07290273741537033, "p-value": 0.42876649317970084, "slope": -0.08720369112811295, "intercept": 0.09188750776249616, "Leidinger2011": [0.7224657850986452, -0.2874868857297264, 0.3224267106531671, -0.15717621787156896, -0.2492787874374821, 0.1632465303084935, 0.2767918591168924, -0.005245778859895543, 0.28257014282365445, -0.14601469038539938, 0.5803209961470173, 0.6781771240219411, 0.637188203567225, -0.06285194745454598, 0.20641487640888154, 0.15893113938001918, 0.0017977063455490582, 0.36442379465411656, 0.05870590985877807, 0.24422996272445996, 0.21102489492222132, -0.16742317419159347, 0.28935135950832025, 0.36703116606698927, 0.28924667503520823, 0.2865050993697408, -0.20596176130780414, -0.253778292237531, -0.29702151657501064, -0.2628571358921026, -0.06829634146179168, 0.6288680238672093, -0.5405050283720914, 0.4236320159678061, 0.15073570819183937, 0.6291564016214919, 0.3120114160735272, 0.24726859974124232, -0.0740583125243869, -0.2442585234034057, 0.34407318235062145, 0.22846586191646406, -0.022597812668179403, -0.2436390181524049, -0.28448584565956864, 0.2793078521807921, 0.4396090996584613, -0.17140933894935614, 0.4561591171073616, 0.14576840851738546, -0.12432351509574341, 0.4569856767654559, 0.4987973600876989, -0.32260324018537606, -0.7103646492268423, -0.08291356532002925, -0.07937789979029071, 0.2724313295175234, 0.44050004463743514, -0.846224432380494, -0.2410302414357167, -0.22250014543227722, 0.10877576446156348, -0.131019630139505, 0.46743863904400385, 0.02376094110249765, 0.24978747979383617, -0.3159174664478555, 0.9950983777483294, 0.32748295714057973, 0.6263078166310709, -0.11837217764927926, -0.27994151177372584, -0.016655428093524712, 0.14157423864499336, -0.15363791772058555, 0.430258107545845, -0.15647472942975094, -0.13339269269570092, 0.6513552580129611, -0.1146003585337369, -0.452400375766395, 0.016669538916116597, -0.043375832294538764, 1.0452609355202809, -0.5579685775581329, 0.19093580473520777, 0.11834384991278722, 0.07474192312128264, -0.3590479937457739, 0.7580196354094657, 0.3790687354621768, 0.4919647689202281, -0.5315578146882365, 0.06808282951942368, 0.06321161454341878, 0.30461067239073847, -0.15499733396143014, -0.0644560302379039, 0.19824818436609076, -0.356894428557553, 0.05013914698089937, -0.14099224454392428, 0.05664917568900473, 0.06680472727365425, 0.27901846310537526, -0.5515911641399809, 0.18234242602408415, -0.3117583350589842, -0.6465159992520522, 0.5082415233536042, 1.247195546318986, -0.39032206837874905, -0.07460298464320078, -0.6350538228554357, 0.1582483958256587, 0.3028817779277943, -0.16734708344076216, 0.10741790182626451, 0.0859225732784012], "Boeri2011": [0.3311675021451469, -0.2915097653146705, -0.021907022151932208, 0.19214729710443285, 0.07258556056573817, -0.2390381393841577, -0.7921324096702879, 0.4642413613481424, -0.1551762504198626, 0.005011820412711197, -0.1565173184788557, 0.6269393940724183, -0.20216385965790049, 0.9199773296907453, 0.14632753495343614, 0.3321928488697995, 0.04479641637276177, 0.4287199018266906, 0.8501208967777822, -0.6533755077370218, 0.14791149045655833, 0.033849035492998836, 0.08642639908500994, 1.6244898820338465, 0.223025750116555, 0.4968302912223214, 0.37757024040756804, 0.22971255184420677, 0.022939336658100384, -0.04367357576833018, 0.027207642753229927, -0.2655121603801078, -0.02717783838265554, -0.08789922028410904, 0.985753794202816, 0.016525718099227447, 0.363722538097506, -0.2735255786414891, 0.6473571269030081, -0.0007498864841224441, -0.02303146341388878, 0.629233333858246, -0.42964801818263, 1.8563772933349636, -0.11038381257601557, 0.171520060092255, -0.4031721123543005, 0.3880412150205419, 0.22823720004542702, 0.2995864059576462, -0.028763256545377425, 0.5722754240423191, -0.6500594820229597, 0.27115167628271053, 0.7281198049476618, -0.25788941055480563, -0.2152811656254796, 0.2748896183414107, -0.5697145016290649, -0.01099107215490386, 0.3401824497807038, 0.12764823172153655, 0.7983378537927703, -0.17101257797038233, 0.7045323520513613, -0.5766107706167771, 0.5118576546416431, 0.2952717860755665, -0.0814898621287917, 1.1699360087927422, -0.17668544128024177, 0.28913755445653194, 0.09539084935369779, -0.1917678609294508, -0.48270497033654075, -0.06836306241965022, 0.029527926720578388, 0.4114565992939566, -0.09166325803530659, -0.16977609032984564, -0.11181394494541444, -0.11828114788389604, -0.2349654621112045, -0.4229643260717696, -0.8307008182274056, 0.10866552269311201, -0.022565744909248703, -0.1448793248194835, 0.11767581798865745, -0.16037423656682587, -0.8054181048965805, 0.187890977132732, 0.3452287121533031, 0.10501222895849677, 0.0019763852132709857, -0.19625336737630167, -0.19250249352175683, 0.3181491345858233, 0.14564710419022744, 0.04529480687217055, -0.09250122197413177, -0.09692323026078045, -0.6720144806024504, -0.3534847699527149, 0.6091897019982653, 0.7207766233756134, 0.033733479201411384, 0.18421441277454081, -0.3078555692998899, 0.2421607232713595, -0.07263525665068123, 0.4236890821845438, 0.29134335010484813, -0.5715066078509858, 0.08584226282661031, 0.520290811444401, -0.4539415817661292, -0.3100555439222334, -0.5231708777547, 0.4231730677085008], "mirnas": ["miR-145", "miR-374b-5p", "miR-221", "miR-193b", "miR-126-3p", "miR-30c", "miR-629-3p", "miR-10a-5p", "miR-485-3p", "miR-222-3p", "miR-19b-3p", "miR-100", "miR-193a-5p", "miR-133b-3p", "miR-21-5p", "miR-423", "miR-574", "miR-152-3p", "miR-218-5p", "miR-185-5p", "miR-27b", "miR-26a", "miR-132a-3p", "miR-204", "miR-375-3p", "miR-346-5p", "miR-744-5p", "miR-181a", "miR-597", "miR-374a-5p", "miR-130b-3p", "miR-142-3p", "miR-20", "miR-191-5p", "miR-133a-3p", "miR-425-3p", "miR-197", "miR-28-5p", "miR-363-3p", "miR-26b", "miR-296-5p", "miR-34a", "miR-885-5p", "miR-1-3p", "miR-320a", "miR-128", "miR-192", "miR-203-3p", "miR-345", "miR-335", "miR-301a", "miR-125b", "miR-331-3p", "miR-337-5p", "miR-548a", "miR-142-5p", "miR-495-3p", "miR-27a", "miR-99b", "miR-106b", "miR-376c", "miR-24-3p", "miR-15b", "miR-652-3p", "miR-99a", "miR-451a", "miR-598", "miR-330-3p", "miR-186", "miR-361", "miR-625-5p", "miR-127", "miR-342-3p", "miR-150-5p", "miR-16", "miR-30b", "miR-223a-3p", "miR-323", "miR-454", "miR-140-5p", "miR-590", "miR-93", "miR-636", "miR-502a-3p", "miR-483", "miR-518d-3p", "miR-365", "miR-19a", "miR-376a-3p", "miR-195", "miR-125a", "miR-28", "miR-340-3p", "miR-17", "miR-532-3p", "miR-339", "miR-122-5p", "miR-148a", "miR-199a-3p", "miR-484", "miR-101-2", "miR-212", "miR-660", "miR-92a", "miR-143", "miR-29c", "miR-20b-5p", "miR-146a", "miR-148b-3p", "miR-18", "miR-29a", "miR-328", "miR-410", "miR-532", "miR-106a-5p", "miR-134-5p", "miR-25", "miR-486-5p", "miR-140-3p", "miR-130a"],