{"corr": 0.23321807821262017, "p-value": 0.1647834156549115, "slope": 0.553993572399969, "intercept": -1.1519654225557194, "Leidinger2016": [-0.5257891240874264, -0.7658144536866222, -0.5298354076397427, -0.3957896957695818, 0.0968791877371811, -0.26119640895766616, -0.4589081675741122, -0.278635507436799, -0.7949947446444529, -0.5132913179545168, -0.5694478542899493, -0.20247982181547972, -0.20493989239429927, -0.03684175670210757, -0.08345603316689384, -0.263791586773239, -0.48986222385613737, -0.5528391582635195, -0.0597483434163651, -0.04519332383820402, -0.23466547441212, -0.8359007414220272, -0.4097797321338592, -0.7742527506466264, -0.04994664734806184, -0.4100320252002111, -0.38055369072893375, -0.32058979707357216, -0.544821213116931, -0.6778307611737908, -0.19608374735343834, -0.10813197092822238, -0.7290265778856173, -0.8497429695693562, -0.11210776861922758, -0.39470763866144654, -0.2430795029980864], "Qu2017": [-1.6510071490740712, -1.649509033878807, -1.0078054664599523, -1.2153021120574552, -1.5552898793911787, -2.549661804367174, -0.9160488404725435, -0.12993413373945129, -1.7451417391461626, -2.1058756705643473, -1.5601900734258547, -1.504103948926598, -1.9588084406063462, -1.4928484116460545, -0.38761377434456445, -1.6505203551541483, -1.333071888182815, -1.5259714577247654, -0.9480991078980991, -0.9137148826132928, -1.8421028416985372, -1.7662937712602234, -1.9275856496050736, -0.4451093700580171, 0.14620128104610694, -1.1823259610219021, -1.8634884886828798, -1.8571484330727688, -1.3133151618286591, -2.149593474716261, -0.7002007487118012, -0.38607918383442563, -0.7468339232735759, -1.5619632187386474, -1.3393601424160195, -1.9174240687637107, -1.840292658534278], "mirnas": ["miR-106b", "miR-126-3p", "miR-20", "miR-17", "miR-320d", "miR-24-3p", "let-7i", "miR-451a", "miR-21-5p", "let-7f", "let-7g", "miR-423", "miR-197", "miR-494", "miR-92a", "let-7b", "miR-29c", "miR-107-3p", "miR-320c", "miR-320a", "miR-223a-3p", "miR-23a", "miR-26a", "miR-15a", "miR-572", "miR-93", "let-7a", "miR-103a", "miR-27a", "miR-181a", "miR-1275", "miR-25", "miR-19a", "miR-30e", "miR-140-3p", "miR-130a", "miR-22"], "p-values": {"Leidinger2016": [0.000266879708709158, 3.289576842250483e-07, 4.976638039272161e-05, 9.992734489270517e-05, 0.7963744372896528, 0.003161973447487549, 1.7383297104756822e-05, 0.002657753319696468, 3.9374823930384714e-05, 1.2699998091285819e-06, 8.219672226397695e-08, 0.05705332892937572, 0.024147310845602867, 0.8531983090296489, 0.0425524604979703, 0.00034680091209512157, 0.002225154554665027, 0.004117287575868049, 0.2944612689139454, 0.5201244891749467, 0.2506984674252215, 0.00918673949082728, 3.434379292011319e-05, 0.00023269357380321763, 0.8601495668685539, 3.675523644177318e-05, 1.626173014130221e-06, 0.0005342339491822465, 3.24887221273143e-06, 9.107348198781138e-05, 0.02392845477399335, 0.1793277635389756, 0.0009588577554931727, 0.0008031241348749173, 0.2923215188423394, 0.0010060588088770647, 0.06526095300986046], "Qu2017": [0.02214659174174118, 0.03282779938150324, 0.2416800391677147, 0.15011765026973672, 0.04395512656570191, 0.010510361405935252, 0.30791888750643137, 0.9580622683524801, 0.08382777115584553, 0.006797370787752879, 0.05324087995577059, 0.05041640358667671, 0.0001837028830412558, 0.014370178554631147, 0.4810867330899662, 0.046047344948883746, 0.01930989278501576, 0.05416192362011969, 0.03686279867345059, 0.11998344171490324, 0.13465069076904992, 0.02305277146486588, 0.013998668840635099, 0.5805890560908551, 0.7317772812066161, 0.13848662811820067, 0.043409469947787035, 0.012045053481601703, 0.04126078153596329, 6.926761764506895e-05, 0.14677047891252623, 0.6262883047150944, 0.3697696616835213, 0.02530908915287919, 0.02418734856142267, 0.007816590102431768, 0.053361263339796246]}}