{"corr": -0.8529274285414571, "p-value": 0.1470725714585429, "slope": -4.090374665732348, "intercept": 0.6290717605590024, "Leidinger2014": [0.17700368874924866, 0.39164343328481, 0.015131145765155101, 0.11733131429167508], "Abdollahi2019": [0.039631603212511315, -1.162560995142607, 0.13668088827498023, 0.6347346734043595], "mirnas": ["miR-152-3p", "miR-21-5p", "miR-638", "miR-148a"], "p-values": {"Leidinger2014": [0.6237499290181541, 0.533382137518738, 0.9320496987086995, 0.7876482684214249], "Abdollahi2019": [0.03017429357971092, 0.0014304292474665052, 0.14772416574645988, 0.006991486275714225]}}