{"corr": 0.07012409077608059, "p-value": 0.6672173198951363, "slope": 0.15289838350970528, "intercept": 0.21658455972893503, "Li2017": [-0.9259337205457351, -0.7798398154830704, -0.36708663183525825, -0.7579655575217168, -1.3331127137183973, -0.49277641098626057, -1.0525505492038743, -0.4996631962159189, -1.6070868921664327, -0.44216539538943894, -0.439662329803194, -0.38165409809790685, -0.6256814723773266, -1.0178092714649036, -1.1844343600044516, -0.8008587380542439, -0.9697486703345379, -0.2564643707364844, -0.9319461066467577, -0.6826316304367109, -0.750715292848582, -0.7510585717309547, -1.013694769955405, -1.539537015327265, -0.3288713983143349, -0.8095147407906981, -0.9734394613292711, -0.5682761682532599, -0.5326251893685728, -0.6595701064942238, -0.3304437698285775, -0.5623073172347803, -0.4323362592310195, -0.6491522015286886, -0.7678379298713889, -1.029914927672399, -0.5988163196459544, -0.3348834397852262, -0.6892729328618111, -0.7870800231863657], "Keller2009": [0.30825621977370044, 0.15247010629544971, -0.2155676647186497, -0.5833326989613049, -0.134657264734076, -0.66031197183787, 1.0407416112770589, -1.3432877884040257, -0.17462482577834865, 0.4321084421676942, 0.7761797252147781, -0.6832619270030653, -1.2844130085508354, 0.7164600047320605, -0.7133151130448956, 0.2836472553729926, 0.9700951996797954, 0.48681460381882136, -0.14321186535321678, -0.6037660172614172, -0.038298886280106526, -0.4707054822741199, 0.4192531874358446, -0.22642466279059986, 0.30518273319421574, 0.31662469579015673, -0.4905471016097966, 1.2747445607497783, 0.8545312463752119, -0.9142694706108427, 0.5115459553807297, -1.0150667293331401, 1.411120971480699, -0.28634618657698485, 0.6212154126485816, 0.45127278289990075, 0.4490974204709802, 0.7191106437521134, 0.6650522672686947, 0.9445415687847225], "mirnas": ["miR-106b", "miR-18b-3p", "miR-1233", "miR-17", "miR-320d", "miR-1281", "miR-574-5p", "let-7i", "miR-320b", "miR-1268a", "miR-19b-3p", "miR-451a", "let-7f", "miR-423", "miR-98", "miR-1207-5p", "miR-675b", "miR-936", "miR-638", "miR-26b", "miR-107-3p", "miR-193a", "miR-183-3p", "miR-320c", "miR-150-5p", "miR-1228-5p", "miR-92b", "miR-29c-5p", "miR-199a-5p", "miR-15a", "miR-941", "let-7a", "miR-210", "miR-103a", "miR-611", "miR-1275", "miR-1202", "miR-1246", "miR-130a", "miR-22"], "p-values": {"Li2017": [0.27037774039763834, 0.19261396061243832, 0.1510311794163065, 0.7426141913107522, 0.13818473312707902, 0.4394655204231913, 0.17149561263697768, 0.6314218319628964, 0.1132805530957829, 0.14884663563262224, 0.6550218156744838, 0.8648635353834568, 0.43615536813955036, 0.23052667977406593, 0.29829865709693887, 0.15125612472788127, 0.16382975261624472, 0.7451846646207714, 0.23999731895642007, 0.42007514084867104, 0.4622933542171267, 0.24165169607643422, 0.18051686732518168, 0.1415619789613318, 0.6525694128730946, 0.29582448328179567, 0.3272298719390625, 0.4127257923361174, 0.22553977981059953, 0.24175205563260266, 0.1795240684109846, 0.6080789275048939, 0.6720502214467101, 0.42886261716758356, 0.22251252616499292, 0.1564717046748924, 0.1201067689416608, 0.5163171068873764, 0.36074316675329376, 0.5860591922746857], "Keller2009": [0.4544814760696412, 0.633350920794612, 0.5880155843722574, 0.051250443512747726, 0.5692707027363513, 0.11847537579158378, 0.0005404556184266135, 2.872291883234173e-05, 0.5253726269617209, 0.2630888332677561, 0.0481484980815032, 0.07657854244573185, 0.009861558282688325, 8.678801632708001e-07, 0.03007253270490883, 0.46753567879169156, 0.00840909481219079, 0.134973348703024, 0.6523857169423468, 0.01160073106762632, 0.8983988906554359, 0.2061080262921439, 0.1538629383030028, 0.44635790308054657, 0.3486440076471493, 0.48209625450057514, 0.1726137002946065, 0.0026023814209354826, 0.023185937686513287, 0.0003772037025676432, 0.17371393832530546, 0.001015757834594985, 0.0002884327145580917, 0.2676926862535956, 0.01144105366968266, 0.2106034167372596, 0.12003111370735547, 0.032527730889655604, 0.06585874904978846, 3.936256990205335e-05]}}