{"corr": -0.12858904074143218, "p-value": 0.21929558266004187, "slope": -0.08864543971400769, "intercept": 0.03293016017073701, "Li2017": [-0.791275955683022, -0.664011376071641, -0.44617709301180564, -0.44216539538943894, -0.439662329803194, -1.0178092714649036, -0.7695057233152816, -1.109018962201036, -1.1605886797044977, -1.024910891042399, -1.2991226747786222, -1.539537015327265, -0.7710732797822631, -0.4580829425074489, -0.5682761682532599, -0.5326251893685728, -0.48390959308816495, -0.9268368251466477, -0.5623073172347803, -0.6491522015286886, -0.3869909662209067, 0.06427158173826059, -0.8459646676943742, -0.7798398154830704, -0.7609417918597717, -1.3331127137183973, -0.49277641098626057, -0.6453581638176856, -1.0109600732708934, -1.0525505492038743, 0.08166153692431488, -0.6475446279232149, -1.043374840966659, -0.6256814723773266, -0.46857602539530685, -1.205973785493042, -0.8008587380542439, -0.4868360346571361, -0.6826316304367109, -0.6886036466408008, -0.5036850213329245, 0.2204405568967674, -0.9734394613292711, -0.6322922378034779, -1.1387551767869206, -0.883295638701171, -0.9259337205457351, -1.0021909909764157, -0.5012693030203846, -1.302265816204931, -0.7292042482078658, -0.3724357227049143, -1.6070868921664327, -1.7303586058663551, -0.38165409809790685, -1.1844343600044516, -0.8473011056591001, -0.9319461066467577, -0.5717918119782692, -1.1868291105557933, -0.750715292848582, -0.7510585717309547, -0.3288713983143349, -0.8730074594910403, -0.6595701064942238, -1.0424819286204163, -0.9889826479949894, -0.6044678443813889, -1.029914927672399, -0.8610832277313383, -0.38657761065451735, -0.7579655575217168, -0.7913694392242556, -0.49888449120945577, -0.4996631962159189, -0.3924296868179867, -1.0932144710473364, -0.672335607956456, -0.5401744984993873, -1.013694769955405, -0.9001830101749396, -0.826149421048315, -0.4392382448451531, -0.9750510641257322, -0.8523112338827143, -0.586667322092338, -0.4323362592310195, -0.6204075039288469, -0.5988163196459544, -0.3348834397852262, -0.6892729328618111, -0.47206831519870296, -0.7870800231863657], "Fehlmann2020": [0.4084888342632651, 0.20594917090650322, 0.02631671405075022, 0.214962689060261, -0.24182062290095757, 0.1344153597579834, 0.2689009602484445, 0.17572054458599318, 0.08027317912998827, 0.12563742726442753, -0.10072463361507814, 0.25994260199395636, 0.26668932714166216, 0.22486817537272086, 0.06332409716487868, -0.0035327767008326485, 0.33524364873195067, 0.20945563868051667, -0.16968148710135336, -0.3123884968718454, 0.31451827263013354, 0.3243374549053705, 0.12284972548386236, 0.06110694992357647, -0.03165236685267238, 0.2773442770791027, 0.11626293078702182, 0.20991379159416484, 0.29938630099833174, 0.15782381854094396, 0.22164053713169413, 0.2969530399627667, 0.2564986005070279, -0.22403229035851543, 0.330721221875818, 0.42362391322446097, 0.20546188356812906, 0.3432211950809148, -0.4616793438912933, 0.14451482744692948, 0.04510487960852361, 0.10593838108108886, 0.09829087223903282, 0.10367275585502606, 0.3646041324882118, 0.07115311543637978, -0.43252746338313597, 0.09910314891504816, 0.45109330571255635, 0.22507015798695446, 0.4610817129128843, 0.4367009719293339, 0.2375644084548733, 0.26924274331942355, 0.02554232546848726, -0.28470695190066747, 0.1949712226250489, 0.07076906024168558, 0.30820814513013717, 0.4403310243950924, -0.28016829332032045, -0.08800134212075482, -0.013864833293301008, 0.2205026770339169, -0.6310207725410661, 0.04925965716958641, -0.06442582021750762, 0.2131680507203786, 0.1997998517715735, 0.15846457378330214, -0.11757697714103443, -0.4863680976234657, 0.12027740753579252, 0.04390118333106141, -0.3307043897803874, -0.2568867596933049, 0.2524063176877124, -0.1572426905474431, -0.1335671360780722, 0.015970324833484466, 0.5391635764461377, 0.10925429486644128, 0.07284687376711263, 0.3653137549421883, 0.14043146281590754, 0.03964267292157192, 0.0012542447270560617, 0.24101107228092677, 0.21130763107156164, 0.15257104936151283, -0.33544467528683886, 0.04413048085338814, 0.09409774706737263], "mirnas": ["miR-4516", "miR-371b-5p", "miR-6799-5p", "miR-1268a", "miR-19b-3p", "miR-423", "miR-6089", "miR-4507", "miR-6126", "miR-4788", "miR-224-5p", "miR-320c", "miR-6090", "miR-4463", "miR-29c-5p", "miR-199a-5p", "miR-1260b", "miR-5739", "let-7a", "miR-103a", "Unknown", "miR-6740-5p", "miR-6069", "miR-18b-3p", "miR-4306", "miR-320d", "miR-1281", "miR-4466", "miR-642a-3p", "miR-574-5p", "miR-4484", "miR-6127", "miR-6780a-5p", "let-7f", "miR-4281", "miR-4298", "miR-1207-5p", "miR-4433a-3p", "miR-26b", "miR-6820-5p", "miR-2861", "miR-548d-5p", "miR-92b", "miR-3679-3p", "Unknown", "miR-7114-5p", "miR-106b", "miR-3196", "miR-328-5p", "Unknown", "miR-7107-5p", "miR-4669", "miR-320b", "miR-320e", "miR-451a", "miR-98", "miR-7704", "miR-638", "miR-4455", "miR-4443", "miR-107-3p", "miR-193a", "miR-150-5p", "miR-4271", "miR-15a", "miR-3162-5p", "miR-323", "miR-4270", "miR-1275", "miR-4505", "miR-340-3p", "miR-17", "miR-7106-5p", "miR-122-5p", "let-7i", "miR-15b-3p", "miR-3960", "miR-3163", "miR-181a-3p", "miR-183-3p", "miR-6739-5p", "miR-7976", "miR-4286", "miR-4485-5p", "miR-4530", "miR-23b-3p", "miR-210", "miR-1268b", "miR-1202", "miR-1246", "miR-130a", "miR-3940-5p", "miR-22"], "p-values": {"Li2017": [0.16076651720103635, 0.419000547666045, 0.5014353885855414, 0.14884663563262224, 0.6550218156744838, 0.23052667977406593, 0.24049052767172424, 0.24210531185306167, 0.15064538667498384, 0.20518302449180467, 0.3787947771978861, 0.1415619789613318, 0.3336540260683199, 0.5298446567618444, 0.4127257923361174, 0.22553977981059953, 0.41892304817962833, 0.23027322396635, 0.6080789275048939, 0.42886261716758356, 0.4759855121101637, 0.7639674026821819, 0.21821784755571738, 0.19261396061243832, 0.43454592208333054, 0.13818473312707902, 0.4394655204231913, 0.2769984335993658, 0.1459782737596981, 0.17149561263697768, 0.8682785007977609, 0.3252819205339323, 0.19827123590370105, 0.43615536813955036, 0.12136356196367853, 0.13350019987245695, 0.15125612472788127, 0.5850947329651428, 0.42007514084867104, 0.24089692633947446, 0.6152001116582066, 0.5210273612942391, 0.3272298719390625, 0.27337474505715437, 0.22247216778416842, 0.1574630021382324, 0.27037774039763834, 0.23489149368901446, 0.42552514253863016, 0.15601036307639093, 0.4110790943229188, 0.5515018350315154, 0.1132805530957829, 0.14692365638480798, 0.8648635353834568, 0.29829865709693887, 0.2178816866061612, 0.23999731895642007, 0.3689160902875146, 0.1826624198390533, 0.4622933542171267, 0.24165169607643422, 0.6525694128730946, 0.17821489943701388, 0.24175205563260266, 0.17100830685983576, 0.26934491120532433, 0.4058053911437311, 0.1564717046748924, 0.2821883313192135, 0.11725116248083937, 0.7426141913107522, 0.1235369932481747, 0.14368294998530584, 0.6314218319628964, 0.6908096675286799, 0.1719137737454172, 0.11786748882435298, 0.5803161273353894, 0.18051686732518168, 0.11516338275171996, 0.4705194087883725, 0.31753997527568273, 0.3590775343675041, 0.19265147909749566, 0.47612286215052946, 0.6720502214467101, 0.11692784460242363, 0.1201067689416608, 0.5163171068873764, 0.36074316675329376, 0.26355455774716824, 0.5860591922746857],