{"corr": -0.502551675703656, "p-value": 0.3881909924493477, "slope": -1.4624068611763128, "intercept": -1.2274186017665745, "Li2017": [-0.5623073172347803, -0.7579655575217168, -0.6491522015286886, -0.6826316304367109, -0.7870800231863657], "Bianchi2011": [-0.4332998601721829, -0.46111752048450516, -0.14325028761788594, -0.2511323661723047, 0.18112417595531638], "mirnas": ["let-7a", "miR-17", "miR-103a", "miR-26b", "miR-22"], "p-values": {"Li2017": [0.6080789275048939, 0.7426141913107522, 0.42886261716758356, 0.42007514084867104, 0.5860591922746857], "Bianchi2011": [0.0720250437447595, 1.0879136719279033e-06, 0.18732719934328973, 0.023965711950979886, 0.2724693692539459]}}