{"corr": 0.060836830648145, "p-value": 0.7451002477639892, "slope": 0.03568839648880491, "intercept": 0.07021208408561773, "Li2017": [-0.9259337205457351, -0.36708663183525825, -0.38657761065451735, -0.7579655575217168, -0.49888449120945577, -1.6070868921664327, -0.5727991174613156, -0.439662329803194, -0.38165409809790685, -0.3924296868179867, -0.6256814723773266, -1.0178092714649036, -1.1844343600044516, -0.9319461066467577, -0.6826316304367109, -0.750715292848582, -1.013694769955405, -0.3288713983143349, -0.944943347947499, -0.5682761682532599, -0.5326251893685728, -0.6595701064942238, -0.9889826479949894, -0.5623073172347803, -0.4323362592310195, -0.6491522015286886, -1.029914927672399, -0.9423369865296589, -1.1037655468384733, -0.6892729328618111, -0.7870800231863657], "Wozniak2015": [0.15198467745326394, -0.1771050560660004, 0.33689751456595995, 0.16739540642348957, -0.2140344230512678, 0.06941919486367859, -0.2683548116515652, 0.19694554402205205, -0.03369382595969067, 0.26477375198473513, 0.30210027467512257, 0.08667012981804431, 0.3014933087271602, -0.1628106497453734, 0.11747778445764719, 0.17231214306027903, -0.08378818133062127, -0.0881813753259035, -0.1040566692559433, 0.15995234155924298, -0.054940817557623346, 0.1352225300301535, -0.1909770691142908, 0.19774539526257007, 0.014229305020774956, 0.14316074610333565, -0.20008251223764967, -0.15604781660394054, 0.08568499837101586, 0.007831473034076818, 0.18721086665861492], "mirnas": ["miR-106b", "miR-1233", "miR-340-3p", "miR-17", "miR-122-5p", "miR-320b", "miR-487a-3p", "miR-19b-3p", "miR-451a", "miR-15b-3p", "let-7f", "miR-423", "miR-98", "miR-638", "miR-26b", "miR-107-3p", "miR-183-3p", "miR-150-5p", "miR-1-3p", "miR-29c-5p", "miR-199a-5p", "miR-15a", "miR-323", "let-7a", "miR-210", "miR-103a", "miR-1275", "miR-187-3p", "miR-9-3p", "miR-130a", "miR-22"], "p-values": {"Li2017": [0.27037774039763834, 0.1510311794163065, 0.11725116248083937, 0.7426141913107522, 0.14368294998530584, 0.1132805530957829, 0.43729692734270376, 0.6550218156744838, 0.8648635353834568, 0.6908096675286799, 0.43615536813955036, 0.23052667977406593, 0.29829865709693887, 0.23999731895642007, 0.42007514084867104, 0.4622933542171267, 0.18051686732518168, 0.6525694128730946, 0.2529652912237531, 0.4127257923361174, 0.22553977981059953, 0.24175205563260266, 0.26934491120532433, 0.6080789275048939, 0.6720502214467101, 0.42886261716758356, 0.1564717046748924, 0.27261680054845905, 0.15566683839020146, 0.36074316675329376, 0.5860591922746857], "Wozniak2015": [0.3985235264885687, 0.17689087854670085, 3.49087315442578e-05, 0.003475400482425989, 0.004953861921993387, 0.4207947362305742, 0.013672506160062341, 0.008062146091585313, 0.6081262172965516, 0.3112427866434058, 0.06030233751470445, 0.06230737661610583, 0.03779016020235627, 0.1006310734170655, 0.08308172084170473, 0.06948900597196547, 0.49670272565437856, 0.047109224514866176, 0.38115270386864375, 0.1112869419768472, 0.47350587247911535, 0.3270393773581145, 0.0008879494049163865, 0.11060472409327386, 0.9279550016425097, 0.00563019691549442, 0.0677271049429161, 0.697463257341244, 0.28148694769668714, 0.7956002808667335, 0.19922922469331103]}}