{"corr": -0.2667098894016953, "p-value": 0.19747740730862579, "slope": -0.32000318513948667, "intercept": -0.26057257209977147, "Li2017": [-0.9259337205457351, -0.36708663183525825, -0.38657761065451735, -0.7579655575217168, -0.49888449120945577, -1.6070868921664327, -0.439662329803194, -0.30205269959657827, -0.6256814723773266, -1.0178092714649036, -0.9319461066467577, -0.6826316304367109, -0.3408156805026206, -0.750715292848582, -1.2991226747786222, -0.3288713983143349, 0.2204405568967674, -0.944943347947499, -0.5326251893685728, -0.9889826479949894, -0.5623073172347803, -0.4323362592310195, -1.029914927672399, -0.6892729328618111, -0.7870800231863657], "Halvorsen2016": [-0.1604806521602365, -0.23072893835947103, 0.010263978661500864, -0.2376103577545218, -0.3370672634215526, 0.11640219782841132, -0.1740882806085708, 0.5184106654601732, -1.255598217810335, -0.03212854074583779, -0.04795657499251306, -0.08763697539756474, -0.241520546667641, 0.4834366017819343, 0.012829866432701304, 0.1476131589780158, -1.1613838300507675, 0.675320624606363, 0.591099987034476, -0.2612728798585051, 0.30075958801887204, 0.31477811767502556, -0.025678973816861426, 0.049576663105340674, -0.038442565861204765], "mirnas": ["miR-106b", "miR-1233", "miR-340-3p", "miR-17", "miR-122-5p", "miR-320b", "miR-19b-3p", "miR-616-5p", "let-7f", "miR-423", "miR-638", "miR-26b", "miR-519d", "miR-107-3p", "miR-224-5p", "miR-150-5p", "miR-548d-5p", "miR-1-3p", "miR-199a-5p", "miR-323", "let-7a", "miR-210", "miR-1275", "miR-130a", "miR-22"], "p-values": {"Li2017": [0.27037774039763834, 0.1510311794163065, 0.11725116248083937, 0.7426141913107522, 0.14368294998530584, 0.1132805530957829, 0.6550218156744838, 0.1268586028623889, 0.43615536813955036, 0.23052667977406593, 0.23999731895642007, 0.42007514084867104, 0.3346740851600409, 0.4622933542171267, 0.3787947771978861, 0.6525694128730946, 0.5210273612942391, 0.2529652912237531, 0.22553977981059953, 0.26934491120532433, 0.6080789275048939, 0.6720502214467101, 0.1564717046748924, 0.36074316675329376, 0.5860591922746857], "Halvorsen2016": [0.007875815743364916, 0.31942630728807797, 0.9585545114340895, 2.0729600402855845e-05, 1.3727795471894957e-06, 0.5976545188807535, 2.6710844844230012e-06, 0.2178060133161152, 0.005332167039810472, 0.8592993283043355, 0.8948169624588127, 0.07082992267523196, 0.5268253074586586, 0.29409164563329454, 0.9582850415759105, 0.152627970310199, 0.01115527615978401, 0.11800762940584769, 0.19556492487634144, 0.3271201501328047, 0.4040700818322642, 0.13103523531131606, 0.8848964263700941, 0.7909617261687482, 0.9002850831913978]}}