{"corr": 0.2561079260474586, "p-value": 0.04634379870492531, "slope": 0.29091624984882447, "intercept": 0.2570302928459575, "Li2017": [-0.9259337205457351, 0.239671953984682, -0.5418909249983079, -0.7798398154830704, -0.36708663183525825, -0.38657761065451735, -0.7579655575217168, -0.6547560137353027, -1.3331127137183973, -0.49277641098626057, -0.49888449120945577, -1.0525505492038743, -1.0703962467688024, -1.4288092869364202, -0.4996631962159189, -1.6070868921664327, -0.44216539538943894, -0.5727991174613156, -0.439662329803194, -0.38165409809790685, -0.30205269959657827, -0.3924296868179867, -0.6256814723773266, -1.0178092714649036, -1.1844343600044516, -0.5277632991330119, -0.8008587380542439, -0.9697486703345379, -0.2564643707364844, -0.9319461066467577, -0.6826316304367109, -0.3408156805026206, -0.7612031731751676, -0.750715292848582, -0.5401744984993873, -0.7510585717309547, -1.013694769955405, -1.539537015327265, -0.3288713983143349, 0.2204405568967674, -0.944943347947499, -0.8095147407906981, -0.9734394613292711, -0.531955960147346, -0.5682761682532599, -0.5326251893685728, -0.6595701064942238, -0.9889826479949894, -0.7285322199407149, -0.3304437698285775, -0.5623073172347803, -0.4323362592310195, -0.6491522015286886, -0.7678379298713889, -1.029914927672399, -0.9423369865296589, -0.5988163196459544, -1.1037655468384733, -0.3348834397852262, -0.6892729328618111, -0.7870800231863657], "Leidinger2011": [-0.846224432380494, 0.06590387656873942, -0.10484473400471776, -0.14243661962845666, -0.2502361544566315, 0.4919647689202281, -0.5315578146882365, 0.33248143292808846, -0.5284207800386845, 0.27148786519234963, 0.30461067239073847, -0.14355993180277266, 0.24328419073380514, -0.5261378750090029, 0.20917697109515415, -0.4604631591117838, 0.6209743519368411, -0.5104264927819935, 0.5803209961470173, 0.02376094110249765, -0.1854557910487975, 0.38435310061419903, 0.20846124976266453, 0.15893113938001918, -0.09865931677618581, -0.07317394594690983, 0.7034674811445454, 0.5548554166151771, -0.3190761880680382, 0.6221404338359923, -0.2442585234034057, -0.0863006831133922, -0.3444914297796742, -0.7106645807841663, 0.22865343289509701, -0.09812012938368456, 0.5758155207389241, -0.3539927702807576, -0.016655428093524712, 0.4041019165569972, -0.2436390181524049, 0.266494385414453, 0.37482281006371354, 0.12366762514723213, 0.7388594863958204, 0.7844306284479337, 0.22976534090810824, -0.15647472942975094, 0.39320461160217757, 0.10297388193707102, 0.1995728891554459, -0.08219409340207001, -0.9611072582421021, 0.04649356492830889, 0.5803966659690595, 0.2613063848920232, -0.02901143816597701, -0.40888094895995114, 0.377067860987657, 0.0859225732784012, 0.2340468565294953], "mirnas": ["miR-106b", "miR-1226", "miR-632", "miR-18b-3p", "miR-1233", "miR-340-3p", "miR-17", "miR-32-3p", "miR-320d", "miR-1281", "miR-122-5p", "miR-574-5p", "miR-576-5p", "miR-216a", "let-7i", "miR-320b", "miR-1268a", "miR-487a-3p", "miR-19b-3p", "miR-451a", "miR-616-5p", "miR-15b-3p", "let-7f", "miR-423", "miR-98", "miR-200b-5p", "miR-1207-5p", "miR-675b", "miR-936", "miR-638", "miR-26b", "miR-519d", "miR-580", "miR-107-3p", "miR-181a-3p", "miR-193a", "miR-183-3p", "miR-320c", "miR-150-5p", "miR-548d-5p", "miR-1-3p", "miR-1228-5p", "miR-92b", "miR-1264", "miR-29c-5p", "miR-199a-5p", "miR-15a", "miR-323", "miR-609", "miR-941", "let-7a", "miR-210", "miR-103a", "miR-611", "miR-1275", "miR-187-3p", "miR-1202", "miR-9-3p", "miR-1246", "miR-130a", "miR-22"], "p-values": {"Li2017": [0.27037774039763834, 0.8065217420839171, 0.2858979395903674, 0.19261396061243832, 0.1510311794163065, 0.11725116248083937, 0.7426141913107522, 0.40474022342711413, 0.13818473312707902, 0.4394655204231913, 0.14368294998530584, 0.17149561263697768, 0.2025712667400852, 0.31006756046883555, 0.6314218319628964, 0.1132805530957829, 0.14884663563262224, 0.43729692734270376, 0.6550218156744838, 0.8648635353834568, 0.1268586028623889, 0.6908096675286799, 0.43615536813955036, 0.23052667977406593, 0.29829865709693887, 0.6818999774888791, 0.15125612472788127, 0.16382975261624472, 0.7451846646207714, 0.23999731895642007, 0.42007514084867104, 0.3346740851600409, 0.16725740867476194, 0.4622933542171267, 0.5803161273353894, 0.24165169607643422, 0.18051686732518168, 0.1415619789613318, 0.6525694128730946, 0.5210273612942391, 0.2529652912237531, 0.29582448328179567, 0.3272298719390625, 0.5223199768705484, 0.4127257923361174, 0.22553977981059953, 0.24175205563260266, 0.26934491120532433, 0.1660668554810761, 0.1795240684109846, 0.6080789275048939, 0.6720502214467101, 0.42886261716758356, 0.22251252616499292, 0.1564717046748924, 0.27261680054845905, 0.1201067689416608, 0.15566683839020146, 0.5163171068873764, 0.36074316675329376, 0.5860591922746857], "Leidinger2011": [0.01066331364392464, 0.8631892637567011, 0.6571817052188011, 0.44591635327053347, 0.3086859548698074, 0.11220090947635593, 0.03087591900426225, 0.29134579006513506, 0.06344282329027308, 0.49120688253052003, 0.30267856399791904, 0.6680120741462507, 0.480124919952692, 0.05367293503032674, 0.6715276474453651, 0.24369862212139756, 0.11495661487777632, 0.13818211349587628, 0.07823008403965648, 0.9515479735451045, 0.5674138655509527, 0.3092870469219825, 0.6390485647443952, 0.5923316491021293, 0.7988326642923563, 0.8707976097608052, 0.05028837017627588, 0.02401843951416121, 0.3301346385976135, 0.18800455154126955, 0.5470786317873221, 0.754680033909473, 0.31123424819818524, 0.021196581062300445, 0.5095510678668997, 0.5678679356747338, 0.011546643858320245, 0.19959032483743214, 0.9528442977042288, 0.17469388390561036, 0.4165130327879055, 0.42270454554073644, 0.1777969033355649, 0.6488159092873047, 0.060174828083621186, 0.008542401595245686, 0.22315686135585813, 0.6218507789836001, 0.19589257643714866, 0.5358058161995256, 0.69521105320827, 0.7384159263656316, 0.011243157885887289, 0.8258468042506908, 0.02899592386975651, 0.31182045838966294, 0.9225208384901062, 0.25330443016977927, 0.24165110112512034, 0.7758569860837934, 0.3601511062567704]}}