{"corr": -0.6015076811084696, "p-value": 0.029650637994032725, "slope": -1.1921898827300212, "intercept": -0.6167892254774237, "Li2017": [-1.2991226747786222, -0.9259337205457351, -0.439662329803194, -0.38165409809790685, -0.3288713983143349, -0.944943347947499, -0.38657761065451735, -0.7579655575217168, -1.0178092714649036, -0.49888449120945577, -0.6826316304367109, -0.9889826479949894, -0.6892729328618111], "Boeri2011": [0.7752482245774797, -0.01099107215490386, -0.1565173184788557, -0.5766107706167771, -0.1917678609294508, 1.8563772933349636, 0.3452287121533031, 0.10501222895849677, 0.3321928488697995, -0.19250249352175683, -0.0007498864841224441, 0.4114565992939566, 0.4231730677085008], "mirnas": ["miR-224-5p", "miR-106b", "miR-19b-3p", "miR-451a", "miR-150-5p", "miR-1-3p", "miR-340-3p", "miR-17", "miR-423", "miR-122-5p", "miR-26b", "miR-323", "miR-130a"], "p-values": {"Li2017": [0.3787947771978861, 0.27037774039763834, 0.6550218156744838, 0.8648635353834568, 0.6525694128730946, 0.2529652912237531, 0.11725116248083937, 0.7426141913107522, 0.23052667977406593, 0.14368294998530584, 0.42007514084867104, 0.26934491120532433, 0.36074316675329376], "Boeri2011": [0.3275086939793357, 0.9728213072933031, 0.5927190576326582, 0.09189878836069441, 0.4126292129880804, 0.004190010089216091, 0.4134714324054982, 0.7449741451067455, 0.37658932625013364, 0.5839548125192163, 0.9986112220669273, 0.008971862186793838, 0.35415481860556275]}}