{"corr": 0.21446099742461958, "p-value": 0.0914409778086308, "slope": 0.7485915873733714, "intercept": -0.13428351652866344, "Li2017": [-0.9259337205457351, 0.239671953984682, -0.5418909249983079, -0.7798398154830704, -0.36708663183525825, -0.7579655575217168, -0.6547560137353027, -1.3331127137183973, -0.49277641098626057, -0.49888449120945577, -1.0525505492038743, -1.0703962467688024, -1.4288092869364202, -0.4996631962159189, -1.6070868921664327, -0.44216539538943894, -0.5727991174613156, -0.439662329803194, -0.38165409809790685, -0.30205269959657827, -0.3924296868179867, -0.6256814723773266, -0.2115073790204356, -1.0178092714649036, -1.1844343600044516, -0.5277632991330119, -0.8008587380542439, -0.9697486703345379, -0.2564643707364844, -0.9319461066467577, -0.6826316304367109, -0.3408156805026206, -0.7612031731751676, -0.750715292848582, -0.5401744984993873, -0.7510585717309547, -1.013694769955405, -1.539537015327265, -0.3288713983143349, 0.2204405568967674, -0.944943347947499, -0.8095147407906981, -0.4455145579528157, -0.9734394613292711, -0.531955960147346, -0.5682761682532599, -0.5326251893685728, -0.6595701064942238, -0.9889826479949894, -0.7285322199407149, -0.3304437698285775, -0.5623073172347803, -0.4323362592310195, -0.6491522015286886, -0.7678379298713889, -1.029914927672399, -0.9423369865296589, -0.5988163196459544, -1.1037655468384733, -0.3348834397852262, -0.6892729328618111, -0.7719445429387048, -0.7870800231863657], "Patnaik2012": [-2.684393906141107, -0.4198545487827588, 0.06815085633862697, -1.2537848923116237, -0.033914721531583966, -2.8000362498652978, 0.16273191638085055, -2.256999694180106, 0.031948545503608906, 0.8932473282296607, 0.10062576182374136, 0.3656573750684074, -0.12668192062490435, -3.907108295004087, -2.542966411268324, 0.29431195000395016, 0.204401999586167, -1.068350457404267, -1.3062856185459881, -0.052032658178652574, -0.4265522217664543, -2.410412206412005, -0.8089354181411592, -1.5906723245769583, -2.287869916725798, 0.11720165856359613, 0.1516353849155737, 0.9555539685574624, 0.35634187824911956, 1.158106509932193, -1.8798769291155581, 0.7037605872562553, 0.2558057949227345, -2.0079965980093464, 0.35056346680597744, -0.642755695849292, 0.015825164762097027, -2.7347278106460977, -0.5156890730318113, 0.48834847481926313, 1.415101677370826, 0.0588116920750784, 0.07588340793841951, -0.7341760437312472, -1.149265401674933, -0.315912348073789, 0.5866333564848664, -3.178563140213198, 0.21727969304053665, 0.08422455901218247, 0.07715142850587559, -2.6267364818069714, -2.185205523157543, -1.9706034810830062, -0.06987071297093542, 0.0351412049520282, 0.1869012411804464, -0.14314808878218277, -0.36322472239507003, 0.46824557160124813, -1.9410290853015042, -0.16153082704946964, -2.305849124417183], "mirnas": ["miR-106b", "miR-1226", "miR-632", "miR-18b-3p", "miR-1233", "miR-17", "miR-32-3p", "miR-320d", "miR-1281", "miR-122-5p", "miR-574-5p", "miR-576-5p", "miR-216a", "let-7i", "miR-320b", "miR-1268a", "miR-487a-3p", "miR-19b-3p", "miR-451a", "miR-616-5p", "miR-15b-3p", "let-7f", "miR-711", "miR-423", "miR-98", "miR-200b-5p", "miR-1207-5p", "miR-675b", "miR-936", "miR-638", "miR-26b", "miR-519d", "miR-580", "miR-107-3p", "miR-181a-3p", "miR-193a", "miR-183-3p", "miR-320c", "miR-150-5p", "miR-548d-5p", "miR-1-3p", "miR-1228-5p", "miR-761", "miR-92b", "miR-1264", "miR-29c-5p", "miR-199a-5p", "miR-15a", "miR-323", "miR-609", "miR-941", "let-7a", "miR-210", "miR-103a", "miR-611", "miR-1275", "miR-187-3p", "miR-1202", "miR-9-3p", "miR-1246", "miR-130a", "miR-764", "miR-22"], "p-values": {"Li2017": [0.27037774039763834, 0.8065217420839171, 0.2858979395903674, 0.19261396061243832, 0.1510311794163065, 0.7426141913107522, 0.40474022342711413, 0.13818473312707902, 0.4394655204231913, 0.14368294998530584, 0.17149561263697768, 0.2025712667400852, 0.31006756046883555, 0.6314218319628964, 0.1132805530957829, 0.14884663563262224, 0.43729692734270376, 0.6550218156744838, 0.8648635353834568, 0.1268586028623889, 0.6908096675286799, 0.43615536813955036, 0.37576656498030614, 0.23052667977406593, 0.29829865709693887, 0.6818999774888791, 0.15125612472788127, 0.16382975261624472, 0.7451846646207714, 0.23999731895642007, 0.42007514084867104, 0.3346740851600409, 0.16725740867476194, 0.4622933542171267, 0.5803161273353894, 0.24165169607643422, 0.18051686732518168, 0.1415619789613318, 0.6525694128730946, 0.5210273612942391, 0.2529652912237531, 0.29582448328179567, 0.5292836782348289, 0.3272298719390625, 0.5223199768705484, 0.4127257923361174, 0.22553977981059953, 0.24175205563260266, 0.26934491120532433, 0.1660668554810761, 0.1795240684109846, 0.6080789275048939, 0.6720502214467101, 0.42886261716758356, 0.22251252616499292, 0.1564717046748924, 0.27261680054845905, 0.1201067689416608, 0.15566683839020146, 0.5163171068873764, 0.36074316675329376, 0.2458232095452794, 0.5860591922746857], "Patnaik2012": [0.018372292286237917, 0.24085100489332997, 0.6555277831348312, 0.0003266576643290161, 0.8018937003678502, 0.0034268236694068328, 0.5685563451120152, 0.004765452360457116, 0.9137384560036514, 0.06273887613734397, 0.6864365301203399, 0.7424161971678108, 0.4013490223351214, 0.0015791149137618081, 0.0029396001150363443, 0.22291700474472942, 0.2961013505112068, 0.44778689614125144, 0.26261600251069045, 0.7503052592154278, 0.19512501517900807, 0.0019522954238909442, 7.793270261386088e-05, 0.02601102803657338, 0.009798006452722854, 0.4576701000384862, 0.2918214771656379, 0.0035576395699073076, 0.025486748335959025, 0.0011685916060428664, 0.002970310305662726, 0.011758179599566473, 0.19525356706921015, 0.009047065168277777, 0.06631441653912078, 0.18204429178791354, 0.9591267727593633, 0.0022308137588158646, 0.5857041067512261, 0.08343382842056372, 0.03186395134502599, 0.7375488224888613, 0.5937105110442833, 0.08859353357176489, 0.0197423382971038, 0.4752516155237365, 0.36523506744896805, 0.0018794551031852634, 0.22528735271612568, 0.6342778502778168, 0.7739731972942867, 0.006957552042229244, 0.01719752017553218, 0.005392970310972826, 0.6274692057146765, 0.9249204535757569, 0.2999724320182629, 0.35703081388108426, 0.022622257451755914, 0.417356337320823, 0.0035463028631914986, 0.354288393695121, 0.0217601754461242]}}