{"corr": 0.4247931378507339, "p-value": 0.1479280910684379, "slope": 0.4749541703039151, "intercept": 0.12213323540624746, "Li2017": [-0.9259337205457351, -0.7510585717309547, -0.38165409809790685, -0.3288713983143349, -0.586667322092338, -0.9734394613292711, -0.38657761065451735, -0.7579655575217168, -0.3869909662209067, -0.4323362592310195, -0.6826316304367109, -0.6892729328618111, -0.7870800231863657], "Nigita2018": [0.0791660004144254, -0.4664708167652981, 0.1410700160810356, 0.11107076371326279, -0.28273433267285397, -0.24004582834731153, 0.17400433342383226, -0.2421301013609089, -0.06505974163963396, -0.2957618786372076, -0.3889430719292435, -0.5954545854399867, -0.17408661623996174], "mirnas": ["miR-106b", "miR-193a", "miR-451a", "miR-150-5p", "miR-23b-3p", "miR-92b", "miR-340-3p", "miR-17", "Unknown", "miR-210", "miR-26b", "miR-130a", "miR-22"], "p-values": {"Li2017": [0.27037774039763834, 0.24165169607643422, 0.8648635353834568, 0.6525694128730946, 0.47612286215052946, 0.3272298719390625, 0.11725116248083937, 0.7426141913107522, 0.4759855121101637, 0.6720502214467101, 0.42007514084867104, 0.36074316675329376, 0.5860591922746857], "Nigita2018": [0.8577953845342396, 0.28642402284179475, 0.7629475442280564, 0.8293990980306274, 0.4780994750162685, 0.5378416564323328, 0.6605741721705056, 0.4921139674520766, 0.8751957737861369, 0.4509466276902264, 0.40501534587911525, 0.227185224714413, 0.6095711996353803]}}