{"corr": 0.055880767329034194, "p-value": 0.6939693920256282, "slope": 0.09331125136665853, "intercept": 0.13602886829059202, "Li2017": [-0.9259337205457351, 0.239671953984682, -0.5418909249983079, -0.7798398154830704, -0.36708663183525825, -0.7579655575217168, -0.6547560137353027, -1.3331127137183973, -0.49277641098626057, -0.49888449120945577, -1.0525505492038743, -1.4288092869364202, -0.4996631962159189, -1.6070868921664327, -0.44216539538943894, -0.5727991174613156, -0.439662329803194, -0.38165409809790685, -0.30205269959657827, -0.3924296868179867, -0.6256814723773266, -1.0178092714649036, -0.5277632991330119, -0.8008587380542439, -0.9697486703345379, -0.2564643707364844, -0.9319461066467577, -0.6826316304367109, -0.3408156805026206, -0.7612031731751676, -0.750715292848582, -0.5401744984993873, -0.7510585717309547, -1.013694769955405, -1.539537015327265, -0.3288713983143349, -0.8095147407906981, -0.9734394613292711, -0.531955960147346, -0.5326251893685728, -0.6595701064942238, -0.9889826479949894, -0.3304437698285775, -0.5623073172347803, -0.4323362592310195, -0.6491522015286886, -0.7678379298713889, -1.029914927672399, -0.5988163196459544, -1.1037655468384733, -0.6892729328618111, -0.7870800231863657], "Keller2014": [-0.4319590892255647, 0.48353650734436027, 0.31649653527808475, 0.08769519119290499, -0.08091139479128293, -1.2669765337658696, 0.10081682154515342, 0.06469125949984253, 0.7220480331180936, -0.21021530078839556, 0.4334835716368428, -0.19846986219296253, 0.49454001808609305, -0.22489817126707728, 0.625028587471324, -0.16960114550813538, 0.8404669285059272, -0.20880413482503768, -0.4465388615909207, 0.4847866162603238, 0.30725870465378335, 1.1142606212829707, 0.3806797833839711, 0.9423455058939256, 0.8680838012933103, 0.12150022849662848, 0.3693067628822366, -0.8698624266359434, -0.6886377635549537, 0.10204447794168886, -1.2152351883313295, -0.36254513849816483, 0.175776420465791, 0.2700319704142988, -0.2326998684538028, 0.13516260588790632, 0.7628401383601906, 0.30174875395533013, 0.07548202311142217, 1.2468236403588493, -0.004722898467128313, 0.04072996938992098, 0.07083869892274647, -0.5014603658537002, 0.1773737101363937, -1.324388379798596, 0.10315418551979769, 0.8327219030575462, 0.12714326643963317, -0.7335271511728876, -0.25326830621818786, -0.08816184090053845], "mirnas": ["miR-106b", "miR-1226", "miR-632", "miR-18b-3p", "miR-1233", "miR-17", "miR-32-3p", "miR-320d", "miR-1281", "miR-122-5p", "miR-574-5p", "miR-216a", "let-7i", "miR-320b", "miR-1268a", "miR-487a-3p", "miR-19b-3p", "miR-451a", "miR-616-5p", "miR-15b-3p", "let-7f", "miR-423", "miR-200b-5p", "miR-1207-5p", "miR-675b", "miR-936", "miR-638", "miR-26b", "miR-519d", "miR-580", "miR-107-3p", "miR-181a-3p", "miR-193a", "miR-183-3p", "miR-320c", "miR-150-5p", "miR-1228-5p", "miR-92b", "miR-1264", "miR-199a-5p", "miR-15a", "miR-323", "miR-941", "let-7a", "miR-210", "miR-103a", "miR-611", "miR-1275", "miR-1202", "miR-9-3p", "miR-130a", "miR-22"], "p-values": {"Li2017": [0.27037774039763834, 0.8065217420839171, 0.2858979395903674, 0.19261396061243832, 0.1510311794163065, 0.7426141913107522, 0.40474022342711413, 0.13818473312707902, 0.4394655204231913, 0.14368294998530584, 0.17149561263697768, 0.31006756046883555, 0.6314218319628964, 0.1132805530957829, 0.14884663563262224, 0.43729692734270376, 0.6550218156744838, 0.8648635353834568, 0.1268586028623889, 0.6908096675286799, 0.43615536813955036, 0.23052667977406593, 0.6818999774888791, 0.15125612472788127, 0.16382975261624472, 0.7451846646207714, 0.23999731895642007, 0.42007514084867104, 0.3346740851600409, 0.16725740867476194, 0.4622933542171267, 0.5803161273353894, 0.24165169607643422, 0.18051686732518168, 0.1415619789613318, 0.6525694128730946, 0.29582448328179567, 0.3272298719390625, 0.5223199768705484, 0.22553977981059953, 0.24175205563260266, 0.26934491120532433, 0.1795240684109846, 0.6080789275048939, 0.6720502214467101, 0.42886261716758356, 0.22251252616499292, 0.1564717046748924, 0.1201067689416608, 0.15566683839020146, 0.36074316675329376, 0.5860591922746857], "Keller2014": [0.014729668804019394, 0.0011998359469631713, 0.03486887057937644, 0.43342094093335337, 0.5496137441394711, 4.3831153056045773e-14, 0.5693847986876195, 0.7251544818715605, 0.00017660912199937072, 0.2092030391976825, 0.03589645145715524, 0.1262930601268393, 0.04441928364977695, 0.26983147098309296, 0.0020644151136181054, 0.26024183613809926, 1.8023217985512593e-09, 0.36108105139627267, 0.009786454789571415, 0.01012903987788317, 0.1511406294667627, 2.3289280098859853e-07, 0.0338369447359322, 1.3975974125348497e-06, 2.8226366177593055e-07, 0.3974557016882386, 0.0348207302795539, 9.580631397063054e-06, 1.2184257892528032e-05, 0.5107134673491324, 1.9350581534781698e-16, 0.01145875823237471, 0.1902102191167417, 0.10367180101140497, 0.17805796286387954, 0.45512041599165964, 4.584431137048507e-06, 0.00847347062170082, 0.6191026997613277, 6.18363067116451e-08, 0.9652571790128893, 0.8015204823252153, 0.3912446106015631, 0.015272559346992507, 0.18624393383757193, 7.063581291244568e-13, 0.5209025816939393, 6.521612918916101e-07, 0.47401106871686227, 7.828496666415044e-06, 0.017552773131705637, 0.4507174363698676]}}