{"corr": -0.10401631325071116, "p-value": 0.6130870983688581, "slope": -0.20551111417785328, "intercept": -0.1632086177447715, "Li2017": [0.239671953984682, -0.8399287730686037, -0.44617709301180564, -0.6453581638176856, -1.0109600732708934, -0.3724357227049143, -1.0188665023323438, -1.7303586058663551, -0.8389500126500467, -0.30205269959657827, -0.44853962505298695, -0.8473011056591001, -0.672335607956456, -1.1868291105557933, -0.6886036466408008, -1.013694769955405, -0.4795583003745314, -0.8095147407906981, -0.6322922378034779, -1.1387551767869206, -0.9624869429796736, -1.2174695315365713, -1.1045718619032439, -0.4445821889436985, -0.9423369865296589, -0.47206831519870296], "Yao2019": [-0.21716661546851695, -0.7174851406532778, -0.166384427312319, -0.2928437754869687, 0.23871477592542895, 0.5925053790782572, -0.31283592483029055, -0.29268308447364144, -0.06753676105609263, -1.2583198554964699, -0.005512819941773772, 2.4277428459920234, 1.4569262618841063, -0.4390753624426387, 0.14623158695566982, -0.11584034194488621, -0.8637167276089476, 0.7982173959656924, -0.29268308447364144, 0.03052176188212572, 0.26701742417521857, 0.3614595099735753, 0.37153860138654593, -0.4390753624426387, -1.2216062642198646, -0.1158953549241986], "mirnas": ["miR-1226", "miR-6802-5p", "miR-6799-5p", "miR-4466", "miR-642a-3p", "miR-4669", "miR-2467-5p", "miR-320e", "miR-4687-5p", "miR-616-5p", "miR-4635", "miR-7704", "miR-3163", "miR-4443", "miR-6820-5p", "miR-183-3p", "miR-6849-5p", "miR-1228-5p", "miR-3679-3p", "Unknown", "miR-6748-5p", "miR-6892-5p", "miR-494-5p", "miR-6726-5p", "miR-187-3p", "miR-3940-5p"], "p-values": {"Li2017": [0.8065217420839171, 0.2622020494644233, 0.5014353885855414, 0.2769984335993658, 0.1459782737596981, 0.5515018350315154, 0.3438186987592079, 0.14692365638480798, 0.24684490673500073, 0.1268586028623889, 0.5459198270224064, 0.2178816866061612, 0.11786748882435298, 0.1826624198390533, 0.24089692633947446, 0.18051686732518168, 0.4562799913292289, 0.29582448328179567, 0.27337474505715437, 0.22247216778416842, 0.16465695422652424, 0.1304857604081648, 0.1495688392344106, 0.5565823427368954, 0.27261680054845905, 0.26355455774716824], "Yao2019": [0.6859005616875037, 0.4364813317749908, 0.34659350708733416, 0.5445330682509509, 0.8841754286996522, 0.5055141615561896, 0.3739559544147859, 0.34659350708733416, 0.9094223317529924, 0.12313386781116496, 0.9896022503049211, 0.0059956750052217594, 0.029415240471280225, 0.34659350708733416, 0.34659350708733416, 0.9217350506298783, 0.34659350708733416, 0.24181707293894739, 0.34659350708733416, 0.9735768056615615, 0.44510456482596605, 0.6432640957879984, 0.34659350708733416, 0.34659350708733416, 0.1967505357364308, 0.854726211466566]}}