{"corr": -0.00960416991130319, "p-value": 0.9414394269076465, "slope": -0.022513010835509113, "intercept": 0.7233899702976773, "Li2017": [-0.9259337205457351, 0.239671953984682, -0.791275955683022, -0.36708663183525825, -1.0021909909764157, -0.5012693030203846, -0.664011376071641, -1.3331127137183973, -0.49277641098626057, -1.0109600732708934, -0.49888449120945577, -1.0525505492038743, -1.0703962467688024, -1.4288092869364202, -0.4996631962159189, -1.6070868921664327, -0.44216539538943894, -1.7303586058663551, -0.439662329803194, -0.5727991174613156, -0.38165409809790685, -0.6256814723773266, -1.0178092714649036, -1.1844343600044516, -0.9697486703345379, -0.2564643707364844, -0.9319461066467577, -0.6826316304367109, -0.5717918119782692, -0.3408156805026206, -1.1868291105557933, -0.7612031731751676, -0.750715292848582, -0.5401744984993873, -0.7510585717309547, -1.539537015327265, -0.8888220224126239, 0.2204405568967674, -0.944943347947499, -0.4455145579528157, -0.9734394613292711, -0.3288713983143349, -0.531955960147346, -0.5326251893685728, -1.1045718619032439, -0.6595701064942238, -0.9889826479949894, -0.3304437698285775, -0.4392382448451531, -0.48390959308816495, -0.4323362592310195, -0.6491522015286886, -0.3869909662209067, -1.029914927672399, -0.9423369865296589, -0.6204075039288469, -0.5988163196459544, -0.3348834397852262, -0.6892729328618111, -0.7719445429387048, -0.7870800231863657], "Reis2020": [-0.37157469871302046, 1.110482755576312, 0.8124246266176135, 0.9103912772630784, 1.182918199304835, 0.8733835017645794, 0.8899330463133462, 0.8066863423268349, 0.861491115480792, 0.9793338522928667, 2.3512827790316084, 1.719239871641511, 0.8563349759731359, 1.8478938687115747, -1.3540687655428376, 1.030396266126751, 1.2489500504190107, 0.8574161019989348, 0.4226371125469046, 0.8414487022332902, 2.5567798874738363, 0.29223668112747414, 0.5368206535793525, -0.0289409120752308, 0.9286040926207668, 1.0293983036413983, 1.3960663534681006, 0.7349993704623263, 1.6141211565176843, 1.2258305861750047, 1.8278514554640723, 0.7727556178248403, -0.7233564747998773, 1.0659902614376668, 0.6989895574491801, 0.856584466594474, 1.2037090844163514, 1.1495696195859626, 0.6192357221614033, 0.7865607655388871, 1.0931847391635303, 2.4243835310837003, 0.9042371752700696, -2.06145784057707, 0.7346667163005423, -1.4097051741012554, 0.1653291184067781, 0.5207700902732618, 1.551249519940459, -0.8354609273211735, 0.8127572807793977, 0.8141710609669808, 1.047028974215964, 0.9057341189980987, 0.9020749232184719, 0.9597072567475953, 0.8078506318930797, 0.47270156389543594, -1.9687304929797076, 0.892012134824498, -0.027859786049431907], "mirnas": ["miR-106b", "miR-1226", "miR-4516", "miR-1233", "miR-3196", "miR-328-5p", "miR-371b-5p", "miR-320d", "miR-1281", "miR-642a-3p", "miR-122-5p", "miR-574-5p", "miR-576-5p", "miR-216a", "let-7i", "miR-320b", "miR-1268a", "miR-320e", "miR-19b-3p", "miR-487a-3p", "miR-451a", "let-7f", "miR-423", "miR-98", "miR-675b", "miR-936", "miR-638", "miR-26b", "miR-4455", "miR-519d", "miR-4443", "miR-580", "miR-107-3p", "miR-181a-3p", "miR-193a", "miR-320c", "miR-510-3p", "miR-548d-5p", "miR-1-3p", "miR-761", "miR-92b", "miR-150-5p", "miR-1264", "miR-199a-5p", "miR-494-5p", "miR-15a", "miR-323", "miR-941", "miR-4286", "miR-1260b", "miR-210", "miR-103a", "Unknown", "miR-1275", "miR-187-3p", "miR-1268b", "miR-1202", "miR-1246", "miR-130a", "miR-764", "miR-22"], "p-values": {"Li2017": [0.27037774039763834, 0.8065217420839171, 0.16076651720103635, 0.1510311794163065, 0.23489149368901446, 0.42552514253863016, 0.419000547666045, 0.13818473312707902, 0.4394655204231913, 0.1459782737596981, 0.14368294998530584, 0.17149561263697768, 0.2025712667400852, 0.31006756046883555, 0.6314218319628964, 0.1132805530957829, 0.14884663563262224, 0.14692365638480798, 0.6550218156744838, 0.43729692734270376, 0.8648635353834568, 0.43615536813955036, 0.23052667977406593, 0.29829865709693887, 0.16382975261624472, 0.7451846646207714, 0.23999731895642007, 0.42007514084867104, 0.3689160902875146, 0.3346740851600409, 0.1826624198390533, 0.16725740867476194, 0.4622933542171267, 0.5803161273353894, 0.24165169607643422, 0.1415619789613318, 0.16171322199832536, 0.5210273612942391, 0.2529652912237531, 0.5292836782348289, 0.3272298719390625, 0.6525694128730946, 0.5223199768705484, 0.22553977981059953, 0.1495688392344106, 0.24175205563260266, 0.26934491120532433, 0.1795240684109846, 0.31753997527568273, 0.41892304817962833, 0.6720502214467101, 0.42886261716758356, 0.4759855121101637, 0.1564717046748924, 0.27261680054845905, 0.11692784460242363, 0.1201067689416608, 0.5163171068873764, 0.36074316675329376, 0.2458232095452794, 0.5860591922746857], "Reis2020": [0.38333329832127916, 0.0006568006162027983, 0.007589149563939005, 0.005392579613584224, 0.0026908277387090616, 0.0021460449907467565, 0.005265550349698683, 0.01685353030809103, 0.009664639913082439, 0.0007738356239467848, 0.028436303481892036, 2.2923887810917553e-05, 0.0028553469942655747, 0.008015223066441896, 0.14176250657989503, 0.002879756747778061, 0.00028871282404740794, 0.0007978112428027445, 0.2722317772160494, 0.015938173393325428, 0.06506086175734599, 0.6832886588174367, 0.06719590197932863, 0.9541600400659591, 0.003463884669519077, 0.00217999086538296, 0.028725898142540552, 0.02440828343571287, 0.00039157664389172106, 0.04558491244588331, 2.753114958838025e-07, 0.008799158636178268, 0.4099265207378918, 0.00026127529889320554, 0.05542251889624464, 0.010697630772792796, 0.0005090760837477654, 0.001312541462948767, 0.08368814978368687, 0.011461998432021985, 0.0006101512398697439, 0.05398396988253482, 0.013225704516912882, 0.04210754623209056, 0.01112619492606178, 0.08087155659451911, 0.6850918622460203, 0.11394208814676075, 0.0017509214299895421, 0.2761180816947439, 0.001747877663115468, 0.008060402160537005, 0.04225442822343441, 0.0020839596625935567, 0.0010316998797069113, 0.0021870953078595716, 0.006000251375426924, 0.5612315580412155, 0.1310709438304674, 0.0016592084986013806, 0.9329819846338941]}}