{"corr": 0.28989509391558493, "p-value": 0.33667096641626426, "slope": 0.31871300839184086, "intercept": 0.18302748773001268, "Marzi2016": [0.708939420379425, 0.41968477985195113, -0.0132739899115752, -0.47697252578611726, 1.0947477232927059, -0.7824810315114378, -1.039470323843537, -0.4817274942453117, -0.3669523935061297, 1.186582061660541, 1.354224997622194, -0.8699524902735356, -0.7473284835769717], "Jin2017": [-0.10166821031686127, -0.5727413594131945, -0.19381167951333694, 0.05887592238729658, 2.6755128378603183, 0.13620802121035083, 0.08577618395258493, 0.5563050377973651, -0.27957113176930337, 0.9944536246743392, -0.7096276126034258, -1.0017051243181616, 0.7268953024116362], "mirnas": ["miR-29a", "miR-30c", "miR-30b", "miR-191-5p", "miR-223a-3p", "miR-374a-5p", "miR-92a", "miR-328", "let-7d", "miR-148a", "miR-140-5p", "miR-331-3p", "miR-484"], "p-values": {"Marzi2016": [1.4156486645866428e-08, 0.002581237112155, 0.9202055639248479, 9.024528339465123e-06, 7.101878897787841e-12, 2.5435734547289026e-09, 5.514291956393523e-18, 1.4991602466437515e-05, 0.015232888629862744, 1.4331643497525897e-14, 3.5098940955796554e-30, 1.7866973417030885e-14, 1.616851214458367e-09], "Jin2017": [0.6828950544149728, 0.08428345272988995, 0.6144099125842809, 0.8594709637984036, 2.789015051819706e-07, 0.7337504487523125, 0.6360635908918313, 0.14790345381501566, 0.07264571974507582, 0.013452685747394975, 0.03331474436002021, 0.00550473850784877, 0.03766140471367095]}}