{"corr": -0.022069915726108506, "p-value": 0.9457225742231321, "slope": -0.02215601538310702, "intercept": -0.6160311189150511, "Marzi2016": [0.708939420379425, 0.41968477985195113, -0.0132739899115752, -0.47697252578611726, -0.7824810315114378, -1.039470323843537, -0.4817274942453117, -0.3669523935061297, 1.186582061660541, 1.354224997622194, -0.8699524902735356, -0.7473284835769717], "Patnaik2012": [-0.9526676727811281, 0.19544318452312703, -0.3096333463069586, -1.211256799600061, -1.7505192885027734, -0.4190736767788147, 0.33383980667310365, -2.2564020294352005, -0.5927331386615016, -0.7098066401860336, 0.42563864397070794, -0.12063748694450549], "mirnas": ["miR-29a", "miR-30c", "miR-30b", "miR-191-5p", "miR-374a-5p", "miR-92a", "miR-328", "let-7d", "miR-148a", "miR-140-5p", "miR-331-3p", "miR-484"], "p-values": {"Marzi2016": [1.4156486645866428e-08, 0.002581237112155, 0.9202055639248479, 9.024528339465123e-06, 2.5435734547289026e-09, 5.514291956393523e-18, 1.4991602466437515e-05, 0.015232888629862744, 1.4331643497525897e-14, 3.5098940955796554e-30, 1.7866973417030885e-14, 1.616851214458367e-09], "Patnaik2012": [0.2308932438391852, 0.8164064362714468, 0.7463053169461298, 0.034960862823917783, 0.12513000732443047, 0.30160949157123673, 0.416244081854623, 0.007878041865211686, 0.1701642816127792, 0.1744329172617098, 0.501202480723391, 0.7909902561723616]}}