{"corr": 0.5855548267199187, "p-value": 0.04545614346978988, "slope": 0.06115172105974975, "intercept": 0.012063311083034479, "Marzi2016": [0.708939420379425, 0.41968477985195113, -0.0132739899115752, -0.47697252578611726, 1.0947477232927059, -0.7824810315114378, -1.039470323843537, -0.4817274942453117, 1.186582061660541, 1.354224997622194, -0.8699524902735356, -0.7473284835769717], "Leidinger2014": [0.012022592491112594, -0.025745653018499848, -0.06683690072117596, 0.04577689281440444, 0.17149934139624912, 0.08567938022953311, -0.16761908152581442, -0.04695565360068612, 0.11733131429167508, 0.0570780983129361, -0.054152311743879675, 0.03826659871727603], "mirnas": ["miR-29a", "miR-30c", "miR-30b", "miR-191-5p", "miR-223a-3p", "miR-374a-5p", "miR-92a", "miR-328", "miR-148a", "miR-140-5p", "miR-331-3p", "miR-484"], "p-values": {"Marzi2016": [1.4156486645866428e-08, 0.002581237112155, 0.9202055639248479, 9.024528339465123e-06, 7.101878897787841e-12, 2.5435734547289026e-09, 5.514291956393523e-18, 1.4991602466437515e-05, 1.4331643497525897e-14, 3.5098940955796554e-30, 1.7866973417030885e-14, 1.616851214458367e-09], "Leidinger2014": [0.9839500621605463, 0.9345482649255441, 0.78693357589647, 0.8975735866848702, 0.8082839085277544, 0.8141083332370318, 0.790183438913441, 0.7979809386930429, 0.7876482684214249, 0.9139332946265671, 0.8986889007446047, 0.9415515061843773]}}