{"corr": 0.10393467267001887, "p-value": 0.7478716427188892, "slope": 0.09688793507429445, "intercept": 0.19183742513453664, "Marzi2016": [0.708939420379425, 0.41968477985195113, -0.0132739899115752, -0.47697252578611726, 1.0947477232927059, -0.7824810315114378, -1.039470323843537, -0.4817274942453117, -0.3669523935061297, 1.186582061660541, -0.8699524902735356, -0.7473284835769717], "Keller2009": [1.220399080841325, 0.5886062597055319, 0.49217890439533796, 0.1487739061185287, -0.5257991704895928, -0.1259619544896305, -0.03239873932428348, 0.6357661074682466, -1.6431993240231828, 0.33991175792122885, 0.7012118689841134, 0.3699978717656026], "mirnas": ["miR-29a", "miR-30c", "miR-30b", "miR-191-5p", "miR-223a-3p", "miR-374a-5p", "miR-92a", "miR-328", "let-7d", "miR-148a", "miR-331-3p", "miR-484"], "p-values": {"Marzi2016": [1.4156486645866428e-08, 0.002581237112155, 0.9202055639248479, 9.024528339465123e-06, 7.101878897787841e-12, 2.5435734547289026e-09, 5.514291956393523e-18, 1.4991602466437515e-05, 0.015232888629862744, 1.4331643497525897e-14, 1.7866973417030885e-14, 1.616851214458367e-09], "Keller2009": [0.0007576228697549298, 0.24034408235607177, 0.17290570460854995, 0.6378757554712646, 0.16903037354667258, 0.7833620752350932, 0.9158447091081248, 0.050749624158234224, 2.323770845275919e-05, 0.3219681770194704, 0.027743620690868612, 0.36351301770117017]}}