{"corr": 0.7620297623598347, "p-value": 0.010407549001262159, "slope": 0.4542574504008962, "intercept": 0.01806906546779738, "Marzi2016": [0.708939420379425, 0.41968477985195113, -0.0132739899115752, -0.47697252578611726, 1.0947477232927059, -0.7824810315114378, -0.4817274942453117, 1.186582061660541, 1.354224997622194, -0.8699524902735356], "Bianchi2011": [0.4625035847626221, -0.46936087669168863, -0.23232070613411343, -0.15129944515862373, 0.9529742661455445, -0.18621315273197886, -0.21236679809285997, 0.8808110636176152, 0.33547705809067313, -0.22750721532151716], "mirnas": ["miR-29a", "miR-30c", "miR-30b", "miR-191-5p", "miR-223a-3p", "miR-374a-5p", "miR-328", "miR-148a", "miR-140-5p", "miR-331-3p"], "p-values": {"Marzi2016": [1.4156486645866428e-08, 0.002581237112155, 0.9202055639248479, 9.024528339465123e-06, 7.101878897787841e-12, 2.5435734547289026e-09, 1.4991602466437515e-05, 1.4331643497525897e-14, 3.5098940955796554e-30, 1.7866973417030885e-14], "Bianchi2011": [4.284948664714242e-05, 7.9372318448231e-06, 0.016926513359532776, 0.008576553848249718, 0.00014748281949036594, 0.13611953634090698, 0.11404956844705813, 2.2799874776139176e-07, 1.327348530147137e-07, 9.538214672058043e-05]}}