{"corr": 0.02269917342304733, "p-value": 0.957453667328509, "slope": 0.005921300420845781, "intercept": -0.14195759964766438, "Marzi2016": [0.708939420379425, -0.47697252578611726, 1.0947477232927059, -0.4817274942453117, 1.186582061660541, 1.354224997622194, -0.8699524902735356, -0.7473284835769717], "Nigita2018": [-0.36111041707506364, 0.21440895022740836, -0.24878735805096125, -0.23887949461293825, 0.2811856623237663, -0.3066188214094633, -0.31042389961115263, -0.1549635209637557], "mirnas": ["miR-29a", "miR-191-5p", "miR-223a-3p", "miR-328", "miR-148a", "miR-140-5p", "miR-331-3p", "miR-484"], "p-values": {"Marzi2016": [1.4156486645866428e-08, 9.024528339465123e-06, 7.101878897787841e-12, 1.4991602466437515e-05, 1.4331643497525897e-14, 3.5098940955796554e-30, 1.7866973417030885e-14, 1.616851214458367e-09], "Nigita2018": [0.33251562477752705, 0.6502200040466, 0.588663947574964, 0.48172460648727367, 0.4807031877031902, 0.4585002286294403, 0.4314842482702397, 0.7441028973353545]}}