{"corr": -0.3312697739851938, "p-value": 0.2688761786806448, "slope": -0.14994295805373628, "intercept": -0.07011622452004525, "Marzi2016": [0.708939420379425, 0.41968477985195113, -0.0132739899115752, -0.47697252578611726, 1.0947477232927059, -0.7824810315114378, -1.039470323843537, -0.4817274942453117, -0.3669523935061297, 1.186582061660541, 1.354224997622194, -0.8699524902735356, -0.7473284835769717], "Zaporozhchenko2018": [-0.23925600050211443, -0.09699769243272874, -0.09734005250719296, -0.1391534596512059, -0.17404834798998917, -0.2481646780686386, -0.07593377906331181, -0.4760003641187034, -0.07052960634169138, -0.19276698024599573, -0.21794463515451745, 1.1574140294050013, -0.038693187044469626], "mirnas": ["miR-29a", "miR-30c", "miR-30b", "miR-191-5p", "miR-223a-3p", "miR-374a-5p", "miR-92a", "miR-328", "let-7d", "miR-148a", "miR-140-5p", "miR-331-3p", "miR-484"], "p-values": {"Marzi2016": [1.4156486645866428e-08, 0.002581237112155, 0.9202055639248479, 9.024528339465123e-06, 7.101878897787841e-12, 2.5435734547289026e-09, 5.514291956393523e-18, 1.4991602466437515e-05, 0.015232888629862744, 1.4331643497525897e-14, 3.5098940955796554e-30, 1.7866973417030885e-14, 1.616851214458367e-09], "Zaporozhchenko2018": [0.18063508080941096, 0.4516146173319827, 0.4345069086072927, 0.4635983186330196, 0.07305249930361893, 0.32562879162046343, 0.5209141277892156, 0.4422243245782582, 0.5353442245428606, 0.27073729496142707, 0.5000776419982337, 0.13731956948966478, 0.7908326666639611]}}