{"corr": -0.3788162296485625, "p-value": 0.20179836056499084, "slope": -0.13196017680835306, "intercept": -0.17416892106492893, "Marzi2016": [0.708939420379425, 0.41968477985195113, -0.0132739899115752, -0.47697252578611726, 1.0947477232927059, -0.7824810315114378, -1.039470323843537, -0.4817274942453117, -0.3669523935061297, 1.186582061660541, 1.354224997622194, -0.8699524902735356, -0.7473284835769717], "Fehlmann2020": [-0.06543872136549822, -0.09476820959911597, -0.25336718159561217, 0.0381314473418587, -0.08516465249218406, -0.8196144039131157, 0.12988281467609042, 0.1091340354463944, -0.16069243089720595, -0.4545895334204626, -0.6564240669476626, 0.006715573178384679, 0.04384412600570543], "mirnas": ["miR-29a", "miR-30c", "miR-30b", "miR-191-5p", "miR-223a-3p", "miR-374a-5p", "miR-92a", "miR-328", "let-7d", "miR-148a", "miR-140-5p", "miR-331-3p", "miR-484"], "p-values": {"Marzi2016": [1.4156486645866428e-08, 0.002581237112155, 0.9202055639248479, 9.024528339465123e-06, 7.101878897787841e-12, 2.5435734547289026e-09, 5.514291956393523e-18, 1.4991602466437515e-05, 0.015232888629862744, 1.4331643497525897e-14, 3.5098940955796554e-30, 1.7866973417030885e-14, 1.616851214458367e-09], "Fehlmann2020": [0.09937961548903318, 0.02220022796025857, 9.323572389977506e-07, 0.25046596875924004, 0.015451945242310486, 3.049059252568724e-47, 6.5273857535749285e-06, 9.35808420186955e-05, 1.6898538770255257e-05, 3.7998578291229147e-19, 2.6491409681200784e-39, 0.8636844452974906, 0.24255568994831414]}}