{"corr": 0.30520588684834177, "p-value": 0.3105739399817631, "slope": 0.5076785428031548, "intercept": -1.2378187074808735, "Marzi2016": [0.708939420379425, 0.41968477985195113, -0.0132739899115752, -0.47697252578611726, 1.0947477232927059, -0.7824810315114378, -1.039470323843537, -0.4817274942453117, -0.3669523935061297, 1.186582061660541, 1.354224997622194, -0.8699524902735356, -0.7473284835769717], "Duan2021": [-2.5817354647896016, -2.9167669526192626, -1.3194712419780716, -1.8976344905138818, 0.9807639039186147, -1.617279816527076, -1.938042959035145, -0.28218932028672006, -2.25485972239311, -1.6249364348873447, 1.13792133129904, -2.5547521873998402, 0.7702429389295604], "mirnas": ["miR-29a", "miR-30c", "miR-30b", "miR-191-5p", "miR-223a-3p", "miR-374a-5p", "miR-92a", "miR-328", "let-7d", "miR-148a", "miR-140-5p", "miR-331-3p", "miR-484"], "p-values": {"Marzi2016": [1.4156486645866428e-08, 0.002581237112155, 0.9202055639248479, 9.024528339465123e-06, 7.101878897787841e-12, 2.5435734547289026e-09, 5.514291956393523e-18, 1.4991602466437515e-05, 0.015232888629862744, 1.4331643497525897e-14, 3.5098940955796554e-30, 1.7866973417030885e-14, 1.616851214458367e-09], "Duan2021": [0.0170333737221151, 0.00040062421241558125, 0.12245217085281404, 0.10312080645165703, 0.013043621484028576, 0.007261834781009084, 0.07447497784777471, 0.31034609827157483, 0.0007176121771172095, 0.0652993137901248, 0.01962248346120708, 0.0019553891050900956, 0.031866325830715476]}}