{"corr": 0.30158595174545155, "p-value": 0.34076774100126594, "slope": 0.0962691029468118, "intercept": -0.07518741718492372, "Marzi2016": [0.708939420379425, 0.41968477985195113, -0.0132739899115752, -0.47697252578611726, 1.0947477232927059, -0.7824810315114378, -1.039470323843537, -0.4817274942453117, 1.186582061660541, 1.354224997622194, -0.8699524902735356, -0.7473284835769717], "Boeri2011": [-0.07263525665068123, -0.2390381393841577, -0.06836306241965022, -0.08789922028410904, 0.029527926720578388, -0.04367357576833018, -0.3534847699527149, 0.4236890821845438, 0.3181491345858233, -0.16977609032984564, -0.6500594820229597, 0.04529480687217055], "mirnas": ["miR-29a", "miR-30c", "miR-30b", "miR-191-5p", "miR-223a-3p", "miR-374a-5p", "miR-92a", "miR-328", "miR-148a", "miR-140-5p", "miR-331-3p", "miR-484"], "p-values": {"Marzi2016": [1.4156486645866428e-08, 0.002581237112155, 0.9202055639248479, 9.024528339465123e-06, 7.101878897787841e-12, 2.5435734547289026e-09, 5.514291956393523e-18, 1.4991602466437515e-05, 1.4331643497525897e-14, 3.5098940955796554e-30, 1.7866973417030885e-14, 1.616851214458367e-09], "Boeri2011": [0.833765938972758, 0.40561882551416484, 0.8201622666527818, 0.8542249995022083, 0.9393209857673241, 0.9112081218254859, 0.17400736200902447, 0.28454438332457654, 0.19929736586918967, 0.6341224735062104, 0.37964129208807174, 0.8950321550788466]}}