{"corr": -0.055248450596017115, "p-value": 0.8577301048665457, "slope": -0.005435919304957504, "intercept": 0.07238588937156594, "Marzi2016": [0.708939420379425, 0.41968477985195113, -0.0132739899115752, -0.47697252578611726, 1.0947477232927059, -0.7824810315114378, -1.039470323843537, -0.4817274942453117, -0.3669523935061297, 1.186582061660541, 1.354224997622194, -0.8699524902735356, -0.7473284835769717], "Wozniak2015": [0.004112766163155198, 0.020466594282982656, 0.05737711756244213, 0.10910070000914442, 0.19157262221590782, 0.03709920274617201, -0.0011810896710409092, 0.03406419239273617, 0.03852064925645604, -0.055972155493374504, 0.1432757288647802, 0.12308464882803541, 0.23957157746503674], "mirnas": ["miR-29a", "miR-30c", "miR-30b", "miR-191-5p", "miR-223a-3p", "miR-374a-5p", "miR-92a", "miR-328", "let-7d", "miR-148a", "miR-140-5p", "miR-331-3p", "miR-484"], "p-values": {"Marzi2016": [1.4156486645866428e-08, 0.002581237112155, 0.9202055639248479, 9.024528339465123e-06, 7.101878897787841e-12, 2.5435734547289026e-09, 5.514291956393523e-18, 1.4991602466437515e-05, 0.015232888629862744, 1.4331643497525897e-14, 3.5098940955796554e-30, 1.7866973417030885e-14, 1.616851214458367e-09], "Wozniak2015": [0.892524760641946, 0.45999392725106114, 0.05769659601283946, 0.018642478248039697, 0.006337873687496603, 0.7308694425899724, 0.9861079078008823, 0.601195606481149, 0.22803414162070648, 0.16387019321255775, 0.01922310559671591, 0.09234850364580939, 0.0029907991590952428]}}