{"corr": -0.11202348629859973, "p-value": 0.3453824349180393, "slope": -0.17625255211513782, "intercept": 0.042631133909032976, "Nigita2018": [0.0791660004144254, -0.2985786910786902, -0.10827968125465001, -0.351892845967686, -0.4304121844438106, -0.5635881967593057, 0.17400433342383226, -0.2421301013609089, -0.6191124914164418, 0.21440895022740836, -0.5966394053130357, -0.518511991298451, 0.2811856623237663, 0.6082571138895934, -0.16597418705404585, -0.4770325659296564, -0.3126496029586653, -0.1549635209637557, -0.3272979645417058, -0.3575165237131249, -0.16362357275328596, -0.2406874832787213, -0.1408380413427625, -0.45430128121002916, -0.5125283122929944, -0.8936455155672947, -0.07860134229814542, -0.4511711853419891, -0.8048412662001037, 0.07072306991410363, -0.9380281416022072, -0.3889430719292435, -0.13428016252990432, -0.03436663538915623, -0.2019581885682129, -0.09463352910037054, -0.5404616362780679, -0.13330973900866183, -0.5403999204587574, 0.11107076371326279, -0.5135018567905394, -0.4739614633960455, -0.18092084583555695, -0.1442426571397257, -0.3037302567671366, -0.34327218191842157, -0.36111041707506364, -0.2583553410334667, -0.3139526064808268, -0.24878735805096125, -0.4177372415217112, -0.23887949461293825, -0.15481233117982476, 0.06396624371717206, -0.4997664070463649, 0.045605167178009394, -0.26901443365142536, 0.018969654114247177, -0.31042389961115263, 0.2187980452952621, -0.2957618786372076, -0.49798598616635625, 0.08551726715982519, 0.11893488052271652, -0.01867461669587591, -0.48629047560676864, -0.08255600041344686, -0.5539946555056502, -0.15653724696586724, -0.5954545854399867, -0.1755439044029605, -0.4171399838165716, -0.17408661623996174], "Halvorsen2016": [-0.1604806521602365, -0.154153799743897, -0.0979039470959592, -0.153785228629287, -0.08813039890830716, 0.04769831866626663, 0.010263978661500864, -0.2376103577545218, 1.7157968811504756, 0.16416251511604502, 1.0920804883565078, -0.05625327326153051, 0.13833517218460167, -0.09090537168535953, -0.20682526299720455, -0.33099225368097335, 0.024899073917733, -0.050212897233577025, 0.30858552434219844, -0.3286286096884393, 0.13222424600129937, -0.04166991478588748, 0.21080514691227448, -0.17430506199500617, 0.3704255147539547, 0.019724113128724595, -0.29149613883322667, -0.17878007972761467, 0.07207916962471034, -0.11926396867537761, 0.45988781507990717, -0.08763697539756474, 0.1425134516880462, 0.0055935583774111685, -0.07815888270897953, 0.06553382551513914, 0.17508624462423175, 0.43109864835391193, -0.011627093178179261, 0.1476131589780158, 0.25664179663073117, 0.014737713664012154, 0.42555041310660374, 0.07849068222746826, 0.27014039302079923, -0.15228015864851296, -0.26283524511695644, 0.0369866672008253, 0.17805063387897813, -0.23287451823547223, 0.05074651295403332, 0.40796161801310227, 0.15866815453282135, -0.25184823425730535, 0.2833760297409308, 1.9821579237280753, 0.24677631945277617, 1.5977741676325374, -0.044410253850314066, -0.30027386088871305, 0.31477811767502556, -0.0755848709804964, -0.2212080880009773, -0.7576359804071338, 0.036143058373533335, -0.22275762595845616, -0.11003216016546441, 0.4074925663742077, -0.09839394999310899, 0.049576663105340674, -0.29264033407997425, -0.12822383840467355, -0.038442565861204765], "mirnas": ["miR-106b", "Unknown", "miR-221", "miR-125a", "miR-193b", "miR-126-3p", "miR-340-3p", "miR-17", "miR-339-5p", "miR-191-5p", "miR-874", "miR-376c", "miR-148a", "miR-15b", "miR-652-3p", "miR-1249-3p", "miR-222-3p", "miR-484", "miR-598", "miR-362-5p", "Unknown", "miR-21-5p", "miR-628-3p", "miR-197", "miR-212", "miR-10b-5p", "miR-494", "miR-574", "miR-28-5p", "miR-361", "miR-141-3p", "miR-26b", "miR-152-3p", "miR-144-3p", "miR-127", "miR-143", "miR-29c", "miR-185-5p", "miR-342-3p", "miR-150-5p", "miR-370", "miR-320a", "miR-148b-3p", "miR-18", "miR-214", "miR-27b", "miR-29a", "miR-203-3p", "miR-543-3p", "miR-223a-3p", "miR-23a", "miR-328", "miR-605", "miR-301a", "miR-132a-3p", "miR-501-5p", "miR-505-3p", "miR-200b-3p", "miR-331-3p", "miR-375-3p", "miR-210", "miR-27a", "miR-25", "miR-337-3p", "miR-99b", "miR-487b-3p", "miR-130b-3p", "miR-424", "miR-19a", "miR-130a", "miR-301b", "miR-30a-5p", "miR-22"], "p-values": {"Nigita2018": [0.8577953845342396, 0.5290121909622749, 0.8419234475446424, 0.41192385796272357, 0.3691680723506171, 0.16506040904837246, 0.6605741721705056, 0.4921139674520766, 0.2951045759391798, 0.6502200040466, 0.15424700903164568, 0.2525322352431794, 0.4807031877031902, 0.17398520550873187, 0.7235175270465892, 0.24117302831232992, 0.4655140036888351, 0.7441028973353545, 0.29686988827061117, 0.24981409130794324, 0.7053615083701896, 0.6324277623525953, 0.7671381503017032, 0.20266672069589503, 0.30123008217838837, 0.03712155872793746, 0.8766143259157376, 0.2592874202343439, 0.11402247283969925, 0.8591525366556481, 0.08902686768916038, 0.40501534587911525, 0.7689173349757403, 0.9455496574273432, 0.6271856247962937, 0.83214243367519, 0.16457534680897143, 0.811251055809829, 0.12415920390212165, 0.8293990980306274, 0.2871941818263802, 0.3136860137560104, 0.7159087635015642, 0.7032389026352233, 0.4922731590695748, 0.3613973361004904, 0.33251562477752705, 0.649197146510188, 0.4694763251950086, 0.588663947574964, 0.3746626930923139, 0.48172460648727367, 0.7945973668361722, 0.9156202009757208, 0.15343867374691944, 0.9244658821625659, 0.5144268299428137, 0.9577308764069632, 0.4314842482702397, 0.4925307364506494, 0.4509466276902264, 0.1959301013209256, 0.8609610455749351, 0.8234627882861663, 0.96309220365518, 0.36338786193928807, 0.8153370386236137, 0.22461193711994465, 0.7630679255716857, 0.227185224714413, 0.7002701296236609, 0.3979903920308082, 0.6095711996353803], "Halvorsen2016": [0.007875815743364916, 0.0015668815723384986, 0.32682350475102784, 0.3575243387814123, 0.577221381378745, 0.2831229033088838, 0.9585545114340895, 2.0729600402855845e-05, 0.0001905027575661591, 0.20633540849047718, 0.01365279317932776, 0.7984287728790566, 0.2019467920412318, 0.6641052017167525, 0.4485767199560933, 0.4479994563820269, 0.4668706897336513, 0.2214901885825778, 0.23713885858091074, 0.4800581473529735, 0.2655473142457175, 0.3019978965763652, 0.4659243355597741, 0.00024405682788379432, 0.2909367071904469, 0.9352274407912785, 0.42702051621020964, 5.019798656155559e-06, 0.7208545217132648, 0.7179421184676769, 0.16935081183768308, 0.07082992267523196, 0.556394722629572, 0.9627311821246587, 0.800718773894743, 0.7838920521658306, 0.508902547201022, 0.0762574048965414, 0.722865839786381, 0.152627970310199, 0.5521901043761435, 0.8824914506024824, 0.09878615378765207, 0.5040735246368571, 0.36843933295785847, 0.5257803144475888, 0.019048918811239025, 0.9298193387953777, 0.6570146948797886, 7.097468249675474e-07, 0.8535944656225665, 0.07949844128737127, 0.4996061000413672, 0.15979176734600417, 0.33001419540812027, 4.814294619090319e-09, 0.5961307252514212, 6.750383270111661e-06, 0.8230565010570058, 0.008931481279927024, 0.13103523531131606, 0.503560484119586, 2.9457167862777815e-05, 0.02973154980422094, 0.8140494452369511, 0.5285141778660345, 0.46519003567093686, 0.3652137537448791, 0.01716196392872504, 0.7909617261687482, 0.545021352274406, 0.0966328137133498, 0.9002850831913978]}}