{"corr": -0.24675780953422627, "p-value": 0.05122113938997582, "slope": -0.2786414392793704, "intercept": -0.15758213215254538, "Nigita2018": [0.0791660004144254, -0.10827968125465001, -0.351892845967686, -0.4304121844438106, -0.5635881967593057, -0.2421301013609089, -0.6191124914164418, -0.2002189562659396, 0.21440895022740836, 0.2811856623237663, 0.6082571138895934, -0.16597418705404585, -0.4285714387664865, -0.1549635209637557, -0.3126496029586653, 0.1410700160810356, -0.2406874832787213, -0.45430128121002916, -0.8936455155672947, -0.4511711853419891, -0.8048412662001037, -0.05741293207936882, 0.18133512137092056, -0.9380281416022072, -0.3889430719292435, -0.13428016252990432, -0.03436663538915623, -0.2019581885682129, -0.09463352910037054, -0.5404616362780679, -0.13330973900866183, -0.5403999204587574, 0.11107076371326279, -0.4739614633960455, -0.18092084583555695, -0.1442426571397257, -0.36111041707506364, -0.34327218191842157, -0.3139526064808268, -0.24878735805096125, -0.4177372415217112, -0.23887949461293825, 0.06396624371717206, -0.4997664070463649, -0.3066188214094633, -0.15904325531496932, -0.31042389961115263, -0.26901443365142536, -0.28273433267285397, 0.2187980452952621, 0.009595781551030682, -0.3581226263751204, -0.2957618786372076, -0.49798598616635625, 0.08551726715982519, -0.01867461669587591, -0.08255600041344686, -0.5539946555056502, -0.15653724696586724, 0.2264629045628243, -0.5954545854399867, -0.4171399838165716, -0.17408661623996174], "Zaporozhchenko2018": [-0.13068500289463736, -0.19658131938509432, -0.03764841730423339, 0.34564839675046066, -0.03717074224319873, -0.3018168504173626, 0.26426387404569557, -0.08276896661863875, -0.1391534596512059, -0.19276698024599573, -0.3156267117393194, -0.30583908428587736, -0.44943921241362095, -0.038693187044469626, -0.2864153656268972, -0.24614110949510726, -0.137685090637996, 0.26966217640559015, -0.03926389683797071, -0.0408694872967378, 0.33736324538213, -0.38998899116241054, -0.11542011869278426, 0.7628900310453288, -0.11993761035023201, -0.2411991014960414, -0.08554770496784952, 0.5010155313127507, -0.32204794452158525, -0.2453740329929427, -0.14293659251628726, -0.13579005901600572, -0.02767643367090276, -0.07196677148059163, -0.16655106232241157, -0.1679847039599888, -0.23925600050211443, -0.16477967450217135, 0.9293183835345812, -0.17404834798998917, -0.18445801563981018, -0.4760003641187034, -0.09283681083332274, 0.03365189817977296, -0.21794463515451745, -0.1709783755672062, 1.1574140294050013, -0.3858550332783022, -0.23791729358482464, 0.6335041254772776, -0.5848261968576486, -0.10584020243911332, -0.13847589199079813, -0.5421671921990585, -0.1887598429415946, -0.0644610912695016, -0.2163059933857679, -0.10339765568219589, -0.3349046117880159, -0.3405108027588286, -0.33976566556101007, -0.1108185982851896, -0.36691387484076243], "mirnas": ["miR-106b", "miR-221", "miR-125a", "miR-193b", "miR-126-3p", "miR-17", "miR-339-5p", "miR-338-3p", "miR-191-5p", "miR-148a", "miR-15b", "miR-652-3p", "miR-425-3p", "miR-484", "miR-222-3p", "miR-451a", "miR-21-5p", "miR-197", "miR-10b-5p", "miR-574", "miR-28-5p", "miR-423", "miR-363-3p", "miR-141-3p", "miR-26b", "miR-152-3p", "miR-144-3p", "miR-127", "miR-143", "miR-29c", "miR-185-5p", "miR-342-3p", "miR-150-5p", "miR-320a", "miR-148b-3p", "miR-18", "miR-29a", "miR-27b", "miR-543-3p", "miR-223a-3p", "miR-23a", "miR-328", "miR-301a", "miR-132a-3p", "miR-140-5p", "miR-93", "miR-331-3p", "miR-505-3p", "miR-23b-3p", "miR-375-3p", "miR-551b-3p", "miR-421", "miR-210", "miR-27a", "miR-25", "miR-99b", "miR-130b-3p", "miR-424", "miR-19a", "miR-30e", "miR-130a", "miR-30a-5p", "miR-22"], "p-values": {"Nigita2018": [0.8577953845342396, 0.8419234475446424, 0.41192385796272357, 0.3691680723506171, 0.16506040904837246, 0.4921139674520766, 0.2951045759391798, 0.6885515445276036, 0.6502200040466, 0.4807031877031902, 0.17398520550873187, 0.7235175270465892, 0.3535333960813771, 0.7441028973353545, 0.4655140036888351, 0.7629475442280564, 0.6324277623525953, 0.20266672069589503, 0.03712155872793746, 0.2592874202343439, 0.11402247283969925, 0.9152369422550484, 0.6555170917930091, 0.08902686768916038, 0.40501534587911525, 0.7689173349757403, 0.9455496574273432, 0.6271856247962937, 0.83214243367519, 0.16457534680897143, 0.811251055809829, 0.12415920390212165, 0.8293990980306274, 0.3136860137560104, 0.7159087635015642, 0.7032389026352233, 0.33251562477752705, 0.3613973361004904, 0.4694763251950086, 0.588663947574964, 0.3746626930923139, 0.48172460648727367, 0.9156202009757208, 0.15343867374691944, 0.4585002286294403, 0.6635627076318417, 0.4314842482702397, 0.5144268299428137, 0.4780994750162685, 0.4925307364506494, 0.9838421489868794, 0.45127617030576883, 0.4509466276902264, 0.1959301013209256, 0.8609610455749351, 0.96309220365518, 0.8153370386236137, 0.22461193711994465, 0.7630679255716857, 0.632156849271019, 0.227185224714413, 0.3979903920308082, 0.6095711996353803], "Zaporozhchenko2018": [0.4288200961337131, 0.5138383190513744, 0.9049183184521382, 0.6328024362959994, 0.6018164151804002, 0.2845681875143402, 0.7099115202828036, 0.775452080086906, 0.4635983186330196, 0.27073729496142707, 0.28084582381095813, 0.2541856674007752, 0.2892216913088639, 0.7908326666639611, 0.20561320433238145, 0.3401388724247719, 0.3204193347776315, 0.49536259732716204, 0.7547464383980476, 0.9105551236611084, 0.443667512269722, 0.3182168400028489, 0.6119382230750501, 0.22040262730374827, 0.3909832227651283, 0.36467103044212656, 0.4228504536078803, 0.27933861590522974, 0.2689419357449184, 0.26014818677682733, 0.31496396911569374, 0.3498842752981114, 0.7860658764860629, 0.5825737111306797, 0.2606855247390358, 0.5537701111634387, 0.18063508080941096, 0.2456019870745349, 0.03489984654845397, 0.07305249930361893, 0.13725754102302296, 0.4422243245782582, 0.7803395284771657, 0.9453681892520396, 0.5000776419982337, 0.34849839011043293, 0.13731956948966478, 0.3463172578203806, 0.23621859202902235, 0.3099079582821386, 0.3025837084958186, 0.8151217631045667, 0.8141301602459425, 0.20962654148285442, 0.3299817323151599, 0.8372366454926948, 0.5443321458574001, 0.5103303245685716, 0.05527463741244092, 0.16738164306643294, 0.2409572612668271, 0.7359577081541169, 0.19077975368251984]}}