{"corr": 0.15018502958583207, "p-value": 0.13786900775872787, "slope": 0.2852538561262416, "intercept": 0.7996851312589357, "Nigita2018": [-0.10827968125465001, -0.4304121844438106, -0.5635881967593057, -0.6191124914164418, -0.2002189562659396, -0.3126496029586653, -0.2406874832787213, -0.07860134229814542, -0.4511711853419891, -0.2466859911049432, -0.9380281416022072, -0.13428016252990432, -0.6985268204784096, -0.13330973900866183, -0.34327218191842157, -0.4997664070463649, 0.018969654114247177, 0.2187980452952621, -0.3581226263751204, -0.06505974163963396, 0.25325626477020324, 0.11893488052271652, -0.08255600041344686, -0.2111264519460569, -0.5539946555056502, 0.21440895022740836, -0.5966394053130357, -0.4285714387664865, -0.4770325659296564, -0.3575165237131249, -0.45430128121002916, -0.8936455155672947, -0.8048412662001037, 0.18133512137092056, -0.3889430719292435, -0.03436663538915623, -0.06272216494495125, -0.4739614633960455, -0.06657443096469148, -0.24004582834731153, -0.2583553410334667, 0.06396624371717206, 0.045605167178009394, -0.31042389961115263, -0.326327724344306, -0.49798598616635625, -0.01867461669587591, -0.1755439044029605, -0.4171399838165716, 0.0791660004144254, -0.518511991298451, 0.6082571138895934, -0.16597418705404585, 0.1410700160810356, -0.3272979645417058, 0.07072306991410363, -0.2019581885682129, -0.4664708167652981, -0.5403999204587574, 0.11107076371326279, -0.24878735805096125, -1.5514752878427802, 0.11038446899793947, -0.3066188214094633, -0.15904325531496932, 0.009595781551030682, -0.4896427257357169, -0.15653724696586724, -0.351892845967686, 0.17400433342383226, -0.2421301013609089, -0.6195831794559228, 0.11154205860037525, 0.2811856623237663, -0.41801599474422524, -0.1549635209637557, -0.1408380413427625, -0.5125283122929944, -0.05741293207936882, -0.18478098836268725, -0.09463352910037054, -0.5404616362780679, -0.5135018567905394, -0.18092084583555695, -0.1442426571397257, -0.3037302567671366, -0.36111041707506364, -0.3139526064808268, -0.4177372415217112, -0.23887949461293825, -0.15481233117982476, -0.26901443365142536, -0.28273433267285397, -0.2957618786372076, 0.08551726715982519, -0.48629047560676864, 0.2264629045628243, -0.5954545854399867, -0.17408661623996174], "Asakura2020": [0.8418405269557092, 0.17963699834643954, 0.9314961159794735, 0.3824245265220909, 0.6872461489319242, 0.8541333161888558, 0.6023469987860495, -0.18978272609998204, 0.03699353845980826, 0.6040309256280194, 0.8564114872971835, 0.7935562406029729, -0.6170853754255341, 0.6459217988536673, 1.0404540183212605, 0.49348972789337386, 0.5441326201324641, 0.492637621685406, 0.6994654103657948, 2.8053384029314934, 1.3684505193109264, 0.25863971781522854, 0.698806009271759, -0.012468107665507475, 0.44443043331435117, 2.3731583502479308, 0.4680440095593269, 0.10051139137853964, 0.5857372935290235, 0.6760947098438996, -0.08499344258515013, 0.8834812066453083, 0.8447945349655674, 0.5900688839275553, 0.8456534869818291, 0.7595874154193231, 0.05869249725346258, 1.2360326299350692, 0.8063376507234861, 1.6057459265801164, 0.44201259033447404, 0.8641957343021274, 0.5237721543822, 0.4306126692872121, 0.38868591206843894, 0.8337980250647022, 0.6086758795652139, 0.6542615859222312, 0.7343159681514877, 0.4530650380608714, 0.5473281158343306, 1.124851223632802, 0.9323995965490208, 3.38120706436404, 0.4811968945171062, 0.24215259985917076, 0.4497242865864778, 0.553621488828433, 0.2843635344251753, 0.5826165244261985, 1.1262146571887457, 0.7589676805794006, 0.8227307193278759, 0.5282225839616448, 0.266396339820132, 0.5534086044694353, 0.6498634964180763, 0.7292194237691006, 0.13659525826550428, 0.33299584333538723, 0.8558514300937861, -0.13919731564234558, 0.512550340705151, 0.7213354808557686, 1.7899575066637607, 0.47488468223106517, 0.5984932284085185, 0.7232770055111246, 0.7573540065148915, 0.7147983797544005, 0.8643477768488016, 0.7989865864818535, 0.7630059453377896, 0.7251368604992912, 0.7636966363248336, 0.6909710844777344, 0.6384919640030636, 0.5578340996558636, 2.0962648494431955, 0.1863700149694944, 0.6152355754460107, 0.8033648802387037, 2.2395473749752726, 0.7873748286581572, 0.7699004083342837, 0.6840262024361253, 0.4897227244923138, 1.1369480406962584, 1.9189503247027195], "mirnas": ["miR-221", "miR-193b", "miR-126-3p", "miR-339-5p", "miR-338-3p", "miR-222-3p", "miR-21-5p", "miR-494", "miR-574", "miR-3168", "miR-141-3p", "miR-152-3p", "miR-887", "miR-185-5p", "miR-27b", "miR-132a-3p", "miR-200b-3p", "miR-375-3p", "miR-421", "Unknown", "miR-654", "miR-337-3p", "miR-130b-3p", "miR-2355", "miR-424", "miR-191-5p", "miR-874", "miR-425-3p", "miR-1249-3p", "miR-362-5p", "miR-197", "miR-10b-5p", "miR-28-5p", "miR-363-3p", "miR-26b", "miR-144-3p", "miR-3615", "miR-320a", "miR-455", "miR-92b", "miR-203-3p", "miR-301a", "miR-501-5p", "miR-331-3p", "miR-1301-3p", "miR-27a", "miR-99b", "miR-301b", "miR-30a-5p", "miR-106b", "miR-376c", "miR-15b", "miR-652-3p", "miR-451a", "miR-598", "miR-361", "miR-127", "miR-193a", "miR-342-3p", "miR-150-5p", "miR-223a-3p", "miR-208a-3p", "miR-454", "miR-140-5p", "miR-93", "miR-551b-3p", "miR-758", "miR-19a", "miR-125a", "miR-340-3p", "miR-17", "Unknown", "miR-137-3p", "miR-148a", "miR-1307", "miR-484", "miR-628-3p", "miR-212", "miR-423", "miR-181c", "miR-143", "miR-29c", "miR-370", "miR-148b-3p", "miR-18", "miR-214", "miR-29a", "miR-543-3p", "miR-23a", "miR-328", "miR-605", "miR-505-3p", "miR-23b-3p", "miR-210", "miR-25", "miR-487b-3p", "miR-30e", "miR-130a", "miR-22"], "p-values": {"Nigita2018": [0.8419234475446424, 0.3691680723506171, 0.16506040904837246, 0.2951045759391798, 0.6885515445276036, 0.4655140036888351, 0.6324277623525953, 0.8766143259157376, 0.2592874202343439, 0.3017101158249772, 0.08902686768916038, 0.7689173349757403, 0.10049397723495439, 0.811251055809829, 0.3613973361004904, 0.15343867374691944, 0.9577308764069632, 0.4925307364506494, 0.45127617030576883, 0.8751957737861369, 0.5927302361948974, 0.8234627882861663, 0.8153370386236137, 0.6009553902375209, 0.22461193711994465, 0.6502200040466, 0.15424700903164568, 0.3535333960813771, 0.24117302831232992, 0.24981409130794324, 0.20266672069589503, 0.03712155872793746, 0.11402247283969925, 0.6555170917930091, 0.40501534587911525, 0.9455496574273432, 0.8795159434645703, 0.3136860137560104, 0.8529468712118237, 0.5378416564323328, 0.649197146510188, 0.9156202009757208, 0.9244658821625659, 0.4314842482702397, 0.4593889013818756, 0.1959301013209256, 0.96309220365518, 0.7002701296236609, 0.3979903920308082, 0.8577953845342396, 0.2525322352431794, 0.17398520550873187, 0.7235175270465892, 0.7629475442280564, 0.29686988827061117, 0.8591525366556481, 0.6271856247962937, 0.28642402284179475, 0.12415920390212165, 0.8293990980306274, 0.588663947574964, 0.07796139341238374, 0.7916346256152126, 0.4585002286294403, 0.6635627076318417, 0.9838421489868794, 0.3086019683558819, 0.7630679255716857, 0.41192385796272357, 0.6605741721705056, 0.4921139674520766, 0.12275359501788918, 0.8030870132595581, 0.4807031877031902, 0.3068797029904633, 0.7441028973353545, 0.7671381503017032, 0.30123008217838837, 0.9152369422550484, 0.6853133210694072, 0.83214243367519, 0.16457534680897143, 0.2871941818263802, 0.7159087635015642, 0.7032389026352233, 0.4922731590695748, 0.33251562477752705, 0.4694763251950086, 0.3746626930923139, 0.48172460648727367, 0.7945973668361722, 0.5144268299428137, 0.4780994750162685, 0.4509466276902264, 0.8609610455749351, 0.36338786193928807, 0.632156849271019, 0.227185224714413, 0.6095711996353803],