{"corr": -0.11621690755669005, "p-value": 0.3344673256221019, "slope": -0.20827183095746427, "intercept": 0.3529287775721247, "Nigita2018": [0.0791660004144254, -0.10827968125465001, -0.351892845967686, -0.5635881967593057, -0.2421301013609089, -0.6191124914164418, 0.21440895022740836, -0.5966394053130357, 0.2811856623237663, -0.41801599474422524, 0.6082571138895934, -0.16597418705404585, -0.4285714387664865, -0.4770325659296564, -0.3126496029586653, -0.1549635209637557, 0.1410700160810356, -0.3575165237131249, -0.2406874832787213, -0.1408380413427625, -0.45430128121002916, -0.8936455155672947, -0.07860134229814542, -0.4511711853419891, -0.8048412662001037, -0.05741293207936882, 0.07072306991410363, 0.18133512137092056, -0.3889430719292435, -0.18478098836268725, -0.13428016252990432, -0.03436663538915623, -0.6985268204784096, -0.09463352910037054, -0.5404616362780679, -0.4664708167652981, -0.13330973900866183, -0.5403999204587574, 0.11107076371326279, -0.5135018567905394, -0.4739614633960455, -0.24004582834731153, -0.18092084583555695, -0.1442426571397257, -0.34327218191842157, -0.3037302567671366, -0.36111041707506364, -0.24878735805096125, -0.4177372415217112, -1.5514752878427802, -0.23887949461293825, 0.06396624371717206, 0.11038446899793947, -0.15904325531496932, -0.31042389961115263, -0.26901443365142536, -0.326327724344306, -0.3581226263751204, -0.2957618786372076, -0.49798598616635625, 0.25325626477020324, 0.08551726715982519, -0.01867461669587591, -0.48629047560676864, -0.08255600041344686, -0.5539946555056502, -0.15653724696586724, 0.2264629045628243, -0.5954545854399867, -0.4171399838165716, -0.17408661623996174], "Keller2009": [0.30825621977370044, 0.41602984962378475, 0.7830103436167309, -1.176313823364259, -0.5833326989613049, 1.414212020058672, 0.1487739061185287, 0.10795946411014153, 0.33991175792122885, 0.5076520996838398, -0.7065911399983686, 0.47277328863915635, 0.642229281120229, -3.100435844260268e-05, 1.3130544002666245, 0.3699978717656026, -0.6832619270030653, 1.301204128884002, 0.2814143406535963, 0.3839556910084237, 0.4004315771869327, 0.5802515495018068, 0.3027740442491657, 0.18143347329684018, 1.183586402686131, 0.9127531121994786, 1.287256869208193, -0.40884837462074797, -0.6037660172614172, 0.5689566705332074, 0.21131394791720712, -0.36260099722854044, 0.14987645083996776, 0.3238180587235588, 1.2542166522793192, -0.4707054822741199, 0.4295180979679265, 0.32624085004753617, 0.30518273319421574, 0.746317995206754, 0.23576252625311173, -0.4905471016097966, 0.8763832383508874, 0.5148594108658064, 0.5524094527959851, 0.5345661843000227, 1.220399080841325, -0.5257991704895928, 0.24521373443907135, 0.21217910007323693, 0.6357661074682466, -0.10833566266000288, 0.1700974469125936, -0.21265961824523685, 0.7012118689841134, 0.6844082077537793, 0.31884493713465606, 0.8065343593520952, 1.411120971480699, 0.6968502251639732, 0.44160342699626914, 0.7240119403265121, 0.5607969381968871, 0.17104627606077472, 0.8450316565043506, -0.00449042352514001, 1.5744671294295753, 1.1838047363447963, 0.6650522672686947, 0.35158285317833393, 0.9445415687847225], "mirnas": ["miR-106b", "miR-221", "miR-125a", "miR-126-3p", "miR-17", "miR-339-5p", "miR-191-5p", "miR-874", "miR-148a", "miR-1307", "miR-15b", "miR-652-3p", "miR-425-3p", "miR-1249-3p", "miR-222-3p", "miR-484", "miR-451a", "miR-362-5p", "miR-21-5p", "miR-628-3p", "miR-197", "miR-10b-5p", "miR-494", "miR-574", "miR-28-5p", "miR-423", "miR-361", "miR-363-3p", "miR-26b", "miR-181c", "miR-152-3p", "miR-144-3p", "miR-887", "miR-143", "miR-29c", "miR-193a", "miR-185-5p", "miR-342-3p", "miR-150-5p", "miR-370", "miR-320a", "miR-92b", "miR-148b-3p", "miR-18", "miR-27b", "miR-214", "miR-29a", "miR-223a-3p", "miR-23a", "miR-208a-3p", "miR-328", "miR-301a", "miR-454", "miR-93", "miR-331-3p", "miR-505-3p", "miR-1301-3p", "miR-421", "miR-210", "miR-27a", "miR-654", "miR-25", "miR-99b", "miR-487b-3p", "miR-130b-3p", "miR-424", "miR-19a", "miR-30e", "miR-130a", "miR-30a-5p", "miR-22"], "p-values": {"Nigita2018": [0.8577953845342396, 0.8419234475446424, 0.41192385796272357, 0.16506040904837246, 0.4921139674520766, 0.2951045759391798, 0.6502200040466, 0.15424700903164568, 0.4807031877031902, 0.3068797029904633, 0.17398520550873187, 0.7235175270465892, 0.3535333960813771, 0.24117302831232992, 0.4655140036888351, 0.7441028973353545, 0.7629475442280564, 0.24981409130794324, 0.6324277623525953, 0.7671381503017032, 0.20266672069589503, 0.03712155872793746, 0.8766143259157376, 0.2592874202343439, 0.11402247283969925, 0.9152369422550484, 0.8591525366556481, 0.6555170917930091, 0.40501534587911525, 0.6853133210694072, 0.7689173349757403, 0.9455496574273432, 0.10049397723495439, 0.83214243367519, 0.16457534680897143, 0.28642402284179475, 0.811251055809829, 0.12415920390212165, 0.8293990980306274, 0.2871941818263802, 0.3136860137560104, 0.5378416564323328, 0.7159087635015642, 0.7032389026352233, 0.3613973361004904, 0.4922731590695748, 0.33251562477752705, 0.588663947574964, 0.3746626930923139, 0.07796139341238374, 0.48172460648727367, 0.9156202009757208, 0.7916346256152126, 0.6635627076318417, 0.4314842482702397, 0.5144268299428137, 0.4593889013818756, 0.45127617030576883, 0.4509466276902264, 0.1959301013209256, 0.5927302361948974, 0.8609610455749351, 0.96309220365518, 0.36338786193928807, 0.8153370386236137, 0.22461193711994465, 0.7630679255716857, 0.632156849271019, 0.227185224714413, 0.3979903920308082, 0.6095711996353803], "Keller2009": [0.4544814760696412, 0.2463827770681574, 0.04657938431353622, 7.0163611328640425e-06, 0.051250443512747726, 0.00013289461879765815, 0.6378757554712646, 0.7469547833203363, 0.3219681770194704, 0.07379344123380337, 0.05091950822406849, 0.12237801367771371, 0.01251718015756756, 0.9999364714507638, 0.0018615714367192868, 0.36351301770117017, 0.07657854244573185, 0.002038500026744978, 0.38928058717959957, 0.24432725139445388, 0.1507603143379022, 0.05471064865693541, 0.4417584523678145, 0.4435834837030955, 0.002741658994001747, 0.0125848021780645, 0.0006837654740930445, 0.3162578930672715, 0.01160073106762632, 0.21557424781732168, 0.6068481506372598, 0.3689050779692732, 0.6457665179851688, 0.3889475210433798, 0.0014517141114022598, 0.2061080262921439, 0.021920381789106054, 0.0952543633823643, 0.3486440076471493, 0.02793568819917288, 0.2913443625996188, 0.1726137002946065, 0.11820363832307156, 0.19628685213218983, 0.15402576649848954, 0.14560079332606743, 0.0007576228697549298, 0.16903037354667258, 0.49146940126934313, 0.4854593397474527, 0.050749624158234224, 0.7581638687534527, 0.7182785904588356, 0.41053616434359796, 0.027743620690868612, 0.08778441769659054, 0.3267781897712574, 0.13258021698673278, 0.0002884327145580917, 0.09672145486198974, 0.12181723323668742, 0.0006852137106303386, 0.11250816260089681, 0.5931137956814246, 0.010888559803946825, 0.9915124066308834, 7.279596572694176e-05, 0.0013567624621440575, 0.06585874904978846, 0.2622703208630676, 3.936256990205335e-05]}}