{"corr": -0.040691081233500306, "p-value": 0.7017487805777376, "slope": -0.14979049123291013, "intercept": 0.40511003726677397, "Nigita2018": [-0.10827968125465001, -0.4304121844438106, -0.5635881967593057, -0.6191124914164418, -0.3126496029586653, -0.2406874832787213, -0.07860134229814542, -0.4511711853419891, -0.2466859911049432, -0.9380281416022072, -0.13428016252990432, -0.6985268204784096, -0.13330973900866183, -0.34327218191842157, -0.4997664070463649, 0.018969654114247177, 0.2187980452952621, -0.3581226263751204, -0.06505974163963396, 0.25325626477020324, 0.11893488052271652, -0.08255600041344686, -0.5539946555056502, 0.21440895022740836, -0.5966394053130357, -0.4770325659296564, -0.3575165237131249, -0.45430128121002916, -0.8936455155672947, -0.8048412662001037, 0.18133512137092056, -0.3889430719292435, -0.03436663538915623, -0.06272216494495125, -0.4739614633960455, -0.06657443096469148, -0.24004582834731153, -0.2583553410334667, 0.06396624371717206, -0.31042389961115263, -0.326327724344306, -0.49798598616635625, -0.01867461669587591, -0.1755439044029605, -0.4171399838165716, 0.0791660004144254, -0.518511991298451, 0.6082571138895934, -0.16597418705404585, 0.1410700160810356, -0.3272979645417058, 0.07072306991410363, -0.2019581885682129, -0.4664708167652981, -0.5403999204587574, 0.11107076371326279, -0.24878735805096125, -1.5514752878427802, 0.11038446899793947, -0.3066188214094633, -0.15904325531496932, 0.009595781551030682, -0.4896427257357169, -0.15653724696586724, -0.351892845967686, 0.11154205860037525, 0.2811856623237663, -0.41801599474422524, -0.1549635209637557, -0.1408380413427625, -0.5125283122929944, -0.05741293207936882, -0.18478098836268725, -0.09463352910037054, -0.5404616362780679, -0.5135018567905394, -0.18092084583555695, -0.1442426571397257, -0.3037302567671366, -0.36111041707506364, -0.3139526064808268, -0.4177372415217112, -0.23887949461293825, -0.15481233117982476, -0.26901443365142536, -0.2957618786372076, 0.08551726715982519, -0.48629047560676864, 0.2264629045628243, -0.5954545854399867, -0.17408661623996174], "Reis2020": [-2.6118341512491314, 0.9571291869937674, -0.5983616735094408, 0.9752588388110095, -0.14620150410418303, -0.17896793903993288, 3.4242587778667453, 0.5717493405667, 1.642978905052469, 1.1463262415085664, 0.964364415012575, 0.7100503083285068, 0.07634413012948811, -1.4998544519447903, 0.6931681096179556, 1.016507954872258, 1.1097342837122974, 0.9157137438516266, 1.047028974215964, 0.8874381400999642, 1.8705143517129044, -0.641689878081841, 0.8696411424445064, -1.5356979378770443, 0.7888061811309308, 0.7632749742139888, 0.9366709560440352, 0.6394444624897972, 1.022911547486605, 0.284668798946882, 1.000041573863937, 0.7349993704623263, 1.1768472608522722, 1.3075803464334874, 0.56667636459949, 1.284710372810819, 1.0931847391635303, 1.4250904290837776, 0.26595700234651737, 0.7577861805445485, 0.8278098816001354, 1.0623310656580398, 0.9913094021171002, 1.5940787432701824, 0.5507089648338455, -0.37157469871302046, -2.4751964542962464, -2.7091354935710283, -0.42371823857270347, 2.5567798874738363, 1.1928146606179166, -3.1506507297991897, 0.0802528165304531, 0.6989895574491801, 0.9089774970754954, 2.4243835310837003, -1.2535240451435445, 0.7934633393959105, 1.0284835046964915, -0.22820075498400358, 0.6202336846467561, 1.3667927872310854, 0.9331780873453004, 0.4830970064511942, -1.6284252854744077, 1.0880285996558743, -0.1490290644793493, 1.1883238294338292, 0.33864193669637854, 0.4005987743286974, 2.1150151606243366, -1.086697983008737, 0.6727930422086695, 0.8085991037570943, -0.5078797415041216, 0.867977871635585, 0.030354692262813843, -0.7963740633115228, 0.8344629648358208, -0.6757869296647279, -0.5957836037556129, -0.5132853716331158, 0.588215721575021, 0.7695954032878896, 0.9202877385761601, 0.8127572807793977, 1.8115514015366436, 0.6371990468977533, 1.1366792708168227, -1.9687304929797076, -0.027859786049431907], "mirnas": ["miR-221", "miR-193b", "miR-126-3p", "miR-339-5p", "miR-222-3p", "miR-21-5p", "miR-494", "miR-574", "miR-3168", "miR-141-3p", "miR-152-3p", "miR-887", "miR-185-5p", "miR-27b", "miR-132a-3p", "miR-200b-3p", "miR-375-3p", "miR-421", "Unknown", "miR-654", "miR-337-3p", "miR-130b-3p", "miR-424", "miR-191-5p", "miR-874", "miR-1249-3p", "miR-362-5p", "miR-197", "miR-10b-5p", "miR-28-5p", "miR-363-3p", "miR-26b", "miR-144-3p", "miR-3615", "miR-320a", "miR-455", "miR-92b", "miR-203-3p", "miR-301a", "miR-331-3p", "miR-1301-3p", "miR-27a", "miR-99b", "miR-301b", "miR-30a-5p", "miR-106b", "miR-376c", "miR-15b", "miR-652-3p", "miR-451a", "miR-598", "miR-361", "miR-127", "miR-193a", "miR-342-3p", "miR-150-5p", "miR-223a-3p", "miR-208a-3p", "miR-454", "miR-140-5p", "miR-93", "miR-551b-3p", "miR-758", "miR-19a", "miR-125a", "miR-137-3p", "miR-148a", "miR-1307", "miR-484", "miR-628-3p", "miR-212", "miR-423", "miR-181c", "miR-143", "miR-29c", "miR-370", "miR-148b-3p", "miR-18", "miR-214", "miR-29a", "miR-543-3p", "miR-23a", "miR-328", "miR-605", "miR-505-3p", "miR-210", "miR-25", "miR-487b-3p", "miR-30e", "miR-130a", "miR-22"], "p-values": {"Nigita2018": [0.8419234475446424, 0.3691680723506171, 0.16506040904837246, 0.2951045759391798, 0.4655140036888351, 0.6324277623525953, 0.8766143259157376, 0.2592874202343439, 0.3017101158249772, 0.08902686768916038, 0.7689173349757403, 0.10049397723495439, 0.811251055809829, 0.3613973361004904, 0.15343867374691944, 0.9577308764069632, 0.4925307364506494, 0.45127617030576883, 0.8751957737861369, 0.5927302361948974, 0.8234627882861663, 0.8153370386236137, 0.22461193711994465, 0.6502200040466, 0.15424700903164568, 0.24117302831232992, 0.24981409130794324, 0.20266672069589503, 0.03712155872793746, 0.11402247283969925, 0.6555170917930091, 0.40501534587911525, 0.9455496574273432, 0.8795159434645703, 0.3136860137560104, 0.8529468712118237, 0.5378416564323328, 0.649197146510188, 0.9156202009757208, 0.4314842482702397, 0.4593889013818756, 0.1959301013209256, 0.96309220365518, 0.7002701296236609, 0.3979903920308082, 0.8577953845342396, 0.2525322352431794, 0.17398520550873187, 0.7235175270465892, 0.7629475442280564, 0.29686988827061117, 0.8591525366556481, 0.6271856247962937, 0.28642402284179475, 0.12415920390212165, 0.8293990980306274, 0.588663947574964, 0.07796139341238374, 0.7916346256152126, 0.4585002286294403, 0.6635627076318417, 0.9838421489868794, 0.3086019683558819, 0.7630679255716857, 0.41192385796272357, 0.8030870132595581, 0.4807031877031902, 0.3068797029904633, 0.7441028973353545, 0.7671381503017032, 0.30123008217838837, 0.9152369422550484, 0.6853133210694072, 0.83214243367519, 0.16457534680897143, 0.2871941818263802, 0.7159087635015642, 0.7032389026352233, 0.4922731590695748, 0.33251562477752705, 0.4694763251950086, 0.3746626930923139, 0.48172460648727367, 0.7945973668361722, 0.5144268299428137, 0.4509466276902264, 0.8609610455749351, 0.36338786193928807, 0.632156849271019, 0.227185224714413, 0.6095711996353803],