{"corr": 0.09550483608727703, "p-value": 0.3845935779863776, "slope": 0.33083847101156394, "intercept": 0.17292586339588986, "Nigita2018": [-0.10827968125465001, -0.4304121844438106, -0.5635881967593057, -0.6191124914164418, -0.3126496029586653, -0.2406874832787213, -0.07860134229814542, -0.4511711853419891, -0.9380281416022072, -0.13428016252990432, -0.6985268204784096, -0.13330973900866183, -0.34327218191842157, -0.4997664070463649, 0.018969654114247177, 0.2187980452952621, -0.3581226263751204, 0.11893488052271652, -0.08255600041344686, -0.5539946555056502, 0.21440895022740836, -0.5966394053130357, -0.4285714387664865, -0.4770325659296564, -0.3575165237131249, -0.45430128121002916, -0.8936455155672947, -0.8048412662001037, 0.18133512137092056, -0.3889430719292435, -0.03436663538915623, -0.06272216494495125, -0.4739614633960455, -0.06657443096469148, -0.24004582834731153, 0.06396624371717206, 0.045605167178009394, -0.31042389961115263, -0.326327724344306, -0.49798598616635625, -0.01867461669587591, -0.4171399838165716, 0.0791660004144254, -0.518511991298451, 0.6082571138895934, -0.16597418705404585, 0.1410700160810356, -0.3272979645417058, 0.07072306991410363, -0.2019581885682129, -0.5403999204587574, 0.11107076371326279, -0.24878735805096125, 0.11038446899793947, -0.3066188214094633, -0.15904325531496932, -0.4896427257357169, -0.15653724696586724, -0.351892845967686, 0.17400433342383226, -0.2421301013609089, -0.6195831794559228, 0.11154205860037525, 0.2811856623237663, -0.41801599474422524, -0.1549635209637557, -0.1408380413427625, -0.5125283122929944, -0.18478098836268725, -0.09463352910037054, -0.5404616362780679, -0.5135018567905394, -0.18092084583555695, -0.1442426571397257, -0.36111041707506364, -0.3139526064808268, -0.4177372415217112, -0.23887949461293825, -0.26901443365142536, -0.28273433267285397, 0.08551726715982519, -0.48629047560676864, 0.2264629045628243, -0.5954545854399867, -0.17408661623996174], "Jin2017": [-0.7175436666105005, -0.9623667209840814, 0.4413606888705125, -1.2093836514715708, -1.0110830726126787, -0.1556357021839384, 0.246237713563365, -0.7868300395890624, 0.1941362106572234, -0.9739484942870684, -0.20174438480188708, 0.17788594392177381, 0.13070019108101538, 1.919651045784986, -0.9161357100389418, -0.15929072868213826, -0.8592338887516592, 0.6045590490553099, 0.705934734031769, -0.15238796559399925, 0.05887592238729658, 0.15424348353628303, 1.0513172293736166, -2.440556186457753, -0.7314862894097436, -1.0777203955748211, -0.4266106236228146, -0.4146125415314929, 0.5287156457394091, 0.16056988778096415, 1.2221189574296805, 2.237309668516051, 2.439220885712939, -0.10274354408819864, 0.4398773273633279, -0.4929868023792747, -0.2519865047426947, -1.0017051243181616, 0.24394640730289885, 0.5658958759917985, -1.7155373421125466, -0.3839475248829102, -0.6861149544342203, 0.8279329251549161, -0.35298540973452175, 0.23053525719521056, 2.056067189794943, -0.5164843108001431, 0.681938403477383, 2.4381392543805416, -0.11439834531193882, 1.3759052627911397, 2.6755128378603183, 0.20401448985178766, -0.7096276126034258, -0.9347042109649182, -0.597295567825411, 0.29045902967013715, -0.752989954748482, 0.04510544482144582, -0.50801464225943, 1.137601906378845, -0.010385392686482413, 0.9944536246743392, -0.7681230864287891, 0.7268953024116362, 0.8174276391170967, 0.05690574313468684, 0.16970468455523832, 0.535029349653259, 0.8419771820219509, 0.3046228498673059, 1.114948058171253, -1.2646089682527477, -0.10166821031686127, 1.3297728131742836, -0.8622861495786212, 0.5563050377973651, -0.4603984773701387, -0.708805614823814, -1.275878554867623, 0.8807075011559087, 0.13234514835400082, -0.6817866867495657, 2.2935795335113935], "mirnas": ["miR-221", "miR-193b", "miR-126-3p", "miR-339-5p", "miR-222-3p", "miR-21-5p", "miR-494", "miR-574", "miR-141-3p", "miR-152-3p", "miR-887", "miR-185-5p", "miR-27b", "miR-132a-3p", "miR-200b-3p", "miR-375-3p", "miR-421", "miR-337-3p", "miR-130b-3p", "miR-424", "miR-191-5p", "miR-874", "miR-425-3p", "miR-1249-3p", "miR-362-5p", "miR-197", "miR-10b-5p", "miR-28-5p", "miR-363-3p", "miR-26b", "miR-144-3p", "miR-3615", "miR-320a", "miR-455", "miR-92b", "miR-301a", "miR-501-5p", "miR-331-3p", "miR-1301-3p", "miR-27a", "miR-99b", "miR-30a-5p", "miR-106b", "miR-376c", "miR-15b", "miR-652-3p", "miR-451a", "miR-598", "miR-361", "miR-127", "miR-342-3p", "miR-150-5p", "miR-223a-3p", "miR-454", "miR-140-5p", "miR-93", "miR-758", "miR-19a", "miR-125a", "miR-340-3p", "miR-17", "Unknown", "miR-137-3p", "miR-148a", "miR-1307", "miR-484", "miR-628-3p", "miR-212", "miR-181c", "miR-143", "miR-29c", "miR-370", "miR-148b-3p", "miR-18", "miR-29a", "miR-543-3p", "miR-23a", "miR-328", "miR-505-3p", "miR-23b-3p", "miR-25", "miR-487b-3p", "miR-30e", "miR-130a", "miR-22"], "p-values": {"Nigita2018": [0.8419234475446424, 0.3691680723506171, 0.16506040904837246, 0.2951045759391798, 0.4655140036888351, 0.6324277623525953, 0.8766143259157376, 0.2592874202343439, 0.08902686768916038, 0.7689173349757403, 0.10049397723495439, 0.811251055809829, 0.3613973361004904, 0.15343867374691944, 0.9577308764069632, 0.4925307364506494, 0.45127617030576883, 0.8234627882861663, 0.8153370386236137, 0.22461193711994465, 0.6502200040466, 0.15424700903164568, 0.3535333960813771, 0.24117302831232992, 0.24981409130794324, 0.20266672069589503, 0.03712155872793746, 0.11402247283969925, 0.6555170917930091, 0.40501534587911525, 0.9455496574273432, 0.8795159434645703, 0.3136860137560104, 0.8529468712118237, 0.5378416564323328, 0.9156202009757208, 0.9244658821625659, 0.4314842482702397, 0.4593889013818756, 0.1959301013209256, 0.96309220365518, 0.3979903920308082, 0.8577953845342396, 0.2525322352431794, 0.17398520550873187, 0.7235175270465892, 0.7629475442280564, 0.29686988827061117, 0.8591525366556481, 0.6271856247962937, 0.12415920390212165, 0.8293990980306274, 0.588663947574964, 0.7916346256152126, 0.4585002286294403, 0.6635627076318417, 0.3086019683558819, 0.7630679255716857, 0.41192385796272357, 0.6605741721705056, 0.4921139674520766, 0.12275359501788918, 0.8030870132595581, 0.4807031877031902, 0.3068797029904633, 0.7441028973353545, 0.7671381503017032, 0.30123008217838837, 0.6853133210694072, 0.83214243367519, 0.16457534680897143, 0.2871941818263802, 0.7159087635015642, 0.7032389026352233, 0.33251562477752705, 0.4694763251950086, 0.3746626930923139, 0.48172460648727367, 0.5144268299428137, 0.4780994750162685, 0.8609610455749351, 0.36338786193928807, 0.632156849271019, 0.227185224714413, 0.6095711996353803],