{"corr": -0.054128245847555455, "p-value": 0.7208863139639536, "slope": -0.060577619176921456, "intercept": -0.37488448806786995, "Nigita2018": [0.0791660004144254, -0.351892845967686, -0.5635881967593057, -0.2421301013609089, -0.6191124914164418, -0.5966394053130357, 0.2811856623237663, -0.16597418705404585, -0.3126496029586653, 0.1410700160810356, -0.3272979645417058, -0.3575165237131249, -0.2406874832787213, -0.45430128121002916, -0.07860134229814542, -0.4511711853419891, -0.05741293207936882, 0.07072306991410363, 0.18133512137092056, -0.3889430719292435, -0.18478098836268725, -0.5404616362780679, -0.4664708167652981, 0.11107076371326279, -0.4739614633960455, -0.18092084583555695, -0.1442426571397257, -0.3037302567671366, -0.36111041707506364, -0.24878735805096125, -0.4177372415217112, -0.23887949461293825, -0.4997664070463649, -0.15904325531496932, -0.31042389961115263, -0.28273433267285397, -0.3581226263751204, -0.49798598616635625, 0.25325626477020324, 0.08551726715982519, -0.08255600041344686, -0.15653724696586724, 0.2264629045628243, -0.5954545854399867, -0.4171399838165716, -0.17408661623996174], "Leidinger2016": [-0.5257891240874264, -0.11247923144982347, -0.7658144536866222, -0.3957896957695818, -0.04649045769267311, -0.3022834149434165, -0.5723968987658816, -0.17656272238667775, -0.16171873294626277, -0.278635507436799, -0.7381717110244161, -0.13750403581997844, -0.7949947446444529, -0.20493989239429927, -0.03684175670210757, -0.22248370751648155, -0.1781454714664506, -0.022984068233727437, -0.4606014476066129, -0.8874951598322174, -0.38136629978316183, -0.48986222385613737, -0.47302377304980037, -0.037795519440803, -0.04519332383820402, -0.36009972012585256, -0.9242542910505119, -0.8249200922545195, -0.003171513214441997, -0.23466547441212, -0.8359007414220272, -0.08777367619888415, -0.09209221688684552, -0.4100320252002111, -0.0971976589810212, -0.1924028091354824, -0.26499667217069645, -0.544821213116931, -0.4762660467753339, -0.10813197092822238, -0.24449869034582164, -0.7290265778856173, -0.8497429695693562, -0.39470763866144654, -0.21887714453018947, -0.2430795029980864], "mirnas": ["miR-106b", "miR-125a", "miR-126-3p", "miR-17", "miR-339-5p", "miR-874", "miR-148a", "miR-652-3p", "miR-222-3p", "miR-451a", "miR-598", "miR-362-5p", "miR-21-5p", "miR-197", "miR-494", "miR-574", "miR-423", "miR-361", "miR-363-3p", "miR-26b", "miR-181c", "miR-29c", "miR-193a", "miR-150-5p", "miR-320a", "miR-148b-3p", "miR-18", "miR-214", "miR-29a", "miR-223a-3p", "miR-23a", "miR-328", "miR-132a-3p", "miR-93", "miR-331-3p", "miR-23b-3p", "miR-421", "miR-27a", "miR-654", "miR-25", "miR-130b-3p", "miR-19a", "miR-30e", "miR-130a", "miR-30a-5p", "miR-22"], "p-values": {"Nigita2018": [0.8577953845342396, 0.41192385796272357, 0.16506040904837246, 0.4921139674520766, 0.2951045759391798, 0.15424700903164568, 0.4807031877031902, 0.7235175270465892, 0.4655140036888351, 0.7629475442280564, 0.29686988827061117, 0.24981409130794324, 0.6324277623525953, 0.20266672069589503, 0.8766143259157376, 0.2592874202343439, 0.9152369422550484, 0.8591525366556481, 0.6555170917930091, 0.40501534587911525, 0.6853133210694072, 0.16457534680897143, 0.28642402284179475, 0.8293990980306274, 0.3136860137560104, 0.7159087635015642, 0.7032389026352233, 0.4922731590695748, 0.33251562477752705, 0.588663947574964, 0.3746626930923139, 0.48172460648727367, 0.15343867374691944, 0.6635627076318417, 0.4314842482702397, 0.4780994750162685, 0.45127617030576883, 0.1959301013209256, 0.5927302361948974, 0.8609610455749351, 0.8153370386236137, 0.7630679255716857, 0.632156849271019, 0.227185224714413, 0.3979903920308082, 0.6095711996353803], "Leidinger2016": [0.000266879708709158, 0.23694975154369707, 3.289576842250483e-07, 9.992734489270517e-05, 0.596935804034921, 0.1019718509290001, 0.00020983507478175678, 0.029060929152070505, 0.026828539916577052, 0.002657753319696468, 0.009379088003377488, 0.40475853637971626, 3.9374823930384714e-05, 0.024147310845602867, 0.8531983090296489, 0.03555638345440558, 0.06638810989705934, 0.8832647176827788, 0.0004022373621471682, 8.062536524346328e-10, 0.0012954908729568581, 0.002225154554665027, 0.005657581170236068, 0.5528246531759371, 0.5201244891749467, 0.004856725921357638, 9.875608694485487e-06, 0.01742747030181268, 0.9369487525067393, 0.2506984674252215, 0.00918673949082728, 0.26722788622254334, 0.22761121710277535, 3.675523644177318e-05, 0.332644493243724, 0.02942955798742369, 0.010912986185382315, 3.24887221273143e-06, 0.05099045598427061, 0.1793277635389756, 0.006691896427663721, 0.0009588577554931727, 0.0008031241348749173, 0.0010060588088770647, 0.04887619480486708, 0.06526095300986046]}}