{"corr": 0.13635383747079688, "p-value": 0.13424324593522766, "slope": 0.163821904203427, "intercept": -0.7231752361668751, "Patnaik2017": [0.004311262401742934, -0.2742232637313572, -0.706885711845163, -0.1400465671482678, -0.041067634425179814, -0.13444469316882451, 0.07278390312292819, -0.18225707054740153, -0.14792439368135438, -0.14858055906019274, -0.001198692522103331, -0.4418292965394315, -0.3868732222308513, 0.02169493306543307, -0.3642511743077542, -0.03367945390757765, -0.11181505656396303, 0.08579350371809366, 0.26937666458074133, 0.22931861858063607, 0.021072986706613905, 0.4568576137324638, -0.2865669492928922, -0.3377111714731771, -0.1374742427348022, -0.08488606715366417, -0.23656620285900387, -0.0992552774084863, -0.08454243669799225, -0.2753578080350112, 0.34942014412016353, -0.08913288781635281, -0.15245256010370184, 0.16536577319589013, 0.05588682065476941, -0.17236229024524682, -0.05322464687635654, -0.014874463386835818, 0.2181400345058958, 0.1182187239735953, -0.654004857334661, -0.0006454831677841252, 0.11458508510431598, 0.17792536263595493, 0.0723418642151348, 0.11340705305624897, -0.1001360518207168, -0.07286398257950168, 0.03796564846080244, 0.31696130150222307, 0.1486254402712351, -0.17391388134401475, -0.7619824735253056, 0.2146606437899662, 0.2820511464396436, 0.2337387540016094, 0.07877895207293512, 0.1642417233062557, -0.12904875778216335, -0.15179480743987112, -0.002340943028520951, -0.16487233246282954, -0.5556651804465367, 0.013898409889751842, -0.2616052601945378, 0.2015935171523054, -0.13953419844685475, 0.6589450735494221, 0.005994806026314245, -0.01610033450524374, -0.47706498690473953, 0.2830171516100398, -0.190663109358933, -0.116519718626465, -0.2422220795004607, 0.04666928566168463, 0.7479564405103287, -0.19404280744038227, -0.3580735552017499, 0.13355446861786902, -0.7804139502994565, 0.05087186388969706, -0.1484043622982369, -0.07158007773802794, -0.23517120651225798, 0.2472719091070776, 0.1680296602785114, 0.04440706931372093, -0.4794105752510377, 0.09264667849538874, -0.7370143819483648, -0.18762762661609728, 0.10222063623077596, 0.02087107393695363, 0.056545305204309955, 0.18457936807534464, 0.10890426673024184, -0.5808034769158805, 0.1739356060887664, 0.05240608443490152, -0.4231184465707418, 0.053781185293549506, -0.44419488513557265, 0.5085598169631763, 0.8743760960707609, -0.03381057853552384, -0.42636753628088253, -0.056543977389922714, -0.04887491112888227, -0.15629241121450377, 0.0065226745984661005, -0.09600787547123821, 0.16557277685898342, -0.44941329473419167, 0.9209145597304267, -0.14945896030100164, 0.016523171625804238, 0.09841852126923811, -0.16547170334711336, -0.35215052737261465, 0.47821244737819657, -0.091843324761858], "Li2017": [0.239671953984682, -0.791275955683022, -0.664011376071641, -0.6547560137353027, -1.0188665023323438, -1.0703962467688024, -1.0698028073479051, -0.44216539538943894, -0.439662329803194, -1.0178092714649036, -0.9697486703345379, -1.109018962201036, -1.024910891042399, -1.2991226747786222, -1.539537015327265, -0.4580829425074489, -0.8095147407906981, -0.531955960147346, -0.5682761682532599, -0.5326251893685728, -0.7285322199407149, -0.48390959308816495, -0.5623073172347803, -0.6491522015286886, -0.3869909662209067, -0.7678379298713889, -0.9609847014415245, -0.7719445429387048, -0.9541617727527372, -1.1628255784189105, -0.7798398154830704, -0.7609417918597717, -1.3331127137183973, -0.49277641098626057, -0.6453581638176856, -1.0109600732708934, -1.0603004045053823, -1.0525505492038743, 0.08166153692431488, -1.7433824769781445, -0.6256814723773266, -0.7906373491906455, -0.2115073790204356, -0.46857602539530685, -1.205973785493042, -0.5277632991330119, -0.8008587380542439, -0.4868360346571361, -0.2564643707364844, -0.6826316304367109, -0.5036850213329245, 0.2204405568967674, -0.944943347947499, -0.4455145579528157, -0.9734394613292711, -0.6322922378034779, -1.1387551767869206, -0.27391978700767583, -0.9259337205457351, -1.0021909909764157, -1.302265816204931, -0.5705619441098473, -0.45138243865934347, -0.3724357227049143, -1.6070868921664327, -1.7303586058663551, -0.5727991174613156, -0.38165409809790685, -0.30205269959657827, -0.44853962505298695, -1.1844343600044516, -0.7724624268613531, -0.9319461066467577, -0.6100588136089189, -0.5717918119782692, -0.3408156805026206, -1.1868291105557933, -0.7612031731751676, -0.750715292848582, -0.7510585717309547, -0.3288713983143349, -0.8730074594910403, -0.6595701064942238, -1.0424819286204163, -0.9889826479949894, -0.8290608967083456, -0.3304437698285775, -0.6044678443813889, -1.029914927672399, -0.9423369865296589, -0.8610832277313383, -0.5304284814792827, -1.1037655468384733, -1.094403127550371, -0.5418909249983079, -0.36708663183525825, -0.38657761065451735, -0.7579655575217168, -0.257472571704119, -1.0144973094382763, -0.49888449120945577, -1.4288092869364202, -0.4996631962159189, -0.8389500126500467, -0.3924296868179867, -0.018381688274272036, -1.0932144710473364, -0.672335607956456, -0.5401744984993873, -1.013694769955405, -0.8060475149928572, -0.6887727561269834, -0.4392382448451531, -0.8523112338827143, -0.586667322092338, -0.4323362592310195, -0.6204075039288469, -0.5988163196459544, -0.3348834397852262, -0.6892729328618111, -0.47206831519870296, -0.7870800231863657], "mirnas": ["miR-1226", "miR-4516", "miR-371b-5p", "miR-32-3p", "miR-2467-5p", "miR-576-5p", "miR-4742-3p", "miR-1268a", "miR-19b-3p", "miR-423", "miR-675b", "miR-4507", "miR-4788", "miR-224-5p", "miR-320c", "miR-4463", "miR-1228-5p", "miR-1264", "miR-29c-5p", "miR-199a-5p", "miR-609", "miR-1260b", "let-7a", "miR-103a", "Unknown", "miR-611", "miR-3115", "miR-764", "miR-3197", "miR-659-5p", "miR-18b-3p", "miR-4306", "miR-320d", "miR-1281", "miR-4466", "miR-642a-3p", "miR-4740-3p", "miR-574-5p", "miR-4484", "miR-3136-3p", "let-7f", "miR-2909", "miR-711", "miR-4281", "miR-4298", "miR-200b-5p", "miR-1207-5p", "miR-4433a-3p", "miR-936", "miR-26b", "miR-2861", "miR-548d-5p", "miR-1-3p", "miR-761", "miR-92b", "miR-3679-3p", "Unknown", "miR-4633-3p", "miR-106b", "miR-3196", "Unknown", "miR-3664-5p", "miR-2681-3p", "miR-4669", "miR-320b", "miR-320e", "miR-487a-3p", "miR-451a", "miR-616-5p", "miR-4635", "miR-98", "Unknown", "miR-638", "miR-4763-5p", "miR-4455", "miR-519d", "miR-4443", "miR-580", "miR-107-3p", "miR-193a", "miR-150-5p", "miR-4271", "miR-15a", "miR-3162-5p", "miR-323", "miR-5002-3p", "miR-941", "miR-4270", "miR-1275", "miR-187-3p", "miR-4505", "miR-5704", "miR-9-3p", "miR-3189-3p", "miR-632", "miR-1233", "miR-340-3p", "miR-17", "miR-3662", "miR-4327", "miR-122-5p", "miR-216a", "let-7i", "miR-4687-5p", "miR-15b-3p", "miR-3610", "miR-3960", "miR-3163", "miR-181a-3p", "miR-183-3p", "miR-3655", "miR-4769-5p", "miR-4286", "miR-4530", "miR-23b-3p", "miR-210", "miR-1268b", "miR-1202", "miR-1246", "miR-130a", "miR-3940-5p", "miR-22"],