{"corr": 0.06906281607110375, "p-value": 0.3311826280408401, "slope": 0.10117462752028368, "intercept": -0.2544988713132454, "Patnaik2017": [-0.40983751821748093, 0.7023496522115631, -0.20310678222447007, 0.5482984190206457, -0.11040295988786844, -0.6130986233646682, -0.12584851864666027, 0.062368872990568425, -0.08520087667502496, 0.022574379833039795, 0.14956890876092913, -0.13444469316882451, 0.014011585034025612, 0.23332543685043167, 0.2590961317848539, 0.1714088916567931, -0.3166356081738436, -0.10451652836078454, 0.21517696460301639, -0.2877769028980226, -0.14858055906019274, -0.25212447955159123, 0.04524004427226898, -0.180464644716033, -0.24130056970221575, 0.10838010854266575, 0.08430441758948726, 0.04248043235611014, 0.02169493306543307, -0.06998851510696733, -0.3642511743077542, -0.2888934812790772, -0.11181505656396303, 0.03677307995376826, -0.08516501198746343, 0.08250085151602088, 0.26937666458074133, 0.22931861858063607, 0.5681516184325527, -0.10296007384932829, 0.25641949964568633, 0.31766497439399366, 0.17125282900415445, 0.06517160453206153, -0.21407051133207408, -0.2865669492928922, -0.06956823865124764, 0.0992781976770814, -0.3377111714731771, -0.6262961367312734, -0.42004938178491147, 0.030071353911292155, 0.2854129781505603, -0.14015234411184696, -0.10830945124373445, -0.08441153074889557, -0.19566553570394252, -0.1311117452620108, -0.08662052999631366, 0.0062311097510713365, 0.23141353987378888, 0.34942014412016353, 0.16360691974845387, -0.4330045472777279, 0.05866011991060428, -0.437055386282703, -0.07832386769574545, 0.15086032381064227, -0.15245256010370184, 0.08607119838337127, 0.17964666743922406, 0.15902505205320794, 0.06768703678174823, -0.16589568378800512, 0.5185868604164101, 0.16063155308127558, -0.654004857334661, 0.032149805527428056, -0.13351302186994166, 0.6615225699786328, 0.03173941585442313, -0.5551436936787479, 0.41856857128795, 0.31696130150222307, -0.5934540331899691, -0.07197905213207745, 0.11927962297106737, -0.223326955703631, 0.4359568738748063, 0.37569113410254323, 0.19311497319320498, -0.2122460960679009, 0.5627440500472125, -0.5358658832323488, 0.20693917833279601, -0.06666951704658852, 0.20152828474569584, 0.37175596090249463, 0.22894701931483247, -0.12904875778216335, 0.07341422653762844, 0.12982745718271826, -0.0305365091056857, 0.0024422997753657865, -0.40576709296696556, 0.5668558304870359, 0.18486457914252738, -0.010744851824994767, -0.2058525842466939, 0.1401343454890681, 0.1322318441826466, 0.6589450735494221, 0.005994806026314245, 0.06904553394004337, -0.18043695482226751, 0.10618498763888018, -0.47706498690473953, 0.4623695948588916, -0.0634859094937013, 0.004360551518531205, 0.2848648601994667, 0.04666928566168463, -0.3580735552017499, 0.13355446861786902, -0.7804139502994565, 0.1789290521463758, -0.0255933752137025, 0.6169260065395268, 0.0015330130820440924, 0.347252828063345, -0.02034576119916979, -0.1484043622982369, -0.60523295695766, 0.10154712892799816, 0.025019518783222935, 0.05092064396981638, -0.48135366159190285, 0.0034688614865933582, -0.013707346622841822, -0.4794105752510377, -0.06437059370503659, -0.07230688073855779, 0.2161693275032306, 0.06665161131969291, 0.1687282209848473, 0.030017351959974667, -0.1416798512194383, 0.5163212310291758, 0.21132625642670394, -0.12262845578640824, -0.5808034769158805, 0.017096849107163636, -0.01130908091950751, -0.5608875417443124, 0.039648886906088844, 0.012808324634900848, -0.023724962516013342, -0.23750097685716456, 0.06808207274317618, -0.19864738828868744, 0.3171341365996937, -0.44419488513557265, 0.0604275100198039, -0.02374779690113542, -0.311737552273462, -0.37476463984387587, -0.5372434231439416, 0.024792355048181884, 0.07633590003710788, 0.4582973361168027, -0.07976600478101656, -0.05408275464531033, 0.10637818313141378, -0.034647519475582644, -0.0397117407455118, -0.15629241121450377, -0.6478240287931294, -0.3057233487447718, 0.2458101950856309, -0.07359249789541816, 0.07608249496592846, -0.07118758131706832, 0.028361271220170504, -0.12538880851466933, 0.7180106679843075, 0.06098128189318059, 0.11808372828789136, 0.1533962747503791, 0.03684019918994044, -0.20509287515923497, -0.3464264580262815, 0.9209145597304267, 0.10128133925124227, 0.22628390468849427, -0.292456437988876, -0.10276790373046259, 0.13942975414948183, -0.35215052737261465, 0.1564619465408274, -0.091843324761858],