{"corr": 0.28056442328888304, "p-value": 0.0027325114829579184, "slope": 0.11081224786829616, "intercept": 0.17010072220278288, "Patnaik2012": [0.989161649553719, -2.1796003892267413, -0.5441882122477084, 0.043415186080730056, -2.6193075576223817, 0.19544318452312703, 0.28147279261444674, 0.6083978995535676, -0.22191380519953274, -1.068350457404267, -0.029053407237286742, -0.17341714086265722, 0.49699949431032997, -1.656845398533065, -1.5906723245769583, 0.03900809800306025, 0.22868989735669037, 0.24225180424329956, -1.4977720889130701, 0.03164032534908441, -1.6972173634691154, -0.16625579989058306, 0.45354065842470825, -0.38284138105522714, -0.03827859630457278, 0.2620715547114756, -2.6985928292418166, -0.06429104779371415, -1.7505192885027734, -1.735142901777141, 0.407650494280417, -3.1625844289408542, -1.211256799600061, 0.6629148275602064, -0.7823502111120053, -1.4243394292125071, -1.1393583922007418, -1.8798769291155581, 0.030537775023874426, 0.5131572413337104, -0.4974097563726694, 1.415101677370826, -2.6031268535758674, 0.13338577296480844, -0.4789057009541882, 0.2595998684955233, -0.763059408152732, -0.3587719136594065, -2.4450376852640967, -0.11535269968843935, 0.42563864397070794, -0.1833123024179894, 0.13270664869120702, -1.464583529769194, 0.32987231663830086, 0.7526608799910091, -0.09616108663881293, -2.684393906141107, -0.482872808886184, -1.6971384810480252, -0.8379673132961538, -2.6969619644556904, 0.4795978677736725, -1.3062856185459881, 0.09967454883571703, 0.28690554012635994, -0.8331043606338178, -0.031184249965905516, -0.9288436566491424, 0.04909316292146377, -1.1242016558027759, -0.5156890730318113, -2.7640035300342234, -0.3096333463069586, 0.21727969304053665, -1.0531144793446898, -0.7098066401860336, 0.08225983484447738, -2.865737315509648, -0.2642431591954504, -1.5245716325397343, 0.7897770815528953, -0.12863028580515012, -0.15911189830237876, -0.6917696184254251, 0.29096367551110347, -3.0251856444841834, -0.13404729190247391, -0.07741641937426164, -2.8000362498652978, -0.9327235424139902, 0.8932473282296607, -0.5927331386615016, 0.6873469544456725, -0.12063748694450549, -2.247359805970013, -1.6414311824926238, -0.4190736767788147, -0.8408328126470345, -3.992850587478812, -1.765264086321384, -0.6253004738290675, -3.93156238393484, -0.9526676727811281, 0.33383980667310365, -0.015199464343624134, -3.1501769689373047, 0.405393398488661, -1.0004337625474016, -0.28344907257553026, -0.5596703562036159, -1.9410290853015042], "Boeri2011": [0.3311675021451469, -0.2915097653146705, -0.021907022151932208, 0.19214729710443285, 0.07258556056573817, -0.2390381393841577, -0.7921324096702879, 0.4642413613481424, 0.005011820412711197, -0.1565173184788557, 0.6269393940724183, -0.20216385965790049, 0.9199773296907453, 0.14632753495343614, 0.3321928488697995, 0.04479641637276177, 0.4287199018266906, 0.8501208967777822, -0.6533755077370218, 0.14791149045655833, 0.033849035492998836, 0.08642639908500994, 1.6244898820338465, 0.223025750116555, 0.4968302912223214, 0.37757024040756804, 0.22971255184420677, 0.022939336658100384, -0.04367357576833018, 0.027207642753229927, -0.2655121603801078, -0.02717783838265554, -0.08789922028410904, 0.985753794202816, 0.363722538097506, -0.2735255786414891, 0.6473571269030081, -0.0007498864841224441, -0.02303146341388878, 0.629233333858246, -0.42964801818263, 1.8563772933349636, -0.11038381257601557, 0.171520060092255, -0.4031721123543005, 0.3880412150205419, 0.22823720004542702, 0.2995864059576462, -0.028763256545377425, 0.5722754240423191, -0.6500594820229597, 0.27115167628271053, 0.7281198049476618, -0.25788941055480563, -0.2152811656254796, 0.2748896183414107, -0.5697145016290649, -0.01099107215490386, 0.3401824497807038, 0.12764823172153655, 0.7983378537927703, -0.17101257797038233, 0.7045323520513613, -0.5766107706167771, 0.5118576546416431, 0.2952717860755665, -0.0814898621287917, 1.1699360087927422, -0.17668544128024177, 0.28913755445653194, 0.09539084935369779, -0.1917678609294508, -0.48270497033654075, -0.06836306241965022, 0.4114565992939566, -0.09166325803530659, -0.16977609032984564, -0.11181394494541444, -0.11828114788389604, -0.2349654621112045, -0.4229643260717696, -0.8307008182274056, 0.10866552269311201, -0.022565744909248703, -0.1448793248194835, 0.11767581798865745, -0.16037423656682587, -0.8054181048965805, 0.187890977132732, 0.10501222895849677, 0.0019763852132709857, -0.19250249352175683, 0.3181491345858233, 0.14564710419022744, 0.04529480687217055, -0.09250122197413177, -0.6720144806024504, -0.3534847699527149, 0.7207766233756134, 0.033733479201411384, 0.18421441277454081, -0.3078555692998899, 0.2421607232713595, -0.07263525665068123, 0.4236890821845438, 0.29134335010484813, 0.08584226282661031, 0.520290811444401, -0.4539415817661292, -0.3100555439222334, -0.5231708777547, 0.4231730677085008], "mirnas": ["miR-145", "miR-374b-5p", "miR-221", "miR-193b", "miR-126-3p", "miR-30c", "miR-629-3p", "miR-10a-5p", "miR-222-3p", "miR-19b-3p", "miR-100", "miR-193a-5p", "miR-133b-3p", "miR-21-5p", "miR-423", "miR-574", "miR-152-3p", "miR-218-5p", "miR-185-5p", "miR-27b", "miR-26a", "miR-132a-3p", "miR-204", "miR-375-3p", "miR-346-5p", "miR-744-5p", "miR-181a", "miR-597", "miR-374a-5p", "miR-130b-3p", "miR-142-3p", "miR-20", "miR-191-5p", "miR-133a-3p", "miR-197", "miR-28-5p", "miR-363-3p", "miR-26b", "miR-296-5p", "miR-34a", "miR-885-5p", "miR-1-3p", "miR-320a", "miR-128", "miR-192", "miR-203-3p", "miR-345", "miR-335", "miR-301a", "miR-125b", "miR-331-3p", "miR-337-5p", "miR-548a", "miR-142-5p", "miR-495-3p", "miR-27a", "miR-99b", "miR-106b", "miR-376c", "miR-24-3p", "miR-15b", "miR-652-3p", "miR-99a", "miR-451a", "miR-598", "miR-330-3p", "miR-186", "miR-361", "miR-625-5p", "miR-127", "miR-342-3p", "miR-150-5p", "miR-16", "miR-30b", "miR-323", "miR-454", "miR-140-5p", "miR-590", "miR-93", "miR-636", "miR-502a-3p", "miR-483", "miR-518d-3p", "miR-365", "miR-19a", "miR-376a-3p", "miR-195", "miR-125a", "miR-28", "miR-17", "miR-532-3p", "miR-122-5p", "miR-148a", "miR-199a-3p", "miR-484", "miR-101-2", "miR-660", "miR-92a", "miR-29c", "miR-20b-5p", "miR-146a", "miR-148b-3p", "miR-18", "miR-29a", "miR-328", "miR-410", "miR-106a-5p", "miR-134-5p", "miR-25", "miR-486-5p", "miR-140-3p", "miR-130a"],