{"corr": -0.14895797175556802, "p-value": 0.19013244987293312, "slope": -0.0442362505774163, "intercept": -0.2702048772063674, "Patnaik2012": [-0.5441882122477084, 0.043415186080730056, -2.6193075576223817, 1.5101047700749333, -0.22191380519953274, -1.656845398533065, 0.2640484935653833, 0.03900809800306025, 1.1195040651051222, 0.22868989735669037, 0.21614395007026785, -1.4977720889130701, 0.03164032534908441, -0.16625579989058306, -0.38284138105522714, 0.08601800163415357, 0.3794890616790395, 0.2844357091404781, -1.735142901777141, 0.19576651766679867, -1.211256799600061, -0.050305782364872265, -0.0239739699627798, -1.295098194794278, -0.7823502111120053, -1.4243394292125071, -1.1393583922007418, -1.8798769291155581, -2.2917646051468883, -2.6031268535758674, 0.1589269520515118, -0.7341760437312472, 0.2595998684955233, -2.4450376852640967, -1.5333499936416475, 0.42563864397070794, -0.2664584460254118, 0.7526608799910091, -0.09616108663881293, 0.34804513045724705, -1.1818221296246851, -2.684393906141107, -0.482872808886184, -0.8379673132961538, -2.6969619644556904, -1.3062856185459881, 0.09967454883571703, -0.031184249965905516, 0.04909316292146377, -0.642755695849292, -1.1242016558027759, -0.5156890730318113, -0.4368574018357963, -1.0531144793446898, -0.7098066401860336, -2.865737315509648, -0.6917696184254251, -0.13404729190247391, -2.8000362498652978, -0.1176249767468013, -0.5927331386615016, -0.6044911650667693, -0.12063748694450549, 0.033426437510019946, 0.6679800623794583, 0.10885971738274029, -0.8408328126470345, -0.6253004738290675, -3.93156238393484, -0.9526676727811281, -0.0004024997896807345, -0.08220316790663773, 0.33383980667310365, 0.3252716995135779, -2.185205523157543, -1.0004337625474016, -1.4991344556910509, -1.9410290853015042, -2.305849124417183], "Nigita2018": [-0.10827968125465001, -0.4304121844438106, -0.5635881967593057, -0.6191124914164418, -0.3126496029586653, -0.2406874832787213, -0.07860134229814542, -0.4511711853419891, -0.9380281416022072, -0.13428016252990432, -0.6985268204784096, -0.13330973900866183, -0.34327218191842157, -0.4997664070463649, 0.2187980452952621, -0.3581226263751204, 0.25325626477020324, 0.11893488052271652, -0.08255600041344686, -0.5539946555056502, 0.21440895022740836, -0.5966394053130357, -0.4770325659296564, -0.3575165237131249, -0.45430128121002916, -0.8048412662001037, 0.18133512137092056, -0.3889430719292435, -0.03436663538915623, -0.4739614633960455, -0.06657443096469148, -0.24004582834731153, -0.2583553410334667, 0.06396624371717206, 0.045605167178009394, -0.31042389961115263, -0.326327724344306, -0.49798598616635625, -0.01867461669587591, -0.1755439044029605, -0.4171399838165716, 0.0791660004144254, -0.518511991298451, 0.6082571138895934, -0.16597418705404585, 0.1410700160810356, -0.3272979645417058, 0.07072306991410363, -0.2019581885682129, -0.4664708167652981, -0.5403999204587574, 0.11107076371326279, -1.5514752878427802, 0.11038446899793947, -0.3066188214094633, -0.15904325531496932, -0.15653724696586724, -0.351892845967686, -0.2421301013609089, 0.11154205860037525, 0.2811856623237663, -0.41801599474422524, -0.1549635209637557, -0.1408380413427625, -0.05741293207936882, -0.18478098836268725, -0.5404616362780679, -0.18092084583555695, -0.1442426571397257, -0.36111041707506364, -0.3139526064808268, -0.4177372415217112, -0.23887949461293825, -0.15481233117982476, -0.2957618786372076, 0.08551726715982519, 0.2264629045628243, -0.5954545854399867, -0.17408661623996174], "mirnas": ["miR-221", "miR-193b", "miR-126-3p", "miR-339-5p", "miR-222-3p", "miR-21-5p", "miR-494", "miR-574", "miR-141-3p", "miR-152-3p", "miR-887", "miR-185-5p", "miR-27b", "miR-132a-3p", "miR-375-3p", "miR-421", "miR-654", "miR-337-3p", "miR-130b-3p", "miR-424", "miR-191-5p", "miR-874", "miR-1249-3p", "miR-362-5p", "miR-197", "miR-28-5p", "miR-363-3p", "miR-26b", "miR-144-3p", "miR-320a", "miR-455", "miR-92b", "miR-203-3p", "miR-301a", "miR-501-5p", "miR-331-3p", "miR-1301-3p", "miR-27a", "miR-99b", "miR-301b", "miR-30a-5p", "miR-106b", "miR-376c", "miR-15b", "miR-652-3p", "miR-451a", "miR-598", "miR-361", "miR-127", "miR-193a", "miR-342-3p", "miR-150-5p", "miR-208a-3p", "miR-454", "miR-140-5p", "miR-93", "miR-19a", "miR-125a", "miR-17", "miR-137-3p", "miR-148a", "miR-1307", "miR-484", "miR-628-3p", "miR-423", "miR-181c", "miR-29c", "miR-148b-3p", "miR-18", "miR-29a", "miR-543-3p", "miR-23a", "miR-328", "miR-605", "miR-210", "miR-25", "miR-30e", "miR-130a", "miR-22"], "p-values": {"Patnaik2012": [0.04596861161570193, 0.8921205756704862, 0.011299733034078819, 0.1703725697526846, 0.5356258708480581, 0.004633332820644513, 0.5757943534066949, 0.8758864076644617, 0.009804040944150168, 0.2674097523668439, 0.3308171218873639, 0.06468957630530181, 0.9412692719111331, 0.3730945610305735, 0.08871306091056727, 0.6460244975470628, 0.025929749315106106, 0.24598446069701946, 0.007854853506180731, 0.6961025477053044, 0.034960862823917783, 0.7700093205263776, 0.9392904558543189, 0.054812882750174034, 0.14784455442453798, 0.05561378299198642, 0.11878788783443797, 0.002970310305662726, 0.05577016272577556, 0.003280504867838388, 0.31640170243355037, 0.08859353357176489, 0.18804320500009356, 0.0016924681499460492, 0.0021386489803491868, 0.501202480723391, 0.11154432058119675, 0.14477518144722964, 0.8020813908242219, 0.11833429388710376, 0.020456202414725837, 0.018372292286237917, 0.15230468768325867, 0.19617884258476073, 0.00418271524112247, 0.26261600251069045, 0.541020767928946, 0.9317697857008405, 0.7491252937173625, 0.18204429178791354, 0.08286603717613551, 0.5857041067512261, 0.00933319519082291, 0.0011554710150481838, 0.1744329172617098, 0.005414957612941671, 0.5080845879419347, 0.7390188393427257, 0.0034268236694068328, 0.6958150570817818, 0.1701642816127792, 0.019993934012512277, 0.7909902561723616, 0.9501597126432415, 0.23714834705564927, 0.5043587376332705, 0.20478029380997467, 0.42331028981117835, 0.003833663596242122, 0.2308932438391852, 0.9977282679567885, 0.9147040175223703, 0.416244081854623, 0.09440213980195229, 0.01719752017553218, 0.04056811976807991, 0.07579584981609813, 0.0035463028631914986, 0.0217601754461242], "Nigita2018": [0.8419234475446424, 0.3691680723506171, 0.16506040904837246, 0.2951045759391798, 0.4655140036888351, 0.6324277623525953, 0.8766143259157376, 0.2592874202343439, 0.08902686768916038, 0.7689173349757403, 0.10049397723495439, 0.811251055809829, 0.3613973361004904, 0.15343867374691944, 0.4925307364506494, 0.45127617030576883, 0.5927302361948974, 0.8234627882861663, 0.8153370386236137, 0.22461193711994465, 0.6502200040466, 0.15424700903164568, 0.24117302831232992, 0.24981409130794324, 0.20266672069589503, 0.11402247283969925, 0.6555170917930091, 0.40501534587911525, 0.9455496574273432, 0.3136860137560104, 0.8529468712118237, 0.5378416564323328, 0.649197146510188, 0.9156202009757208, 0.9244658821625659, 0.4314842482702397, 0.4593889013818756, 0.1959301013209256, 0.96309220365518, 0.7002701296236609, 0.3979903920308082, 0.8577953845342396, 0.2525322352431794, 0.17398520550873187, 0.7235175270465892, 0.7629475442280564, 0.29686988827061117, 0.8591525366556481, 0.6271856247962937, 0.28642402284179475, 0.12415920390212165, 0.8293990980306274, 0.07796139341238374, 0.7916346256152126, 0.4585002286294403, 0.6635627076318417, 0.7630679255716857, 0.41192385796272357, 0.4921139674520766, 0.8030870132595581, 0.4807031877031902, 0.3068797029904633, 0.7441028973353545, 0.7671381503017032, 0.9152369422550484, 0.6853133210694072, 0.16457534680897143, 0.7159087635015642, 0.7032389026352233, 0.33251562477752705, 0.4694763251950086, 0.3746626930923139, 0.48172460648727367, 0.7945973668361722, 0.4509466276902264, 0.8609610455749351, 0.632156849271019, 0.227185224714413, 0.6095711996353803]}}