{"corr": -0.0026063508631260575, "p-value": 0.9751793937802444, "slope": -0.0016772978121344267, "intercept": 0.19596207120505577, "Qu2017": [1.1658602199603507, 0.12355637445046136, -0.696473936574588, 0.18003341056112737, -0.8953008878682454, 0.7875836078591337, 0.712844532350329, 0.3851308522969431, 1.5620771343317323, -1.7451417391461626, 0.8351062045750776, 1.318054294394084, -0.5964118383402075, 0.244756981807614, 0.7477091610008847, 1.7776791017164575, 0.2563964440900687, 0.03587600941008812, -0.6844080364754654, -1.5303546654190554, 0.8473476089532542, -0.2755996074621805, 0.6283151061170186, -0.9480991078980991, 0.2337593539489834, -0.020239791898133068, 0.0911400176699287, 0.8836958927435953, -0.8487740692312431, 1.3329527848525093, -0.6332149877565554, 0.12497982584800671, -0.39315472005475205, 0.26960987708920037, 0.6555244990088842, -0.7120587319594028, -1.4644877913783052, -0.9499417943693942, -1.5552898793911787, 0.7101889439228355, -0.11720922501196315, 0.27133765568166446, -0.06650298539848847, -0.37993339036697626, 0.22010404702979444, -0.04962848082297104, 0.20137620163987408, -0.3827590014303621, 0.36409434936489643, 1.9020637769917634, 0.14824209126564694, 0.0912945443985264, 2.5756140275243093, -1.9588084406063462, -0.8342703727900831, 2.018934542254801, 0.862401768579855, -0.04122503746976497, 0.5168744585848566, -1.6505203551541483, 1.6613346228872157, 0.6928561644601159, 0.8694894485985605, -0.9137148826132928, 0.30073924857902046, -0.18887824823571292, 0.25476099265538604, 0.78521072454797, 1.324267629218569, 1.1652072995712017, -0.21750049209561406, 0.23259304877456277, 1.1508873723366184, 0.47395003735528574, -1.0154568964079187, -0.6691723325826573, 0.4987906445481444, 0.3294655790375107, -0.7664891866534673, 0.5836125557658249, -1.683407864714192, -0.5552791096970286, -0.7590036718516944, 0.1487826815676342, -1.679070289413953, -0.12993413373945129, 1.0169563022715007, 1.7587931440417992, 0.7501148538064135, 0.5155808795839893, 0.18178216739383352, -0.8318580287973631, -0.3548641354595189, -0.8852614342764307, -1.8421028416985372, 0.21744590983978515, -0.15345254663820967, 0.9053830853953253, 1.133768749750376, 1.1049104401889722, 0.22537708773195114, 0.2500923195836354, -1.060073256845492, 0.24934384694640319, -0.36680160656317295, -0.2105450099887896, -0.7002007487118012, 0.22942192147179985, 0.2935354907366426, 1.514557131108248, 0.7183428701225809, 1.4025177792454036, -0.4908232189588826, 1.2334729255197125, 0.8435069534811219, -1.0878829124221219, -0.657620576673706, 1.300256901242972, -0.06375547180298077, 0.429619782386369, -0.15145949017837337, 0.8783380417296814, -0.38761377434456445, -1.5660257743755432, 0.6213626251020873, 0.24587389307754093, 0.151593739459556, -0.858392271176771, 0.7562984402634676, 0.14620128104610694, -1.825836833140026, -0.7548986189834017, 0.26491728696594136, 0.7454801542494924, 0.35399695272698944, 0.28671974880887724, 0.951417361368935, 1.2151757583621434, -0.3867966760213334, 0.2643277679748881, 1.6992600191471228, 1.1670898606606386, -0.060493413197657914, 0.36414740797471257, 0.7644862866237736], "Keller2020": [-0.6727543503920443, 0.0028467047679411896, 0.4793994368386667, 0.19446330534251954, 0.3798516880956554, 0.5313612120433149, -0.8415470183888123, 0.42399575773914433, 0.746533367330503, -0.09637318922411275, 0.25630374837123615, 0.55062590232506, 0.008182864384056536, -0.40565715895097265, 0.06429156377421337, -0.08187317199567867, 0.4869067340264953, -2.0240214322981562, 0.12579781013218289, -0.16476919615742927, 1.2282245725659586, -0.1728320392221781, 0.19234754484437747, 0.6347611086918254, 1.286494782689296, 0.28060227033039087, 0.7840714338322043, -0.2165343561757832, -0.5217530398878858, 0.04111006430480568, 0.605808923767369, -0.9822957045253293, -0.08189410151912788, 0.061017975658166954, 0.20835366841267128, -0.04235303640617104, -0.33036329500133355, 0.6093119530973191, -0.02243772781490678, 0.5097737554734734, 0.753543308720763, -0.15981267330812654, 0.7174590783681415, 0.21794580364812838, -1.2726691827885153, 1.3237797682500068, 0.10459758184261314, -0.04077551008830142, 0.025228101864018825, -0.21176861190345947, 0.4380382067996239, 0.4293181065050719, -0.19392843228710271, -0.24819764227678048, -0.11900650602881854, 0.41994178355297646, 0.7056372704195839, 0.9317900593353814, -0.12152476964097156, -0.6317477758693556, -0.39654318619454537, 0.21088770945576885, 0.7209028299957183, 0.0917336345497908, 0.11924590598922594, -0.8945748300730596, 0.5899614683227847, 0.3169296916396528, 0.42638671813755313, 0.7977349572019976, 0.29034083368316205, 1.2360671189409689, 0.30897821021283367, 1.8490569060319788, 0.7299404250507504, 1.3140407108368817, 0.3553093909270365, 0.6868642185585112, 0.22432395266487298, -0.4054435687182658, 0.13868587813473648, 0.39898319966992923, -0.1279677855612436, 0.07481401440530663, 0.21541207052940056, 0.9140234736638375, -0.11160727573833257, 0.07577977051305299, 0.44456609415070625, 0.6203938723335629, -1.4002066074779553, -0.3373921022136649, 0.7919842892977925, -0.010850067778334048, -0.02042268402478392, 0.051139399498206325, -0.2633254090574214, 0.3994355839157791, 0.9283505582160335, -0.3145633621909445, -0.10237961466737674, 0.10319526932516204, 0.09006442555705149, -0.23580859020850684, 0.8477821190744859, 0.8154216897405686, 0.38220788662986505, 0.10083217753688578, -0.1837841901864805, -1.0853835656339772, 0.8655949681901008, -0.6365823205688437, 1.1318319153850702, 0.925992770236548, -0.4769484012520837, 1.1766678752158386, 0.6158019372162002, -0.36946990918033407, -0.10380790106252955, 0.9324602554903463, 0.6210884676131254, -0.4158090077575258, 0.4781269158194189, 0.2849911701199196, -0.2457701281517752, -0.037526820595210536, 0.5006326720727341, 0.791019116634817, 0.5965832967067026, 0.18295818380417267, -0.17199781666519537, -0.03435057727818049, 1.0563126848695252, 0.2856558442122161, 0.26716494583418104, -0.4423351382006787, 1.1242545337575185, 0.2847280988748546, -0.5943533801735361, -0.21093171502772765, -0.3777191648149567, 0.6082142808054006, 0.06933648296229525, 0.10999261228220744, 0.7147942678111858],