{"corr": 0.39989687939339935, "p-value": 0.0008000735290512014, "slope": 0.1324826301104472, "intercept": -0.7389894956976543, "Qu2017": [-1.6510071490740712, 0.26960987708920037, 1.1658602199603507, -1.0154568964079187, 0.47395003735528574, -0.6691723325826573, -1.2153021120574552, -0.4908232189588826, 0.18003341056112737, -1.4644877913783052, 0.4987906445481444, 0.712844532350329, -1.5552898793911787, 0.27133765568166446, 0.7101889439228355, -0.11720922501196315, -0.06650298539848847, 1.6002042531232443, 0.22010404702979444, -0.9160488404725435, -1.683407864714192, 0.20137620163987408, 0.3851308522969431, -1.679070289413953, -0.6724825856629615, -0.12993413373945129, 1.9020637769917634, -2.1058756705643473, 2.5756140275243093, -1.504103948926598, 0.8351062045750776, -0.8342703727900831, 1.0169563022715007, 0.862401768579855, 0.8783380417296814, 0.7501148538064135, 0.244756981807614, -0.04122503746976497, 0.5155808795839893, 0.429619782386369, 0.18178216739383352, -0.8318580287973631, -1.5259714577247654, -0.9480991078980991, 0.8473476089532542, 0.8694894485985605, 0.0911400176699287, -0.18887824823571292, -0.15345254663820967, -0.4451093700580171, 0.9053830853953253, 1.3075446432037878, -1.825836833140026, 0.26491728696594136, -0.6332149877565554, -1.8634884886828798, -1.8571484330727688, 0.12497982584800671, -0.2105450099887896, -0.7002007487118012, 0.35399695272698944, 0.22942192147179985, 0.951417361368935, 0.8435069534811219, -1.9174240687637107, 0.7644862866237736, -1.840292658534278], "Li2017": [-0.9259337205457351, 0.06427158173826059, -0.791275955683022, -1.0021909909764157, -0.5012693030203846, -1.302265816204931, -0.7579655575217168, -1.0144973094382763, -0.664011376071641, -0.7609417918597717, -0.7292042482078658, -0.6547560137353027, -1.3331127137183973, -0.49277641098626057, -0.6453581638176856, -1.0109600732708934, -0.4411255102124706, -0.49888449120945577, -1.0525505492038743, -0.4996631962159189, -1.6070868921664327, 0.08166153692431488, -0.44216539538943894, -1.7303586058663551, -0.439662329803194, -0.38165409809790685, -0.6475446279232149, -0.6256814723773266, -0.46857602539530685, -1.0178092714649036, -0.7695057233152816, -1.205973785493042, -0.7724624268613531, -0.8008587380542439, -0.018381688274272036, -0.8473011056591001, -1.109018962201036, -0.4868360346571361, -0.9319461066467577, -1.0932144710473364, -0.5717918119782692, -1.1868291105557933, -0.750715292848582, -1.539537015327265, -0.7710732797822631, -0.5036850213329245, -0.4580829425074489, -1.1387551767869206, -0.8730074594910403, -0.6595701064942238, -1.0424819286204163, -0.4392382448451531, -0.9750510641257322, -0.8523112338827143, -0.9268368251466477, -0.5623073172347803, -0.6491522015286886, -0.3869909662209067, -0.6044678443813889, -1.029914927672399, -0.6204075039288469, -0.8610832277313383, -0.5988163196459544, -0.3348834397852262, -0.6892729328618111, -0.47206831519870296, -0.7870800231863657], "mirnas": ["miR-106b", "miR-6740-5p", "miR-4516", "miR-3196", "miR-328-5p", "Unknown", "miR-17", "miR-4327", "miR-371b-5p", "miR-4306", "miR-7107-5p", "miR-32-3p", "miR-320d", "miR-1281", "miR-4466", "miR-642a-3p", "miR-4433b-3p", "miR-122-5p", "miR-574-5p", "let-7i", "miR-320b", "miR-4484", "miR-1268a", "miR-320e", "miR-19b-3p", "miR-451a", "miR-6127", "let-7f", "miR-4281", "miR-423", "miR-6089", "miR-4298", "Unknown", "miR-1207-5p", "miR-3610", "miR-7704", "miR-4507", "miR-4433a-3p", "miR-638", "miR-3960", "miR-4455", "miR-4443", "miR-107-3p", "miR-320c", "miR-6090", "miR-2861", "miR-4463", "Unknown", "miR-4271", "miR-15a", "miR-3162-5p", "miR-4286", "miR-4485-5p", "miR-4530", "miR-5739", "let-7a", "miR-103a", "Unknown", "miR-4270", "miR-1275", "miR-1268b", "miR-4505", "miR-1202", "miR-1246", "miR-130a", "miR-3940-5p", "miR-22"], "p-values": {"Qu2017": [0.02214659174174118, 0.6750595881854053, 0.11717857847878879, 0.06514508222068134, 0.36622890393475194, 0.34242515049336764, 0.15011765026973672, 0.2943521927961136, 0.7531719599463044, 0.06383892432135918, 0.1463390308474361, 0.45130480137789186, 0.04395512656570191, 0.723191559106819, 0.10440297127767886, 0.8704792782646845, 0.8890237652251204, 0.07765830703383299, 0.8010148873171422, 0.30791888750643137, 0.020659133915040314, 0.7755781732929881, 0.13241131008192153, 0.057042192871792546, 0.5572450815691361, 0.9580622683524801, 0.012006589767293437, 0.006797370787752879, 0.0005082960471916156, 0.05041640358667671, 0.201609266702206, 0.15315287647169973, 0.27777232668756235, 0.03926640203280411, 0.23248397049724193, 0.23752960051603356, 0.6975632963456138, 0.9610343058337859, 0.42358113264931474, 0.422350489319535, 0.8366697447521461, 0.10716085235081518, 0.05416192362011969, 0.03686279867345059, 0.23673769963548785, 0.201642817015804, 0.8557300476676177, 0.6662647703169552, 0.7495956622218836, 0.5805890560908551, 0.05339753925178721, 0.002528091968865977, 0.02620352628940507, 0.5280213652346593, 0.22963209253946687, 0.043409469947787035, 0.012045053481601703, 0.7598746025357844, 0.6564096351037056, 0.14677047891252623, 0.09737346121047488, 0.6280988349988565, 0.04946898819461566, 0.04511468277893991, 0.007816590102431768, 0.06590320754299409, 0.053361263339796246], "Li2017": [0.27037774039763834, 0.7639674026821819, 0.16076651720103635, 0.23489149368901446, 0.42552514253863016, 0.15601036307639093, 0.7426141913107522, 0.16980325906053614, 0.419000547666045, 0.43454592208333054, 0.4110790943229188, 0.40474022342711413, 0.13818473312707902, 0.4394655204231913, 0.2769984335993658, 0.1459782737596981, 0.5216411470522724, 0.14368294998530584, 0.17149561263697768, 0.6314218319628964, 0.1132805530957829, 0.8682785007977609, 0.14884663563262224, 0.14692365638480798, 0.6550218156744838, 0.8648635353834568, 0.3252819205339323, 0.43615536813955036, 0.12136356196367853, 0.23052667977406593, 0.24049052767172424, 0.13350019987245695, 0.4121492117036073, 0.15125612472788127, 0.9663169454319009, 0.2178816866061612, 0.24210531185306167, 0.5850947329651428, 0.23999731895642007, 0.1719137737454172, 0.3689160902875146, 0.1826624198390533, 0.4622933542171267, 0.1415619789613318, 0.3336540260683199, 0.6152001116582066, 0.5298446567618444, 0.22247216778416842, 0.17821489943701388, 0.24175205563260266, 0.17100830685983576, 0.31753997527568273, 0.3590775343675041, 0.19265147909749566, 0.23027322396635, 0.6080789275048939, 0.42886261716758356, 0.4759855121101637, 0.4058053911437311, 0.1564717046748924, 0.11692784460242363, 0.2821883313192135, 0.1201067689416608, 0.5163171068873764, 0.36074316675329376, 0.26355455774716824, 0.5860591922746857]}}