{"corr": -0.17262393703996928, "p-value": 0.17255558260820567, "slope": -0.19055553256304267, "intercept": 0.08580336248470924, "Qu2017": [-1.6510071490740712, 0.26960987708920037, 0.7183428701225809, 0.47395003735528574, -1.649509033878807, -1.0078054664599523, -0.696473936574588, -1.2153021120574552, 1.2334729255197125, 0.8435069534811219, -1.4644877913783052, 0.3294655790375107, 0.712844532350329, -1.5552898793911787, -2.549661804367174, 0.22010404702979444, -1.1917754562573724, -1.683407864714192, 0.20137620163987408, -0.5552791096970286, -0.9160488404725435, -1.679070289413953, -0.6724825856629615, -0.12993413373945129, -1.7451417391461626, -2.1058756705643473, 1.300256901242972, -1.5601900734258547, -1.9588084406063462, 1.318054294394084, -1.4928484116460545, -0.38761377434456445, -0.04122503746976497, 0.7477091610008847, 1.7776791017164575, -1.6505203551541483, -1.333071888182815, -1.5619632187386474, 0.6213626251020873, 1.6613346228872157, -1.5259714577247654, -1.5275954222632226, -0.9480991078980991, -0.9137148826132928, 0.2337593539489834, -2.1154913651036953, -0.8852614342764307, -1.8421028416985372, -1.7662937712602234, -1.9275856496050736, -0.4451093700580171, -1.1823259610219021, 1.1049104401889722, -1.8634884886828798, -1.3133151618286591, -2.149593474716261, -0.38607918383442563, -0.7468339232735759, 0.2563964440900687, -1.3393601424160195, -1.9174240687637107, 0.151593739459556, 0.36414740797471257, -1.840292658534278], "Jin2017": [-0.6861149544342203, 0.3966044067789074, -0.7401184625325883, -0.4308029407785234, 0.4413606888705125, -0.6809561318375195, -0.062038353978372186, -0.50801464225943, 1.137601906378845, -2.494934101769828, 0.0775501627828091, 0.38761255587900434, -1.4205399970172246, 0.7548537903981907, 0.2714698543240799, -2.027841958574231, -0.35298540973452175, 2.3032670938023516, -0.7577378835693122, 0.2246514183546437, 0.21184096225228077, 1.0562317541017996, -0.22714502344582493, 2.056067189794943, -0.1556357021839384, -0.040733057200948296, -0.47672175857501675, 0.37420504109836283, -1.0777203955748211, 1.3922337364674675, 0.246237713563365, 0.08577618395258493, 1.083588976882085, -0.2780889790197557, -0.2219765982729715, 4.873108646731055, 0.8419771820219509, 0.13234514835400082, -1.4334567570839651, 0.6548757171291992, -0.7579650179525748, 0.17788594392177381, 0.7818908763274229, 2.439220885712939, 2.607888397678816, -0.056835514329087344, 0.2630719810103276, 2.6755128378603183, -0.8622861495786212, 0.2952486474151033, 1.3264460630087278, -0.9347042109649182, -1.445251773884224, -0.01714021025580306, 0.5658958759917985, 0.5041078113735905, -1.275878554867623, 0.29045902967013715, 1.553633655014825, -1.2319212011272578, -0.6817866867495657, 0.2652855999988979, 0.2745723183452717, 2.2935795335113935], "mirnas": ["miR-106b", "miR-6740-5p", "miR-1225-5p", "miR-328-5p", "miR-126-3p", "miR-20", "Unknown", "miR-17", "Unknown", "miR-1246", "miR-4306", "miR-6891-5p", "miR-32-3p", "miR-320d", "miR-24-3p", "miR-574-5p", "miR-15b", "miR-320b", "miR-4484", "miR-939", "let-7i", "miR-320e", "miR-19b-3p", "miR-451a", "miR-21-5p", "let-7f", "miR-6741-5p", "let-7g", "miR-197", "miR-3679-5p", "miR-494", "miR-92a", "miR-4433a-3p", "miR-940", "miR-197-5p", "let-7b", "miR-29c", "miR-30e", "miR-5100", "miR-671-5p", "miR-107-3p", "miR-185-5p", "miR-320c", "miR-320a", "miR-150-3p", "miR-30e-5p", "miR-16", "miR-223a-3p", "miR-23a", "miR-26a", "miR-15a", "miR-93", "miR-7977", "let-7a", "miR-27a", "miR-181a", "miR-25", "miR-19a", "miR-486-5p", "miR-140-3p", "miR-130a", "miR-7847-3p", "Unknown", "miR-22"], "p-values": {"Qu2017": [0.02214659174174118, 0.6750595881854053, 0.0672594521081718, 0.36622890393475194, 0.03282779938150324, 0.2416800391677147, 0.11606141041230685, 0.15011765026973672, 0.04090329250550179, 0.04511468277893991, 0.06383892432135918, 0.2181586795286041, 0.45130480137789186, 0.04395512656570191, 0.010510361405935252, 0.8010148873171422, 0.1704745128935188, 0.020659133915040314, 0.7755781732929881, 0.2977677979146028, 0.30791888750643137, 0.057042192871792546, 0.5572450815691361, 0.9580622683524801, 0.08382777115584553, 0.006797370787752879, 0.005680249546639171, 0.05324087995577059, 0.0001837028830412558, 0.010988200558824246, 0.014370178554631147, 0.4810867330899662, 0.9610343058337859, 0.05273371401686016, 0.012155762276212399, 0.046047344948883746, 0.01930989278501576, 0.02530908915287919, 0.07067950224813098, 0.016142597183148866, 0.05416192362011969, 0.00951213127113953, 0.03686279867345059, 0.11998344171490324, 0.6667097603327363, 0.02875388326461446, 0.6430323110413578, 0.13465069076904992, 0.02305277146486588, 0.013998668840635099, 0.5805890560908551, 0.13848662811820067, 0.10597185117618518, 0.043409469947787035, 0.04126078153596329, 6.926761764506895e-05, 0.6262883047150944, 0.3697696616835213, 0.7336602712987699, 0.02418734856142267, 0.007816590102431768, 0.7458553053370789, 0.42247731229808727, 0.053361263339796246], "Jin2017": [0.07184619347344152, 0.182340381463293, 0.18492381972140334, 0.15678171452352097, 0.2342689822412534, 0.17870284640932732, 0.8263470391621555, 0.2781825824300896, 0.00047197103839822157, 4.4178509644574555e-06, 0.7543614655733287, 0.12568588494959107, 3.356585920923114e-05, 0.018571322527174736, 0.4069765802261395, 9.785258695573338e-05, 0.4491110052335737, 1.2808035297165468e-06, 0.003027107966860205, 0.467021036844111, 0.463114234511696, 0.037608100551284676, 0.6042998984302713, 7.141708307989589e-05, 0.7770148431120761, 0.8540498631415864, 0.1394925018706476, 0.28485421224002333, 0.02635414500911476, 0.0005145391681620667, 0.2849297433977746, 0.6360635908918313, 0.0018842335204958846, 0.40991678456583913, 0.5019522643846245, 1.173232268985235e-16, 0.007423811820571225, 0.6883298430749244, 4.694653393597636e-06, 0.08446047932981748, 0.03629511114352128, 0.4046528981796602, 0.00790150832769862, 9.284460173723723e-07, 2.1095491664694887e-12, 0.8097304256744209, 0.12345147665948304, 2.789015051819706e-07, 0.0017050199015134473, 0.15177630661600558, 0.0001835174528872421, 0.0648480133432285, 5.582128222328082e-05, 0.8959224809665931, 0.018993963237595137, 0.0023639792276992245, 0.0014339558230672018, 0.4381807784081291, 1.7534329608083704e-05, 0.0037827688043378664, 0.02148748384498887, 0.5073380101335596, 0.3765305581877898, 3.644857606376319e-15]}}