{"corr": 0.27236170250273917, "p-value": 0.028169274250687555, "slope": 0.09386131973711326, "intercept": 0.1309965800526633, "Qu2017": [-1.6510071490740712, 0.2643277679748881, 0.7183428701225809, -1.649509033878807, -1.0078054664599523, -1.2153021120574552, 0.8435069534811219, 0.712844532350329, -1.5552898793911787, 0.27133765568166446, -2.549661804367174, 1.6002042531232443, 0.22010404702979444, -1.1917754562573724, -1.683407864714192, -0.5552791096970286, -0.9160488404725435, 0.3851308522969431, -0.6724825856629615, -0.12993413373945129, -1.7451417391461626, -2.1058756705643473, -1.5601900734258547, -1.504103948926598, -1.9588084406063462, -1.4928484116460545, -0.06375547180298077, 0.862401768579855, -0.38761377434456445, 0.5155808795839893, 0.7477091610008847, -1.6505203551541483, -1.5619632187386474, -1.333071888182815, 1.6613346228872157, -1.5259714577247654, 0.6928561644601159, -1.5275954222632226, -0.9480991078980991, -0.2755996074621805, -0.9137148826132928, 0.2337593539489834, 1.4478334335250875, -2.1154913651036953, -0.8852614342764307, -1.8421028416985372, -1.7662937712602234, -1.9275856496050736, -0.4451093700580171, 0.14620128104610694, -1.1823259610219021, 1.133768749750376, -1.8634884886828798, -1.8571484330727688, -1.3133151618286591, -2.149593474716261, -0.7002007487118012, -0.38607918383442563, 0.28671974880887724, 0.951417361368935, -0.7468339232735759, 0.2563964440900687, -1.3393601424160195, -1.9174240687637107, -1.840292658534278], "Leidinger2011": [-0.846224432380494, -0.28231019562652704, 0.8566047174094183, -0.2492787874374821, -0.5405050283720914, -0.5315578146882365, 0.377067860987657, 0.33248143292808846, -0.5284207800386845, 0.27148786519234963, -0.22250014543227722, 0.30461067239073847, -0.14355993180277266, 0.10877576446156348, -0.4604631591117838, 0.6705771328897754, 0.20917697109515415, 0.6209743519368411, 0.5803209961470173, 0.02376094110249765, 0.20641487640888154, 0.20846124976266453, 0.25795727236647714, 0.15893113938001918, 0.3120114160735272, -0.053964355928716075, 0.4440182958289405, 0.7034674811445454, 0.05664917568900473, 0.6221404338359923, -0.031785610012417656, -0.10992641521660954, 0.09774291609737362, 0.27901846310537526, 0.034916222674459915, -0.7106645807841663, 0.1031730458903578, 0.24422996272445996, -0.3539927702807576, 0.4038203316311598, -0.28448584565956864, 0.08741425609675038, -0.28612300036690064, 0.20593134819039002, 0.14157423864499336, 0.430258107545845, 0.4015359007377998, -0.16742317419159347, 0.22976534090810824, -0.2419893466874094, -0.452400375766395, -0.09339655693959595, 0.1995728891554459, -0.9611072582421021, 0.2724313295175234, -0.253778292237531, 0.5803966659690595, 0.3028817779277943, 0.3451424563001366, -0.02901143816597701, 0.11834384991278722, -0.16734708344076216, 0.10741790182626451, 0.0859225732784012, 0.2340468565294953], "mirnas": ["miR-106b", "miR-188-5p", "miR-1225-5p", "miR-126-3p", "miR-20", "miR-17", "miR-1246", "miR-32-3p", "miR-320d", "miR-1281", "miR-24-3p", "miR-122-5p", "miR-574-5p", "miR-15b", "miR-320b", "miR-939", "let-7i", "miR-1268a", "miR-19b-3p", "miR-451a", "miR-21-5p", "let-7f", "let-7g", "miR-423", "miR-197", "miR-494", "miR-1825", "miR-1207-5p", "miR-92a", "miR-638", "miR-940", "let-7b", "miR-30e", "miR-29c", "miR-671-5p", "miR-107-3p", "miR-1915", "miR-185-5p", "miR-320c", "miR-483", "miR-320a", "miR-150-3p", "miR-548j", "miR-30e-5p", "miR-16", "miR-223a-3p", "miR-23a", "miR-26a", "miR-15a", "miR-572", "miR-93", "miR-630", "let-7a", "miR-103a", "miR-27a", "miR-181a", "miR-1275", "miR-25", "miR-1260a", "miR-1202", "miR-19a", "miR-486-5p", "miR-140-3p", "miR-130a", "miR-22"], "p-values": {"Qu2017": [0.02214659174174118, 0.607627964921879, 0.0672594521081718, 0.03282779938150324, 0.2416800391677147, 0.15011765026973672, 0.04511468277893991, 0.45130480137789186, 0.04395512656570191, 0.723191559106819, 0.010510361405935252, 0.07765830703383299, 0.8010148873171422, 0.1704745128935188, 0.020659133915040314, 0.2977677979146028, 0.30791888750643137, 0.13241131008192153, 0.5572450815691361, 0.9580622683524801, 0.08382777115584553, 0.006797370787752879, 0.05324087995577059, 0.05041640358667671, 0.0001837028830412558, 0.014370178554631147, 0.9272077553113525, 0.03926640203280411, 0.4810867330899662, 0.42358113264931474, 0.05273371401686016, 0.046047344948883746, 0.02530908915287919, 0.01930989278501576, 0.016142597183148866, 0.05416192362011969, 0.08733327130782834, 0.00951213127113953, 0.03686279867345059, 0.718952400444179, 0.11998344171490324, 0.6667097603327363, 0.006468956899654892, 0.02875388326461446, 0.6430323110413578, 0.13465069076904992, 0.02305277146486588, 0.013998668840635099, 0.5805890560908551, 0.7317772812066161, 0.13848662811820067, 0.0028913822737838013, 0.043409469947787035, 0.012045053481601703, 0.04126078153596329, 6.926761764506895e-05, 0.14677047891252623, 0.6262883047150944, 0.515199008106437, 0.04946898819461566, 0.3697696616835213, 0.7336602712987699, 0.02418734856142267, 0.007816590102431768, 0.053361263339796246], "Leidinger2011": [0.01066331364392464, 0.15702203643032128, 0.045901061960261114, 0.3762947362011022, 0.1439849034433617, 0.03087591900426225, 0.24165110112512034, 0.29134579006513506, 0.06344282329027308, 0.49120688253052003, 0.5016710263471558, 0.30267856399791904, 0.6680120741462507, 0.5472533577536273, 0.24369862212139756, 0.050288694005322994, 0.6715276474453651, 0.11495661487777632, 0.07823008403965648, 0.9515479735451045, 0.5827653010355849, 0.6390485647443952, 0.6852042443263833, 0.5923316491021293, 0.2721792134447137, 0.8093241637126339, 0.20635571902271435, 0.05028837017627588, 0.789179342864153, 0.18800455154126955, 0.8830479662635242, 0.7865929404957779, 0.7341318341908949, 0.40700836953152975, 0.9038448982778373, 0.021196581062300445, 0.735039814133607, 0.35189605599524865, 0.19959032483743214, 0.35526302569804225, 0.43976085257321496, 0.7439910946889421, 0.26981055582842217, 0.34930853842595855, 0.631145090964004, 0.20805736143143702, 0.10363275217286155, 0.5248046796496781, 0.22315686135585813, 0.2267017151302745, 0.09528840693423177, 0.7510323008735134, 0.69521105320827, 0.011243157885887289, 0.41432368991982427, 0.44196390408046793, 0.02899592386975651, 0.18657790312734682, 0.21302380730636908, 0.9225208384901062, 0.6927949628765543, 0.4086979128968562, 0.6201424193050222, 0.7758569860837934, 0.3601511062567704]}}