{"corr": 0.03591220322202894, "p-value": 0.69212047294003, "slope": 0.009547260997270834, "intercept": -0.05882743679278817, "Qu2017": [1.1658602199603507, 0.12355637445046136, -1.649509033878807, 0.18003341056112737, 0.712844532350329, 0.3851308522969431, -0.6724825856629615, 0.8375507894896623, -1.7451417391461626, -1.5601900734258547, -1.504103948926598, 1.318054294394084, -1.4928484116460545, 0.244756981807614, 0.7477091610008847, 1.7776791017164575, 0.03587600941008812, -1.5303546654190554, -1.5275954222632226, -0.9480991078980991, -0.2755996074621805, 0.0911400176699287, 0.2337593539489834, 1.4478334335250875, 0.8836958927435953, -1.9275856496050736, -0.8487740692312431, -1.8634884886828798, 0.12497982584800671, -1.8571484330727688, -2.149593474716261, -0.39315472005475205, -1.0078054664599523, -0.7120587319594028, -1.4644877913783052, -0.9499417943693942, -1.5552898793911787, 0.7101889439228355, -0.11720922501196315, 0.27133765568166446, -0.37993339036697626, 0.22010404702979444, -0.04962848082297104, 0.20137620163987408, -2.1058756705643473, 2.5756140275243093, -1.9588084406063462, -0.8342703727900831, 0.862401768579855, -0.04122503746976497, -1.6505203551541483, -1.5619632187386474, 1.6613346228872157, 0.6928561644601159, 0.8694894485985605, -0.9137148826132928, -0.18887824823571292, 1.1652072995712017, -1.3133151618286591, -0.21750049209561406, -1.8219981932221612, -1.6510071490740712, -1.0154568964079187, -0.6691723325826573, -2.549661804367174, -1.1917754562573724, -1.683407864714192, -0.5552791096970286, -1.679070289413953, -0.12993413373945129, 1.0169563022715007, 0.5155808795839893, 0.18178216739383352, -0.8318580287973631, -1.5259714577247654, -2.1154913651036953, -0.8852614342764307, -1.8421028416985372, -0.15345254663820967, -0.4451093700580171, 0.9053830853953253, -1.1823259610219021, 1.133768749750376, 0.22537708773195114, -0.2105450099887896, -0.7002007487118012, 0.22942192147179985, -0.7468339232735759, 0.2935354907366426, 1.514557131108248, 0.7183428701225809, 1.4025177792454036, -1.2153021120574552, -0.4908232189588826, 0.8435069534811219, 1.6002042531232443, -1.0878829124221219, -0.9160488404725435, -0.06375547180298077, 0.429619782386369, 0.8783380417296814, -0.38761377434456445, -1.333071888182815, 0.6213626251020873, -1.7662937712602234, -0.858392271176771, 0.14620128104610694, 1.3075446432037878, -1.3393601424160195, -0.7548986189834017, 0.26491728696594136, 0.7454801542494924, -0.38607918383442563, 0.35399695272698944, 0.28671974880887724, 0.951417361368935, 0.2643277679748881, 0.2563964440900687, 1.1670898606606386, -1.9174240687637107, -0.060493413197657914, 0.36414740797471257, 0.7644862866237736, -1.840292658534278], "Patnaik2017": [-0.2742232637313572, -0.6074861361129424, -0.6130986233646682, -0.706885711845163, -0.1400465671482678, -0.18225707054740153, -0.14792439368135438, -0.1286955510549771, -0.10451652836078454, -0.2877769028980226, -0.14858055906019274, -0.2057501376135638, -0.180464644716033, -0.4418292965394315, 0.16851212994589565, -0.2554104872466608, -0.03378206110904333, -0.06326073696096836, 0.14919929313630567, -0.3642511743077542, 0.015294543269805757, -0.03367945390757765, 0.11228047400017405, 0.11382567411366656, -0.012640028253940096, 0.5681516184325527, 0.07654564340708024, -0.2865669492928922, -0.1374742427348022, -0.3377111714731771, -0.14015234411184696, -0.0008604677509366175, -0.437055386282703, 0.06492779345252225, -0.08913288781635281, -0.11779913968873523, -0.15245256010370184, 0.05588682065476941, -0.17236229024524682, 0.16536577319589013, -0.11793494160636331, -0.014874463386835818, 0.2119834080350516, 0.2181400345058958, -0.654004857334661, 0.17792536263595493, 0.6615225699786328, 0.0723418642151348, -0.1001360518207168, -0.07286398257950168, -0.5934540331899691, -0.10276790373046259, 0.03297830102217937, 0.11495543440206218, 0.1486254402712351, -0.223326955703631, 0.07877895207293512, -0.0896416668994083, 0.20152828474569584, 0.030687945971504045, -0.16380723464550861, -0.12904875778216335, -0.15179480743987112, -0.002340943028520951, 0.0024422997753657865, 0.21822123178689373, -0.2616052601945378, 0.17261815184169535, 0.2015935171523054, 0.6589450735494221, 0.2830171516100398, -0.190663109358933, -0.2422220795004607, 0.7479564405103287, -0.3580735552017499, -0.02223522718666167, -0.04283487376448307, 0.347252828063345, 0.05087186388969706, -0.1484043622982369, -0.07158007773802794, -0.60523295695766, -0.13748179495572505, 0.5844149506026077, 0.04440706931372093, -0.4794105752510377, -0.7370143819483648, 0.06665161131969291, -0.2116012455074908, -0.17056549417502265, 0.18405704016865315, 0.21491544839430682, -0.5808034769158805, 0.05240608443490152, -0.16547170334711336, -0.4231184465707418, -0.08584424355887618, -0.44419488513557265, 0.1898708807831021, -0.42636753628088253, -0.03381057853552384, 0.07633590003710788, -0.034647519475582644, -0.31477721003724635, 0.7180106679843075, 0.22092068820825012, 0.03684019918994044, 0.16557277685898342, 0.13942975414948183, 0.029088139454058762, -0.44941329473419167, -0.6535823711742644, 0.22628390468849427, 0.016523171625804238, 0.17492287866875017, 0.09841852126923811, -0.0657349663551518, 0.059485291069991765, -0.10840650498344426, -0.35215052737261465, -0.08087401826520782, -0.3469144829980835, 0.47821244737819657, -0.091843324761858], "mirnas": ["miR-4516", "miR-1587", "miR-126-3p", "miR-371b-5p", "miR-32-3p", "miR-1268a", "miR-19b-3p", "miR-4454", "miR-21-5p", "let-7g", "miR-423", "miR-3679-5p", "miR-494", "miR-4507", "miR-940", "miR-197-5p", "miR-762", "miR-3135b", "miR-185-5p", "miR-320c", "miR-483", "miR-4463", "miR-150-3p", "miR-548j", "miR-5196-5p", "miR-26a", "miR-3195", "let-7a", "Unknown", "miR-103a", "miR-181a", "miR-4634", "miR-20", "miR-3162-3p", "miR-4306", "miR-2392", "miR-320d", "miR-4466", "miR-642a-3p", "miR-1281", "miR-3141", "miR-574-5p", "miR-4687-3p", "miR-4484", "let-7f", "miR-4281", "miR-197", "miR-4298", "miR-1207-5p", "miR-4433a-3p", "let-7b", "miR-30e", "miR-671-5p", "miR-1915", "miR-2861", "miR-320a", "Unknown", "miR-4763-3p", "miR-27a", "miR-3188", "miR-4485-3p", "miR-106b", "miR-3196", "Unknown", "miR-24-3p", "miR-15b", "miR-320b", "miR-939", "miR-320e", "miR-451a", "Unknown", "miR-638", "miR-4455", "miR-4443", "miR-107-3p", "miR-30e-5p", "miR-16", "miR-223a-3p", "miR-4271", "miR-15a", "miR-3162-5p", "miR-93", "miR-630", "miR-4769-3p", "miR-4270", "miR-1275", "miR-4505", "miR-19a", "miR-4701-3p", "miR-3663-3p", "miR-1225-5p", "miR-3665", "miR-17", "miR-4327", "miR-1246", "miR-122-5p", "miR-4741", "let-7i", "miR-1825", "miR-3960", "miR-3610", "miR-92a", "miR-29c", "miR-5100", "miR-23a", "miR-4739", "miR-572", "miR-4286", "miR-140-3p", "miR-4649-3p", "miR-4530", "miR-4787-5p", "miR-25", "miR-1268b", "miR-1260a", "miR-1202", "miR-188-5p", "miR-486-5p", "miR-5703", "miR-130a", "miR-4707-5p", "Unknown", "miR-3940-5p", "miR-22"],