{"corr": 0.6458816640236013, "p-value": 1.0898416043153599e-08, "slope": 0.742634928634922, "intercept": -0.5981885970984744, "Qu2017": [-1.6510071490740712, 0.2643277679748881, 0.7183428701225809, -1.649509033878807, -1.0078054664599523, -1.2153021120574552, 0.8435069534811219, 0.712844532350329, -1.5552898793911787, 0.27133765568166446, -2.549661804367174, 1.6002042531232443, 0.22010404702979444, -1.1917754562573724, -1.683407864714192, -0.5552791096970286, -0.9160488404725435, 0.3851308522969431, -0.6724825856629615, -0.12993413373945129, -1.7451417391461626, -2.1058756705643473, -1.5601900734258547, -1.504103948926598, -1.9588084406063462, -1.4928484116460545, -0.06375547180298077, 0.862401768579855, -0.38761377434456445, 0.5155808795839893, 0.7477091610008847, -1.6505203551541483, -1.5619632187386474, -1.333071888182815, 0.03587600941008812, 1.6613346228872157, -1.5259714577247654, 0.6928561644601159, -1.5275954222632226, -0.9480991078980991, -0.2755996074621805, -0.9137148826132928, 1.4478334335250875, -2.1154913651036953, -0.8852614342764307, -1.7662937712602234, -1.9275856496050736, -0.4451093700580171, 0.14620128104610694, -1.1823259610219021, 1.133768749750376, -1.8634884886828798, -1.8571484330727688, -1.3133151618286591, -2.149593474716261, -0.7002007487118012, -0.38607918383442563, 0.951417361368935, -0.7468339232735759, 0.2563964440900687, -1.3393601424160195, -1.9174240687637107, -1.840292658534278], "Patnaik2012": [-2.684393906141107, 0.19308260872828215, 0.21602209577283782, -2.6193075576223817, -3.1625844289408542, -2.8000362498652978, 0.46824557160124813, 0.16273191638085055, -2.256999694180106, 0.031948545503608906, -1.6971384810480252, 0.8932473282296607, 0.10062576182374136, -0.8379673132961538, -2.542966411268324, -0.09995504037086081, -3.907108295004087, 0.29431195000395016, -1.068350457404267, -1.3062856185459881, -1.656845398533065, -2.410412206412005, -2.56071269446172, -1.5906723245769583, -0.7823502111120053, 0.2640484935653833, -1.175058877441121, 0.1516353849155737, -0.4190736767788147, 1.158106509932193, -0.44216978024600995, -2.555683826022667, -1.4991344556910509, -0.8408328126470345, 0.09766758586284521, 0.09522739218404606, -2.0079965980093464, -0.39634231750298354, -1.4977720889130701, -2.7347278106460977, -0.3120404630715496, -2.6031268535758674, 0.04525612570855886, -0.6882587980284426, -2.7640035300342234, -0.08220316790663773, -1.6972173634691154, -3.178563140213198, 0.041584760274663145, -2.865737315509648, 0.3784109522350465, -2.6267364818069714, -1.9706034810830062, 0.7526608799910091, -2.6985928292418166, 0.0351412049520282, -1.0004337625474016, -0.14314808878218277, -0.6917696184254251, -0.28344907257553026, -0.5596703562036159, -1.9410290853015042, -2.305849124417183], "mirnas": ["miR-106b", "miR-188-5p", "miR-1225-5p", "miR-126-3p", "miR-20", "miR-17", "miR-1246", "miR-32-3p", "miR-320d", "miR-1281", "miR-24-3p", "miR-122-5p", "miR-574-5p", "miR-15b", "miR-320b", "miR-939", "let-7i", "miR-1268a", "miR-19b-3p", "miR-451a", "miR-21-5p", "let-7f", "let-7g", "miR-423", "miR-197", "miR-494", "miR-1825", "miR-1207-5p", "miR-92a", "miR-638", "miR-940", "let-7b", "miR-30e", "miR-29c", "miR-762", "miR-671-5p", "miR-107-3p", "miR-1915", "miR-185-5p", "miR-320c", "miR-483", "miR-320a", "miR-548j", "miR-30e-5p", "miR-16", "miR-23a", "miR-26a", "miR-15a", "miR-572", "miR-93", "miR-630", "let-7a", "miR-103a", "miR-27a", "miR-181a", "miR-1275", "miR-25", "miR-1202", "miR-19a", "miR-486-5p", "miR-140-3p", "miR-130a", "miR-22"], "p-values": {"Qu2017": [0.02214659174174118, 0.607627964921879, 0.0672594521081718, 0.03282779938150324, 0.2416800391677147, 0.15011765026973672, 0.04511468277893991, 0.45130480137789186, 0.04395512656570191, 0.723191559106819, 0.010510361405935252, 0.07765830703383299, 0.8010148873171422, 0.1704745128935188, 0.020659133915040314, 0.2977677979146028, 0.30791888750643137, 0.13241131008192153, 0.5572450815691361, 0.9580622683524801, 0.08382777115584553, 0.006797370787752879, 0.05324087995577059, 0.05041640358667671, 0.0001837028830412558, 0.014370178554631147, 0.9272077553113525, 0.03926640203280411, 0.4810867330899662, 0.42358113264931474, 0.05273371401686016, 0.046047344948883746, 0.02530908915287919, 0.01930989278501576, 0.9470641854758169, 0.016142597183148866, 0.05416192362011969, 0.08733327130782834, 0.00951213127113953, 0.03686279867345059, 0.718952400444179, 0.11998344171490324, 0.006468956899654892, 0.02875388326461446, 0.6430323110413578, 0.02305277146486588, 0.013998668840635099, 0.5805890560908551, 0.7317772812066161, 0.13848662811820067, 0.0028913822737838013, 0.043409469947787035, 0.012045053481601703, 0.04126078153596329, 6.926761764506895e-05, 0.14677047891252623, 0.6262883047150944, 0.04946898819461566, 0.3697696616835213, 0.7336602712987699, 0.02418734856142267, 0.007816590102431768, 0.053361263339796246], "Patnaik2012": [0.018372292286237917, 0.5270737919789261, 0.38713839144003803, 0.011299733034078819, 0.0032960977602411756, 0.0034268236694068328, 0.417356337320823, 0.5685563451120152, 0.004765452360457116, 0.9137384560036514, 0.012408696694143276, 0.06273887613734397, 0.6864365301203399, 0.19617884258476073, 0.0029396001150363443, 0.6583621631166359, 0.0015791149137618081, 0.22291700474472942, 0.44778689614125144, 0.26261600251069045, 0.004633332820644513, 0.0019522954238909442, 0.005971322320382359, 0.02601102803657338, 0.14784455442453798, 0.5757943534066949, 2.825338578500558e-05, 0.2918214771656379, 0.30160949157123673, 0.0011685916060428664, 0.026837306089419876, 0.03242841400176955, 0.07579584981609813, 0.20478029380997467, 0.5501798569864407, 0.6929753748615938, 0.009047065168277777, 0.007633012149374703, 0.06468957630530181, 0.0022308137588158646, 0.5139078215397566, 0.003280504867838388, 0.8700471283229321, 0.2502598508028906, 0.0010302376749344977, 0.9147040175223703, 0.008547464412614513, 0.0018794551031852634, 0.8262805426422731, 0.005414957612941671, 0.025224454788340255, 0.006957552042229244, 0.005392970310972826, 0.14477518144722964, 0.001043343429786164, 0.9249204535757569, 0.04056811976807991, 0.35703081388108426, 0.5080845879419347, 0.6064950940196274, 0.4561682192843667, 0.0035463028631914986, 0.0217601754461242]}}