{"corr": -0.04422317199974463, "p-value": 0.7864253407542126, "slope": -0.008300989399525963, "intercept": -0.17676330406876106, "Qu2017": [-1.6510071490740712, -1.649509033878807, -1.0078054664599523, -1.2153021120574552, -2.549661804367174, 1.6002042531232443, -1.1917754562573724, -1.683407864714192, -0.9160488404725435, -0.6724825856629615, -0.12993413373945129, -1.7451417391461626, -2.1058756705643473, -1.5601900734258547, -1.504103948926598, -1.9588084406063462, -0.38761377434456445, -1.6505203551541483, -1.5619632187386474, -1.333071888182815, -1.5259714577247654, -1.5275954222632226, -0.9137148826132928, -2.1154913651036953, -0.8852614342764307, -1.8421028416985372, -1.7662937712602234, -1.9275856496050736, -0.4451093700580171, -1.1823259610219021, -1.8634884886828798, -1.8571484330727688, -1.3133151618286591, -2.149593474716261, -0.38607918383442563, -0.7468339232735759, 0.2563964440900687, -1.3393601424160195, -1.9174240687637107, -1.840292658534278], "Zaporozhchenko2018": [-0.13068500289463736, -0.03717074224319873, -0.07314972028165344, -0.3018168504173626, -0.1739064311963226, -0.1660129188909397, -0.3156267117393194, -0.2219745091054185, -0.06364445858089558, -0.32793213544416205, -0.24614110949510726, -0.137685090637996, -0.11496140591371326, -0.11947151723364399, -0.09535810442814677, 0.26966217640559015, -0.07593377906331181, 0.12550132156222538, -0.3405108027588286, -0.2453740329929427, -0.18560238362513248, -0.14293659251628726, -0.07196677148059163, -0.26869867639010775, -0.20607226396818712, -0.17404834798998917, -0.18445801563981018, -0.10270356552257134, -0.0571702577435708, -0.1709783755672062, -0.0025732925030067886, -0.10787657760398421, -0.5421671921990585, -0.06984832173712341, -0.1887598429415946, -0.3349046117880159, -0.0023539534820925384, -0.3255404770791487, -0.33976566556101007, -0.36691387484076243], "mirnas": ["miR-106b", "miR-126-3p", "miR-20", "miR-17", "miR-24-3p", "miR-122-5p", "miR-15b", "miR-320b", "let-7i", "miR-19b-3p", "miR-451a", "miR-21-5p", "let-7f", "let-7g", "miR-423", "miR-197", "miR-92a", "let-7b", "miR-30e", "miR-29c", "miR-107-3p", "miR-185-5p", "miR-320a", "miR-30e-5p", "miR-16", "miR-223a-3p", "miR-23a", "miR-26a", "miR-15a", "miR-93", "let-7a", "miR-103a", "miR-27a", "miR-181a", "miR-25", "miR-19a", "miR-486-5p", "miR-140-3p", "miR-130a", "miR-22"], "p-values": {"Qu2017": [0.02214659174174118, 0.03282779938150324, 0.2416800391677147, 0.15011765026973672, 0.010510361405935252, 0.07765830703383299, 0.1704745128935188, 0.020659133915040314, 0.30791888750643137, 0.5572450815691361, 0.9580622683524801, 0.08382777115584553, 0.006797370787752879, 0.05324087995577059, 0.05041640358667671, 0.0001837028830412558, 0.4810867330899662, 0.046047344948883746, 0.02530908915287919, 0.01930989278501576, 0.05416192362011969, 0.00951213127113953, 0.11998344171490324, 0.02875388326461446, 0.6430323110413578, 0.13465069076904992, 0.02305277146486588, 0.013998668840635099, 0.5805890560908551, 0.13848662811820067, 0.043409469947787035, 0.012045053481601703, 0.04126078153596329, 6.926761764506895e-05, 0.6262883047150944, 0.3697696616835213, 0.7336602712987699, 0.02418734856142267, 0.007816590102431768, 0.053361263339796246], "Zaporozhchenko2018": [0.4288200961337131, 0.6018164151804002, 0.4872730922332382, 0.2845681875143402, 0.21873094440218757, 0.532461061502363, 0.28084582381095813, 0.4181403796827847, 0.6779271276093521, 0.04010115552095587, 0.3401388724247719, 0.3204193347776315, 0.31992358250338254, 0.34262655078724613, 0.4597522267246287, 0.49536259732716204, 0.5209141277892156, 0.6183035546038467, 0.16738164306643294, 0.26014818677682733, 0.2558998872400311, 0.31496396911569374, 0.5825737111306797, 0.35930859472682486, 0.14663335245414427, 0.07305249930361893, 0.13725754102302296, 0.39485570117233726, 0.6332966421641428, 0.34849839011043293, 0.9785759201585655, 0.3283909724393447, 0.20962654148285442, 0.4997588340317456, 0.3299817323151599, 0.05527463741244092, 0.979549869622858, 0.1772348017757339, 0.2409572612668271, 0.19077975368251984]}}