{"corr": -0.19548057125770213, "p-value": 0.3005634388162833, "slope": -0.15258587317939476, "intercept": -0.0037540722845054685, "Qu2017": [-0.7120587319594028, 0.7875836078591337, 0.3294655790375107, 0.7101889439228355, -0.11720922501196315, 0.5836125557658249, -1.0878829124221219, -0.04962848082297104, -0.657620576673706, -0.3827590014303621, -1.679070289413953, -1.1139385589666881, 2.018934542254801, -1.5660257743755432, 0.7501148538064135, 0.5168744585848566, 0.7477091610008847, -0.8318580287973631, 0.6213626251020873, -0.2755996074621805, -0.3548641354595189, -0.18887824823571292, -1.8219981932221612, -0.9948087677337315, -0.3867966760213334, 0.2643277679748881, 0.2935354907366426, -0.060493413197657914, 0.36414740797471257, 0.7644862866237736], "Yao2019": [-0.49409808504894914, -0.166384427312319, 0.46847787961559556, -0.2928437754869687, 0.23871477592542895, 0.4593388140093124, 0.2871702645318678, -1.15072684093828, 0.2879324008899079, -0.14979054542575174, -0.29268308447364144, 0.37153860138654593, -1.3229449304082352, 0.6226264300777498, 2.4277428459920234, -0.2991082810931125, -0.3820578148810687, -0.4390753624426387, -0.29268308447364144, -0.14645149751797157, 0.37153860138654593, 0.03052176188212572, 0.36543145086488305, 0.4593388140093124, -0.49409808504894914, 0.19027412454350223, 0.12078583721954869, 0.7439782963785995, -0.9806938692339938, -0.1158953549241986], "mirnas": ["miR-3162-3p", "miR-6791-5p", "miR-6891-5p", "miR-4466", "miR-642a-3p", "miR-6850-5p", "miR-4741", "miR-4687-3p", "miR-6763-5p", "miR-6779-5p", "miR-320e", "miR-6780b-5p", "miR-7110-5p", "miR-6785-5p", "miR-7704", "miR-6724-5p", "miR-940", "miR-4443", "miR-5100", "miR-483", "miR-6727-5p", "Unknown", "miR-4485-3p", "miR-6875-5p", "miR-6751-3p", "miR-188-5p", "miR-4701-3p", "miR-4707-5p", "Unknown", "miR-3940-5p"], "p-values": {"Qu2017": [0.21144416687747858, 0.12000427727341235, 0.2181586795286041, 0.10440297127767886, 0.8704792782646845, 0.2848798776477738, 0.04695966233478733, 0.911624751399535, 0.25320735612576156, 0.4364937212676545, 0.057042192871792546, 0.059098672457918604, 0.0030271151846309775, 0.09080115069966206, 0.23752960051603356, 0.2645970783083165, 0.05273371401686016, 0.10716085235081518, 0.07067950224813098, 0.718952400444179, 0.5802137668287729, 0.6662647703169552, 0.0002563588766932554, 0.18891368887756568, 0.6119933944183569, 0.607627964921879, 0.7523853939298875, 0.9074335118582495, 0.42247731229808727, 0.06590320754299409], "Yao2019": [0.3465935070873341, 0.34659350708733416, 0.3091869223808953, 0.5445330682509509, 0.8841754286996522, 0.37955229250001066, 0.34659350708733416, 0.24522117006233823, 0.6581517656855598, 0.6621159135713426, 0.34659350708733416, 0.34659350708733416, 0.14987054918456194, 0.4016489380562729, 0.0059956750052217594, 0.7921148533465171, 0.6195941158623104, 0.34659350708733416, 0.34659350708733416, 0.6663020516946953, 0.34659350708733416, 0.9735768056615615, 0.7294074967678699, 0.37955229250001066, 0.3465935070873341, 0.7605357774419629, 0.7253378654590297, 0.23460005697420092, 0.18549065129345116, 0.854726211466566]}}