{"corr": -0.02073309989433703, "p-value": 0.8899825521538989, "slope": -0.006592927314556114, "intercept": 0.08033638050894581, "Qu2017": [-1.6510071490740712, -1.649509033878807, -1.0078054664599523, -1.2153021120574552, 0.8435069534811219, -1.4644877913783052, -1.5552898793911787, -2.549661804367174, 1.6002042531232443, 0.22010404702979444, -1.1917754562573724, -1.683407864714192, -0.9160488404725435, -0.6724825856629615, -0.12993413373945129, -1.7451417391461626, -2.1058756705643473, -1.5601900734258547, -1.504103948926598, -1.9588084406063462, -0.38761377434456445, -0.04122503746976497, -1.6505203551541483, -1.5619632187386474, -1.333071888182815, -1.5259714577247654, -1.5275954222632226, -0.9480991078980991, -0.9137148826132928, -2.1154913651036953, -0.8852614342764307, -1.8421028416985372, -1.7662937712602234, -1.9275856496050736, -0.4451093700580171, 1.3075446432037878, -1.1823259610219021, -1.8634884886828798, 0.12497982584800671, -1.8571484330727688, -1.3133151618286591, -2.149593474716261, -0.38607918383442563, -0.7468339232735759, 0.2563964440900687, -1.3393601424160195, -1.840292658534278], "Chen2019": [0.27851687042625495, 0.08846107691171111, 0.43354911248648254, 0.14634711803068695, 0.8262392645381156, 0.6382316226810512, -0.05009945027839363, 0.13132785718662893, 0.20467832523216345, 0.019412655299414813, 0.2831225359852778, -0.11682072279106133, 0.26926966654828033, 0.08326124289761433, 0.42329863110364674, 0.1636689647512674, 0.1873648987197074, 0.037856883673983835, 0.05379517495859572, -0.4780143078218638, -0.22075667497450613, -0.11347816855031678, 0.5618808317828592, -0.05788259431740434, -0.22894551326514745, 0.2918621566642154, 0.17190518127334115, -0.06216173331817658, -0.2342205616774878, 0.002679218586924109, 0.21266073619431275, -0.05120049461392283, -0.25002183319153126, 0.2010140660171715, 0.28533682267366267, -0.5370271807569602, 0.13064277128224128, 0.39194372604058597, -0.5927513441844592, 0.2174564687483198, 0.2912946274741718, 0.10353902847061641, 0.11998659688210855, 0.009428822281312432, 0.18047608314677038, 0.19421413468146587, -0.5242949704443955], "mirnas": ["miR-106b", "miR-126-3p", "miR-20", "miR-17", "miR-1246", "miR-4306", "miR-320d", "miR-24-3p", "miR-122-5p", "miR-574-5p", "miR-15b", "miR-320b", "let-7i", "miR-19b-3p", "miR-451a", "miR-21-5p", "let-7f", "let-7g", "miR-423", "miR-197", "miR-92a", "miR-4433a-3p", "let-7b", "miR-30e", "miR-29c", "miR-107-3p", "miR-185-5p", "miR-320c", "miR-320a", "miR-30e-5p", "miR-16", "miR-223a-3p", "miR-23a", "miR-26a", "miR-15a", "miR-4286", "miR-93", "let-7a", "Unknown", "miR-103a", "miR-27a", "miR-181a", "miR-25", "miR-19a", "miR-486-5p", "miR-140-3p", "miR-22"], "p-values": {"Qu2017": [0.02214659174174118, 0.03282779938150324, 0.2416800391677147, 0.15011765026973672, 0.04511468277893991, 0.06383892432135918, 0.04395512656570191, 0.010510361405935252, 0.07765830703383299, 0.8010148873171422, 0.1704745128935188, 0.020659133915040314, 0.30791888750643137, 0.5572450815691361, 0.9580622683524801, 0.08382777115584553, 0.006797370787752879, 0.05324087995577059, 0.05041640358667671, 0.0001837028830412558, 0.4810867330899662, 0.9610343058337859, 0.046047344948883746, 0.02530908915287919, 0.01930989278501576, 0.05416192362011969, 0.00951213127113953, 0.03686279867345059, 0.11998344171490324, 0.02875388326461446, 0.6430323110413578, 0.13465069076904992, 0.02305277146486588, 0.013998668840635099, 0.5805890560908551, 0.002528091968865977, 0.13848662811820067, 0.043409469947787035, 0.7598746025357844, 0.012045053481601703, 0.04126078153596329, 6.926761764506895e-05, 0.6262883047150944, 0.3697696616835213, 0.7336602712987699, 0.02418734856142267, 0.053361263339796246], "Chen2019": [0.2549451079709755, 0.7680252173914268, 0.28066836637271064, 0.6089845458890806, 0.04097273679877056, 0.011328406206285502, 0.8375972453183013, 0.7490255215974058, 0.5409972819227087, 0.906515912936169, 0.47277798125590487, 0.6671398607693586, 0.2226583270296301, 0.7358900253890619, 0.14156187563859413, 0.5551103497762422, 0.5633720059681823, 0.8929732310850681, 0.7781531081322139, 0.16397096869753747, 0.2850264728552833, 0.7169070479271776, 0.014650497442371268, 0.8432647075869878, 0.5027130479439259, 0.10435415197835651, 0.3718354998636766, 0.8441861083196351, 0.38815283939211953, 0.9924207531060926, 0.47622745965551705, 0.8995704889598588, 0.2844844972825881, 0.5897322164154325, 0.4487617537970382, 0.00015542400564798773, 0.47995377439025, 0.23697680098037185, 0.00015408722391266485, 0.27072373129697425, 0.30302561226433505, 0.5535769552377168, 0.4204872220659046, 0.9657422190815186, 0.42637201254250867, 0.3075058483937462, 0.07261699886549182]}}