{"corr": 0.054967831934007574, "p-value": 0.5476107296861827, "slope": 0.0723354005146755, "intercept": -0.7155556282449685, "Qu2017": [0.12355637445046136, -1.649509033878807, 0.18003341056112737, 0.712844532350329, -0.6724825856629615, 0.8375507894896623, -1.7451417391461626, -1.5601900734258547, -1.504103948926598, 1.318054294394084, -1.4928484116460545, 0.244756981807614, 0.7477091610008847, 1.7776791017164575, 0.03587600941008812, -1.5303546654190554, -1.5275954222632226, -0.9480991078980991, -0.2755996074621805, 0.0911400176699287, 0.2337593539489834, 1.4478334335250875, 0.8836958927435953, -1.9275856496050736, -0.8487740692312431, -1.8634884886828798, 0.12497982584800671, -1.8571484330727688, -2.149593474716261, -0.39315472005475205, -1.0078054664599523, -0.7120587319594028, -1.4644877913783052, -0.9499417943693942, -1.5552898793911787, 0.7101889439228355, -0.11720922501196315, 0.27133765568166446, -0.37993339036697626, 0.22010404702979444, -0.04962848082297104, 0.20137620163987408, -2.1058756705643473, 2.5756140275243093, -1.9588084406063462, -0.8342703727900831, 0.862401768579855, -0.04122503746976497, -1.6505203551541483, -1.5619632187386474, 1.6613346228872157, 0.6928561644601159, 0.8694894485985605, -0.9137148826132928, -0.18887824823571292, 1.1652072995712017, -1.3133151618286591, -0.21750049209561406, -1.8219981932221612, -1.6510071490740712, -1.0154568964079187, -0.6691723325826573, -2.549661804367174, -1.1917754562573724, -1.683407864714192, -0.5552791096970286, -1.679070289413953, -0.12993413373945129, 1.0169563022715007, 0.5155808795839893, 0.18178216739383352, -0.8318580287973631, -1.5259714577247654, -2.1154913651036953, -0.8852614342764307, -1.8421028416985372, -0.15345254663820967, -0.4451093700580171, 0.9053830853953253, -1.1823259610219021, 1.133768749750376, 0.22537708773195114, -0.2105450099887896, -0.7002007487118012, 0.22942192147179985, -0.7468339232735759, 0.2935354907366426, 1.514557131108248, 0.7183428701225809, 1.4025177792454036, -1.2153021120574552, -0.4908232189588826, 0.8435069534811219, 1.6002042531232443, -1.0878829124221219, -0.9160488404725435, -0.06375547180298077, 0.429619782386369, 0.8783380417296814, -0.38761377434456445, -1.333071888182815, 0.6213626251020873, -1.7662937712602234, -0.858392271176771, 0.14620128104610694, 1.3075446432037878, -1.3393601424160195, -0.7548986189834017, 0.26491728696594136, 0.7454801542494924, -0.38607918383442563, 0.35399695272698944, 0.28671974880887724, 0.951417361368935, 0.2643277679748881, 0.2563964440900687, 1.1670898606606386, -1.9174240687637107, -0.060493413197657914, 0.36414740797471257, 0.7644862866237736, -1.840292658534278], "Duan2021": [-2.5193638782684804, -2.3141652410398814, 1.4814779472752622, -4.734611940692192, -1.7633632333819476, -1.648539653901169, -3.044257632374966, -0.6988671739478236, 1.071181215715872, -0.9195575201529214, 0.0, -3.435467201793558, 0.6947098815874466, -0.31276623210062837, -1.5846317433479005, -0.9144850102947981, 1.4123471991847167, -2.2789815337326647, -1.497146321969102, -1.0159729781010483, -1.264843404673493, -0.8562173911130271, 0.3791370539538741, -0.6667037071063016, -2.842385395696197, -0.7464361910175512, 1.5925123171381976, 0.33796357728951265, -2.7724338916235043, -1.3918001790029493, -1.4014046015629682, 1.0657610874274783, 1.3377509185703405, -0.6335704808305707, -1.6715883894385308, 0.08521980070741927, 0.37591039694844985, 0.9736912470183681, -1.6176465426547515, 0.04208738914685278, 1.3769665746806568, 1.3120543519061274, -0.6620093370975108, -1.6401840881040797, -0.8096464164277934, 1.6671431734738031, -2.7666020013349986, 0.8332160715060551, -0.0765770913805192, -0.9204470255419493, -2.8400703204269186, 0.5567719416520606, -1.44228699341443, -0.7552792164058315, -3.368706577196935, -1.199198154957268, -1.2887893028350978, -1.8174169583481992, -2.1114767054338723, -1.7940362798214347, -0.7128311150443908, 0.741166239403506, -1.967480504519509, -1.7554226104771946, 0.0833931242143656, -2.3005132444240206, -1.878374277537253, -1.5558694755012734, -1.7348295479808273, 1.425718517949556, -1.3877805632598506, 0.7159819069614353, 0.100026780537879, -1.3397816127949467, -1.196867384767888, 0.9807639039186147, -1.0554349571578898, 0.4134023150792061, 1.2239280678324986, -2.164449113102866, 0.20303929300085222, 1.0241751117801672, -0.9882423559105971, 0.5096825473322472, -0.6950777757153079, -2.0205892809601558, -1.2155497952902317, -0.8806974118598139, -1.956175018735006, 1.531648642693364, -0.20706231218491583, -2.026697162088121, -2.412508477352514, -1.3587166394898986, 0.2961562754065947, -0.09966781512219021, 1.166763619229544, 1.844681467766991, -2.8375319177454053, -1.938042959035145, -1.7498557059504822, -0.6004859145732109, -3.4817518147778523, 0.5353282253303542, -0.9309118451227916, -2.422081170585715, -2.1586125300234684, 0.8859567447706449, 1.5588897760279412, 1.9273033171104847, -1.9705140024698626, -0.014367525337781874, -2.3590681126759674, -1.8970504017676373, -1.3640032397430226, 1.1021279491321516, -1.3469972318797097, -1.4958350879468485, 1.3236185363087283, -0.1707468439695704, 1.9080611524722633, -0.5715309613435582], "mirnas": ["miR-1587", "miR-126-3p", "miR-371b-5p", "miR-32-3p", "miR-19b-3p", "miR-4454", "miR-21-5p", "let-7g", "miR-423", "miR-3679-5p", "miR-494", "miR-4507", "miR-940", "miR-197-5p", "miR-762", "miR-3135b", "miR-185-5p", "miR-320c", "miR-483", "miR-4463", "miR-150-3p", "miR-548j", "miR-5196-5p", "miR-26a", "miR-3195", "let-7a", "Unknown", "miR-103a", "miR-181a", "miR-4634", "miR-20", "miR-3162-3p", "miR-4306", "miR-2392", "miR-320d", "miR-4466", "miR-642a-3p", "miR-1281", "miR-3141", "miR-574-5p", "miR-4687-3p", "miR-4484", "let-7f", "miR-4281", "miR-197", "miR-4298", "miR-1207-5p", "miR-4433a-3p", "let-7b", "miR-30e", "miR-671-5p", "miR-1915", "miR-2861", "miR-320a", "Unknown", "miR-4763-3p", "miR-27a", "miR-3188", "miR-4485-3p", "miR-106b", "miR-3196", "Unknown", "miR-24-3p", "miR-15b", "miR-320b", "miR-939", "miR-320e", "miR-451a", "Unknown", "miR-638", "miR-4455", "miR-4443", "miR-107-3p", "miR-30e-5p", "miR-16", "miR-223a-3p", "miR-4271", "miR-15a", "miR-3162-5p", "miR-93", "miR-630", "miR-4769-3p", "miR-4270", "miR-1275", "miR-4505", "miR-19a", "miR-4701-3p", "miR-3663-3p", "miR-1225-5p", "miR-3665", "miR-17", "miR-4327", "miR-1246", "miR-122-5p", "miR-4741", "let-7i", "miR-1825", "miR-3960", "miR-3610", "miR-92a", "miR-29c", "miR-5100", "miR-23a", "miR-4739", "miR-572", "miR-4286", "miR-140-3p", "miR-4649-3p", "miR-4530", "miR-4787-5p", "miR-25", "miR-1268b", "miR-1260a", "miR-1202", "miR-188-5p", "miR-486-5p", "miR-5703", "miR-130a", "miR-4707-5p", "Unknown", "miR-3940-5p", "miR-22"],