{"corr": 0.46456098022359416, "p-value": 2.0798207576129076e-05, "slope": 0.47376927428430976, "intercept": -0.8790373094557862, "Reis2020": [0.8124246266176135, -0.5983616735094408, 0.8899330463133462, 1.2489500504190107, 0.4226371125469046, 0.5398977045758568, -0.17896793903993288, -2.1272402010699083, 0.5368206535793525, 3.4242587778667453, 0.9482306881660383, 1.467586998251717, 0.07634413012948811, 0.856584466594474, 1.0364672045793135, 1.0866979830087373, -0.3931972192289975, 0.8172481119634851, 1.047028974215964, 0.8141710609669808, -1.8863985879381024, -0.002494906213381942, 0.8066863423268349, 0.861491115480792, 0.9793338522928667, 1.719239871641511, 0.29223668112747414, 0.6394444624897972, 0.8649008206390806, 0.5596906272020205, 0.8062705246246045, 1.8543806248663672, 0.56667636459949, 0.9365877925035891, 1.0623310656580398, 1.2849598634321573, -0.37157469871302046, 0.8733835017645794, 1.182918199304835, -1.4909559531170613, -2.7091354935710283, 1.030396266126751, 1.265832249129562, 0.8574161019989348, 2.5567798874738363, 1.3960663534681006, 1.6141211565176843, 1.8278514554640723, -0.7233564747998773, 0.6052642473664643, 2.045074623109196, -1.2535240451435445, -1.4097051741012554, 0.6202336846467561, 0.8568339572158122, 0.9057341189980987, 0.4830970064511942, 2.3512827790316084, 0.8620732602639145, -1.3540687655428376, 1.3504095697632108, -0.5078797415041216, -0.5132853716331158, 0.9994594290808145, 1.551249519940459, 1.2664975574531308, 0.8831136359967688, 1.8115514015366436, 0.9597072567475953, 0.9931390000069136, 0.8078506318930797, 1.7089275926261989, 1.1366792708168227, 0.47270156389543594, -1.9687304929797076, 1.1278639355295397, -0.027859786049431907], "Qu2017": [1.1658602199603507, -1.649509033878807, 0.18003341056112737, 0.3851308522969431, -0.6724825856629615, 0.8375507894896623, -1.7451417391461626, -1.5601900734258547, -1.504103948926598, -1.4928484116460545, 0.7477091610008847, 1.7776791017164575, -1.5275954222632226, -0.9480991078980991, -0.2755996074621805, 0.8836958927435953, -1.9275856496050736, -0.8487740692312431, 0.12497982584800671, -1.8571484330727688, -2.149593474716261, -1.0078054664599523, -1.5552898793911787, 0.27133765568166446, -0.11720922501196315, 0.22010404702979444, -2.1058756705643473, -1.9588084406063462, 0.5168744585848566, -1.6505203551541483, 1.6613346228872157, 0.6928561644601159, -0.9137148826132928, 0.78521072454797, -1.3133151618286591, -1.8219981932221612, -1.6510071490740712, 0.47395003735528574, -1.0154568964079187, -2.549661804367174, -1.1917754562573724, -1.683407864714192, -0.5552791096970286, -1.679070289413953, -0.12993413373945129, 0.5155808795839893, 0.18178216739383352, -0.8318580287973631, -1.5259714577247654, -2.1154913651036953, -0.8852614342764307, -1.8421028416985372, -0.4451093700580171, -1.1823259610219021, 1.133768749750376, -0.7002007487118012, -0.7468339232735759, 1.6002042531232443, -1.0878829124221219, -0.9160488404725435, -0.38761377434456445, -1.333071888182815, -1.7662937712602234, 0.14620128104610694, 1.3075446432037878, -1.3393601424160195, 0.7454801542494924, -0.38607918383442563, 0.35399695272698944, 0.28671974880887724, 0.951417361368935, 0.2643277679748881, -1.5619632187386474, 0.8435069534811219, -1.9174240687637107, -0.060493413197657914, -1.840292658534278], "mirnas": ["miR-4516", "miR-126-3p", "miR-371b-5p", "miR-1268a", "miR-19b-3p", "miR-4454", "miR-21-5p", "let-7g", "miR-423", "miR-494", "miR-940", "miR-197-5p", "miR-185-5p", "miR-320c", "miR-483", "miR-5196-5p", "miR-26a", "miR-3195", "Unknown", "miR-103a", "miR-181a", "miR-20", "miR-320d", "miR-1281", "miR-642a-3p", "miR-574-5p", "let-7f", "miR-197", "miR-6724-5p", "let-7b", "miR-671-5p", "miR-1915", "miR-320a", "miR-5001-5p", "miR-27a", "miR-4485-3p", "miR-106b", "miR-328-5p", "miR-3196", "miR-24-3p", "miR-15b", "miR-320b", "miR-939", "miR-320e", "miR-451a", "miR-638", "miR-4455", "miR-4443", "miR-107-3p", "miR-30e-5p", "miR-16", "miR-223a-3p", "miR-15a", "miR-93", "miR-630", "miR-1275", "miR-19a", "miR-122-5p", "miR-4741", "let-7i", "miR-92a", "miR-29c", "miR-23a", "miR-572", "miR-4286", "miR-140-3p", "miR-4787-5p", "miR-25", "miR-1268b", "miR-1260a", "miR-1202", "miR-188-5p", "miR-30e", "miR-1246", "miR-130a", "miR-4707-5p", "miR-22"], "p-values": {"Reis2020": [0.007589149563939005, 0.06406211762135129, 0.005265550349698683, 0.00028871282404740794, 0.2722317772160494, 0.05604024194171876, 0.37284346804460056, 0.12600494966032647, 0.06719590197932863, 0.12220825733939975, 0.004812485233409776, 3.580145990777964e-05, 0.8272698057778652, 0.010697630772792796, 0.0006274333389718622, 0.003613218099239143, 0.2495153761461436, 0.016441546500294765, 0.04225442822343441, 0.008060402160537005, 0.044541557381964504, 0.9912623482971845, 0.01685353030809103, 0.009664639913082439, 0.0007738356239467848, 2.2923887810917553e-05, 0.6832886588174367, 0.1718616381473214, 0.003857671890254589, 0.03415663746376446, 0.006670042484713068, 0.0015106936499789292, 0.05353660913330662, 0.005825918431991559, 0.018963144289150666, 0.0011761082349547242, 0.38333329832127916, 0.0021460449907467565, 0.0026908277387090616, 0.11159135114658339, 0.03280804987597264, 0.002879756747778061, 0.00032843214283437505, 0.0007978112428027445, 0.06506086175734599, 0.028725898142540552, 0.00039157664389172106, 2.753114958838025e-07, 0.4099265207378918, 0.25330038829906887, 0.0033727875879684776, 0.042107890177280706, 0.08087155659451911, 0.06640803674785943, 0.007241543020171431, 0.0020839596625935567, 0.13219179020697874, 0.028436303481892036, 0.005731831352150993, 0.14176250657989503, 0.0024146950404508693, 0.21405555872345122, 0.12235089835197069, 0.00296212648764629, 0.0017509214299895421, 0.0032557495325365444, 0.020917346531251484, 0.0741458295771686, 0.0021870953078595716, 0.008408179735986555, 0.006000251375426924, 0.0007874090579114036, 0.0013485023083808444, 0.5612315580412155, 0.1310709438304674, 0.016437468463127037, 0.9329819846338941], "Qu2017": [0.11717857847878879, 0.03282779938150324, 0.7531719599463044, 0.13241131008192153, 0.5572450815691361, 0.1716773965646459, 0.08382777115584553, 0.05324087995577059, 0.05041640358667671, 0.014370178554631147, 0.05273371401686016, 0.012155762276212399, 0.00951213127113953, 0.03686279867345059, 0.718952400444179, 0.0503494878119844, 0.013998668840635099, 0.10439797302196757, 0.7598746025357844, 0.012045053481601703, 6.926761764506895e-05, 0.2416800391677147, 0.04395512656570191, 0.723191559106819, 0.8704792782646845, 0.8010148873171422, 0.006797370787752879, 0.0001837028830412558, 0.2645970783083165, 0.046047344948883746, 0.016142597183148866, 0.08733327130782834, 0.11998344171490324, 0.0654581728655946, 0.04126078153596329, 0.0002563588766932554, 0.02214659174174118, 0.36622890393475194, 0.06514508222068134, 0.010510361405935252, 0.1704745128935188, 0.020659133915040314, 0.2977677979146028, 0.057042192871792546, 0.9580622683524801, 0.42358113264931474, 0.8366697447521461, 0.10716085235081518, 0.05416192362011969, 0.02875388326461446, 0.6430323110413578, 0.13465069076904992, 0.5805890560908551, 0.13848662811820067, 0.0028913822737838013, 0.14677047891252623, 0.3697696616835213, 0.07765830703383299, 0.04695966233478733, 0.30791888750643137, 0.4810867330899662, 0.01930989278501576, 0.02305277146486588, 0.7317772812066161, 0.002528091968865977, 0.02418734856142267, 0.20508600117399378, 0.6262883047150944, 0.09737346121047488, 0.515199008106437, 0.04946898819461566, 0.607627964921879, 0.02530908915287919, 0.04511468277893991, 0.007816590102431768, 0.9074335118582495, 0.053361263339796246]}}