{"corr": -0.13315207509301, "p-value": 0.15973684201158736, "slope": -0.04890160519721119, "intercept": 0.11402378709887172, "Reis2020": [-1.370950964253389, -0.7088860187622619, -2.6118341512491314, 0.9571291869937674, -0.5983616735094408, 0.5418104660061164, 1.224915787230098, -0.16940413188863532, -0.14620150410418303, 0.4226371125469046, 1.2116096207587277, 1.3651295164221642, 0.8522599624912787, -0.17896793903993288, 0.5368206535793525, 0.5717493405667, 0.964364415012575, 0.7611958857028369, 0.07634413012948811, -1.4998544519447903, -0.3931972192289975, 0.6931681096179556, 1.185413105518217, 1.1097342837122974, 0.899829507626428, 0.8658156195839875, -1.8863985879381024, 1.24537401817983, -2.5151981172508036, -0.641689878081841, -1.5528296272089341, -0.002494906213381942, -1.5356979378770443, 1.004116587345794, 0.6394444624897972, 0.284668798946882, 1.000041573863937, 0.7349993704623263, 2.560106429091679, 0.8401180855861531, 1.6044741858259408, 0.6192357221614033, 0.56667636459949, 2.043328188759828, 1.912096121935937, 1.4250904290837776, 0.9506424308389739, -1.455860939048822, 0.26595700234651737, 1.2826312842996674, 0.7577861805445485, 0.6489251061006487, 0.7690964220452132, 0.7289284320097636, 0.9014927784353495, 1.0623310656580398, 0.9913094021171002, -0.37157469871302046, -2.4751964542962464, -1.4909559531170613, -2.7091354935710283, -0.42371823857270347, 1.2209239372886869, 2.5567798874738363, 1.1928146606179166, 0.8638196946132819, 0.3245872983609934, -3.1506507297991897, 1.658280996494545, 0.0802528165304531, 0.9089774970754954, 2.4243835310837003, 2.045074623109196, -0.4298723405657124, -1.2535240451435445, 0.1653291184067781, 1.0284835046964915, -0.22820075498400358, 0.8323007127842229, 0.6202336846467561, 0.8124246266176136, 0.8376231793727713, 0.9271903124331836, 1.6755790129073267, 0.4830970064511942, 0.6154101993008843, 1.5501683939146602, -1.6284252854744077, -0.25938708265127813, 0.9343423769115453, 0.9138009824213671, 2.3512827790316084, -0.1490290644793493, -3.0208324431628815, 0.33864193669637854, 0.7746683792550997, 2.1150151606243366, 1.0940995381084369, 1.3504095697632108, 0.8085991037570943, -0.5078797415041216, -1.3074140193525947, 0.030354692262813843, -0.7963740633115228, -0.6757869296647279, 0.588215721575021, 0.7428167432642567, 0.7759989959022368, -0.35045115943971983, 0.7424840891024724, 1.8115514015366436, 1.2664975574531308, -1.9687304929797076], "Boeri2011": [0.3311675021451469, -0.2915097653146705, -0.021907022151932208, 0.19214729710443285, 0.07258556056573817, -0.2390381393841577, 0.4642413613481424, -0.1551762504198626, 0.005011820412711197, -0.1565173184788557, 0.6269393940724183, -0.20216385965790049, 0.9199773296907453, 0.14632753495343614, 0.3321928488697995, 0.04479641637276177, 0.4287199018266906, 0.8501208967777822, -0.6533755077370218, 0.14791149045655833, 0.033849035492998836, 0.08642639908500994, 1.6244898820338465, 0.223025750116555, 0.4968302912223214, 0.37757024040756804, 0.22971255184420677, 0.022939336658100384, -0.04367357576833018, 0.027207642753229927, -0.2655121603801078, -0.02717783838265554, -0.08789922028410904, 0.985753794202816, 0.363722538097506, -0.2735255786414891, 0.6473571269030081, -0.0007498864841224441, -0.02303146341388878, 0.629233333858246, -0.42964801818263, 1.8563772933349636, -0.11038381257601557, 0.171520060092255, -0.4031721123543005, 0.3880412150205419, 0.22823720004542702, 0.2995864059576462, -0.028763256545377425, 0.5722754240423191, -0.6500594820229597, 0.27115167628271053, 0.7281198049476618, -0.25788941055480563, -0.2152811656254796, 0.2748896183414107, -0.5697145016290649, -0.01099107215490386, 0.3401824497807038, 0.12764823172153655, 0.7983378537927703, -0.17101257797038233, 0.7045323520513613, -0.5766107706167771, 0.5118576546416431, 0.2952717860755665, -0.0814898621287917, 1.1699360087927422, -0.17668544128024177, 0.28913755445653194, 0.09539084935369779, -0.1917678609294508, -0.48270497033654075, -0.06836306241965022, 0.029527926720578388, 0.4114565992939566, -0.09166325803530659, -0.16977609032984564, -0.11181394494541444, -0.11828114788389604, -0.4229643260717696, -0.8307008182274056, 0.10866552269311201, -0.022565744909248703, -0.1448793248194835, 0.11767581798865745, -0.16037423656682587, -0.8054181048965805, 0.187890977132732, 0.0019763852132709857, -0.19625336737630167, -0.19250249352175683, 0.3181491345858233, 0.14564710419022744, 0.04529480687217055, -0.09250122197413177, -0.09692323026078045, -0.6720144806024504, -0.3534847699527149, 0.6091897019982653, 0.7207766233756134, 0.18421441277454081, -0.3078555692998899, 0.2421607232713595, -0.07263525665068123, 0.4236890821845438, 0.29134335010484813, -0.5715066078509858, 0.08584226282661031, 0.520290811444401, -0.4539415817661292, -0.5231708777547, 0.4231730677085008], "mirnas": ["miR-145", "miR-374b-5p", "miR-221", "miR-193b", "miR-126-3p", "miR-30c", "miR-10a-5p", "miR-485-3p", "miR-222-3p", "miR-19b-3p", "miR-100", "miR-193a-5p", "miR-133b-3p", "miR-21-5p", "miR-423", "miR-574", "miR-152-3p", "miR-218-5p", "miR-185-5p", "miR-27b", "miR-26a", "miR-132a-3p", "miR-204", "miR-375-3p", "miR-346-5p", "miR-744-5p", "miR-181a", "miR-597", "miR-374a-5p", "miR-130b-3p", "miR-142-3p", "miR-20", "miR-191-5p", "miR-133a-3p", "miR-197", "miR-28-5p", "miR-363-3p", "miR-26b", "miR-296-5p", "miR-34a", "miR-885-5p", "miR-1-3p", "miR-320a", "miR-128", "miR-192", "miR-203-3p", "miR-345", "miR-335", "miR-301a", "miR-125b", "miR-331-3p", "miR-337-5p", "miR-548a", "miR-142-5p", "miR-495-3p", "miR-27a", "miR-99b", "miR-106b", "miR-376c", "miR-24-3p", "miR-15b", "miR-652-3p", "miR-99a", "miR-451a", "miR-598", "miR-330-3p", "miR-186", "miR-361", "miR-625-5p", "miR-127", "miR-342-3p", "miR-150-5p", "miR-16", "miR-30b", "miR-223a-3p", "miR-323", "miR-454", "miR-140-5p", "miR-590", "miR-93", "miR-502a-3p", "miR-483", "miR-518d-3p", "miR-365", "miR-19a", "miR-376a-3p", "miR-195", "miR-125a", "miR-28", "miR-532-3p", "miR-339", "miR-122-5p", "miR-148a", "miR-199a-3p", "miR-484", "miR-101-2", "miR-212", "miR-660", "miR-92a", "miR-143", "miR-29c", "miR-146a", "miR-148b-3p", "miR-18", "miR-29a", "miR-328", "miR-410", "miR-532", "miR-106a-5p", "miR-134-5p", "miR-25", "miR-140-3p", "miR-130a"],