{"corr": -0.16333527030374168, "p-value": 0.5939106187285483, "slope": -0.13174904093653084, "intercept": -0.04026922663841263, "Reis2020": [-0.6757869296647279, 0.5418104660061164, -0.4298723405657124, -1.5356979378770443, -1.2535240451435445, -2.5151981172508036, 1.3504095697632108, 0.588215721575021, -0.6569088059834709, -0.1490290644793493, -0.22820075498400358, 0.7577861805445485, 0.33864193669637854], "Marzi2016": [0.708939420379425, 0.41968477985195113, -0.0132739899115752, -0.47697252578611726, 1.0947477232927059, -0.7824810315114378, -1.039470323843537, -0.4817274942453117, -0.3669523935061297, 1.186582061660541, 1.354224997622194, -0.8699524902735356, -0.7473284835769717], "mirnas": ["miR-29a", "miR-30c", "miR-30b", "miR-191-5p", "miR-223a-3p", "miR-374a-5p", "miR-92a", "miR-328", "let-7d", "miR-148a", "miR-140-5p", "miR-331-3p", "miR-484"], "p-values": {"Reis2020": [0.3250251236549051, 0.17513112307524215, 0.3717410251987321, 0.28291401959946466, 0.042107890177280706, 0.02558050901266064, 0.0024146950404508693, 0.10390131650714733, 0.24803285899135788, 0.6581073669801025, 0.5950909247389244, 0.02021566603488558, 0.509097012165942], "Marzi2016": [1.4156486645866428e-08, 0.002581237112155, 0.9202055639248479, 9.024528339465123e-06, 7.101878897787841e-12, 2.5435734547289026e-09, 5.514291956393523e-18, 1.4991602466437515e-05, 0.015232888629862744, 1.4331643497525897e-14, 3.5098940955796554e-30, 1.7866973417030885e-14, 1.616851214458367e-09]}}