{"corr": 0.24714937393199096, "p-value": 0.002070534812222723, "slope": 0.09235601810094828, "intercept": -0.3364954179253307, "Reis2020": [-1.370950964253389, -0.7088860187622619, 0.852675780193509, 0.7521310597942159, -0.5983616735094408, 0.5418104660061164, 0.9752588388110095, 0.11143914419772774, 0.02478273505292754, 0.8563349759731359, 1.3540687655428378, 1.0046155685884706, 0.4965695000034568, -0.14620150410418303, 1.3651295164221642, 1.2116096207587277, -0.17896793903993288, -2.1272402010699083, 0.5368206535793525, 1.3753586318970303, 0.5717493405667, 3.4242587778667453, 0.8535905791384157, 1.7657282907508614, 0.856584466594474, 0.7471412473674521, -2.06145784057707, -0.3931972192289975, 0.7698448939092277, 0.6931681096179556, 0.9776705814839454, 0.8649839841795267, -0.8592456998887483, 0.9157137438516266, 0.9701026993033536, 0.8141710609669808, 0.9790843616715286, 0.8658156195839875, 0.8463553511196081, -1.8863985879381024, -2.5151981172508036, 0.8874381400999642, 0.8821988370518623, -0.641689878081841, 1.186743722165354, 0.035760322391808104, -0.002494906213381942, 0.7888061811309308, 0.9638654337698984, 0.8066863423268349, 1.9244043259219545, 1.5167366506553417, 0.8472701500645148, 1.3754417954374762, -0.7774127760898197, 0.9366709560440352, 0.29223668112747414, 1.006860984180514, 0.6394444624897972, 1.0106033435005872, -0.6569088059834709, 1.000041573863937, 0.7349993704623263, 0.5596906272020205, 0.4995633874595152, 0.56667636459949, 2.043328188759828, 1.912096121935937, 0.9506424308389739, 1.7113393352991348, 1.2826312842996674, 0.7577861805445485, 0.7068900937915563, 1.0623310656580398, 0.5507089648338455, -0.37157469871302046, 1.3010104267382476, -1.4909559531170613, -1.284959863432157, 1.2168489238068296, -0.42371823857270347, 1.1089026483078368, 2.5567798874738363, 1.1928146606179166, 0.8638196946132819, 1.3701193288489284, -0.0289409120752308, 0.3245872983609934, -3.1506507297991897, 1.7515904888750304, 1.658280996494545, 1.2258305861750047, -0.7233564747998773, 0.6989895574491801, 2.4243835310837003, 0.791800068586989, -1.2535240451435445, 1.5766143997765087, -1.4097051741012554, 0.6202336846467561, 0.855087522866445, 0.8124246266176136, 0.7424840891024724, 0.8399517585052609, 0.8376231793727713, 0.9057341189980987, 0.21215019167791288, 0.657075133064363, 0.4830970064511942, 0.8443594261489025, 0.6154101993008843, 0.8161669859376863, 1.5501683939146602, -1.6284252854744077, 0.9343423769115453, 1.330616647137047, 0.9138009824213671, 2.2774335551155023, 1.0447003950834741, 1.2339806131387192, -0.1490290644793493, -3.0208324431628815, 0.7542933118458135, -1.3540687655428376, 0.7869765832411174, 0.3093683704593634, 0.7746683792550997, 1.0940995381084369, 1.3504095697632108, -1.086697983008737, 6.282007518214892, 0.6727930422086695, 0.3246704619014395, -0.5078797415041216, 2.363757310098518, 1.0708137467835386, 0.030354692262813843, 0.8344629648358208, -0.6757869296647279, -0.7963740633115228, -0.5132853716331158, 1.4089567022372407, 0.588215721575021, 0.9994594290808145, 0.8771258610846524, -0.35045115943971983, 0.8467711688218384, 1.8115514015366436, 0.9592082755049189, 1.1366792708168227, 1.2664975574531308, -1.9687304929797076, -0.027859786049431907], "Leidinger2016": [-0.20677771247005428, -1.0132504403521794, -0.14281937525983027, -0.33023218748393957, -0.7658144536866222, -0.0324677752973348, -0.04649045769267311, -0.20048021936199154, -0.3601431401307205, -0.19106266229160573, 0.1040184723117408, 0.46980929343584876, -0.3297880228652279, -0.16171873294626277, -0.3000675425391206, 0.15257846654207674, -0.7949947446444529, -0.5694478542899493, -0.20247982181547972, 0.007521110802296026, -0.22248370751648155, -0.03684175670210757, -0.5500022331365921, -0.11338355764026643, -0.0597483434163651, 0.04801637844010165, -0.08148711939293017, -0.4097797321338592, -0.19244086662475837, -0.09209221688684552, -0.10491212141902553, -0.45614251607807654, -0.7788223053693519, -0.26499667217069645, -0.12303132371523892, -0.32058979707357216, -0.09119783675567433, -0.1506702110949943, -0.014749425151820676, -0.6778307611737908, -0.9573437004916578, -0.4762660467753339, -0.09658378623865943, -0.24449869034582164, 0.13749071223960999, -0.24278487486205885, -0.5298354076397427, -0.3022834149434165, -1.1622658435929898, 0.0968791877371811, -0.1227357162572231, 1.281385121980196, -0.5505756019796477, 2.2949455811341517, -0.2316317978715377, -0.13750403581997844, -0.5132913179545168, -0.019604068029152488, -0.20493989239429927, 0.22298929268983586, -0.4174790671044689, -0.4606014476066129, -0.8874951598322174, -0.263791586773239, -1.3617181069940294, -0.04519332383820402, -0.08140180888812118, -0.2711235320861594, -0.2970326052646974, 0.041414996006616384, 0.07514181341187487, -0.0971976589810212, -0.05608630813860595, -0.544821213116931, -0.21887714453018947, -0.5257891240874264, -1.0255013235767336, -0.26119640895766616, -0.23137632863035745, -0.18895273382998584, -0.17656272238667775, -0.11875509683194553, -0.278635507436799, -0.7381717110244161, 0.044661130329656254, -0.7422344555491626, -0.9512759999038196, -0.07952671068100874, -0.022984068233727437, -0.012142835631165364, -0.13482868586481728, -0.14314286591251035, -0.5528391582635195, -0.47302377304980037, -0.037795519440803, 0.08357308254062412, -0.23466547441212, 1.161470044535645, -0.7742527506466264, -0.4100320252002111, -0.4635004026202927, -0.1897214758420414, -0.8479973617684178, -0.09737200313724442, -0.189141982476912, -0.19608374735343834, -0.022400847066279726, -0.43548849190878863, -0.7290265778856173, -0.15105552530516692, -0.39805949939733687, -0.20263591129124378, -0.9244474760983626, -0.11247923144982347, -0.09951086630741177, -1.2057317048945793, -0.0887432162230929, -0.061406121758784474, -0.32780591454491403, -1.101423333399474, -0.5723968987658816, -1.016349635406938, 0.3503474048209183, -0.4589081675741122, -0.7917070953510206, -0.10670457028620209, -1.2341194154997646, -0.5821549012079201, -0.08345603316689384, -0.1781454714664506, -0.1396817526194828, -0.38136629978316183, -0.3131064582434303, -0.48986222385613737, -0.5171782659432622, -0.5552108318945415, -0.36009972012585256, -0.8249200922545195, -0.003171513214441997, -0.9242542910505119, -0.8359007414220272, -0.28067739624151944, -0.08777367619888415, -0.04994664734806184, 0.04772210542154096, -0.375716611981568, -0.03472639017465815, -0.10813197092822238, -0.1318956450714951, -0.8497429695693562, -0.11210776861922758, -0.39470763866144654, -0.2430795029980864],