{"corr": -0.10669587725396232, "p-value": 0.1575155198819607, "slope": -0.12089860611411707, "intercept": 0.13145842298526417, "Reis2020": [1.1227077960218836, 1.110482755576312, 1.8468127426857754, 0.785313312432196, 0.571915667647592, 0.9888976594441643, 0.8346292919167129, 1.2219218997740395, 0.7325876277893906, 1.8239427690631076, 1.0856168569829385, 1.3753586318970303, 1.2523597555772996, 0.7739199073910852, 0.9321801248599475, 1.02914881302006, 1.3989770773837131, 0.811925645374937, 0.9482306881660383, 0.7263503622559356, 0.7100503083285068, 1.8142957983713641, 1.1975549824233425, 1.7657282907508614, 1.0364672045793135, 1.7654788001295234, 1.344255467770202, 0.7471412473674521, 0.8765437163015297, 1.4182710187672, 0.8770426975442063, 0.801779693440517, 1.4744064085682944, 0.8574992655393807, 0.770177548071012, 1.0493575533484538, 1.9397064173640306, 1.24537401817983, 0.9231152989513265, 0.6077591535798463, 0.8748804454926087, 1.1342675281438868, 0.9873175521756891, 0.8514283270868181, 1.0570917626099379, 1.0244916547550802, -0.5205205996519238, 0.9638654337698984, 0.9793338522928667, 0.7666846793722774, 2.200923097905122, 1.0422886524105381, 1.2217555726931475, 1.0242421641337422, 0.8930100973098507, 0.8649008206390806, 1.9741361231087011, 1.3132354671838193, 1.4198511260356754, 1.6044741858259408, 0.8937585691738655, 0.8863570140741655, 0.9718491336527207, 0.8872718130190722, 0.904736156512746, 1.1392573405706505, 0.8267287555743366, 1.2586801846512006, 1.063744845845623, 1.9792922626163576, 1.0409580357634014, 0.84377728136578, 1.0383799660095732, 1.1248700480734812, 1.2849598634321573, 1.5276310744537764, 0.942741894496598, 1.288203241509554, 1.6716703265063617, 1.322799274335117, 1.0451162127857043, 0.7811551354098929, 1.2808848499503003, 1.4276684988376056, 0.916046398013411, 1.377604047489074, 0.8929269337694047, 1.1089026483078368, 1.1878248481911529, 0.8574161019989348, 1.1330200750371957, 0.7153727749170551, 0.9585429671813506, 1.3859204015336806, 1.1926483335370244, 0.34047153458619195, 1.2267453851199113, 0.8161669859376863, 0.9963823780843102, 0.8440267719871182, 1.8278514554640723, 1.7478481295549573, 0.9080626981305886, 0.7842321864063971, 1.1918998616730103, 1.29103080188472, 0.9296020551061197, 0.7727556178248401, 0.9001621617882124, 1.4302465685914334, 0.9672751389281872, 0.7934633393959105, 0.9306831811319183, 1.0712295644857692, 0.7424840891024724, 0.8199925087982054, 1.4500394912175971, 0.9002453253286584, 0.757204035761426, 0.9020749232184719, 1.6755790129073267, 0.8689758341209379, 0.7977878434991057, 0.7969562080946452, 0.9815792678849106, 1.7089275926261989, 1.0936005568657605, 1.1281134261508776, 0.8510956729250339, 0.8831136359967688, 0.887022322397734, 1.1855794325991091, 1.0213314402181297, 1.6381554197065973, 1.0939332110275448, 1.0880285996558743, 0.81566800469501, 1.3736953610881089, 4.538650219844022, 1.3058339120841196, 0.8620732602639145, 0.878040660029559, 3.134517002952652, 0.8280593722214739, 0.8994136899241978, 0.7387417297823995, 1.4850513417453908, 2.1150151606243366, 0.8150026963714416, 0.794211811259925, 0.9138009824213673, 0.9019085961375797, 0.7824857520570299, 1.7732961729314534, 0.9218678458446357, 1.565886303058966, 1.4182710187672, 0.48326333353208634, 1.0787142831259149, 0.8013638757382866, 0.8660651102053256, 0.8765437163015299, 0.8943407139569879, 1.3515738593294557, 2.1275728552316924, 0.7346667163005423, 1.2743980937955068, 0.8771258610846524, 1.721734777854893, 1.6449748300231746, 4.760780036375463, 1.5995675369396225, 0.9882323511205958, 0.8809513839451713, 0.9624516535823155, 0.8050230715179136, 1.1278639355295397], "Yao2019": [0.6519858090100227, -0.21716661546851695, 0.1373555701523728, -0.020152840356649215, -0.14645149751797157, -1.0614273252545017, -0.3791231503877376, 0.2633237055413686, 0.5177701883422157, -0.4390753624426387, -0.34786649809327935, -0.8524485570364354, -0.2831181423242394, -1.1563998120825891, 0.6064630002457199, 0.5977624137200179, -0.7206682460776204, 0.11552619483986507, -0.3820578148810687, 0.28411453264658343, 0.37153860138654593, -0.3515099444928053, -0.29268308447364144, 0.5980858402383096, -0.14645149751797157, -0.166384427312319, 0.12078583721954869, 1.0629191855898783, 0.14623158695566982, 0.14623158695566982, -0.8981428742285988, 0.4856013816977036, -0.24447780786718337, -0.3237573385865141, -1.80028844255729, -0.29268308447364144, 0.21291044656738412, 0.2871702645318678, -0.166384427312319, 1.4161116971166012, -1.467215570484071, -0.24503609761625944, 0.14623158695566982, 0.07551646900512439, 0.5177701883422157, 0.6499025076611745, -0.29268308447364144, 1.2035155342890365, 0.23871477592542895, 1.01120009120543, -0.4390753624426387, -1.050830549619489, -0.4390753624426387, 0.37153860138654593, 0.16260081431120604, -0.2991082810931125, -0.14979054542575174, -0.166384427312319, 0.2250871038685744, 0.5150613052773074, 0.14623158695566982, -0.49409808504894914, -0.3785718902090841, 0.07000364906335074, -0.5708734919327709, -0.29268308447364144, 0.594937753814433, -0.49409808504894914, -0.9592077455934361, 1.3335378307739871, -0.166384427312319, 0.14623158695566982, 0.3504508566868275, 0.2871702645318678, 0.36543145086488305, -0.0018325746130409826, 0.8049404528740836, -0.2656308873706379, 0.6519858090100227, -0.49409808504894914, -0.6251509782598826, 0.1407187670138962, 0.4219950525216596, 0.35930272453638135, 1.34056206933026, 0.7608632271427205, 0.6587088659184136, 0.14623158695566982, -0.6402374797896668, -0.29268308447364144, -0.166384427312319, -0.05403210482320704, 0.14623158695566982, -0.7350974948240603, 0.05944702956457906, -0.5142509254055982, -0.29268308447364144, 0.38410954276091724, -0.08752891039941439, -2.2055458959923637, -0.4390753624426387, 0.2871702645318678, 0.37153860138654593, 0.14623158695566982, 0.14623158695566982, -0.7999914906952668, 0.2871702645318678, -0.4390753624426387, -0.005673510955101001, 0.7478763856640613, -0.22747520708953967, -0.6880107847603525, 0.5177701883422157, 0.2871702645318678, 0.22250719594447874, 0.3127255083509839, -0.3060519278238509, 0.7319185981188152, -0.07093502851284722, -1.2216062642198646, -0.30536955633008134, 0.5949894845813188, -0.4390753624426387, 0.722738332964817, -0.00566613720342164, 0.19027412454350223, -0.2960221323814215, 0.7277235453074122, -1.0873224508306838, 0.11031275311218489, -0.08752891039941439, 0.43340185148753746, 0.09381735604835131, -0.7849117959803429, -0.2329621186189299, 0.14623158695566982, -1.084133259744474, 1.0673360749824652, 0.19570971068446497, -0.5855268599606103, 0.2871702645318678, -0.9001554727743635, -1.0995578748039065, -0.633607063382948, -1.4997656961089634, 0.8315771840575428, -0.4590675117859604, -0.2960221323814215, 0.7478763856640613, 0.7478763856640613, -0.718989714696402, 0.21291044656738412, 0.13773488360442426, 0.8165131460128314, 1.031148560910467, -0.7317584469162799, 0.041992369036874845, 1.5859606311788152, -0.49409808504894914, 0.14623158695566982, -0.29268308447364144, 0.37153860138654593, 0.594937753814433, 0.13737971910611602, -0.29268308447364144, 0.37153860138654593, 0.20934124237383978, 0.7308413259229272, -0.29268308447364144, -0.4390753624426387, -0.916234946122839, 0.43340185148753746, 0.5977467094229296, -0.20589825894590721, -0.5075867966673939, 1.1310845484719243, 0.7439782963785995],