{"corr": 0.28624764880421283, "p-value": 0.7137523511957873, "slope": 0.2741897609889746, "intercept": -0.22719658962286052, "Reis2020": [0.964364415012575, -0.17896793903993288, 1.3960663534681006, -0.1490290644793493], "Abdollahi2019": [0.039631603212511315, -1.162560995142607, 0.13668088827498023, 0.6347346734043595], "mirnas": ["miR-152-3p", "miR-21-5p", "miR-638", "miR-148a"], "p-values": {"Reis2020": [0.0030620121809378973, 0.37284346804460056, 0.028725898142540552, 0.6581073669801025], "Abdollahi2019": [0.03017429357971092, 0.0014304292474665052, 0.14772416574645988, 0.006991486275714225]}}