{"corr": -0.07707665157517549, "p-value": 0.4108634275121059, "slope": -0.21161568914282053, "intercept": -0.29781314459056524, "Wozniak2015": [0.10856615081700616, -0.06842901653270356, 0.14103144335443413, -0.198897698707375, 0.05194854858026643, 0.1403154904364075, 0.020466594282982656, 0.28343474423565396, -0.017428660731190926, 0.09218553156278658, 0.18865905806520206, 0.11245498887260665, 0.07266191836923772, 0.0342802170903411, -0.16514578817732062, -0.0659405437038843, 0.07914777876213669, -0.02254083810757134, 0.08667012981804431, 0.008524439606854292, -0.021215530981037567, 0.26312099257137844, 0.13198174457286185, -0.003621943773099939, 0.15995234155924298, -0.054940817557623346, 0.11985349497669545, -0.00024110497394435633, 0.19774539526257007, 0.14316074610333565, 0.1512405325057654, -0.10547881764392139, 0.11004801388533161, 0.03709920274617201, -0.01709959698851024, 0.14334762818437358, 0.14427636474110306, 0.18709085239634066, 0.11924501727949575, -0.13863343644375106, 0.006476685827282384, 0.30210027467512257, 0.279457304039419, 0.02054798481880101, 0.03852064925645604, -0.06328522710170145, 0.11747778445764719, 0.09908304211100541, 0.05043216136160748, 0.06315493437294868, -0.09293144600455627, 0.06139055690782077, 0.10279845727916462, 0.12308464882803541, 0.08154783409842864, 0.03725390744241836, 0.15198467745326394, 0.1307904772788352, 0.17221704929838033, -0.31574708999033474, 0.18118798945025555, -0.03369382595969067, 0.1305638584835534, 0.07506395594186055, 0.3014933087271602, 0.06634515424651725, 0.0264166812507605, -0.0881040737830198, 0.17231214306027903, -0.0881813753259035, 0.19157262221590782, 0.08652411074799887, 0.1352225300301535, -0.025702531257594176, 0.07178413483465068, 0.030821142960639425, -0.2644990223949428, -0.2344276769000429, -0.20008251223764967, 0.10720796083515835, 0.005947974370789086, -0.049344325356194395, 0.16520954567955135, 0.16739540642348957, 0.012833182265496606, -0.18558149926309755, 0.16976595364507116, 0.0054648752096223725, 0.48775776216612304, -0.055972155493374504, 0.15461747062637773, 0.08600750855460262, 0.180479482865692, 0.04043668018225806, 0.010993060091556501, 0.0006713678768908775, -0.0011810896710409092, -0.19216961854831532, 0.02570962421700694, -0.005538284010098699, -0.08378818133062127, 0.11956241992149054, 0.05540019733474629, -0.023470180964981248, 0.004112766163155198, 0.24102236648919656, 0.014575870167283116, 0.03406419239273617, -0.023034286533878394, 0.1595138475526493, 0.09345752761156692, -0.14794922908819924, 0.1007397446337561, 0.009035611041706236, 0.007831473034076818, 0.18721086665861492], "Leidinger2016": [-0.20677771247005428, -1.0132504403521794, -0.14281937525983027, -0.33023218748393957, -0.48135355959533577, -0.7658144536866222, -0.0324677752973348, -0.04649045769267311, -0.20048021936199154, -0.3601431401307205, -0.05297157933312852, 0.1040184723117408, -0.3297880228652279, -0.16171873294626277, -0.3000675425391206, 0.15257846654207674, -0.7949947446444529, -0.5694478542899493, -0.20247982181547972, -0.22248370751648155, -0.03684175670210757, -0.20836891994453846, -0.31669210387908125, 0.09806315345560246, -0.053219423339005235, -0.08148711939293017, -0.4097797321338592, -0.09209221688684552, -0.38055369072893375, -0.32058979707357216, -0.1506702110949943, -0.0490936216197909, -0.6778307611737908, -0.9573437004916578, -0.24449869034582164, -0.24278487486205885, -0.5298354076397427, -0.3022834149434165, -0.04099177627434478, -0.1227357162572231, -0.2316317978715377, -0.5132913179545168, -0.20493989239429927, 0.22298929268983586, -0.4174790671044689, -0.4606014476066129, -0.8874951598322174, -0.263791586773239, -0.04519332383820402, -0.08140180888812118, -0.2711235320861594, -0.2970326052646974, 0.07514181341187487, -0.0971976589810212, -0.544821213116931, -0.21887714453018947, -0.5257891240874264, -0.26119640895766616, -0.23137632863035745, 0.07074372212653322, -0.17656272238667775, -0.278635507436799, -0.7381717110244161, 0.044661130329656254, -0.9512759999038196, -0.07952671068100874, -0.022984068233727437, -0.13482868586481728, -0.5528391582635195, -0.037795519440803, -0.23466547441212, 1.161470044535645, -0.7742527506466264, -0.4100320252002111, -0.2836380427842963, -0.1897214758420414, -0.8479973617684178, -0.189141982476912, -0.19608374735343834, -0.7290265778856173, -0.39805949939733687, -0.9244474760983626, -0.11247923144982347, -0.3957896957695818, -0.09951086630741177, -1.2057317048945793, -0.0887432162230929, -0.061406121758784474, -1.0822055806333952, -0.5723968987658816, 0.3503474048209183, -1.016349635406938, -0.10670457028620209, -0.2731728704908114, -1.2341194154997646, -0.5821549012079201, -0.08345603316689384, -0.1396817526194828, -0.38136629978316183, -0.48986222385613737, -0.22312617474133095, -0.4578222684840709, -0.36009972012585256, -0.8249200922545195, -0.003171513214441997, -0.9242542910505119, -0.8359007414220272, -0.08777367619888415, -0.04994664734806184, 0.04772210542154096, -0.375716611981568, -0.10813197092822238, -0.1318956450714951, -0.11210776861922758, -0.39470763866144654, -0.2430795029980864], "mirnas": ["miR-145", "miR-374b-5p", "miR-520b", "miR-182", "miR-26a-3p", "miR-126-3p", "miR-30c", "miR-339-5p", "miR-425-5p", "let-7e", "miR-93-3p", "miR-489", "let-7c", "miR-222-3p", "miR-193a-5p", "miR-100", "miR-21-5p", "let-7g", "miR-423", "miR-574", "miR-494", "miR-130b-5p", "miR-7a-3p", "miR-657", "miR-29c-5p", "miR-199a-5p", "miR-26a", "miR-132a-3p", "let-7a", "miR-103a", "miR-744-5p", "miR-18a-3p", "miR-181a", "miR-374a-5p", "miR-130b-3p", "miR-664", "miR-20", "miR-874", "miR-625-3p", "miR-1180-3p", "miR-28b", "let-7f", "miR-197", "miR-564", "let-7d", "miR-363-3p", "miR-26b", "let-7b", "miR-320a", "miR-128", "miR-192", "miR-345", "miR-125b", "miR-331-3p", "miR-27a", "miR-30a-5p", "miR-106b", "miR-24-3p", "miR-151-3p", "miR-378-5p", "miR-652-3p", "miR-451a", "miR-598", "miR-330-3p", "miR-98", "miR-186", "miR-361", "miR-625-5p", "miR-107-3p", "miR-150-5p", "miR-223a-3p", "miR-215-5p", "miR-15a", "miR-93", "miR-636", "miR-502a-3p", "miR-627", "miR-483", "miR-1275", "miR-19a", "miR-376a-3p", "miR-195", "miR-125a", "miR-17", "miR-532-3p", "miR-656-3p", "miR-339", "miR-486a-3p", "miR-581", "miR-148a", "miR-205-5p", "miR-199a-3p", "miR-766", "miR-505", "miR-101-2", "miR-660", "miR-92a", "miR-422a", "miR-181c", "miR-29c", "miR-183-3p", "miR-20b-5p", "miR-148b-3p", "miR-214", "miR-29a", "miR-18", "miR-23a", "miR-328", "miR-572", "miR-217", "miR-106a-5p", "miR-25", "miR-942", "miR-140-3p", "miR-130a", "miR-22"],