{"corr": -0.11607506846757455, "p-value": 0.3246977086340086, "slope": -0.26156129615250656, "intercept": -0.22845653199897425, "Wozniak2015": [0.15198467745326394, 0.14675323382982702, 0.16520954567955135, -0.07624504342025501, 0.1403154904364075, 0.33689751456595995, 0.16739540642348957, 0.28343474423565396, 0.10910070000914442, 0.18709085239634066, 0.022550242721974208, -0.055972155493374504, 0.12095941365272063, 0.18118798945025555, 0.2923929427584069, 0.23957157746503674, 0.0342802170903411, -0.03369382595969067, 0.1305638584835534, 0.07914777876213669, -0.28918443859218634, 0.279457304039419, -0.02029227174228215, -0.015605175767901727, -0.021215530981037567, 0.008524439606854292, 0.21346704229418634, 0.0264166812507605, -0.06328522710170145, 0.10493619149722105, 0.11747778445764719, 0.03115108307083627, -0.04218453790565738, 0.0988420253629432, 0.02570962421700694, 0.1963153211071411, -0.005538284010098699, 0.11299811047042241, 0.058670626707267956, -0.0881813753259035, 0.17070646245942095, 0.05043216136160748, 0.05540019733474629, 0.24102236648919656, -0.023470180964981248, 0.009239455015119979, 0.004112766163155198, -0.2979699333716537, -0.10682985895585301, 0.19157262221590782, 0.014575870167283116, 0.03406419239273617, 0.0867608608469025, -0.00024110497394435633, 0.017921457965524527, -0.0906287027094202, 0.1432757288647802, -0.025702531257594176, 0.010619746565507364, 0.12308464882803541, -0.09911500694227897, -0.034289038320399465, -0.2400124405818012, 0.014229305020774956, 0.08154783409842864, -0.14794922908819924, -0.026431531362618735, 0.029005828100593364, -0.01709959698851024, 0.10720796083515835, 0.007831473034076818, 0.004779142711127508, 0.03725390744241836, 0.18721086665861492], "Nigita2018": [0.0791660004144254, -0.10827968125465001, -0.351892845967686, -0.4304121844438106, -0.5635881967593057, 0.17400433342383226, -0.2421301013609089, -0.6191124914164418, 0.21440895022740836, -0.5966394053130357, -0.518511991298451, 0.2811856623237663, 0.6082571138895934, -0.16597418705404585, -0.4285714387664865, -0.1549635209637557, -0.3126496029586653, 0.1410700160810356, -0.3272979645417058, -0.2406874832787213, -0.1408380413427625, -0.45430128121002916, -0.5125283122929944, -0.8936455155672947, -0.07860134229814542, -0.4511711853419891, -0.8048412662001037, 0.07072306991410363, 0.18133512137092056, -0.9380281416022072, -0.3889430719292435, -0.13428016252990432, -0.03436663538915623, -0.2019581885682129, -0.18478098836268725, -0.09463352910037054, -0.5404616362780679, -0.13330973900866183, -0.5403999204587574, 0.11107076371326279, -0.5135018567905394, -0.4739614633960455, -0.18092084583555695, -0.1442426571397257, -0.3037302567671366, -0.34327218191842157, -0.36111041707506364, -0.2583553410334667, -0.3139526064808268, -0.24878735805096125, -0.4177372415217112, -0.23887949461293825, 0.06396624371717206, -0.4997664070463649, 0.045605167178009394, 0.11038446899793947, -0.3066188214094633, -0.15904325531496932, 0.018969654114247177, -0.31042389961115263, -0.26901443365142536, 0.2187980452952621, -0.4896427257357169, -0.2957618786372076, -0.49798598616635625, 0.08551726715982519, -0.48629047560676864, -0.01867461669587591, -0.08255600041344686, -0.15653724696586724, -0.5954545854399867, -0.1755439044029605, -0.4171399838165716, -0.17408661623996174], "mirnas": ["miR-106b", "miR-221", "miR-125a", "miR-193b", "miR-126-3p", "miR-340-3p", "miR-17", "miR-339-5p", "miR-191-5p", "miR-874", "miR-376c", "miR-148a", "miR-15b", "miR-652-3p", "miR-425-3p", "miR-484", "miR-222-3p", "miR-451a", "miR-598", "miR-21-5p", "miR-628-3p", "miR-197", "miR-212", "miR-10b-5p", "miR-494", "miR-574", "miR-28-5p", "miR-361", "miR-363-3p", "miR-141-3p", "miR-26b", "miR-152-3p", "miR-144-3p", "miR-127", "miR-181c", "miR-143", "miR-29c", "miR-185-5p", "miR-342-3p", "miR-150-5p", "miR-370", "miR-320a", "miR-148b-3p", "miR-18", "miR-214", "miR-27b", "miR-29a", "miR-203-3p", "miR-543-3p", "miR-223a-3p", "miR-23a", "miR-328", "miR-301a", "miR-132a-3p", "miR-501-5p", "miR-454", "miR-140-5p", "miR-93", "miR-200b-3p", "miR-331-3p", "miR-505-3p", "miR-375-3p", "miR-758", "miR-210", "miR-27a", "miR-25", "miR-487b-3p", "miR-99b", "miR-130b-3p", "miR-19a", "miR-130a", "miR-301b", "miR-30a-5p", "miR-22"], "p-values": {"Wozniak2015": [0.3985235264885687, 0.011797425458959754, 0.08031657676716368, 0.45639756199783144, 0.0004727862585958359, 3.49087315442578e-05, 0.003475400482425989, 0.22951413499193615, 0.018642478248039697, 0.701307421466015, 0.697826797856081, 0.16387019321255775, 0.007581939035123123, 0.010354792659435737, 0.0025993141133893224, 0.0029907991590952428, 0.19834112836958787, 0.6081262172965516, 0.030292148374695193, 0.15432927039038072, 0.12522580326920232, 0.2129393482184594, 0.9007300935062389, 0.8924863176066178, 0.8361805392346459, 0.8023574898049288, 0.0011589806817144984, 0.7718073314960028, 0.5032897440679519, 0.554748099636247, 0.08308172084170473, 0.5442288487521743, 0.42027589715697766, 0.2788862864930588, 0.7630211309603577, 0.041200363788534436, 0.8882421596679946, 0.02544980101150522, 0.3937695487485432, 0.047109224514866176, 0.15652663715230924, 0.12720151663437346, 0.34416925233132045, 0.005344770130258671, 0.8165238074845499, 0.8729018316828797, 0.892524760641946, 0.0064841482855530755, 0.38609634241047075, 0.006337873687496603, 0.8912455192464365, 0.601195606481149, 0.07098454720025955, 0.9948541313229944, 0.9017190599864902, 0.1857959137914372, 0.01922310559671591, 0.8087171751683904, 0.9019605831500739, 0.09234850364580939, 0.33187758602966655, 0.7361694888506076, 0.009694888840172236, 0.9279550016425097, 0.16900811176838215, 0.006003994405213714, 0.7285516243820179, 0.42640038648815115, 0.8077297732494095, 0.0400627585871325, 0.7956002808667335, 0.9489003582099735, 0.48854459808364414, 0.19922922469331103], "Nigita2018": [0.8577953845342396, 0.8419234475446424, 0.41192385796272357, 0.3691680723506171, 0.16506040904837246, 0.6605741721705056, 0.4921139674520766, 0.2951045759391798, 0.6502200040466, 0.15424700903164568, 0.2525322352431794, 0.4807031877031902, 0.17398520550873187, 0.7235175270465892, 0.3535333960813771, 0.7441028973353545, 0.4655140036888351, 0.7629475442280564, 0.29686988827061117, 0.6324277623525953, 0.7671381503017032, 0.20266672069589503, 0.30123008217838837, 0.03712155872793746, 0.8766143259157376, 0.2592874202343439, 0.11402247283969925, 0.8591525366556481, 0.6555170917930091, 0.08902686768916038, 0.40501534587911525, 0.7689173349757403, 0.9455496574273432, 0.6271856247962937, 0.6853133210694072, 0.83214243367519, 0.16457534680897143, 0.811251055809829, 0.12415920390212165, 0.8293990980306274, 0.2871941818263802, 0.3136860137560104, 0.7159087635015642, 0.7032389026352233, 0.4922731590695748, 0.3613973361004904, 0.33251562477752705, 0.649197146510188, 0.4694763251950086, 0.588663947574964, 0.3746626930923139, 0.48172460648727367, 0.9156202009757208, 0.15343867374691944, 0.9244658821625659, 0.7916346256152126, 0.4585002286294403, 0.6635627076318417, 0.9577308764069632, 0.4314842482702397, 0.5144268299428137, 0.4925307364506494, 0.3086019683558819, 0.4509466276902264, 0.1959301013209256, 0.8609610455749351, 0.36338786193928807, 0.96309220365518, 0.8153370386236137, 0.7630679255716857, 0.227185224714413, 0.7002701296236609, 0.3979903920308082, 0.6095711996353803]}}