{"corr": -0.05944249065719642, "p-value": 0.40789480938530986, "slope": -0.26960039458125507, "intercept": 0.3560741107683867, "Wozniak2015": [0.10856615081700616, -0.06842901653270356, 0.14675323382982702, -0.198897698707375, -0.052079580672088364, 0.1403154904364075, -0.09744096294416163, 0.020466594282982656, 0.28343474423565396, -0.017428660731190926, 0.09218553156278658, 0.18865905806520206, -0.014552545857677724, 0.0507771126014962, 0.09389199040901614, 0.07266191836923772, 0.04285669827841213, 0.0342802170903411, 0.19694554402205205, -0.0659405437038843, 0.24951287658124893, -0.16514578817732062, -0.006882556046173233, 0.07914777876213669, -0.3083341442429177, -0.02254083810757134, 0.08667012981804431, -0.021215530981037567, 0.008524439606854292, -0.18877456577703733, 0.03115108307083627, 0.13198174457286185, 0.11299811047042241, -0.17251956272996802, 0.009239455015119979, 0.15995234155924298, 0.20770077471131232, 0.11985349497669545, -0.054940817557623346, 0.18549434420469307, 0.09537586157049312, 0.19774539526257007, 0.14316074610333565, 0.1512405325057654, 0.11004801388533161, -0.10547881764392139, 0.03709920274617201, -0.01709959698851024, 0.021898163510624916, 0.14334762818437358, 0.07128469960506213, -0.10496903575589006, 0.0961626953656772, 0.14427636474110306, 0.10910070000914442, 0.18709085239634066, 0.11924501727949575, 0.04417441451126375, 0.2866256632021381, 0.2923929427584069, -0.13863343644375106, 0.14615358318335447, 0.006476685827282384, 0.007831473034076818, -0.10906224613491837, -0.0661498761871164, 0.30210027467512257, 0.279457304039419, 0.1539158022946538, -0.015605175767901727, 0.02054798481880101, 0.21346704229418634, -0.22321544969743554, 0.03852064925645604, -0.06328522710170145, 0.11747778445764719, 0.09908304211100541, -0.04218453790565738, 0.1477373553905954, -0.16198533844849047, 0.05043216136160748, 0.06315493437294868, 0.0008878484668777018, -0.09293144600455627, 0.06139055690782077, -0.03561890660657056, 0.03204569885125651, 0.0867608608469025, 0.10279845727916462, 0.12308464882803541, 0.07779093938066713, -0.026293853871910966, 0.11338716687975597, -0.2621113967698965, 0.08154783409842864, 0.02270497527320634, 0.09975298255477004, 0.029005828100593364, 0.15435821674165798, 0.03725390744241836, 0.15198467745326394, -0.028512823872086996, -0.03254775497120033, 0.1307904772788352, 0.17221704929838033, -0.31574708999033474, 0.12073305011665927, 0.18118798945025555, 0.12095941365272063, 0.06941919486367859, -0.03369382595969067, 0.01606090664875771, -0.09229657519162851, 0.3014933087271602, 0.026403025428169052, 0.0264166812507605, 0.06634515424651725, -0.1628106497453734, -0.0881040737830198, 0.17231214306027903, 0.058670626707267956, -0.0881813753259035, -0.0023858459704328514, 0.058701165805501776, -0.26293986211252107, 0.0909222435448706, 0.05737711756244213, 0.19157262221590782, 0.08652411074799887, 0.1352225300301535, -0.0906287027094202, -0.025702531257594176, 0.07178413483465068, -0.3610283560326828, 0.030821142960639425, -0.12918227055247294, -0.2344276769000429, -0.20008251223764967, -0.033812687590037645, -0.255934294555638, 0.10720796083515835, 0.36376633160845034, -0.049344325356194395, 0.16520954567955135, -0.1771050560660004, 0.050645746351988596, 0.16739540642348957, 0.012833182265496606, 0.16976595364507116, 0.0054648752096223725, -0.055972155493374504, 0.11008328032193204, -0.03984669435531006, 0.07454591110147288, 0.180479482865692, 0.23957157746503674, -0.012499364522486693, 0.06595469070653318, -0.28918443859218634, 0.04043668018225806, 0.010993060091556501, 0.0006713678768908775, -0.060868691988096794, -0.0011810896710409092, -0.04719175927970498, -0.19216961854831532, 0.02570962421700694, 0.1963153211071411, -0.005538284010098699, -0.12214268139818271, 0.1216113105012486, -0.08378818133062127, 0.11956241992149054, 0.17070646245942095, 0.2179709978685485, 0.05540019733474629, 0.004112766163155198, 0.24102236648919656, -0.023470180964981248, 0.014575870167283116, 0.03406419239273617, 0.1323304089136412, -0.09911500694227897, 0.09345752761156692, 0.20294140593068444, 0.014229305020774956, 0.12104549291501321, -0.09013670369786261, -0.14794922908819924, -0.026431531362618735, -0.11415233629611135, 0.1007397446337561, -0.04918916971337846, 0.009035611041706236, 0.28952210951950796, 0.18721086665861492],