{"corr": -0.7310500585126467, "p-value": 7.970767317999165e-09, "slope": -5.353683955966272, "intercept": -0.8166978105585112, "Wozniak2015": [0.15198467745326394, 0.1403154904364075, 0.14427636474110306, 0.16739540642348957, 0.1307904772788352, -0.2140344230512678, 0.12095941365272063, 0.06941919486367859, 0.19694554402205205, -0.03369382595969067, 0.07914777876213669, 0.30210027467512257, -0.02254083810757134, 0.08667012981804431, 0.279457304039419, -0.021215530981037567, -0.060868691988096794, -0.0011810896710409092, -0.1628106497453734, 0.09908304211100541, -0.005538284010098699, 0.17231214306027903, 0.11299811047042241, -0.17251956272996802, 0.05043216136160748, -0.21578665757987803, 0.058701165805501776, 0.0909222435448706, 0.19157262221590782, 0.014575870167283116, 0.11985349497669545, 0.1352225300301535, -0.023034286533878394, -0.025702531257594176, 0.19774539526257007, 0.14316074610333565, 0.08154783409842864, 0.11004801388533161, -0.20008251223764967, -0.14794922908819924, -0.11415233629611135, 0.10720796083515835, -0.04918916971337846, 0.009035611041706236, 0.007831473034076818, 0.18721086665861492], "Qu2017": [-1.6510071490740712, -1.649509033878807, -1.0078054664599523, -1.2153021120574552, -2.549661804367174, 1.6002042531232443, -1.1917754562573724, -1.683407864714192, -0.6724825856629615, -0.12993413373945129, -1.7451417391461626, -2.1058756705643473, -1.5601900734258547, -1.504103948926598, -1.9588084406063462, -1.4928484116460545, -0.06375547180298077, -0.38761377434456445, 0.5155808795839893, -1.6505203551541483, -1.333071888182815, -1.5259714577247654, -1.5275954222632226, -0.2755996074621805, -0.9137148826132928, 1.4478334335250875, -2.1154913651036953, -0.8852614342764307, -1.8421028416985372, -1.7662937712602234, -1.9275856496050736, -0.4451093700580171, 0.14620128104610694, -1.1823259610219021, -1.8634884886828798, -1.8571484330727688, -1.3133151618286591, -2.149593474716261, -0.7002007487118012, -0.38607918383442563, 0.28671974880887724, -0.7468339232735759, 0.2563964440900687, -1.3393601424160195, -1.9174240687637107, -1.840292658534278], "mirnas": ["miR-106b", "miR-126-3p", "miR-20", "miR-17", "miR-24-3p", "miR-122-5p", "miR-15b", "miR-320b", "miR-19b-3p", "miR-451a", "miR-21-5p", "let-7f", "let-7g", "miR-423", "miR-197", "miR-494", "miR-1825", "miR-92a", "miR-638", "let-7b", "miR-29c", "miR-107-3p", "miR-185-5p", "miR-483", "miR-320a", "miR-548j", "miR-30e-5p", "miR-16", "miR-223a-3p", "miR-23a", "miR-26a", "miR-15a", "miR-572", "miR-93", "let-7a", "miR-103a", "miR-27a", "miR-181a", "miR-1275", "miR-25", "miR-1260a", "miR-19a", "miR-486-5p", "miR-140-3p", "miR-130a", "miR-22"], "p-values": {"Wozniak2015": [0.3985235264885687, 0.0004727862585958359, 0.003068985857801474, 0.003475400482425989, 0.027255327083206524, 0.004953861921993387, 0.007581939035123123, 0.4207947362305742, 0.008062146091585313, 0.6081262172965516, 0.15432927039038072, 0.06030233751470445, 0.6083326047943531, 0.06230737661610583, 0.2129393482184594, 0.8361805392346459, 0.7744064634874074, 0.9861079078008823, 0.1006310734170655, 0.01312562653776553, 0.8882421596679946, 0.06948900597196547, 0.02544980101150522, 0.19344650320595252, 0.12720151663437346, 0.03633533870053077, 0.21838705643515044, 0.21027183971804736, 0.006337873687496603, 0.8912455192464365, 0.009321188042799375, 0.3270393773581145, 0.8434473157582482, 0.8087171751683904, 0.11060472409327386, 0.00563019691549442, 0.16900811176838215, 0.05248846014475526, 0.0677271049429161, 0.006003994405213714, 0.25321704174193466, 0.0400627585871325, 0.5791027694305854, 0.878167911362053, 0.7956002808667335, 0.19922922469331103], "Qu2017": [0.02214659174174118, 0.03282779938150324, 0.2416800391677147, 0.15011765026973672, 0.010510361405935252, 0.07765830703383299, 0.1704745128935188, 0.020659133915040314, 0.5572450815691361, 0.9580622683524801, 0.08382777115584553, 0.006797370787752879, 0.05324087995577059, 0.05041640358667671, 0.0001837028830412558, 0.014370178554631147, 0.9272077553113525, 0.4810867330899662, 0.42358113264931474, 0.046047344948883746, 0.01930989278501576, 0.05416192362011969, 0.00951213127113953, 0.718952400444179, 0.11998344171490324, 0.006468956899654892, 0.02875388326461446, 0.6430323110413578, 0.13465069076904992, 0.02305277146486588, 0.013998668840635099, 0.5805890560908551, 0.7317772812066161, 0.13848662811820067, 0.043409469947787035, 0.012045053481601703, 0.04126078153596329, 6.926761764506895e-05, 0.14677047891252623, 0.6262883047150944, 0.515199008106437, 0.3697696616835213, 0.7336602712987699, 0.02418734856142267, 0.007816590102431768, 0.053361263339796246]}}