{"corr": -0.3512790755455425, "p-value": 0.2392274875637064, "slope": -0.6395242312191359, "intercept": -0.05820111872203279, "Yao2019": [-1.0102459745324386, -0.7025709722458758, -0.2862903793233108, -0.15662589142743985, 0.8216703467732229, 0.07036925235927347, -0.19396840172929014, 0.14991460457691363, 0.48114342668790433, 0.1797083977415759, -0.17092862643787088, -0.06621334496521983, -0.2771925477469648], "Marzi2016": [-0.0132739899115752, 1.186582061660541, -0.4817274942453117, 1.0947477232927059, -0.7473284835769717, -1.039470323843537, 0.41968477985195113, -0.47697252578611726, -0.3669523935061297, 0.708939420379425, 1.354224997622194, -0.7824810315114378, -0.8699524902735356], "mirnas": ["miR-30b", "miR-148a", "miR-328", "miR-223a-3p", "miR-484", "miR-92a", "miR-30c", "miR-191-5p", "let-7d", "miR-29a", "miR-140-5p", "miR-374a-5p", "miR-331-3p"], "p-values": {"Yao2019": [0.20903393567368891, 0.15448296872777492, 0.6736641931707407, 0.8215260936730092, 0.03664447755626247, 0.798898569894449, 0.5109591407815617, 0.586993619314899, 0.01505341180224851, 0.5765499187924696, 0.6833355978091019, 0.9174396922805873, 0.6305397456543611], "Marzi2016": [0.9202055639248479, 1.4331643497525897e-14, 1.4991602466437515e-05, 7.101878897787841e-12, 1.616851214458367e-09, 5.514291956393523e-18, 0.002581237112155, 9.024528339465123e-06, 0.015232888629862744, 1.4156486645866428e-08, 3.5098940955796554e-30, 2.5435734547289026e-09, 1.7866973417030885e-14]}}