{"corr": 0.19264592101153524, "p-value": 0.37849879443724943, "slope": 0.22304213651218446, "intercept": 0.06309980267216736, "Yao2019": [-1.0102459745324386, -0.7025709722458758, -0.2862903793233108, -0.19662565134811583, -0.19396840172929014, -0.9713584749581812, -0.2771925477469648, -0.1459764552923153, -0.257344758199135, 0.1224134530208589, 0.5118302515820343, -0.4674794139263514, -0.7524214587544447, -0.6799206574961927, -0.112623571587923, -0.17092862643787088, -0.2867360269361424, -0.19570298623328755, 0.14991460457691363, -0.3695962851619114, 0.1797083977415759, -0.06621334496521983, 0.31256564340056336], "Bianchi2011": [-0.26212235390096206, 0.9937997915871404, -0.23960879739396118, -0.5202687780425328, -0.5295695759310501, -0.16162615555117088, -0.2566913978606079, -0.21099760475737334, -0.170847485028507, 1.1524715933039005, 0.20435843252978197, -0.28334713705545544, -0.15363146121959737, 0.28491953579709367, -0.3437790648986853, 0.3785114018021861, 0.04217437924602267, -0.4208235359073924, -0.1707078433464891, 0.04969831844102483, 0.5218326439470566, -0.2101002133371977, 0.44911527312784527], "mirnas": ["miR-30b", "miR-148a", "miR-328", "miR-17", "miR-30c", "miR-103a", "miR-331-3p", "miR-142-3p", "miR-26a", "miR-432", "miR-22", "miR-26b", "miR-126-3p", "miR-148b-3p", "miR-28-5p", "miR-140-5p", "miR-32-5p", "miR-342-3p", "miR-191-5p", "miR-139-5p", "miR-29a", "miR-374a-5p", "miR-142-5p"], "p-values": {"Yao2019": [0.20903393567368891, 0.15448296872777492, 0.6736641931707407, 0.7023734467685613, 0.5109591407815617, 0.05251442069870149, 0.6305397456543611, 0.8303686197870699, 0.43830395435779856, 0.867475053681047, 0.25186702196356203, 0.4259259045347472, 0.007033648892488274, 0.23841640356947066, 0.7663745000749396, 0.6833355978091019, 0.7008551753417706, 0.7254924133298849, 0.586993619314899, 0.4539834168845214, 0.5765499187924696, 0.9174396922805873, 0.5180981517637284], "Bianchi2011": [0.01692651335953275, 2.2799874776139435e-07, 0.11404956844705796, 1.0879136719279033e-06, 7.937231844823144e-06, 0.18732719934328995, 9.538214672058043e-05, 0.09990347384598558, 0.07247830961722486, 8.081676355475407e-09, 0.2724693692539463, 0.02396571195097985, 0.035061284596444725, 0.15756055243855113, 0.09329612669013894, 1.3273485301471172e-07, 0.8458506772436318, 6.707287048611111e-05, 0.008576553848249695, 0.8308805796892705, 4.284948664714242e-05, 0.13611953634090693, 0.00011469575410906825]}}