{"corr": 0.08505949816696566, "p-value": 0.6795045243631284, "slope": 0.10177766389524308, "intercept": 0.155977521836914, "Yao2019": [-0.020152840356649215, -0.005673510955101001, 0.9307868662709197, 0.1407187670138962, -0.3791231503877376, 0.2633237055413686, -1.050830549619489, -1.2583198554964699, -0.6995089652545556, 0.14623158695566982, -0.2960221323814215, -0.9531655968349095, 0.16260081431120604, -0.166384427312319, 0.37153860138654593, -0.14645149751797157, 0.5150613052773074, -0.7999914906952668, 0.12078583721954869, 0.7478763856640613, -0.49409808504894914, 0.22250719594447874, 0.2871702645318678, -0.2960221323814215, -0.30536955633008134, -0.00566613720342164], "Halvorsen2016": [-0.0065786950920996515, -0.4851849629044869, 0.548255946632905, -0.8042521024480198, -0.24457387187579674, -0.1587925793522546, 0.30296118044245324, 0.5184106654601732, 0.45994511035758445, 0.8890781886258095, 0.3704255147539547, 0.869340820619413, 0.08015438316360243, -0.45891165747589957, -0.17465310942806014, -0.32718553832903247, -0.09772564761244135, -0.8154918111368291, 0.91268127756862, 0.4403650905764508, -0.7327655541282394, 1.6047004825809923, 0.04008959130607467, -0.3806206535669032, -0.017370730976968708, 1.4210199463051811], "mirnas": ["miR-512-3p", "miR-548d", "miR-629-3p", "miR-548o", "miR-31-5p", "miR-1298-5p", "miR-18b-5p", "miR-616-5p", "miR-589-3p", "miR-362-3p", "miR-212", "miR-579", "miR-517c-3p", "miR-509-5p", "miR-1244", "miR-483", "miR-885-5p", "miR-1276", "miR-138", "miR-1183", "miR-517c-??", "miR-627", "miR-597", "miR-1227-3p", "miR-365", "miR-545"], "p-values": {"Yao2019": [0.9297463023139797, 0.9916425535297186, 0.2125762717009983, 0.7405884497973998, 0.6628285417956407, 0.34659350708733405, 0.3178185562211982, 0.12313386781116496, 0.5211540810202389, 0.34659350708733416, 0.34659350708733416, 0.07644632660997398, 0.9055158066195668, 0.34659350708733416, 0.34659350708733416, 0.6663020516946953, 0.6370262934887919, 0.2285346602047939, 0.7253378654590297, 0.34659350708733416, 0.3465935070873341, 0.828563009136616, 0.34659350708733416, 0.34659350708733416, 0.7660819885275438, 0.9929437078575267], "Halvorsen2016": [0.9887077891728832, 0.2992964530724884, 0.12636811142528995, 0.0890602086802116, 0.5386445616490394, 0.004210368093553274, 0.4104632266889098, 0.2178060133161152, 0.2900413887439027, 0.060988352861575446, 0.2909367071904469, 0.027228831343256845, 0.8250659735331491, 0.3297277076352778, 0.6769368734150814, 0.04231345265008666, 0.13948364275494926, 0.04892593590654249, 0.05597414704270565, 0.3121783121744853, 0.12500355403972294, 4.966174698939251e-06, 0.8950344396726286, 0.2105108525674618, 0.9315530069454383, 0.0001421906021498995]}}