{"corr": -0.08205099690189435, "p-value": 0.5877514728031098, "slope": -0.04785896512992895, "intercept": 0.3685194835117245, "Yao2019": [-2.143854274507482, 0.9307868662709197, 0.6499025076611745, 1.34056206933026, -0.4564298116367176, 1.4785570205736613, -0.4390753624426387, -1.050830549619489, -0.6995089652545556, 0.23842249822537115, 0.7735079504023572, 0.14623158695566982, -0.5142509254055982, 0.43340185148753746, -0.3820578148810687, -0.718989714696402, 0.21291044656738412, 0.37153860138654593, -1.9053347704417385, 0.8165131460128314, -0.7317584469162799, -0.11584034194488621, -0.14645149751797157, 0.5150613052773074, 0.14623158695566982, -0.4390753624426387, -0.7999914906952668, 0.7982173959656924, -0.005673510955101001, 0.7478763856640613, -0.6880107847603525, 1.035046650195929, 0.4856013816977036, -0.061054745420477494, -0.3237573385865141, 0.14623158695566982, 0.43340185148753746, 0.7319185981188152, -0.2960221323814215, -0.7146808714974279, -0.30536955633008134, 0.5949894845813188, 0.19027412454350223, 1.1310845484719243, 1.4161116971166012, -1.467215570484071], "Keller2009": [0.7846983697050679, 0.03904557489887232, -0.12537832689887599, 1.0577073603435974, 0.17638697623495309, 0.20868630915059583, -0.05910173638174893, 0.5464217797881344, -0.10419318578808026, 0.907236787883609, 0.3093527634203843, 0.006816895706051134, 0.5520587546868734, 0.31871435439230805, 0.7308303074540912, 0.16084131698708945, -0.3334468324405729, 0.14987645083996776, 0.9114995311008924, -0.014986934207291022, 0.8115616466729882, 0.4192531874358446, -0.22726383317382404, -0.6752892796470258, 0.9418567954712649, 1.126360177501581, -0.034213169906085694, 0.31662469579015673, 0.939092025198283, 1.028074332919167, 0.21217910007323693, 0.29471873561703243, 0.18654824926680202, 1.5227779191667534, 0.3700716145531371, 0.060396718081364285, -0.1698758570762006, 0.48153315801339336, 0.5434495987624451, -0.33131290178280837, 0.21699691021753903, 1.3164308807580938, 0.10657976565024989, 0.8650842753125835, 0.04086377735749963, 0.3012838190450415], "mirnas": ["miR-135a-3p", "miR-629-3p", "miR-616", "miR-1224-5p", "miR-125b-3p", "miR-193b-5p", "miR-612", "miR-18b-5p", "miR-589-3p", "miR-551b-5p", "miR-1229-3p", "miR-362-3p", "miR-299-3p", "miR-1909-5p", "miR-940", "miR-769-3p", "miR-129-1-3p", "miR-887", "miR-668", "miR-610", "miR-1323", "miR-183-3p", "miR-483", "miR-885-5p", "miR-1909-3p", "miR-1914-3p", "miR-1276", "miR-1228-5p", "miR-665", "miR-1183", "miR-208a-3p", "miR-1238-3p", "miR-885-3p", "miR-550a-3p", "miR-323a-5p", "miR-877-3p", "miR-520a-5p", "miR-1234", "miR-1227-3p", "miR-1914-5p", "miR-365", "miR-1248", "miR-188-5p", "miR-296-3p", "miR-933", "miR-1270"], "p-values": {"Yao2019": [0.06111577389144318, 0.2125762717009983, 0.2549821960770931, 0.059024226574149456, 0.6803541886370965, 0.11589274276167207, 0.34659350708733416, 0.3178185562211982, 0.5211540810202389, 0.7301520803827859, 0.44496110084770235, 0.34659350708733416, 0.33570199404649725, 0.17056682087692981, 0.6195941158623104, 0.44850545780925377, 0.7933548427797679, 0.34659350708733416, 0.02886880929657284, 0.43932630427393304, 0.15250852068034668, 0.9217350506298783, 0.6663020516946953, 0.6370262934887919, 0.34659350708733416, 0.34659350708733416, 0.2285346602047939, 0.24181707293894739, 0.9916425535297186, 0.34659350708733416, 0.3465935070873341, 0.19454434641022952, 0.49104611394901776, 0.9498371696068628, 0.7271006554877101, 0.34659350708733416, 0.17056682087692981, 0.15428336129333822, 0.34659350708733416, 0.5105789342660312, 0.7660819885275438, 0.6297228979885084, 0.7605357774419629, 0.2735773221745318, 0.15711196099734376, 0.11494176650251853], "Keller2009": [0.04672575974023235, 0.8711078412158739, 0.7365828900234919, 0.008778826425065975, 0.45600059257395487, 0.3949756141199189, 0.8501671043901804, 0.14498408749058217, 0.7392812471418071, 0.008081961405821906, 0.43675381890925935, 0.984629367603163, 0.08701897276284346, 0.39782072344489006, 0.02606875088001288, 0.6150831450411579, 0.4158019765231653, 0.6457665179851688, 0.0021235686914069063, 0.9656650566766061, 0.01745597850752083, 0.1538629383030028, 0.5140828408077025, 0.07101621627225715, 0.010702954435375313, 0.002236145098878019, 0.9275525754971727, 0.48209625450057514, 0.005345441390876258, 0.00824198708669809, 0.4854593397474527, 0.27514153627037746, 0.535162785066087, 0.0008791133072018651, 0.15242089908925668, 0.8751082421969347, 0.6087163024679079, 0.15970478409611685, 0.15750797974045283, 0.3610487679874361, 0.5031547121355486, 0.00013547426391035132, 0.7291251454959318, 0.029256630269113244, 0.9067164580139748, 0.33119740714141666]}}