{"corr": -0.058223881868510075, "p-value": 0.5814306472519815, "slope": -0.03427684757690804, "intercept": 0.04723282040068193, "Yao2019": [-2.143854274507482, -0.166384427312319, -0.166384427312319, 0.14623158695566982, 0.7735079504023572, -0.31283592483029055, -0.2831181423242394, -0.3820578148810687, -0.14645149751797157, 0.7982173959656924, -0.29268308447364144, 0.14623158695566982, -1.1031507359191328, 1.035046650195929, -0.1158953549241986, -0.14645149751797157, 0.7982173959656924, -0.29835659542874243, -0.8637167276089476, 1.4161116971166012, -0.166384427312319, 0.23782051306986607, 1.181278237151599, -0.49409808504894914, -0.2928437754869687, 0.23871477592542895, -0.6538183836230635, -1.15072684093828, -0.29268308447364144, -0.14979054542575174, -0.7317584469162799, -0.166384427312319, -1.3229449304082352, 0.7478763856640613, -0.2991082810931125, 0.14623158695566982, -0.8637167276089476, -0.29268308447364144, -0.4390753624426387, 0.03052176188212572, 0.14623158695566982, -0.3039864208153339, 1.0726401554942573, -0.29268308447364144, 0.14623158695566982, -0.2960221323814215, 1.3086537789228152, 0.4588264214619475, 1.1632808802294257, 0.46847787961559556, -0.166384427312319, 1.34056206933026, 0.4593388140093124, 0.5925053790782572, -0.29268308447364144, -1.435908193212761, 2.4277428459920234, 0.14623158695566982, -0.29268308447364144, -0.4390753624426387, 0.43340185148753746, 0.37153860138654593, -0.4390753624426387, 0.37153860138654593, 1.019690847806188, 0.7319185981188152, -0.30536955633008134, 0.12078583721954869, 0.6015032953286301, -1.0873224508306838, 1.1201659516791016, 0.2871702645318678, 0.2879324008899079, 0.8315771840575428, 0.7478763856640613, 0.37153860138654593, 0.6226264300777498, -0.718989714696402, 0.21291044656738412, -0.29268308447364144, 1.031148560910467, 0.041992369036874845, 0.14623158695566982, 1.2234699507445612, 0.20934124237383978, 0.2633237055413686, -0.34786649809327935, 0.19027412454350223, -0.49409808504894914, 0.7439782963785995, -0.9806938692339938, 0.7982173959656924], "Keller2020": [0.594828568219839, 0.5313612120433149, 0.15811620624539624, -0.034880768413812116, 0.08775670420551662, 0.13168346270054937, 0.21152738483044847, 0.06429156377421337, -0.1728320392221781, -0.5341251669411595, -0.05772178910877669, 0.26626715908833387, 0.21002770829913425, 0.08292059532874288, 0.7147942678111858, 0.2522330499473584, -0.7115260968701347, -0.19867164641437604, -0.20633032983063143, 0.09181405654500487, 0.12209796445388042, 0.522589608567934, -0.616598128799126, -0.04235303640617104, 0.5097737554734734, 0.753543308720763, -0.3872273010572903, 1.3237797682500068, -0.2871836313069282, -0.04077551008830142, -0.14967271400366405, 0.4431974873055763, 0.41994178355297646, 0.35633238296252623, -0.12152476964097156, -0.8407943558959861, -0.2779067125738023, -0.057134681104375584, -0.5549513697762423, -0.8945748300730596, 0.2891564754547816, -0.08384841113168093, -0.04100756412846238, 0.09418825139681974, -0.15693178979239114, -0.12537471777987624, -0.4765342547707448, -0.466939591183374, 0.18390003999901772, 0.6868642185585112, -0.03138837794456801, 0.08230993696737096, -0.4054435687182658, 0.3595462299321063, 0.21541207052940056, -0.5157154115011776, 0.44456609415070625, 0.05211376040932718, 0.07304808081691344, -0.3373921022136649, -1.0781380839374677, 0.7919842892977925, 0.019838559285365806, 0.15902477866966164, -0.027861809926268265, 0.06854631404506101, -0.1352129369882517, -0.1837841901864805, 0.06394998427151026, 0.25979860718357795, 0.6510744786387244, 1.1766678752158386, 0.6158019372162002, -0.7379425793688562, -0.26466652957758957, 0.4322048413056875, 0.2849911701199196, 0.544341379328901, 0.07523499092880737, -0.2457701281517752, 0.7403643786480592, 0.04485903244668464, 0.023822278631698304, -0.008186187606285963, 0.17680344612832155, -0.09002314752746772, 0.09090982725637985, -0.21093171502772765, -0.5943533801735361, 0.06933648296229525, 0.10999261228220744, -0.2638290527090571], "mirnas": ["miR-135a-3p", "miR-6791-5p", "miR-6799-5p", "miR-5088-5p", "miR-1229-3p", "miR-7845-5p", "miR-4787-3p", "miR-940", "miR-483", "miR-1228-5p", "miR-4655-5p", "miR-548ai", "miR-6855-3p", "miR-1238-3p", "miR-3940-5p", "miR-2116-3p", "miR-4734", "miR-619-5p", "miR-6865-5p", "miR-933", "miR-6880-3p", "miR-2276-3p", "miR-4745-5p", "miR-3162-3p", "miR-4466", "miR-642a-3p", "miR-6751-5p", "miR-4687-3p", "miR-4793-3p", "miR-6779-5p", "Unknown", "miR-3667-5p", "miR-7110-5p", "miR-3911", "miR-6724-5p", "miR-6826-5p", "miR-6849-5p", "miR-3679-3p", "miR-4690-5p", "Unknown", "miR-6829-5p", "miR-6807-5p", "miR-6819-3p", "miR-4721", "miR-6894-5p", "miR-1227-3p", "miR-6805-5p", "miR-7855-5p", "miR-4701-5p", "miR-6891-5p", "miR-3620-3p", "miR-1224-5p", "miR-6850-5p", "miR-4669", "miR-320e", "miR-8485", "miR-7704", "miR-3907", "miR-6743-3p", "miR-4443", "miR-3149", "miR-6727-5p", "miR-1914-3p", "miR-6857-3p", "miR-6772-5p", "miR-1234", "miR-365", "miR-4701-3p", "miR-4664-3p", "miR-652-5p", "miR-6819-5p", "miR-4741", "miR-6763-5p", "miR-2278", "miR-3934-5p", "miR-4429", "miR-6785-5p", "miR-769-3p", "miR-129-1-3p", "miR-5100", "miR-4707-3p", "miR-3202", "miR-6858-3p", "miR-3682-3p", "miR-3180-5p", "miR-4440", "miR-6515-3p", "miR-188-5p", "miR-6751-3p", "miR-4707-5p", "Unknown", "miR-6793-5p"], "p-values": {"Yao2019": [0.06111577389144318, 0.34659350708733416, 0.34659350708733416, 0.34659350708733416, 0.44496110084770235, 0.3739559544147859, 0.6692200006148423, 0.6195941158623104, 0.6663020516946953, 0.24181707293894739, 0.34659350708733416, 0.34659350708733416, 0.2257133294150981, 0.19454434641022952, 0.854726211466566, 0.6663020516946953, 0.24181707293894739, 0.5990248681432564, 0.34659350708733416, 0.15711196099734376, 0.34659350708733416, 0.7350561321103972, 0.12662210003441654, 0.3465935070873341, 0.5445330682509509, 0.8841754286996522, 0.20515551165853732, 0.24522117006233823, 0.34659350708733416, 0.6621159135713426, 0.15250852068034668, 0.34659350708733416, 0.14987054918456194, 0.34659350708733416, 0.7921148533465171, 0.34659350708733416, 0.34659350708733416, 0.34659350708733416, 0.34659350708733416, 0.9735768056615615, 0.34659350708733416, 0.7802976676189742, 0.1843724695918189, 0.34659350708733416, 0.34659350708733416, 0.34659350708733416, 0.13468246620629967, 0.5384295699500474, 0.09682159059897413, 0.3091869223808953, 0.34659350708733416, 0.059024226574149456, 0.37955229250001066, 0.5055141615561896, 0.34659350708733416, 0.1474635794324224, 0.0059956750052217594, 0.34659350708733416, 0.34659350708733416, 0.34659350708733416, 0.17056682087692981, 0.34659350708733416, 0.34659350708733416, 0.34659350708733416, 0.0423103635216112, 0.15428336129333822, 0.7660819885275438, 0.7253378654590297, 0.5648926922090722, 0.32354647179437906, 0.256840356695257, 0.34659350708733416, 0.6581517656855598, 0.45373075413311437, 0.34659350708733416, 0.34659350708733416, 0.4016489380562729, 0.44850545780925377, 0.7933548427797679, 0.34659350708733416, 0.1014547726467444, 0.9637796562197076, 0.34659350708733416, 0.08461771428743739, 0.8492431682489647, 0.34659350708733405, 0.5186453111803329, 0.7605357774419629, 0.3465935070873341, 0.23460005697420092, 0.18549065129345116, 0.24181707293894739],