{"corr": 0.6874045050151534, "p-value": 0.3125954949848466, "slope": 1.0012854090915304, "intercept": -0.5460315737159025, "Yao2019": [-0.6880107847603525, 0.37153860138654593, 0.14623158695566982, -0.2960221323814215], "Nigita2018": [-1.5514752878427802, -0.6985268204784096, 0.11154205860037525, -0.5125283122929944], "mirnas": ["miR-208a-3p", "miR-887", "miR-137-3p", "miR-212"], "p-values": {"Yao2019": [0.3465935070873341, 0.34659350708733416, 0.34659350708733416, 0.34659350708733416], "Nigita2018": [0.07796139341238374, 0.10049397723495439, 0.8030870132595581, 0.30123008217838837]}}