{"corr": -0.12855587150563047, "p-value": 0.48317405182320594, "slope": -0.04230854482468184, "intercept": -0.09455833590473195, "Yao2019": [-0.2960221323814215, 0.9307868662709197, -0.4390753624426387, 0.5177701883422157, -0.29268308447364144, -0.5165959401249616, 0.2633237055413686, -1.050830549619489, -0.6995089652545556, 0.23842249822537115, 0.14623158695566982, -0.2960221323814215, -0.9531655968349095, -0.166384427312319, 0.21291044656738412, -1.3050812089624673, -0.11584034194488621, -0.14645149751797157, 0.5150613052773074, 0.14623158695566982, 0.7478763856640613, 0.37153860138654593, 0.7308413259229272, 0.2871702645318678, 0.14623158695566982, 0.22250719594447874, 0.3127255083509839, -0.3060519278238509, 0.2871702645318678, -1.2216062642198646, -0.2960221323814215, -0.30536955633008134], "Wozniak2015": [-0.2990879217992755, -0.052079580672088364, 0.05855585503914301, -0.16946892230009286, -0.6487641031643786, -0.17811503837048012, -0.01832679195913264, 0.14615358318335447, 0.24951287658124893, -0.012499364522486693, -0.09229657519162851, -0.02029227174228215, -0.07760567460507378, 0.10551627820006632, -0.12214268139818271, -0.0167639360165329, -0.08378818133062127, -0.17251956272996802, -0.16198533844849047, -0.0033665937690333125, -0.26293986211252107, -0.07059222977360172, 0.1595138475526493, -0.2546760753728312, -0.28591474245732035, -0.2644990223949428, 0.20490154128708227, -0.03059527603728095, -0.2955019122717216, -0.15604781660394054, 0.15435821674165798, -0.255934294555638], "mirnas": ["miR-708", "miR-629-3p", "miR-15a-3p", "miR-211", "miR-519b", "miR-19b-5p", "miR-1298-5p", "miR-18b-5p", "miR-589-3p", "miR-551b-5p", "miR-362-3p", "miR-212", "miR-579", "miR-509-5p", "miR-129-1-3p", "miR-376a-5p", "miR-183-3p", "miR-483", "miR-885-5p", "miR-542-5p", "miR-1183", "miR-380", "miR-217", "miR-1262", "miR-518e-3p", "miR-627", "miR-1289", "miR-888", "miR-597", "miR-187-3p", "miR-1227-3p", "miR-365"], "p-values": {"Yao2019": [0.34659350708733416, 0.2125762717009983, 0.34659350708733416, 0.1923387799255531, 0.34659350708733416, 0.5340344913544264, 0.34659350708733405, 0.3178185562211982, 0.5211540810202389, 0.7301520803827859, 0.34659350708733416, 0.34659350708733416, 0.07644632660997398, 0.34659350708733416, 0.7933548427797679, 0.057570854640537544, 0.9217350506298783, 0.6663020516946953, 0.6370262934887919, 0.34659350708733416, 0.34659350708733416, 0.34659350708733416, 0.3438247522817549, 0.34659350708733416, 0.34659350708733416, 0.828563009136616, 0.7088452209113898, 0.8326970768106358, 0.34659350708733416, 0.1967505357364308, 0.34659350708733416, 0.7660819885275438], "Wozniak2015": [0.022260264034958045, 0.5965879531167482, 0.5965277432994402, 0.4515913361687711, 0.013266336201986636, 0.6248905491093666, 0.82945999959371, 0.1442755438673414, 0.05444163267516705, 0.8929179090556412, 0.26287130892152233, 0.9007300935062389, 0.26958922854774253, 0.7024151701344787, 0.3747820421389092, 0.951701844922839, 0.49670272565437856, 0.19344650320595252, 0.0630716624523223, 0.9918564623361832, 0.288096471615074, 0.6896930548930333, 0.5362311811659128, 0.08899922231167941, 0.4153055950878536, 0.4457905458445599, 0.19369868939168022, 0.8575110567569673, 0.00624948141887423, 0.697463257341244, 0.31190455330795896, 0.04536736496543074]}}