{"corr": -0.840406266527732, "p-value": 0.07467544571903621, "slope": -0.5426898274282578, "intercept": -0.140841548424437, "Yao2019": [0.5150613052773074, 0.9307868662709197, -0.2960221323814215, 0.2871702645318678, -0.30536955633008134], "Boeri2011": [-0.42964801818263, -0.7921324096702879, -0.09692323026078045, 0.022939336658100384, -0.022565744909248703], "mirnas": ["miR-885-5p", "miR-629-3p", "miR-212", "miR-597", "miR-365"], "p-values": {"Yao2019": [0.6370262934887919, 0.2125762717009983, 0.34659350708733416, 0.34659350708733416, 0.7660819885275438], "Boeri2011": [0.13364139354609475, 0.2523169947790693, 0.8476910063792884, 0.9606209934744907, 0.9503145322673862]}}