{"corr": 0.09656343217721913, "p-value": 0.6318403797863384, "slope": 0.00935535291037825, "intercept": -0.5790006540617767, "Yao2019": [-0.020152840356649215, 0.2871702645318678, 0.14623158695566982, 0.7608632271427205, 0.14623158695566982, 0.14623158695566982, -0.17575165690126998, -0.7833976088086996, 0.7735079504023572, -0.008851867849553809, -0.7206682460776204, 0.13773488360442426, 0.29804638251420823, 0.7982173959656924, -0.29268308447364144, 0.2871702645318678, 1.0629191855898783, -0.8637167276089476, 0.14623158695566982, 0.2853961698022933, -0.12079173837531713, 0.2871702645318678, -0.29268308447364144, 0.844815663893111, 0.8263792900726392, 0.14623158695566982, 0.5949894845813188], "Chen2019": [-0.655868584883647, -0.6365665984347211, -0.5925133889364094, -0.6253049651247412, -0.5367341400053467, -0.5952376465348412, -0.5361429839243578, -0.5693262477185768, -0.5367341400053467, -0.5367341400053467, -0.5370271807569602, -0.6524410344635853, -0.5370271807569602, -0.4479545790439332, -0.5361429839243578, -0.5910726908135226, -0.5405148589805904, -0.6007403340480226, -0.614023756458635, -0.592944752781202, -0.5367341400053467, -0.655868584883647, -0.614023756458635, -0.6007403340480226, -0.5710685556410736, -0.592944752781202, -0.5466447383866817], "mirnas": ["miR-3944-3p", "miR-4489", "miR-4690-3p", "miR-3161", "miR-548aq-5p", "miR-137-3p", "miR-5698", "miR-181b-3-3p", "miR-1229-3p", "miR-4524a-3p", "miR-891a-5p", "miR-3192-5p", "miR-4775", "miR-1228-5p", "miR-4655-5p", "miR-548i", "miR-490-5p", "miR-4482-3p", "miR-4784", "miR-7110-3p", "miR-3194-3p", "miR-1262", "miR-548e-5p", "miR-4523", "miR-3135a", "miR-6894-5p", "miR-1248"], "p-values": {"Yao2019": [0.9297463023139797, 0.34659350708733416, 0.34659350708733416, 0.34659350708733416, 0.34659350708733416, 0.34659350708733416, 0.7402372530387427, 0.2595113544084124, 0.44496110084770235, 0.9834020824016433, 0.5923599617951496, 0.8664942688881759, 0.7471129095627389, 0.24181707293894739, 0.34659350708733416, 0.34659350708733416, 0.16782316683878967, 0.34659350708733416, 0.34659350708733416, 0.7490915663876747, 0.9120850558521165, 0.34659350708733416, 0.34659350708733416, 0.2907866129398561, 0.38664588067035244, 0.34659350708733416, 0.6297228979885084], "Chen2019": [0.0001550021388976566, 0.000153829454101973, 0.00015410129213675464, 0.00015485208609942585, 0.000155567481209196, 0.0001539745526371073, 0.0001557331104214894, 0.00015426376148596488, 0.000155567481209196, 0.000155567481209196, 0.00015542400564798773, 0.00015492330856315792, 0.00015542400564798773, 0.12071269960262518, 0.0001557331104214894, 0.0001539654905193983, 0.0001544613371669447, 0.00015416454858003636, 0.0001550898489588776, 0.0001547874298282878, 0.000155567481209196, 0.0001550021388976566, 0.0001550898489588776, 0.00015416454858003636, 0.00015420112948335123, 0.0001547874298282878, 0.00015442736329701007]}}