{"corr": 0.04167045772153246, "p-value": 0.6175010388554169, "slope": 0.03442103729395215, "intercept": -0.04214674662130038, "Yao2019": [-0.21716661546851695, -2.143854274507482, 0.1373555701523728, 0.6497908557658755, -0.020152840356649215, 0.9307868662709197, -0.14645149751797157, -1.0614273252545017, 0.7275022780151471, 0.2633237055413686, -0.4390753624426387, -0.6995089652545556, 0.7735079504023572, -0.8524485570364354, -0.3820578148810687, -0.7206682460776204, 0.37153860138654593, -1.3050812089624673, 0.28411453264658343, 0.5980858402383096, -0.29268308447364144, -0.14645149751797157, 0.7982173959656924, 0.12078583721954869, 1.0629191855898783, 1.035046650195929, 0.4856013816977036, -0.24447780786718337, -0.3237573385865141, -0.14645149751797157, 0.21291044656738412, 0.2871702645318678, -0.7146808714974279, 1.4161116971166012, -1.467215570484071, 0.14623158695566982, -1.6954178138791078, 0.4829572090171437, 0.23782051306986607, -0.4390753624426387, 0.6499025076611745, 0.5177701883422157, -0.29268308447364144, 1.2035155342890365, -0.5165959401249616, -0.4564298116367176, -1.050830549619489, -0.4390753624426387, 0.16260081431120604, -0.14979054542575174, -0.166384427312319, 0.2871702645318678, 0.6587088659184136, 0.5150613052773074, -0.49409808504894914, 0.14076422187896548, -0.3785718902090841, -0.005512819941773772, 0.37153860138654593, -0.7763228543061544, -0.29268308447364144, -0.4000376884827, 0.5977467094229296, -0.49409808504894914, -0.9592077455934361, -0.166384427312319, 0.14623158695566982, -0.2960221323814215, 0.2871702645318678, -0.0018325746130409826, -0.7600681032349672, -0.35671836594283324, -0.2656308873706379, 0.6519858090100227, 0.1407187670138962, 0.4219950525216596, 0.14623158695566982, 0.35930272453638135, 1.34056206933026, 0.6587088659184136, 1.4785570205736613, -0.008851867849553809, 0.14623158695566982, -1.2583198554964699, 0.14623158695566982, 0.14623158695566982, -0.7350974948240603, -0.5142509254055982, 0.43340185148753746, 0.38410954276091724, -1.5175351112320112, -0.08752891039941439, -2.2055458959923637, 0.37153860138654593, -0.4390753624426387, 0.14623158695566982, -0.7999914906952668, 0.2871702645318678, -0.4390753624426387, -0.005673510955101001, 0.7478763856640613, -0.6880107847603525, 0.2871702645318678, 0.22250719594447874, 0.3127255083509839, -0.3060519278238509, 0.7319185981188152, -1.2216062642198646, -0.30536955633008134, 0.5949894845813188, -0.4390753624426387, 0.2633237055413686, -0.00566613720342164, -0.2960221323814215, -0.005673510955101001, 0.11031275311218489, -0.08752891039941439, 0.25447183769181475, 0.14623158695566982, -1.0995578748039065, -0.633607063382948, -1.4997656961089634, 0.23842249822537115, 0.8315771840575428, 0.7478763856640613, -0.9531655968349095, -0.718989714696402, 0.21291044656738412, 0.8165131460128314, -0.7317584469162799, -0.11584034194488621, -0.1617105668771956, 1.5859606311788152, -0.49409808504894914, 0.13737971910611602, -0.29268308447364144, 0.37153860138654593, -0.061054745420477494, -1.4928429849172236, -0.29268308447364144, 0.43340185148753746, 0.5977467094229296, -0.20589825894590721, 0.19027412454350223, -0.22992267238318811, 1.1310845484719243], "Patnaik2012": [-0.4198545487827588, 0.15832983771921383, 0.1607857362146468, -0.2003573299810565, -0.5490937785378973, 0.28147279261444674, 0.034940143523479336, 0.4985464477291574, 1.0846824082614015, 0.03689569850285415, 0.21415226515981522, -0.14220881501273128, -0.2155281441183446, 0.11796136849724721, -0.44216978024600995, -1.6295844901748433, 0.21614395007026785, -0.08522611236306554, 0.18501404929174153, 0.27429934725160765, -0.11577143194424619, -0.3120404630715496, 0.0588116920750784, 0.044511516600258205, 0.20518091081827408, -0.15358353272445285, 0.02281548766637574, -0.5987870074761086, 0.043399178306692585, -0.2077350065442744, 0.17272641946677342, -0.06429104779371415, -0.12762910902913183, -0.07938194602633086, 0.014525442684832182, -0.09818176186428533, 0.010896893905180163, 0.183802385853572, 0.1871122365638579, -0.12017145699619379, -0.020492935277198324, 0.2520083453764089, 0.09153431962681091, 0.23693924377360165, 0.0062911563720759265, -0.38340880512777725, -4.3983904126613265, 0.20131997541506663, 0.3918878057119628, -0.1171869627512725, 0.21400262808919024, 0.124804183699185, -0.16544387258336635, -0.4974097563726694, 0.059592321944669055, 0.03461933145692775, 0.23341307743029824, -0.14900577064474252, 0.4140103848558261, 0.16642401939638285, -0.05250289018263114, 1.1206344614032508, 0.22018079995441356, 0.47229958802141203, 0.0787334303592549, 0.23561018078768833, 0.030932522606163564, 0.08910552738957325, 0.042665385407315286, -0.22123725777094816, -0.6104842333619555, 0.38078289305164825, 0.088378114798474, 0.026441615355731262, -0.1170999146474451, -0.27136814588433944, -0.15169862928413747, -0.04841359044093889, -0.00036402415590526115, 0.31800405138699406, -0.3075155999203292, 0.2807603208991221, 0.11386105728068328, -0.052032658178652574, 0.2496630566097311, 0.00018663055302986257, -0.42905730796061614, -2.5871517761966887, -0.13681104664028235, 0.12639126088085018, -0.2305413924872114, 0.003475278260456487, -0.0194931867747057, 0.07712196172328409, 0.08031182372307039, -0.03441429600715433, 0.41675623397147465, 0.2473081258412527, 0.19678985357832257, 0.3068153974450607, 0.11539421312557785, -0.4368574018357963, 0.15701264697964143, 0.03953101546139744, 0.19616045711807095, 0.3756890521202406, -0.22239251757365444, 0.1869012411804464, -0.15911189830237876, -0.17533249090476455, -0.1798551462479253, 0.37048956455391047, -0.11942102957122362, -0.11976929848718187, 0.06807781203839025, -0.042204063236613285, -0.057818400440932866, -0.07286031459881775, -0.1176249767468013, -0.15725030617594576, 0.0526789485990346, 0.012236791013573346, -0.4423019389402766, -0.04486817143650859, -0.46144223408551654, 0.19758581816621512, -0.09498139696943454, 0.05671111835139104, 0.1401143877979815, 0.3640392464174108, 0.015825164762097027, -0.00726642854385871, -2.737102485441728, -0.504896946914698, 0.3481214935859468, 0.24516031499144658, 0.42207530170794627, -0.4303667902591205, 0.33062688875840873, 0.1726101351272306, -0.23762599052121652, 0.25571926340167384, 0.7266570128110512, 0.19308260872828215, 0.18676226243139546, -0.10174104030145906],