{"corr": -0.19223017133540715, "p-value": 0.011048580315817997, "slope": -0.2481986855310999, "intercept": 0.6917079669528281, "Zaporozhchenko2018": [-0.36229253133664174, -0.12815537064366703, -0.7992707554944971, -0.19658131938509432, 0.34564839675046066, -0.03717074224319873, -0.09699769243272874, 0.26426387404569557, -0.08276896661863875, -0.3572401745179005, -0.3414214877849804, -0.135828274926842, -0.46592704390637696, -0.17129762767582304, 1.0162031352408216, -0.016310859191843212, -0.2864153656268972, -0.32793213544416205, -0.08731750004166391, -0.137685090637996, -0.11947151723364399, -0.09535810442814677, 0.19738486893859164, 0.9728739135180056, -0.0408694872967378, 0.7628900310453288, -0.2411991014960414, -0.14293659251628726, -0.36006778795384664, -0.16477967450217135, 0.37049674084190587, -0.10270356552257134, 0.03365189817977296, -0.13305907317601984, 0.6335041254772776, 0.6248184928591878, -0.21085883098619063, -0.0025732925030067886, -0.35847345311918544, -0.10584020243911332, -0.10787657760398421, -0.027493730595300934, -0.06984832173712341, -0.15100341739811235, -0.21861793449567585, -0.2481646780686386, -0.2163059933857679, -0.025485518946363972, -0.10339765568219589, -0.13674999747246305, 0.02693195552442752, -0.07314972028165344, -0.1391534596512059, -0.12575989047442587, -0.44943921241362095, -0.19784982075910532, -0.17745176161709006, -0.33976566556101007, -0.11496140591371326, 1.460298808891361, 0.26966217640559015, -0.03926389683797071, 0.33736324538213, -0.07052960634169138, -0.11542011869278426, -0.11993761035023201, 0.12550132156222538, -0.08554770496784952, -0.3405108027588286, 0.1345789359082203, -0.11090403789963788, -0.2689532956078421, 0.6061513659805255, 0.36534739884691014, -0.07196677148059163, -0.18328802947688, 0.05640494153688856, -0.2682840984552235, 0.6276435357837735, -0.04287552611005796, -0.09283681083332274, -0.08968761275370013, 1.1574140294050013, -0.1729242745648666, -0.05988940043437789, 0.6655318569256128, -0.5421671921990585, -0.0644610912695016, 0.08173819344550634, -0.1108185982851896, -0.13068500289463736, 0.3734709033620841, -0.1739064311963226, 0.505394259201926, -0.21175326739062977, -0.3156267117393194, -0.2219745091054185, -0.30583908428587736, -0.18433253046360587, -0.24614110949510726, -0.614139898840027, -0.32198102651852806, 0.5010155313127507, -0.18560238362513248, -0.27840681564095027, -0.02767643367090276, -0.1342183990979763, -0.13579005901600572, -0.26869867639010775, -0.12306722256579948, -0.20607226396818712, -0.09734005250719296, -0.17404834798998917, -0.42447831033856087, -0.0571702577435708, -0.21794463515451745, -0.20195214689431468, -0.1709783755672062, 0.35097858906653223, -0.058249176387395823, -0.5848261968576486, -0.08017376676472202, 0.74622349684598, 0.5115624835919244, -0.3349046117880159, 0.3068743601685481, 0.02197508136930686, -0.03931299192088916, -0.03764841730423339, -0.292993364292114, -0.3018168504173626, -0.2559044842385271, -0.1318243433562145, -0.1660129188909397, 1.1718608994355104, -0.19276698024599573, -0.22820755842703982, -0.2447006903510107, -0.06364445858089558, 0.22427113027953327, -0.12255947368258988, -0.038693187044469626, 0.5405723067556512, 0.7667949758222175, -0.3566949558178445, -0.06028569943804654, -0.2664300066809093, -0.07593377906331181, -0.03321256795638135, -0.38998899116241054, -0.32204794452158525, -0.2453740329929427, 0.7932585584841143, -0.2911630988212951, -0.10219621104624882, -0.4084057094705431, -0.16655106232241157, -0.1679847039599888, -0.23925600050211443, 0.9293183835345812, -0.18445801563981018, -0.4760003641187034, -0.3059700985393081, -0.3858550332783022, -0.15154789938319713, -0.23791729358482464, -0.13847589199079813, 0.2956108806077382, -0.1887598429415946, -0.0023539534820925384, -0.3255404770791487, -0.24200173301983616, 0.07809673191072156, -0.36691387484076243], "Asakura2020": [1.0166221011268695, 0.5197612659368442, 0.4617145537683466, 0.8418405269557092, 0.17963699834643954, 0.9314961159794735, 0.5533167068810475, 0.3824245265220909, 0.6872461489319242, 0.5654938431349361, 0.8661257175230441, 0.6594653645229234, 0.4957192035206009, 0.7623519549712559, -0.026675455071695928, 0.6123114865170305, 0.8541333161888558, 0.9253571442958531, 0.03798094605102509, 0.6023469987860495, 0.49047548786486056, -0.03677778564130939, 0.6907742735238591, 0.5793885763280446, 0.03699353845980826, 0.8564114872971835, 0.7935562406029729, 0.6459217988536673, 0.0267073837254819, 1.0404540183212605, 0.23474585918044932, 1.2012047855715453, 0.49348972789337386, 0.18332313480346657, 0.492637621685406, 1.1166371070862016, 1.9198147573167765, 1.0803035381480877, -0.029219643132513788, 0.6994654103657948, 1.673336714191609, 0.7912332358292096, 0.7970719165693387, 0.4104312874378795, 0.5502607556821899, 0.49586511159531055, 0.698806009271759, 0.8737287838398388, 0.44443043331435117, 0.4242365878015857, -0.10171010881908141, 0.635692410895709, 2.3731583502479308, 0.41164923127490305, 0.10051139137853964, 0.46956101392501964, 1.4212426562772307, 1.1369480406962584, 0.8230286563536836, 0.32654756800280493, -0.08499344258515013, 0.8834812066453083, 0.8447945349655674, 0.9288815941318895, 0.5900688839275553, 0.8456534869818291, 0.9775978182101486, 0.7595874154193231, 0.4897227244923138, 0.6355745362709317, 0.6705629100807767, 0.5060548034153951, -0.1267431258435741, 0.6010075953478667, 1.2360326299350692, 0.8078259931571086, 0.8008447721221355, 0.07314843409590305, 0.34668886271296695, 0.5195713231888257, 0.8641957343021274, 0.45361544679155874, 0.4306126692872121, 0.48751067980586926, 0.5444384130431217, 0.44607740712787086, 0.8337980250647022, 0.6086758795652139, 0.7793517731343158, 0.7343159681514877, 0.4530650380608714, 0.7102901471085035, 1.45653876565882, 0.6582741856834292, 0.36868936215454917, 1.124851223632802, 1.430881604596466, 0.9323995965490208, 1.0527205762712368, 3.38120706436404, 0.5183735181926814, 0.6803516848782798, 0.4497242865864778, 1.5091985038140416, 0.39106751262423645, 0.5826165244261985, 0.26680872997973226, 0.2843635344251753, 0.518455570614549, 0.7060030456860862, 1.0182850195542272, 0.6484802758380956, 1.1262146571887457, 0.8323933416613303, 1.0939290598308742, 0.5282225839616448, 0.9852597683015695, 0.266396339820132, 0.59879897338621, 0.586236308570711, 0.5534086044694353, -0.07206909595773586, 0.7779794219012253, 0.46886817777671475, 0.7292194237691006, 0.6343830976709375, 0.7883410115159328, 0.4613733230655251, 0.13659525826550428, 0.41266061231110684, 0.8558514300937861, 0.42570643745532416, 0.8603410211720601, 1.014321530511046, 0.5332580540625367, 0.7213354808557686, 0.6389274529315216, 0.3612052774189832, 0.49863094820561443, 0.6078341016273796, 0.2787134862797523, 0.47488468223106517, 0.8598494377156385, 0.03899931221638622, 0.4945001002643903, 0.9284025017622759, 0.778425298663901, 1.5878856430279198, 0.6298183312325354, 0.7573540065148915, 0.8643477768488016, 0.7989865864818535, 0.7063092241852098, 0.9121503492940395, 0.701581995761468, 0.5530406369676449, 0.7251368604992912, 0.7636966363248336, 0.6384919640030636, 0.5578340996558636, 2.0962648494431955, 0.1863700149694944, 0.9827500028517695, 0.8033648802387037, 0.765681655074449, 2.2395473749752726, 0.7873748286581572, 0.5836657158188373, 0.7699004083342837, 0.6475982793736862, 1.1992144938996168, 0.3741277768798999, 0.5223092872021966, 1.9189503247027195],