{"corr": -0.04928082709564956, "p-value": 0.5172140932385082, "slope": -0.05009088764264574, "intercept": -0.01915683512425437, "Zaporozhchenko2018": [-0.36229253133664174, -0.12815537064366703, -0.7992707554944971, -0.19658131938509432, 0.34564839675046066, -0.03717074224319873, -0.09699769243272874, 0.26426387404569557, -0.08276896661863875, -0.3572401745179005, -0.3414214877849804, -0.135828274926842, -0.46592704390637696, -0.17129762767582304, 1.0162031352408216, -0.016310859191843212, -0.2864153656268972, -0.32793213544416205, -0.08731750004166391, -0.137685090637996, -0.11947151723364399, -0.09535810442814677, 0.19738486893859164, 0.9728739135180056, -0.0408694872967378, 0.7628900310453288, -0.2411991014960414, -0.14293659251628726, -0.36006778795384664, -0.16477967450217135, 0.37049674084190587, -0.10270356552257134, 0.03365189817977296, -0.13305907317601984, 0.6335041254772776, 0.6248184928591878, -0.21085883098619063, -0.0025732925030067886, -0.35847345311918544, -0.10584020243911332, -0.10787657760398421, -0.027493730595300934, -0.06984832173712341, -0.15100341739811235, -0.21861793449567585, -0.2481646780686386, -0.2163059933857679, -0.025485518946363972, -0.10339765568219589, -0.13674999747246305, 0.02693195552442752, -0.07314972028165344, -0.1391534596512059, -0.12575989047442587, -0.44943921241362095, -0.19784982075910532, -0.17745176161709006, -0.33976566556101007, -0.11496140591371326, 1.460298808891361, 0.26966217640559015, -0.03926389683797071, 0.33736324538213, -0.07052960634169138, -0.11542011869278426, -0.11993761035023201, 0.12550132156222538, -0.08554770496784952, -0.3405108027588286, 0.1345789359082203, -0.11090403789963788, -0.2689532956078421, 0.6061513659805255, 0.36534739884691014, -0.07196677148059163, -0.18328802947688, 0.05640494153688856, -0.2682840984552235, 0.6276435357837735, -0.04287552611005796, -0.09283681083332274, -0.08968761275370013, 1.1574140294050013, -0.1729242745648666, -0.05988940043437789, 0.6655318569256128, -0.5421671921990585, -0.0644610912695016, 0.08173819344550634, -0.1108185982851896, -0.13068500289463736, 0.3734709033620841, -0.1739064311963226, 0.505394259201926, -0.21175326739062977, -0.3156267117393194, -0.2219745091054185, -0.30583908428587736, -0.18433253046360587, -0.24614110949510726, -0.614139898840027, -0.32198102651852806, 0.5010155313127507, -0.18560238362513248, -0.27840681564095027, -0.02767643367090276, -0.1342183990979763, -0.13579005901600572, -0.26869867639010775, -0.12306722256579948, -0.20607226396818712, -0.09734005250719296, -0.17404834798998917, -0.42447831033856087, -0.0571702577435708, -0.21794463515451745, -0.20195214689431468, -0.1709783755672062, 0.35097858906653223, -0.058249176387395823, -0.5848261968576486, -0.08017376676472202, 0.74622349684598, 0.5115624835919244, -0.3349046117880159, -0.024977203634672963, 0.3068743601685481, 0.02197508136930686, -0.03931299192088916, -0.03764841730423339, -0.292993364292114, -0.3018168504173626, -0.2559044842385271, -0.1318243433562145, -0.1660129188909397, 1.1718608994355104, -0.19276698024599573, -0.22820755842703982, -0.2447006903510107, -0.06364445858089558, 0.22427113027953327, -0.12255947368258988, -0.038693187044469626, 0.5405723067556512, 0.7667949758222175, -0.3566949558178445, -0.06028569943804654, -0.2664300066809093, -0.07593377906331181, -0.03321256795638135, -0.38998899116241054, -0.32204794452158525, -0.2453740329929427, 0.7932585584841143, -0.2911630988212951, -0.10219621104624882, -0.4084057094705431, -0.16655106232241157, -0.1679847039599888, -0.23925600050211443, 0.9293183835345812, -0.18445801563981018, -0.4760003641187034, -0.3059700985393081, -0.3858550332783022, -0.15154789938319713, -0.23791729358482464, -0.13847589199079813, 0.2956108806077382, -0.1887598429415946, -0.0023539534820925384, -0.3255404770791487, -0.24200173301983616, 0.07809673191072156, -0.36691387484076243], "Patnaik2017": [-0.40983751821748093, 0.7023496522115631, 0.5482984190206457, 0.013791364341268958, 0.12257867992319173, -0.6130986233646682, -0.12584851864666027, 0.062368872990568425, -0.28649162543315265, -0.08520087667502496, 0.022574379833039795, 0.14956890876092913, 0.13410938970872183, -0.1386996034805329, 0.23332543685043167, 0.1868634434986528, 0.2590961317848539, -0.14792439368135438, 0.1624595723893036, -0.10451652836078454, -0.2877769028980226, -0.14858055906019274, 0.2219683293392885, 0.079992166374742, 0.04524004427226898, -0.041449465671699756, 0.04916959789887831, 0.14919929313630567, -0.2888934812790772, 0.6286167843739567, 0.22931861858063607, 0.5681516184325527, 0.25641949964568633, -0.3290176009245187, -0.1039060119035547, 0.02597598541573286, -0.21407051133207408, -0.2865669492928922, 0.036448608041923417, -0.06956823865124764, -0.3377111714731771, 0.0992781976770814, -0.14015234411184696, 0.2854129781505603, -0.10830945124373445, -0.1311117452620108, -0.19566553570394252, 0.4179076556192687, -0.14547596672857283, 0.4473979562924738, 0.32657128603669716, -0.437055386282703, -0.050720888128745645, 0.20705592711543963, 0.14279149677540276, -0.5914759757764332, 0.5185868604164101, -0.35215052737261465, -0.654004857334661, -0.04628757582866856, 0.6615225699786328, -0.0980425992506263, 0.6168683496875231, -0.5551436936787479, 0.41856857128795, 0.31696130150222307, -0.5934540331899691, -1.14776638006709, -0.10276790373046259, 0.07031873556412088, -0.07197905213207745, -0.06643203111600472, 0.008539263029587355, -0.7619824735253056, -0.223326955703631, 0.4359568738748063, -1.2290885572056998, 0.37569113410254323, -0.057284303389202276, -0.03926209657451109, -0.4315093673650029, -0.5358658832323488, 0.20693917833279601, -0.05207172339981659, 0.05883706876790372, -0.06666951704658852, 0.20152828474569584, 0.09575607354261345, 0.23590418590402068, 0.22894701931483247, -0.12904875778216335, -0.20132842243394472, 0.0024422997753657865, -0.40576709296696556, 0.5668558304870359, 0.21822123178689373, -0.2616052601945378, -0.2058525842466939, -0.42213874342031926, 0.6589450735494221, 0.04098958118813921, 0.4623695948588916, 0.10770093832968547, -0.3580735552017499, -1.1965993060367768, -0.7804139502994565, 0.00905367408308233, -0.40737489151380407, -0.02223522718666167, 0.6169260065395268, -0.04283487376448307, 0.11972034349940297, 0.347252828063345, -0.02034576119916979, -0.1484043622982369, 0.06948001378363933, 0.06116648879239798, -0.60523295695766, 0.05092064396981638, 0.19220210624927778, 0.04303651034648561, -0.06437059370503659, -0.123252082263321, -0.052190209338933605, 0.06665161131969291, -0.4645552331029533, 0.030017351959974667, -0.06910898878911835, 0.5163212310291758, 0.21132625642670394, 0.1866512049426769, -0.5808034769158805, 0.017096849107163636, -0.5608875417443124, -0.4231184465707418, 0.010515059065445151, 0.06808207274317618, -0.19864738828868744, 0.3171341365996937, -0.44419488513557265, 0.14384425995686428, -0.23750097685716456, -0.07542284192410684, -0.4728147851621284, -0.311737552273462, 0.8743760960707609, -0.5372434231439416, 0.024792355048181884, 0.07633590003710788, 0.14505350046829368, 0.4582973361168027, -0.2943020583750254, -0.034647519475582644, 0.06265880201343574, -0.6478240287931294, -0.3057233487447718, -0.0704038535555428, 0.2458101950856309, 0.028361271220170504, 0.07608249496592846, -0.030693925611685536, 0.7180106679843075, 0.1533962747503791, 0.1663274345299143, 0.46779728753439176, -0.3464264580262815, 0.9209145597304267, -0.14945896030100164, 0.08954738891745051, 0.22628390468849427, 0.059485291069991765, 0.13942975414948183, 0.22671313548744115, 0.1564619465408274, -0.091843324761858],