{"corr": 0.012346979526466332, "p-value": 0.9273687306285707, "slope": 0.019612166930691916, "intercept": -0.0649705785760827, "Zaporozhchenko2018": [0.3867718062976837, -0.6813640819320896, -0.05215636021256312, -0.49743459474997587, -0.7689190246347228, -0.7061563164216953, -0.0468808192157546, 0.16881671741005994, -0.30149630207072264, 0.2531621285766684, -0.850690421165939, 0.5880720322170603, -0.7548271453805852, -0.50979611777375, -0.5814848125828044, -0.010543164773286479, -0.3764629046550475, -0.4549629962803621, 0.47358383152401806, -0.30482489588161843, -1.314214154921962, -0.1710380046503342, -0.8484465403455507, -0.5917005198100049, -0.6724835702266494, 0.3270076479749623, -0.40133995155475044, -0.40629929681429644, -0.18947270998124435, -0.35751001981672514, 0.3880460707911607, -0.48180245402015554, -0.24744604121632, 0.19109052481893496, -0.4565616781502671, -0.5437153902920654, -0.1590215960351405, 0.06852002326543807, 0.23943626940473894, -0.2844347422881032, -0.6068012331545836, -0.1197157359956528, -0.1770684523944814, 0.1827618690479697, -0.17395124096614467, 0.016046257164375632, 0.13169516166132236, -0.10309406425160997, -0.8970958964458483, 0.019452739842336093, -0.4259522172940048, -0.465320502348996, 0.09457279051279227, 0.22686190799070766, -0.14659728042135162, 0.6630133259943773, -0.5153906346666242], "Yao2019": [0.08285732978395963, -0.19662565134811583, -0.2862903793233108, -0.373629935334265, -1.0258658231032056, 0.0716441990482695, 1.0706732162788424, -0.09596744661814927, 1.1277572006792043, -0.38764414845792794, 0.5889032834696211, -0.2771925477469648, 0.22917026564320794, 0.09324492044523364, -0.34377832067089065, 1.4698734167707332, -0.6043399927387056, 0.01717945333994529, -0.8144282753407769, 2.5073445085994286, -0.3697755883463122, -0.04613074339323766, -0.16163479414065834, 0.23284679051535806, -0.02961843188409856, 0.2653259032216265, -0.27542908144571243, -0.3683340630260129, -0.3822924108342735, -0.44199214261542263, 0.3581940530678074, -0.5753126965379014, -0.6563137255116047, 1.0796835064499537, -0.24083689492759647, 0.9529795534265225, -0.112623571587923, -0.7219842572236524, 0.2585275264851149, -0.0767026290317409, 0.1273697998772071, -0.4480651646371619, -1.2152446104855592, -0.5986101963220702, -1.0284701565396497, -0.4497039807851084, -0.0929141773003268, -0.36948024761519577, -0.48656583430156763, 0.4179887008459736, -0.988506240349819, 0.6724901243924115, -0.2986465155898943, 0.16033116294151456, -0.3695962851619114, -0.4705256555651983, -0.06621334496521983], "mirnas": ["miR-106b-3p", "miR-17", "miR-328", "miR-10a-5p", "miR-143", "miR-425-3p", "let-7b-3p", "miR-204", "miR-2110", "miR-766", "miR-505-3p", "miR-331-3p", "miR-130b-3p", "miR-423", "miR-30e-5p", "miR-133a-3p", "miR-30a-5p", "miR-339", "miR-200a-3p", "miR-629-5p", "miR-584", "miR-155", "miR-28", "miR-421", "miR-182", "miR-361-3p", "miR-199a-5p", "miR-497", "miR-335", "let-7e", "miR-95", "miR-574", "miR-99b", "miR-501", "miR-33a-5p", "miR-20b-5p", "miR-28-5p", "miR-409", "miR-200c-3p", "miR-223-5p", "miR-22-5p", "miR-30e", "miR-495-3p", "miR-382-5p", "miR-195", "miR-127", "miR-339-5p", "miR-146b-5p", "miR-145", "miR-1-3p", "miR-374b-5p", "miR-93-3p", "miR-197", "miR-326-3p", "miR-139-5p", "miR-543-3p", "miR-374a-5p"], "p-values": {"Zaporozhchenko2018": [0.18305399768879982, 0.13038255915216934, 0.8650730850170135, 0.17376445407041305, 0.13415426210436582, 0.07506264763209879, 0.9204298058256316, 0.6758629498722021, 0.5330378802338539, 0.3214316761051813, 0.09060627977436055, 0.22558309143294347, 0.055126845701456414, 0.21872496958324927, 0.2279960083966268, 0.9784325187275638, 0.21363319283497084, 0.07069487329493576, 0.2895632460124112, 0.47819613277331385, 0.021218219904785014, 0.5827082590727439, 0.010729576204559733, 0.10877965485031568, 0.10444278431863852, 0.30127088554063897, 0.33791324633359043, 0.19521282069762297, 0.46641609306165943, 0.12367018387882153, 0.33409057294453537, 0.15224376616419194, 0.25973680322724324, 0.6655357289861124, 0.14170816239830056, 0.2350419117656164, 0.655485269502089, 0.8861740287753506, 0.6920406413084034, 0.46918712562912923, 0.1488506846701461, 0.616980587375813, 0.5839290965019612, 0.6057532862692424, 0.636269724437826, 0.9465325984583328, 0.7676024103564543, 0.8117200335681058, 0.07081667603470976, 0.9700176170386889, 0.14026642043389936, 0.334794221848962, 0.7765300454877593, 0.2884597687407211, 0.6488361550088872, 0.0921409705224856, 0.046449838486790115], "Yao2019": [0.7291897974008508, 0.7023734467685613, 0.6736641931707407, 0.4562125755991925, 0.20598640905563484, 0.8926415443885303, 0.26724379482368754, 0.9402734944737627, 0.02993971179155853, 0.7169147882646278, 0.0779861994092299, 0.6305397456543611, 0.8029576347121274, 0.7863218506287631, 0.19679977155377495, 0.06177900558772159, 0.11731299423505932, 0.9455192958093097, 0.5007006017890692, 0.2870100557878126, 0.1799466151473004, 0.88595739387426, 0.27948432256781164, 0.6623275470749288, 0.9546182049948064, 0.49529211460211975, 0.4494655355309356, 0.6300797451671525, 0.43534640042171446, 0.4591882976834044, 0.6415105975749678, 0.14179686846788267, 0.19987388644237658, 0.05332498334758451, 0.7223860476940447, 0.05385809593399447, 0.7663745000749396, 0.17055813067143796, 0.5185470383678987, 0.8613202403157301, 0.6359093549765272, 0.02560152969783015, 0.04146981194752601, 0.06758300277572982, 0.3033022083198273, 0.43259191699940513, 0.8162112801864891, 0.05172914741449392, 0.4409898018517432, 0.6228432439979469, 0.2100438309088816, 0.021838589200116366, 0.5140559765583498, 0.6878662272898299, 0.4539834168845214, 0.4192760878993421, 0.9174396922805873]}}