{"corr": 0.010911677140622753, "p-value": 0.9011751817711007, "slope": 0.022918421949240767, "intercept": 0.31812289184641457, "Zaporozhchenko2018": [-0.36229253133664174, -0.12815537064366703, -0.7992707554944971, -0.19658131938509432, -0.03717074224319873, -0.09699769243272874, 0.26426387404569557, -0.3572401745179005, -0.3414214877849804, -0.135828274926842, -0.17129762767582304, 1.0162031352408216, -0.016310859191843212, -0.2864153656268972, -0.32793213544416205, -0.08731750004166391, -0.137685090637996, -0.11947151723364399, -0.09535810442814677, -0.0408694872967378, -0.2411991014960414, -0.14293659251628726, -0.36006778795384664, -0.16477967450217135, 0.37049674084190587, -0.10270356552257134, 0.6248184928591878, -0.21085883098619063, -0.0025732925030067886, -0.10584020243911332, -0.027493730595300934, -0.10787657760398421, -0.06984832173712341, -0.15100341739811235, -0.2481646780686386, -0.2163059933857679, -0.10339765568219589, -0.13674999747246305, 0.02693195552442752, -0.07314972028165344, -0.1391534596512059, -0.12575989047442587, -0.44943921241362095, -0.19784982075910532, -0.17745176161709006, -0.33976566556101007, -0.11496140591371326, 1.460298808891361, 0.26966217640559015, -0.03926389683797071, 0.33736324538213, -0.07052960634169138, -0.11542011869278426, -0.11993761035023201, 0.12550132156222538, -0.08554770496784952, -0.3405108027588286, 0.1345789359082203, 0.6061513659805255, -0.07196677148059163, -0.18328802947688, 0.05640494153688856, -0.2682840984552235, -0.04287552611005796, -0.09283681083332274, -0.08968761275370013, 1.1574140294050013, -0.1729242745648666, 0.6655318569256128, -0.5421671921990585, -0.0644610912695016, -0.1108185982851896, -0.13068500289463736, -0.1739064311963226, -0.21175326739062977, -0.3156267117393194, -0.2219745091054185, -0.30583908428587736, -0.18433253046360587, -0.24614110949510726, -0.614139898840027, -0.32198102651852806, -0.18560238362513248, -0.27840681564095027, -0.02767643367090276, -0.13579005901600572, -0.26869867639010775, -0.20607226396818712, -0.09734005250719296, -0.17404834798998917, -0.42447831033856087, -0.0571702577435708, -0.1709783755672062, 0.35097858906653223, 0.5115624835919244, -0.3349046117880159, -0.03931299192088916, -0.03764841730423339, -0.292993364292114, -0.3018168504173626, -0.2559044842385271, -0.1318243433562145, -0.19276698024599573, 0.22427113027953327, -0.12255947368258988, -0.06364445858089558, 0.5405723067556512, -0.038693187044469626, 0.7667949758222175, -0.06028569943804654, -0.2664300066809093, -0.07593377906331181, -0.38998899116241054, -0.32204794452158525, -0.2453740329929427, -0.2911630988212951, -0.10219621104624882, -0.4084057094705431, -0.16655106232241157, -0.1679847039599888, -0.23925600050211443, -0.18445801563981018, -0.4760003641187034, -0.3059700985393081, -0.3858550332783022, -0.15154789938319713, -0.13847589199079813, -0.1887598429415946, -0.0023539534820925384, -0.3255404770791487, -0.24200173301983616, -0.36691387484076243], "Keller2009": [0.9290410091627066, 0.7273380244320233, 0.5363058907866476, 0.41602984962378475, -1.176313823364259, 0.5886062597055319, 1.414212020058672, 0.42721048032977493, -0.5187693655625054, 1.429426486563044, 0.14127137903086562, 0.3663737416746181, 0.11299081260803163, 1.3130544002666245, 0.7761797252147781, -0.08660144892071389, 0.2814143406535963, -0.9226661948582056, 0.7164600047320605, 0.18143347329684018, 0.21131394791720712, 0.4295180979679265, 0.8791359355203336, 0.5524094527959851, 0.8545312463752119, -0.4047317299565547, -0.1695087510478534, 1.3452037353247774, -1.0150667293331401, 0.8065343593520952, 0.45888335574291117, -0.28634618657698485, 0.5619938052267613, 1.0958722462672934, -0.1259619544896305, 0.8450316565043506, -0.00449042352514001, 0.532366954414182, 0.10491066064346652, -0.6646053864243324, 0.1487739061185287, 0.3870889026114767, 0.642229281120229, 0.5464217797881344, 0.6388489837373221, 0.6650522672686947, -1.2844130085508354, 0.9576203178652201, 0.4004315771869327, 0.5802515495018068, 1.183586402686131, -1.6431993240231828, -0.40884837462074797, -0.6037660172614172, -0.8314020445069906, -0.36260099722854044, 1.1838047363447963, 0.32863207215470785, -0.6752892796470258, 0.23576252625311173, 1.057881150556356, 0.42268247940020287, 0.7081352116387228, 0.26159236119288265, -0.10833566266000288, 0.36249721640122445, 0.7012118689841134, 0.42286977529606307, 1.10824836074889, 0.6968502251639732, 0.5607969381968871, 0.35158285317833393, 0.30825621977370044, 1.0244384180677462, 0.8034502047583929, -0.7065911399983686, -0.17462482577834865, 0.47277328863915635, 0.5439606535766823, -0.6832619270030653, 0.5799534268975348, 0.5869662971075018, -0.038298886280106526, 0.27178835182483796, 0.30518273319421574, 0.32624085004753617, 0.4122331609865364, -0.5871895300379961, 0.49217890439533796, -0.5257991704895928, 0.759803457798874, -0.9142694706108427, -0.21265961824523685, 1.1237193737661477, 0.21699691021753903, 1.5744671294295753, -0.7075176548538484, 0.7830103436167309, 0.0029814645479113128, -0.5833326989613049, 0.34898130955921325, 1.0608543617089108, 0.33991175792122885, 0.6023023755129582, -0.8480671296313423, -1.3432877884040257, 1.1081975642134685, 0.3699978717656026, 0.704692131920286, 0.0931860707635975, 0.4025669575803913, -0.03239873932428348, 0.9127531121994786, 0.3238180587235588, 1.2542166522793192, -0.49387958923855, 0.7763856791762189, 0.2660742665060123, 0.8763832383508874, 0.5148594108658064, 1.220399080841325, 0.24521373443907135, 0.6357661074682466, 0.7184661684967191, 0.6844082077537793, -0.8752894778772645, 1.411120971480699, 0.7240119403265121, -0.22113737780523074, 0.8511668445200575, 0.3747330285166654, 0.9445415687847225], "mirnas": ["miR-145", "miR-374b-5p", "miR-182", "miR-221", "miR-126-3p", "miR-30c", "miR-339-5p", "miR-425-5p", "let-7e", "miR-93-3p", "miR-10a-5p", "miR-326-3p", "miR-30e", "miR-222-3p", "miR-19b-3p", "miR-133b-3p", "miR-21-5p", "let-7g", "miR-423", "miR-574", "miR-152-3p", "miR-185-5p", "let-7d-3p", "miR-27b", "miR-199a-5p", "miR-26a", "miR-29b-5p", "miR-29b", "let-7a", "miR-421", "miR-500-5p", "miR-103a", "miR-181a", "miR-18a-3p", "miR-374a-5p", "miR-130b-3p", "miR-424", "miR-194a-5p", "let-7b-3p", "miR-20", "miR-191-5p", "miR-133a-3p", "miR-425-3p", "miR-18b-5p", "miR-28b", "miR-130a", "let-7f", "miR-106b-3p", "miR-197", "miR-10b-5p", "miR-28-5p", "let-7d", "miR-363-3p", "miR-26b", "let-7b", "miR-144-3p", "miR-30e", "miR-296-5p", "miR-885-5p", "miR-320a", "miR-128", "miR-144", "miR-192", "miR-335", "miR-301a", "miR-125b", "miR-331-3p", "miR-142-5p", "miR-361-3p", "miR-27a", "miR-99b", "miR-30a-5p", "miR-106b", "miR-24-3p", "miR-151-3p", "miR-15b", "miR-320b", "miR-652-3p", "miR-99a", "miR-451a", "miR-584", "miR-186", "miR-107-3p", "miR-16-2-3p", "miR-150-5p", "miR-342-3p", "miR-30e-5p", "miR-16", "miR-30b", "miR-223a-3p", "miR-215-5p", "miR-15a", "miR-93", "miR-502a-3p", "miR-365", "miR-19a", "miR-195", "miR-125a", "miR-28", "miR-17", "miR-532-3p", "miR-339", "miR-148a", "miR-409", "miR-497", "let-7i", "miR-501", "miR-484", "miR-766", "miR-101-2", "miR-660", "miR-92a", "miR-423", "miR-143", "miR-29c", "miR-20b-5p", "miR-629-5p", "miR-146a", "miR-148b-3p", "miR-18", "miR-29a", "miR-23a", "miR-328", "miR-532", "miR-505-3p", "miR-106a-5p", "miR-210", "miR-25", "miR-486-5p", "miR-140-3p", "miR-22-5p", "miR-22"],