{"corr": 0.14816790515041736, "p-value": 0.068496615901365, "slope": 0.5367951511121106, "intercept": -0.8980496247487842, "Zaporozhchenko2018": [-0.36229253133664174, -0.12815537064366703, -0.19658131938509432, 0.34564839675046066, -0.03717074224319873, -0.09699769243272874, 0.26426387404569557, -0.3572401745179005, -0.3414214877849804, -0.135828274926842, -0.46592704390637696, -0.17129762767582304, -0.016310859191843212, -0.2864153656268972, -0.32793213544416205, -0.08731750004166391, -0.137685090637996, -0.11947151723364399, -0.09535810442814677, 0.19738486893859164, 0.9728739135180056, -0.0408694872967378, 0.7628900310453288, -0.2411991014960414, -0.14293659251628726, -0.36006778795384664, -0.16477967450217135, 0.37049674084190587, -0.10270356552257134, 0.03365189817977296, -0.13305907317601984, 0.6335041254772776, 0.6248184928591878, -0.21085883098619063, -0.0025732925030067886, -0.35847345311918544, -0.10584020243911332, -0.10787657760398421, -0.027493730595300934, -0.06984832173712341, -0.2481646780686386, -0.2163059933857679, -0.025485518946363972, -0.10339765568219589, -0.13674999747246305, 0.02693195552442752, -0.07314972028165344, -0.1391534596512059, -0.12575989047442587, -0.19784982075910532, -0.17745176161709006, -0.33976566556101007, -0.11496140591371326, 1.460298808891361, 0.26966217640559015, 0.33736324538213, -0.07052960634169138, -0.11542011869278426, -0.11993761035023201, 0.12550132156222538, -0.08554770496784952, -0.3405108027588286, 0.1345789359082203, -0.11090403789963788, -0.2689532956078421, 0.6061513659805255, 0.36534739884691014, -0.07196677148059163, -0.18328802947688, 0.05640494153688856, -0.2682840984552235, -0.04287552611005796, -0.09283681083332274, -0.08968761275370013, 1.1574140294050013, -0.1729242745648666, -0.05988940043437789, 0.6655318569256128, -0.5421671921990585, -0.0644610912695016, 0.08173819344550634, -0.1108185982851896, -0.13068500289463736, 0.3734709033620841, -0.1739064311963226, -0.21175326739062977, -0.3156267117393194, -0.2219745091054185, -0.30583908428587736, -0.18433253046360587, -0.24614110949510726, -0.614139898840027, -0.32198102651852806, 0.5010155313127507, -0.18560238362513248, -0.27840681564095027, -0.02767643367090276, -0.1342183990979763, -0.13579005901600572, -0.26869867639010775, -0.20607226396818712, -0.09734005250719296, -0.42447831033856087, -0.0571702577435708, -0.21794463515451745, -0.20195214689431468, -0.1709783755672062, 0.35097858906653223, -0.058249176387395823, 0.74622349684598, 0.5115624835919244, -0.3349046117880159, 0.3068743601685481, 0.02197508136930686, -0.03931299192088916, -0.03764841730423339, -0.292993364292114, -0.3018168504173626, -0.2559044842385271, -0.1660129188909397, 1.1718608994355104, -0.19276698024599573, -0.22820755842703982, -0.2447006903510107, -0.06364445858089558, 0.22427113027953327, -0.038693187044469626, 0.7667949758222175, -0.3566949558178445, -0.06028569943804654, -0.2664300066809093, -0.07593377906331181, -0.38998899116241054, -0.2453740329929427, 0.7932585584841143, -0.2911630988212951, -0.10219621104624882, -0.4084057094705431, -0.16655106232241157, -0.1679847039599888, -0.23925600050211443, 0.9293183835345812, -0.18445801563981018, -0.4760003641187034, -0.15154789938319713, -0.13847589199079813, 0.2956108806077382, -0.1887598429415946, -0.0023539534820925384, -0.3255404770791487, -0.24200173301983616, -0.36691387484076243], "Patnaik2012": [0.989161649553719, -2.1796003892267413, -0.5441882122477084, 0.043415186080730056, -2.6193075576223817, 0.19544318452312703, 1.5101047700749333, -1.5721852560337188, -0.29542638586403747, -0.7505737786691771, 0.04884092344325725, 0.6083978995535676, 0.09038269854517642, -0.22191380519953274, -1.068350457404267, 0.49699949431032997, -1.656845398533065, -2.56071269446172, -1.5906723245769583, 0.20269790632336326, -0.6837289473901055, 0.03900809800306025, 1.1195040651051222, 0.22868989735669037, -1.4977720889130701, 1.2012112243909754, 0.03164032534908441, 0.5866333564848664, -1.6972173634691154, -0.16625579989058306, 0.45354065842470825, -0.38284138105522714, -1.9029713328676974, -2.0347068215074486, -2.6267364818069714, -0.03827859630457278, 0.08601800163415357, -1.9706034810830062, -1.0019332215150345, -2.6985928292418166, -1.7505192885027734, -1.735142901777141, 0.407650494280417, 0.19576651766679867, -1.111977484529549, 0.23513280086966104, -3.1625844289408542, -1.211256799600061, 0.6629148275602064, -4.3983904126613265, -0.24337502452767135, -1.9410290853015042, -2.410412206412005, -1.8649806142202803, -0.7823502111120053, -1.4243394292125071, -2.2564020294352005, -1.1393583922007418, -1.8798769291155581, -2.555683826022667, -2.2917646051468883, -1.4991344556910509, 0.030537775023874426, -0.7505699553094349, 0.5131572413337104, -0.4974097563726694, 1.415101677370826, -2.6031268535758674, 0.13338577296480844, -2.773613060154179, -0.4789057009541882, -0.3587719136594065, -2.4450376852640967, -0.11535269968843935, 0.42563864397070794, -1.464583529769194, 0.32987231663830086, -0.28869242674375034, 0.7526608799910091, -0.09616108663881293, 0.018733953641933258, -1.1818221296246851, -2.684393906141107, 0.30357773116538256, -1.6971384810480252, -0.08861792284770267, -0.8379673132961538, -2.542966411268324, -2.6969619644556904, 0.4795978677736725, -1.3062856185459881, -2.3136840718401643, -0.8331043606338178, 0.04909316292146377, -2.0079965980093464, -3.216246688723695, -0.5156890730318113, -0.9004529796302099, -1.1242016558027759, -0.6882587980284426, -2.7640035300342234, -0.3096333463069586, 0.00022626769978276005, -3.178563140213198, -0.7098066401860336, 0.08225983484447738, -2.865737315509648, -1.5245716325397343, 0.5184594446363762, 0.5998647950181246, -0.15911189830237876, -0.6917696184254251, 0.29096367551110347, -1.7462372601668361, -3.0251856444841834, -0.13404729190247391, -0.07741641937426164, -2.8000362498652978, -0.9327235424139902, 0.8932473282296607, -1.8570910029681422, -0.5927331386615016, 0.6873469544456725, 0.693720892113061, -3.907108295004087, -0.25169520232905174, -0.12063748694450549, -0.4927296037435862, -0.4265522217664543, -2.247359805970013, -1.6414311824926238, -0.4190736767788147, 0.6679800623794583, -0.8408328126470345, -0.07945760128733295, -3.992850587478812, -1.4432213212086755, -1.765264086321384, -0.6253004738290675, -3.93156238393484, -0.9526676727811281, -0.0004024997896807345, -0.08220316790663773, 0.33383980667310365, -3.1501769689373047, -2.185205523157543, 0.13172647013021643, -1.0004337625474016, -0.28344907257553026, -0.5596703562036159, -0.44727713450080686, -2.305849124417183],