{"corr": 0.1665284151143919, "p-value": 0.10676299941231801, "slope": 0.21099397227201414, "intercept": -0.32574822109759344, "Zaporozhchenko2018": [-0.36229253133664174, -0.12815537064366703, -0.7992707554944971, -0.03717074224319873, -0.09699769243272874, 0.26426387404569557, -0.3572401745179005, -0.3414214877849804, -0.135828274926842, 1.0162031352408216, -0.2864153656268972, -0.137685090637996, -0.11947151723364399, -0.09535810442814677, -0.0408694872967378, -0.36006778795384664, 0.37049674084190587, -0.10270356552257134, 0.03365189817977296, -0.21085883098619063, -0.0025732925030067886, -0.10584020243911332, -0.027493730595300934, -0.10787657760398421, -0.06984832173712341, -0.15100341739811235, -0.21861793449567585, -0.2481646780686386, -0.2163059933857679, -0.07314972028165344, -0.17745176161709006, -0.11496140591371326, 0.26966217640559015, -0.07052960634169138, -0.11542011869278426, -0.11993761035023201, 0.12550132156222538, -0.11090403789963788, -0.07196677148059163, -0.18328802947688, -0.2682840984552235, -0.08968761275370013, 1.1574140294050013, 0.6655318569256128, -0.5421671921990585, -0.1108185982851896, -0.13068500289463736, -0.1739064311963226, 0.505394259201926, -0.21175326739062977, -0.30583908428587736, -0.24614110949510726, -0.32198102651852806, -0.18560238362513248, -0.02767643367090276, -0.12306722256579948, -0.17404834798998917, -0.42447831033856087, -0.0571702577435708, -0.1709783755672062, 0.35097858906653223, -0.08017376676472202, -0.3349046117880159, 0.3068743601685481, -0.03931299192088916, -0.03764841730423339, -0.3018168504173626, -0.2559044842385271, -0.1318243433562145, -0.19276698024599573, -0.2447006903510107, -0.22820755842703982, -0.12255947368258988, -0.06364445858089558, 0.7667949758222175, -0.06028569943804654, -0.2664300066809093, -0.07593377906331181, -0.38998899116241054, -0.2453740329929427, -0.2911630988212951, -0.10219621104624882, -0.16655106232241157, -0.1679847039599888, -0.23925600050211443, -0.18445801563981018, -0.4760003641187034, -0.15154789938319713, -0.23791729358482464, -0.1887598429415946, -0.3405108027588286, -0.3255404770791487, -0.33976566556101007, 0.07809673191072156, -0.36691387484076243], "Leidinger2016": [-0.20677771247005428, -1.0132504403521794, -0.33023218748393957, -0.7658144536866222, -0.0324677752973348, -0.04649045769267311, -0.20048021936199154, -0.3601431401307205, -0.05297157933312852, 0.46980929343584876, -0.16171873294626277, -0.7949947446444529, -0.5694478542899493, -0.20247982181547972, -0.22248370751648155, -0.5639550636330402, -0.08148711939293017, -0.4097797321338592, -0.09209221688684552, -0.7788223053693519, -0.38055369072893375, -0.26499667217069645, -0.12303132371523892, -0.32058979707357216, -0.6778307611737908, -0.0490936216197909, -0.11710749207447768, -0.9573437004916578, -0.24449869034582164, -0.5298354076397427, -0.2316317978715377, -0.5132913179545168, -0.20493989239429927, -0.4174790671044689, -0.4606014476066129, -0.8874951598322174, -0.263791586773239, -1.3617181069940294, -0.04519332383820402, -0.08140180888812118, -0.2711235320861594, 0.07514181341187487, -0.0971976589810212, -0.05608630813860595, -0.544821213116931, -0.21887714453018947, -0.5257891240874264, -0.26119640895766616, -0.24566447819397993, -0.23137632863035745, -0.17656272238667775, -0.278635507436799, -0.07952671068100874, -0.5528391582635195, -0.037795519440803, -0.17018335888071984, -0.23466547441212, 1.161470044535645, -0.7742527506466264, -0.4100320252002111, -0.1897214758420414, -0.2738620434312675, -0.7290265778856173, -0.39805949939733687, -0.9244474760983626, -0.11247923144982347, -0.3957896957695818, -0.09951086630741177, -0.0887432162230929, -0.5723968987658816, 0.3503474048209183, -1.016349635406938, -1.101423333399474, -0.4589081675741122, -0.10670457028620209, -1.2341194154997646, -0.5821549012079201, -0.08345603316689384, -0.1781454714664506, -0.48986222385613737, -0.4578222684840709, -0.5552108318945415, -0.36009972012585256, -0.9242542910505119, -0.003171513214441997, -0.8359007414220272, -0.08777367619888415, -0.375716611981568, -0.1924028091354824, -0.10813197092822238, -0.8497429695693562, -0.11210776861922758, -0.39470763866144654, -0.4137935592637143, -0.2430795029980864], "mirnas": ["miR-145", "miR-374b-5p", "miR-182", "miR-126-3p", "miR-30c", "miR-339-5p", "miR-425-5p", "let-7e", "miR-93-3p", "miR-326-3p", "miR-222-3p", "miR-21-5p", "let-7g", "miR-423", "miR-574", "let-7d-3p", "miR-199a-5p", "miR-26a", "miR-132a-3p", "miR-29b", "let-7a", "miR-421", "miR-500-5p", "miR-103a", "miR-181a", "miR-18a-3p", "miR-324-3p", "miR-374a-5p", "miR-130b-3p", "miR-20", "miR-28b", "let-7f", "miR-197", "let-7d", "miR-363-3p", "miR-26b", "let-7b", "miR-32-5p", "miR-320a", "miR-128", "miR-192", "miR-125b", "miR-331-3p", "miR-361-3p", "miR-27a", "miR-30a-5p", "miR-106b", "miR-24-3p", "miR-324", "miR-151-3p", "miR-652-3p", "miR-451a", "miR-186", "miR-107-3p", "miR-150-5p", "miR-139-5p", "miR-223a-3p", "miR-215-5p", "miR-15a", "miR-93", "miR-502a-3p", "miR-378", "miR-19a", "miR-376a-3p", "miR-195", "miR-125a", "miR-17", "miR-532-3p", "miR-339", "miR-148a", "miR-205-5p", "miR-199a-3p", "miR-497", "let-7i", "miR-766", "miR-101-2", "miR-660", "miR-92a", "miR-423", "miR-29c", "miR-20b-5p", "miR-629-5p", "miR-148b-3p", "miR-18", "miR-29a", "miR-23a", "miR-328", "miR-106a-5p", "miR-23b-3p", "miR-25", "miR-30e", "miR-140-3p", "miR-130a", "miR-146b-5p", "miR-22"], "p-values": {"Zaporozhchenko2018": [0.19153556898628357, 0.6825858483321796, 0.26367971408290225, 0.6018164151804002, 0.4516146173319827, 0.7099115202828036, 0.19287505106361127, 0.39868822310950724, 0.8166108849285042, 0.06931755034459465, 0.20561320433238145, 0.3204193347776315, 0.34262655078724613, 0.4597522267246287, 0.9105551236611084, 0.359802658309589, 0.45428512713196156, 0.39485570117233726, 0.9453681892520396, 0.2625818049999019, 0.9785759201585655, 0.8151217631045667, 0.969508779596749, 0.3283909724393447, 0.4997588340317456, 0.7591733062594148, 0.48932050108696257, 0.32562879162046343, 0.5443321458574001, 0.4872730922332382, 0.19210828051634268, 0.31992358250338254, 0.49536259732716204, 0.5353442245428606, 0.6119382230750501, 0.3909832227651283, 0.6183035546038467, 0.5049230548710237, 0.5825737111306797, 0.23983984547225123, 0.19818819118801, 0.3446965502553019, 0.13731956948966478, 0.2679421285647692, 0.20962654148285442, 0.7359577081541169, 0.4288200961337131, 0.21873094440218757, 0.43761572815351335, 0.5327066941467253, 0.2541856674007752, 0.3401388724247719, 0.18783597037615332, 0.2558998872400311, 0.7860658764860629, 0.6372622199954528, 0.07305249930361893, 0.14852904995960464, 0.6332966421641428, 0.34849839011043293, 0.5583762893945589, 0.5150463166095995, 0.05527463741244092, 0.6602357346982018, 0.9055849693681646, 0.9049183184521382, 0.2845681875143402, 0.5482143573882785, 0.6894883134083367, 0.27073729496142707, 0.14454607427313626, 0.1409033040171343, 0.7010542076758661, 0.6779271276093521, 0.08334821462880013, 0.5233564132565518, 0.22427701173464032, 0.5209141277892156, 0.3182168400028489, 0.26014818677682733, 0.5110500375882323, 0.47819613277331374, 0.2606855247390358, 0.5537701111634387, 0.18063508080941096, 0.13725754102302296, 0.4422243245782582, 0.3042152370195237, 0.23621859202902235, 0.3299817323151599, 0.16738164306643294, 0.1772348017757339, 0.2409572612668271, 0.8225646694976125, 0.19077975368251984],