{"corr": 0.17580553848221972, "p-value": 0.049864847453419445, "slope": 0.24159784752472982, "intercept": 0.05634538841234178, "Zaporozhchenko2018": [-0.36229253133664174, -0.19658131938509432, 0.34564839675046066, -0.03717074224319873, -0.09699769243272874, 0.26426387404569557, -0.3572401745179005, -0.17129762767582304, -0.016310859191843212, -0.2864153656268972, -0.32793213544416205, -0.08731750004166391, -0.137685090637996, 0.9728739135180056, -0.09535810442814677, 0.19738486893859164, -0.0408694872967378, 0.7628900310453288, -0.2411991014960414, -0.14293659251628726, -0.16477967450217135, 0.37049674084190587, -0.10270356552257134, 0.03365189817977296, -0.13305907317601984, 0.6335041254772776, -0.21085883098619063, -0.0025732925030067886, -0.06984832173712341, -0.2481646780686386, -0.2163059933857679, -0.025485518946363972, -0.10339765568219589, -0.13674999747246305, -0.07314972028165344, -0.1391534596512059, -0.12575989047442587, -0.19784982075910532, -0.17745176161709006, -0.11496140591371326, 0.26966217640559015, -0.03926389683797071, 0.33736324538213, -0.11993761035023201, -0.08554770496784952, 0.1345789359082203, -0.11090403789963788, -0.2689532956078421, 0.6061513659805255, 0.36534739884691014, -0.07196677148059163, -0.18328802947688, -0.2682840984552235, 0.6276435357837735, -0.04287552611005796, -0.09283681083332274, -0.08968761275370013, 1.1574140294050013, -0.1729242745648666, -0.5421671921990585, -0.0644610912695016, -0.1108185982851896, -0.13068500289463736, -0.1739064311963226, 0.505394259201926, -0.21175326739062977, -0.3156267117393194, -0.2219745091054185, -0.30583908428587736, -0.18433253046360587, -0.32198102651852806, 0.5010155313127507, -0.18560238362513248, -0.13579005901600572, -0.02767643367090276, -0.26869867639010775, -0.12306722256579948, -0.20607226396818712, -0.09734005250719296, -0.17404834798998917, -0.42447831033856087, -0.20195214689431468, 0.35097858906653223, 0.74622349684598, 0.5115624835919244, -0.3349046117880159, -0.024977203634672963, 0.3068743601685481, -0.03931299192088916, -0.03764841730423339, -0.292993364292114, -0.3018168504173626, -0.2559044842385271, -0.1318243433562145, -0.1660129188909397, -0.19276698024599573, -0.2447006903510107, -0.22820755842703982, 0.22427113027953327, -0.12255947368258988, -0.038693187044469626, -0.06028569943804654, -0.2664300066809093, -0.07593377906331181, -0.03321256795638135, -0.32204794452158525, -0.2453740329929427, -0.2911630988212951, -0.4084057094705431, -0.16655106232241157, -0.1679847039599888, -0.23925600050211443, 0.9293183835345812, -0.18445801563981018, -0.4760003641187034, -0.3059700985393081, -0.3858550332783022, -0.15154789938319713, -0.13847589199079813, -0.1887598429415946, -0.0023539534820925384, -0.3255404770791487, -0.33976566556101007, 0.07809673191072156, -0.36691387484076243], "Halvorsen2016": [-0.4361376397526117, -0.0979039470959592, -0.08813039890830716, 0.04769831866626663, 0.012799080910367298, 1.7157968811504756, -0.36775316038468236, 0.3354800987145543, -0.06045421433002647, 0.024899073917733, -0.1740882806085708, 1.1935076674529155, -0.04166991478588748, 0.24369349145238364, -0.03212854074583779, -0.1596464500203245, -0.17878007972761467, 0.45988781507990717, 0.1425134516880462, 0.43109864835391193, -0.15228015864851296, 0.591099987034476, 0.0762382081766961, 0.2833760297409308, -0.2182206096044806, -0.30027386088871305, 0.41894136006886906, 0.30075958801887204, 0.08617851127699075, 0.04574172769126021, -0.11003216016546441, -0.04904518526837988, 0.4074925663742077, 1.6213037133831063, -0.06895785972140031, 0.16416251511604502, -0.4011939340200078, 0.30296118044245324, -0.14864319124610798, -1.255598217810335, -0.17430506199500617, 0.019724113128724595, 0.07207916962471034, -0.08763697539756474, 0.0055935583774111685, 0.0012840128273479772, -0.06594002337926866, -0.31880503502699453, -0.09772564761244135, 0.675320624606363, 0.014737713664012154, 0.021811970150349663, 0.24782516509562807, 0.13844890758655787, -0.045167919761090136, -0.25184823425730535, -0.4935590525560385, -0.044410253850314066, 0.135968107578475, -0.0755848709804964, 0.036143058373533335, -0.12822383840467355, -0.1604806521602365, -0.1018410733411206, -0.2878001658463484, -0.3761422152207019, -0.09090537168535953, 0.11640219782841132, -0.20682526299720455, -0.18830606100649738, -0.3058704123030178, -0.07815888270897953, 0.4834366017819343, -0.011627093178179261, 0.1476131589780158, -0.10851126984682417, -0.047673519217719784, 0.02196204957172803, 0.07576103258051888, -0.23287451823547223, 0.17029653044109783, -0.07233956383445224, 1.1298628757943274, 1.3708669098094757, -0.017370730976968708, -0.09839394999310899, -0.07653922217285095, -0.2839772025798424, -0.029677243529991786, -0.153785228629287, -0.003766095565527967, -0.2376103577545218, -0.42288447238781773, -0.2031284348569281, -0.3370672634215526, 0.13833517218460167, 2.0187956883424487, -0.0005545669787113796, -0.22341737680514215, -0.30012036085374205, -0.050212897233577025, -0.20699629367683806, 0.014795008941689357, -0.02628912576645362, 0.0024649796702167137, 0.06553382551513914, 0.17508624462423175, -0.34412612714672297, 0.07457023147357111, 0.42555041310660374, 0.07849068222746826, -0.26283524511695644, 0.17805063387897813, 0.05074651295403332, 0.40796161801310227, -0.29388158923741375, 0.24677631945277617, -0.11643341092744436, 0.31477811767502556, -0.2212080880009773, -0.21885000250553152, -0.12073269463672961, 0.049576663105340674, -0.031491451464203325, -0.038442565861204765], "mirnas": ["miR-145", "miR-221", "miR-193b", "miR-126-3p", "miR-30c", "miR-339-5p", "miR-425-5p", "miR-10a-5p", "miR-30e", "miR-222-3p", "miR-19b-3p", "miR-133b-3p", "miR-21-5p", "miR-95", "miR-423", "miR-382-5p", "miR-574", "miR-141-3p", "miR-152-3p", "miR-185-5p", "miR-27b", "miR-199a-5p", "miR-26a", "miR-132a-3p", "miR-204", "miR-375-3p", "miR-29b", "let-7a", "miR-181a", "miR-374a-5p", "miR-130b-3p", "miR-142-3p", "miR-424", "miR-194a-5p", "miR-20", "miR-191-5p", "miR-133a-3p", "miR-18b-5p", "miR-28b", "let-7f", "miR-197", "miR-10b-5p", "miR-28-5p", "miR-26b", "miR-144-3p", "miR-296-5p", "miR-32-5p", "miR-34a", "miR-885-5p", "miR-1-3p", "miR-320a", "miR-128", "miR-192", "miR-200c-3p", "miR-335", "miR-301a", "miR-125b", "miR-331-3p", "miR-142-5p", "miR-27a", "miR-99b", "miR-30a-5p", "miR-106b", "miR-24-3p", "miR-324", "miR-151-3p", "miR-15b", "miR-320b", "miR-652-3p", "miR-99a", "miR-186", "miR-127", "miR-107-3p", "miR-342-3p", "miR-150-5p", "miR-30e-5p", "miR-139-5p", "miR-16", "miR-30b", "miR-223a-3p", "miR-215-5p", "miR-590", "miR-502a-3p", "miR-200a-3p", "miR-365", "miR-19a", "Unknown", "miR-376a-3p", "miR-195", "miR-125a", "miR-28", "miR-17", "miR-532-3p", "miR-339", "miR-122-5p", "miR-148a", "miR-205-5p", "miR-199a-3p", "miR-409", "miR-497", "miR-484", "miR-101-2", "miR-660", "miR-92a", "miR-155", "miR-143", "miR-29c", "miR-20b-5p", "miR-146a", "miR-148b-3p", "miR-18", "miR-29a", "miR-543-3p", "miR-23a", "miR-328", "miR-532", "miR-505-3p", "miR-106a-5p", "miR-210", "miR-25", "miR-486-5p", "miR-140-3p", "miR-130a", "miR-146b-5p", "miR-22"],