{"corr": 0.17024603062131685, "p-value": 0.03360266898680766, "slope": 0.14506778698626427, "intercept": -0.1289487972958811, "Zaporozhchenko2018": [-0.36229253133664174, -0.12815537064366703, -0.7992707554944971, -0.19658131938509432, 0.34564839675046066, -0.03717074224319873, -0.09699769243272874, 0.26426387404569557, -0.08276896661863875, -0.3572401745179005, -0.3414214877849804, -0.135828274926842, -0.17129762767582304, 1.0162031352408216, -0.016310859191843212, -0.2864153656268972, -0.32793213544416205, -0.08731750004166391, -0.137685090637996, -0.11947151723364399, -0.09535810442814677, 0.19738486893859164, -0.0408694872967378, -0.2411991014960414, -0.14293659251628726, -0.36006778795384664, -0.16477967450217135, 0.37049674084190587, -0.10270356552257134, 0.03365189817977296, -0.13305907317601984, -0.21085883098619063, -0.0025732925030067886, -0.10584020243911332, -0.027493730595300934, -0.10787657760398421, -0.06984832173712341, -0.15100341739811235, -0.21861793449567585, -0.2481646780686386, -0.2163059933857679, -0.025485518946363972, -0.10339765568219589, -0.13674999747246305, 0.02693195552442752, -0.07314972028165344, -0.1391534596512059, -0.12575989047442587, -0.44943921241362095, -0.19784982075910532, -0.17745176161709006, -0.33976566556101007, -0.11496140591371326, 0.26966217640559015, -0.03926389683797071, 0.33736324538213, -0.07052960634169138, -0.11542011869278426, -0.11993761035023201, 0.12550132156222538, -0.08554770496784952, -0.3405108027588286, 0.1345789359082203, -0.2689532956078421, 0.6061513659805255, -0.07196677148059163, -0.18328802947688, 0.05640494153688856, -0.2682840984552235, 0.6276435357837735, -0.04287552611005796, -0.09283681083332274, -0.08968761275370013, 1.1574140294050013, -0.1729242745648666, -0.05988940043437789, 0.6655318569256128, -0.5421671921990585, -0.0644610912695016, 0.08173819344550634, -0.1108185982851896, -0.13068500289463736, 0.3734709033620841, -0.1739064311963226, 0.505394259201926, -0.21175326739062977, -0.3156267117393194, -0.2219745091054185, -0.30583908428587736, -0.18433253046360587, -0.24614110949510726, -0.614139898840027, -0.32198102651852806, 0.5010155313127507, -0.18560238362513248, -0.27840681564095027, -0.02767643367090276, -0.1342183990979763, -0.13579005901600572, -0.26869867639010775, -0.12306722256579948, -0.20607226396818712, -0.09734005250719296, -0.17404834798998917, -0.42447831033856087, -0.0571702577435708, -0.21794463515451745, -0.20195214689431468, -0.1709783755672062, 0.35097858906653223, -0.08017376676472202, 0.5115624835919244, -0.3349046117880159, 0.3068743601685481, 0.02197508136930686, -0.03931299192088916, -0.03764841730423339, -0.3018168504173626, -0.2559044842385271, -0.1318243433562145, -0.1660129188909397, -0.19276698024599573, 0.22427113027953327, -0.22820755842703982, -0.12255947368258988, -0.06364445858089558, 0.5405723067556512, -0.038693187044469626, 0.7667949758222175, -0.3566949558178445, -0.06028569943804654, -0.2664300066809093, -0.07593377906331181, -0.03321256795638135, -0.38998899116241054, -0.2453740329929427, 0.7932585584841143, -0.2911630988212951, -0.10219621104624882, -0.4084057094705431, -0.16655106232241157, -0.1679847039599888, -0.23925600050211443, 0.9293183835345812, -0.18445801563981018, -0.4760003641187034, -0.3059700985393081, -0.3858550332783022, -0.23791729358482464, -0.13847589199079813, -0.1887598429415946, -0.0023539534820925384, -0.3255404770791487, -0.24200173301983616, 0.07809673191072156, -0.36691387484076243], "Fehlmann2020": [0.24907587185986738, -0.6784177422568736, -0.27870060529361906, -0.1238281233857997, 0.01335031078744145, -0.7380011506599324, -0.09476820959911597, -0.11731338641770331, -0.12150137131116232, -0.07003815292618931, -0.010109040873740805, -0.21850317963659438, -0.17403514894517885, 0.13116036641284906, -0.03270533911776796, -0.2251470420356917, -0.24182062290095757, 0.009833752363527098, -0.45661634546124413, -0.32993488969485174, 0.1344153597579834, -0.0819258429837029, 0.1396479733202763, -0.2941091178030524, -0.07805242436911655, 0.3020193622710091, -0.3916960990145274, -0.0035327767008326485, -0.289282627125758, -0.13426137331726734, 0.05447795570911003, -0.2399667510721899, -0.16968148710135336, -0.07663079946101334, -0.032877406763363815, -0.3123884968718454, 0.1960508648078932, -0.14644680055598563, 0.11898092107044088, -0.8196144039131157, -0.08654796146403351, -0.19537902172250587, -0.530380235931791, -0.15613217276590902, 0.008615438031860557, -0.507082967335142, 0.0381314473418587, 0.07706660943983729, 0.0709660632122852, -0.7324718827334543, -0.03745439190870094, -0.33544467528683886, -0.22403229035851543, 0.2385815631338029, 0.009428092031286316, -0.1522078382785515, -0.16069243089720595, -0.4293054413811465, -0.4616793438912933, -0.01162013318956854, -0.5712795208964605, -0.21559786703154857, 0.14543485264870332, -0.02453552654218135, 0.0505563354398198, 0.19665771707608698, -0.02482797666748278, -0.8773882144774481, -0.19751634843935778, -0.034781182525830213, -0.34464479198353526, -0.5933279924646824, 0.0582393750598347, 0.006715573178384679, -0.24131850366449104, -0.38795077451055526, 0.01997379165613549, -0.4493655517142549, 0.214314094414722, 0.17738657037871125, 0.21003002684838212, -0.43252746338313597, -0.06829568934726118, -0.10127192162653198, 0.08391090403595941, 0.08899952998408807, -0.15785039649185256, 0.2375644084548733, -0.04944974807957839, -0.11099137871168416, 0.02554232546848726, 0.1592413837325361, 0.036288919187918905, 0.05651219978271775, -0.28016829332032045, -0.19890245012610647, -0.013864833293301008, -0.37382398899397073, 0.008727742683998917, 0.16458426558424707, 0.18197765491755785, -0.3595138810163909, -0.25336718159561217, -0.08516465249218406, -0.20477614772913683, -0.6310207725410661, -0.6564240669476626, -0.6774202086255222, -0.330360401820014, 0.0475246081837091, 0.022937246893313668, 0.03914323658655275, -0.3981949871604548, -0.32198921955871224, -0.21875173478486482, -0.4653934845069978, 0.14592605864390776, -0.4863680976234657, 0.028590420131751344, 0.09670485141388876, 0.04390118333106141, -0.4545895334204626, 0.007269545191482648, -0.4334598295636576, -0.1457745180848087, -0.3307043897803874, 0.04028821526611616, 0.04384412600570543, 0.13433162716400743, -0.2568867596933049, -0.6837810673164268, -0.5184765476143441, 0.12988281467609042, -0.047781227146627886, 0.11801360065453442, -0.182014206136024, -0.1739863524434962, -0.4502223996499144, 0.0571511630632022, -0.07501412716889631, -0.19007931711940573, -0.7649611084203498, -0.06543872136549822, -0.014943681656067286, 0.051256780290828266, 0.1091340354463944, -0.22890024892639232, 0.2465471593645597, 0.03964267292157192, 0.0012542447270560617, -0.039941533748621916, 0.12950357598981693, 0.049037783329197504, -0.2200973944695603, -0.30146937867805235, 0.09409774706737263],