{"corr": -0.11428642276127507, "p-value": 0.14260489185613165, "slope": -0.12128794060820958, "intercept": 0.07571734200158033, "Zaporozhchenko2018": [-0.36229253133664174, -0.12815537064366703, -0.7992707554944971, -0.19658131938509432, 0.34564839675046066, -0.03717074224319873, -0.09699769243272874, 0.26426387404569557, -0.08276896661863875, -0.3572401745179005, -0.3414214877849804, -0.135828274926842, -0.46592704390637696, -0.17129762767582304, 1.0162031352408216, -0.016310859191843212, -0.2864153656268972, -0.32793213544416205, -0.08731750004166391, -0.137685090637996, -0.11947151723364399, -0.09535810442814677, 0.19738486893859164, 0.9728739135180056, -0.0408694872967378, 0.7628900310453288, -0.2411991014960414, -0.14293659251628726, -0.36006778795384664, -0.16477967450217135, 0.37049674084190587, -0.10270356552257134, 0.03365189817977296, -0.13305907317601984, 0.6335041254772776, 0.6248184928591878, -0.21085883098619063, -0.0025732925030067886, -0.35847345311918544, -0.10584020243911332, -0.10787657760398421, -0.027493730595300934, -0.06984832173712341, -0.15100341739811235, -0.2481646780686386, -0.2163059933857679, -0.025485518946363972, -0.10339765568219589, -0.13674999747246305, 0.02693195552442752, -0.07314972028165344, -0.1391534596512059, -0.12575989047442587, -0.44943921241362095, -0.19784982075910532, -0.17745176161709006, -0.33976566556101007, -0.11496140591371326, 1.460298808891361, 0.26966217640559015, -0.03926389683797071, 0.33736324538213, -0.07052960634169138, -0.11542011869278426, -0.11993761035023201, 0.12550132156222538, -0.08554770496784952, -0.3405108027588286, 0.1345789359082203, -0.11090403789963788, -0.2689532956078421, 0.6061513659805255, 0.36534739884691014, -0.07196677148059163, -0.18328802947688, 0.05640494153688856, -0.2682840984552235, 0.6276435357837735, -0.04287552611005796, -0.09283681083332274, -0.08968761275370013, 1.1574140294050013, -0.1729242745648666, -0.05988940043437789, 0.6655318569256128, -0.5421671921990585, -0.0644610912695016, -0.1108185982851896, -0.13068500289463736, 0.3734709033620841, -0.1739064311963226, -0.21175326739062977, -0.3156267117393194, -0.2219745091054185, -0.30583908428587736, -0.18433253046360587, -0.24614110949510726, -0.614139898840027, -0.32198102651852806, 0.5010155313127507, -0.18560238362513248, -0.27840681564095027, -0.02767643367090276, -0.1342183990979763, -0.13579005901600572, -0.26869867639010775, -0.20607226396818712, -0.09734005250719296, -0.17404834798998917, -0.42447831033856087, -0.0571702577435708, -0.21794463515451745, -0.20195214689431468, -0.1709783755672062, 0.35097858906653223, -0.058249176387395823, -0.5848261968576486, 0.74622349684598, 0.5115624835919244, -0.3349046117880159, 0.3068743601685481, 0.02197508136930686, -0.03931299192088916, -0.03764841730423339, -0.292993364292114, -0.3018168504173626, -0.2559044842385271, -0.1318243433562145, -0.1660129188909397, 1.1718608994355104, -0.19276698024599573, -0.22820755842703982, -0.2447006903510107, -0.06364445858089558, 0.22427113027953327, -0.12255947368258988, -0.038693187044469626, 0.5405723067556512, 0.7667949758222175, -0.3566949558178445, -0.06028569943804654, -0.2664300066809093, -0.07593377906331181, -0.38998899116241054, -0.32204794452158525, -0.2453740329929427, 0.7932585584841143, -0.2911630988212951, -0.10219621104624882, -0.4084057094705431, -0.16655106232241157, -0.1679847039599888, -0.23925600050211443, 0.9293183835345812, -0.18445801563981018, -0.4760003641187034, -0.3059700985393081, -0.3858550332783022, -0.15154789938319713, -0.13847589199079813, 0.2956108806077382, -0.1887598429415946, -0.0023539534820925384, -0.3255404770791487, -0.24200173301983616, -0.36691387484076243], "Leidinger2011": [0.7224657850986452, -0.2874868857297264, 0.14758355175169816, 0.3224267106531671, -0.15717621787156896, -0.2492787874374821, 0.1632465303084935, 0.1373774271413975, 0.22903211490918224, -0.012498311911422555, 0.8395603014773731, 0.3419750852758081, 0.067726716333178, -0.005245778859895543, 0.19038718374829633, 0.2582853915384331, -0.14601469038539938, 0.5803209961470173, -0.06285194745454598, 0.20641487640888154, 0.25795727236647714, 0.15893113938001918, 0.2637440348382083, 0.17146844016401774, 0.0017977063455490582, -0.5713007856655663, 0.36442379465411656, 0.24422996272445996, 0.9561439294867666, 0.21102489492222132, 0.7844306284479337, -0.16742317419159347, 0.28935135950832025, 0.36703116606698927, 0.28924667503520823, 0.13238541705432938, 0.036957622635233806, 0.1995728891554459, 0.2865050993697408, -0.2932268644664143, -0.9611072582421021, 0.29093615044024074, -0.253778292237531, 0.6468904415485139, -0.2628571358921026, -0.06829634146179168, 0.6288680238672093, 0.33504958964224396, 0.16216565984137699, 0.8279651881002721, -0.5405050283720914, 0.4236320159678061, 0.15073570819183937, 0.6291564016214919, -0.6609947392530198, -0.2238337938896953, 0.0859225732784012, 0.20846124976266453, -0.066391545179693, 0.3120114160735272, -0.08991929800895204, 0.24726859974124232, -0.35515713447859565, -0.0740583125243869, -0.2442585234034057, -0.10992641521660954, -0.5659123216161849, 0.09774291609737362, 0.34407318235062145, -0.5411735139046567, 0.22846586191646406, -0.022597812668179403, -0.2436390181524049, -0.28448584565956864, 0.2793078521807921, -0.5986916073090512, 0.4396090996584613, 0.1942088447542405, 0.14576840851738546, -0.12432351509574341, 0.4569856767654559, 0.4987973600876989, -0.08291356532002925, -0.07937789979029071, 0.49278834538448335, 0.2724313295175234, 0.44050004463743514, 0.3178980369164024, -0.846224432380494, 0.03690273767495168, -0.22250014543227722, 0.5743937574816621, 0.10877576446156348, -0.4604631591117838, -0.131019630139505, 0.46743863904400385, 0.02376094110249765, 0.93359623370509, 0.9950983777483294, -0.11837217764927926, -0.7106645807841663, 0.093426287859459, -0.016655428093524712, -0.4184978464940984, -0.27994151177372584, 0.20593134819039002, 0.14157423864499336, -0.15363791772058555, 0.430258107545845, 0.09462758476704508, 0.22976534090810824, 0.6513552580129611, -0.1146003585337369, -0.452400375766395, -0.043375832294538764, -0.28615952722532034, -0.03416388357545112, -0.5123873530829235, 0.19093580473520777, 0.11834384991278722, 0.07474192312128264, 0.06895837279104289, -0.3590479937457739, 0.7580196354094657, 0.3790687354621768, -0.5315578146882365, 0.06808282951942368, 0.06321161454341878, 0.30461067239073847, -0.3393873283184645, -0.15499733396143014, -0.0644560302379039, -0.1217371756630925, 0.20917697109515415, 0.010392179165309306, -0.10526064577375555, 0.19824818436609076, -0.2073467697311782, 0.03635885140015653, 0.38435310061419903, -0.356894428557553, -0.14099224454392428, 0.05664917568900473, 0.18292486081552373, 0.06680472727365425, 0.27901846310537526, 0.5952737358912001, -0.5515911641399809, 0.863499005661369, 0.18234242602408415, -0.3117583350589842, -0.6465159992520522, 0.5082415233536042, -0.07836107144333418, 0.4015359007377998, 1.247195546318986, -0.07460298464320078, 0.4416600010857914, -0.6350538228554357, -0.08219409340207001, -0.5284021930161829, 0.3028817779277943, -0.16734708344076216, 0.10741790182626451, 0.42352401536553574, 0.2340468565294953],