{"corr": 0.07725738982555219, "p-value": 0.3300044345700458, "slope": 0.2257088836561808, "intercept": 0.20069511226439704, "Zaporozhchenko2018": [-0.36229253133664174, -0.7992707554944971, -0.19658131938509432, 0.34564839675046066, -0.03717074224319873, -0.09699769243272874, 0.26426387404569557, -0.3572401745179005, -0.3414214877849804, -0.135828274926842, -0.46592704390637696, -0.17129762767582304, 1.0162031352408216, -0.016310859191843212, -0.2864153656268972, -0.32793213544416205, -0.137685090637996, -0.11947151723364399, 0.9728739135180056, 0.19738486893859164, -0.0408694872967378, 0.7628900310453288, -0.2411991014960414, -0.14293659251628726, -0.36006778795384664, -0.16477967450217135, 0.37049674084190587, -0.10270356552257134, 0.03365189817977296, -0.13305907317601984, 0.6335041254772776, 0.6248184928591878, -0.21085883098619063, -0.0025732925030067886, -0.35847345311918544, -0.10584020243911332, -0.027493730595300934, -0.06984832173712341, -0.15100341739811235, -0.21861793449567585, -0.2481646780686386, -0.2163059933857679, -0.025485518946363972, -0.10339765568219589, -0.13674999747246305, 0.02693195552442752, -0.07314972028165344, -0.1391534596512059, -0.12575989047442587, -0.44943921241362095, -0.19784982075910532, -0.17745176161709006, -0.33976566556101007, -0.11496140591371326, 1.460298808891361, 0.26966217640559015, -0.03926389683797071, 0.33736324538213, -0.07052960634169138, -0.11542011869278426, -0.11993761035023201, 0.12550132156222538, -0.08554770496784952, -0.3405108027588286, 0.1345789359082203, -0.11090403789963788, -0.2689532956078421, 0.36534739884691014, -0.07196677148059163, -0.18328802947688, 0.05640494153688856, -0.2682840984552235, 0.6276435357837735, -0.04287552611005796, -0.09283681083332274, -0.08968761275370013, 1.1574140294050013, -0.1729242745648666, -0.05988940043437789, 0.6655318569256128, -0.5421671921990585, -0.0644610912695016, 0.08173819344550634, -0.1108185982851896, -0.13068500289463736, 0.3734709033620841, -0.1739064311963226, 0.505394259201926, -0.21175326739062977, -0.3156267117393194, -0.2219745091054185, -0.30583908428587736, -0.18433253046360587, -0.24614110949510726, -0.614139898840027, -0.32198102651852806, 0.5010155313127507, -0.18560238362513248, -0.27840681564095027, -0.02767643367090276, -0.13579005901600572, -0.26869867639010775, -0.12306722256579948, -0.20607226396818712, -0.09734005250719296, -0.17404834798998917, -0.42447831033856087, -0.0571702577435708, -0.21794463515451745, -0.20195214689431468, -0.1709783755672062, 0.35097858906653223, -0.08017376676472202, 0.74622349684598, 0.5115624835919244, -0.3349046117880159, 0.3068743601685481, 0.02197508136930686, -0.03931299192088916, -0.03764841730423339, -0.292993364292114, -0.3018168504173626, -0.2559044842385271, -0.1318243433562145, 1.1718608994355104, -0.19276698024599573, -0.22820755842703982, 0.22427113027953327, -0.06364445858089558, -0.12255947368258988, 0.5405723067556512, -0.038693187044469626, 0.7667949758222175, -0.3566949558178445, -0.06028569943804654, -0.2664300066809093, -0.07593377906331181, -0.03321256795638135, -0.32204794452158525, -0.2453740329929427, 0.7932585584841143, -0.2911630988212951, -0.10219621104624882, -0.4084057094705431, -0.16655106232241157, -0.1679847039599888, -0.23925600050211443, 0.9293183835345812, -0.18445801563981018, -0.4760003641187034, -0.3059700985393081, -0.3858550332783022, -0.15154789938319713, -0.23791729358482464, 0.2956108806077382, -0.1887598429415946, -0.0023539534820925384, -0.3255404770791487, -0.24200173301983616, 0.07809673191072156, -0.36691387484076243], "Jin2017": [0.17680449326745157, -0.17279292681691752, -0.7175436666105005, -0.9623667209840814, 0.4413606888705125, -0.5727413594131945, -1.2093836514715708, -0.03887308804772516, -0.4580950716437999, -0.7068527795586382, -0.9058895195956193, -0.47426715796641356, 0.6217484913519821, 0.06682245827664363, -1.0110830726126787, -0.22714502344582493, -0.1556357021839384, 0.37420504109836283, 0.44509420693842405, 1.9856369421970481, -0.7868300395890624, 0.1941362106572234, -0.9739484942870684, 0.17788594392177381, 0.033512663208377085, 0.13070019108101538, -0.041432750334938206, 0.2952486474151033, 1.919651045784986, 0.28843033046443034, -0.15929072868213826, 0.29131765566832835, 0.020242883225912278, -0.01714021025580306, -0.18039024566510092, -0.8592338887516592, -0.2859590920527153, 0.5041078113735905, -0.9586858979515693, 0.9269156946851163, 0.13620802121035083, 0.705934734031769, 1.0558021048798327, -0.15238796559399925, 0.1481320981657878, -0.021885919390643733, -0.6809561318375195, 0.05887592238729658, -0.9916946036588957, 1.0513172293736166, -0.0277026210099134, -1.1776356442133613, -0.6817866867495657, -0.040733057200948296, -0.014016535726677347, -1.0777203955748211, -0.4266106236228146, -0.4146125415314929, -0.27957113176930337, 0.5287156457394091, 0.16056988778096415, 4.873108646731055, 1.2221189574296805, 0.13234514835400082, -0.5981386383906047, 1.957746991157208, -0.04123313129606997, -0.3062738832014282, 2.439220885712939, 1.6166657948720884, 1.545179411293085, -0.13746259566555769, -0.10771508872014568, 0.9243053366928321, -0.4929868023792747, -1.0498495574874975, -1.0017051243181616, 1.0168440949082418, 1.4665125829336745, 0.4219051467457109, 0.5658958759917985, -1.7155373421125466, 0.9151438009674936, -0.3839475248829102, -0.6861149544342203, 1.6305133548564903, 0.2714698543240799, -0.9615271775112684, 0.22955767056574533, -0.35298540973452175, 2.3032670938023516, 0.23053525719521056, -0.4457272329131595, 2.056067189794943, 1.4770710519746197, -0.19728320109181843, 2.4381392543805416, -0.7579650179525748, 1.391138792747344, 1.3759052627911397, -0.11439834531193882, -0.056835514329087344, 1.556388809090676, 0.2630719810103276, -0.19381167951333694, 2.6755128378603183, -0.5007251983131855, 1.3264460630087278, -0.7096276126034258, 0.31347956180971726, -0.9347042109649182, -0.3209090012333296, 0.20711819932065778, -0.06722821433250756, -1.642452763507995, 0.29045902967013715, 1.1054471711928169, 0.1758100612092702, 0.5823267215234071, -0.752989954748482, -0.5358043211439341, -0.50801464225943, -1.6342075094704556, -0.1589419420702779, 0.5600560795064164, 0.9944536246743392, 0.12852119211407192, 1.2611560411783618, 0.21184096225228077, 0.3285380516908056, 1.0555146122074033, 0.7268953024116362, -0.603268151378787, -1.8899007694488361, 2.504751582573055, 0.8603070122368106, 0.08577618395258493, -1.7406043402241846, 0.535029349653259, 0.8419771820219509, 3.01030118278846, 0.08256517463718653, 1.7680758148713653, 1.5080150956507092, 1.114948058171253, -1.2646089682527477, -0.10166821031686127, 1.3297728131742836, -0.8622861495786212, 0.5563050377973651, -0.2619774433930131, -0.4603984773701387, -1.9195971238869354, -0.708805614823814, 0.7166695467271743, -1.275878554867623, 1.553633655014825, -1.2319212011272578, 0.9185940058491175, -0.11872095753736109, 2.2935795335113935],