{"corr": -0.09620623077865859, "p-value": 0.2547278838589354, "slope": -0.03220520050987241, "intercept": 0.053531302460148825, "Zaporozhchenko2018": [-0.36229253133664174, -0.12815537064366703, -0.7992707554944971, -0.19658131938509432, 0.34564839675046066, -0.03717074224319873, -0.09699769243272874, 0.26426387404569557, -0.3572401745179005, -0.3414214877849804, -0.135828274926842, -0.17129762767582304, -0.016310859191843212, -0.2864153656268972, -0.32793213544416205, -0.08731750004166391, -0.137685090637996, -0.11947151723364399, -0.09535810442814677, 0.19738486893859164, 0.9728739135180056, -0.0408694872967378, 0.7628900310453288, -0.2411991014960414, -0.14293659251628726, -0.16477967450217135, 0.37049674084190587, -0.10270356552257134, 0.03365189817977296, -0.13305907317601984, 0.6335041254772776, -0.0025732925030067886, -0.35847345311918544, -0.10787657760398421, -0.06984832173712341, -0.15100341739811235, -0.2481646780686386, -0.2163059933857679, -0.025485518946363972, -0.13674999747246305, -0.07314972028165344, -0.1391534596512059, -0.12575989047442587, -0.44943921241362095, -0.19784982075910532, -0.17745176161709006, -0.33976566556101007, -0.11496140591371326, 1.460298808891361, 0.26966217640559015, -0.03926389683797071, 0.33736324538213, -0.07052960634169138, -0.11542011869278426, -0.11993761035023201, 0.12550132156222538, -0.08554770496784952, -0.2689532956078421, 0.6061513659805255, 0.36534739884691014, -0.07196677148059163, -0.18328802947688, 0.05640494153688856, -0.2682840984552235, 0.6276435357837735, -0.04287552611005796, -0.09283681083332274, -0.08968761275370013, 1.1574140294050013, -0.1729242745648666, -0.05988940043437789, -0.5421671921990585, -0.0644610912695016, -0.1108185982851896, -0.13068500289463736, 0.3734709033620841, -0.1739064311963226, -0.21175326739062977, -0.3156267117393194, -0.2219745091054185, -0.30583908428587736, -0.18433253046360587, -0.24614110949510726, -0.614139898840027, -0.32198102651852806, 0.5010155313127507, -0.18560238362513248, -0.13579005901600572, -0.02767643367090276, -0.26869867639010775, -0.20607226396818712, -0.09734005250719296, -0.17404834798998917, -0.42447831033856087, -0.0571702577435708, -0.21794463515451745, -0.20195214689431468, -0.1709783755672062, 0.35097858906653223, -0.058249176387395823, 0.74622349684598, 0.5115624835919244, -0.3349046117880159, 0.3068743601685481, -0.03931299192088916, -0.03764841730423339, -0.292993364292114, -0.3018168504173626, -0.2559044842385271, -0.1318243433562145, -0.1660129188909397, -0.19276698024599573, -0.2447006903510107, -0.22820755842703982, 0.22427113027953327, 0.5405723067556512, -0.038693187044469626, 0.7667949758222175, -0.3566949558178445, -0.06028569943804654, -0.2664300066809093, -0.07593377906331181, -0.32204794452158525, -0.2453740329929427, -0.2911630988212951, -0.4084057094705431, -0.16655106232241157, -0.1679847039599888, -0.23925600050211443, 0.9293183835345812, -0.18445801563981018, -0.4760003641187034, -0.3059700985393081, -0.3858550332783022, -0.15154789938319713, -0.13847589199079813, 0.2956108806077382, -0.1887598429415946, -0.0023539534820925384, -0.3255404770791487, -0.24200173301983616, -0.36691387484076243], "Wozniak2015": [0.10856615081700616, -0.06842901653270356, -0.198897698707375, 0.14675323382982702, -0.07624504342025501, 0.1403154904364075, 0.020466594282982656, 0.28343474423565396, -0.017428660731190926, 0.09218553156278658, 0.18865905806520206, 0.09389199040901614, 0.04285669827841213, 0.0342802170903411, 0.19694554402205205, -0.006882556046173233, 0.07914777876213669, -0.02254083810757134, 0.08667012981804431, -0.05559997998239577, -0.05154218859639288, 0.008524439606854292, 0.10493619149722105, 0.03115108307083627, 0.11299811047042241, 0.009239455015119979, -0.054940817557623346, 0.11985349497669545, -0.00024110497394435633, 0.0015986456758687111, -0.034289038320399465, 0.19774539526257007, -0.08561575129071054, 0.14316074610333565, 0.11004801388533161, -0.10547881764392139, 0.03709920274617201, -0.01709959698851024, 0.07207781416763559, -0.10496903575589006, 0.14427636474110306, 0.10910070000914442, 0.04417441451126375, 0.2923929427584069, 0.14615358318335447, 0.006476685827282384, 0.007831473034076818, 0.30210027467512257, 0.1539158022946538, 0.279457304039419, -0.015605175767901727, 0.21346704229418634, 0.03852064925645604, -0.06328522710170145, 0.11747778445764719, 0.09908304211100541, -0.04218453790565738, -0.12137305915411631, -0.16198533844849047, -0.1040566692559433, 0.05043216136160748, 0.06315493437294868, 0.0008878484668777018, -0.09293144600455627, 0.2387290779698338, 0.03204569885125651, 0.0867608608469025, 0.10279845727916462, 0.12308464882803541, -0.026293853871910966, -0.1901479075016137, 0.08154783409842864, 0.029005828100593364, 0.03725390744241836, 0.15198467745326394, 0.09663572788533559, 0.1307904772788352, 0.17221704929838033, 0.12095941365272063, 0.06941919486367859, 0.18118798945025555, 0.12073305011665927, -0.03369382595969067, 0.01606090664875771, 0.06634515424651725, 0.0988420253629432, 0.17231214306027903, 0.058670626707267956, -0.0881813753259035, 0.058701165805501776, 0.0909222435448706, 0.05737711756244213, 0.19157262221590782, 0.08652411074799887, 0.1352225300301535, 0.1432757288647802, 0.08316348138226502, -0.025702531257594176, 0.030821142960639425, 0.09345153036637105, -0.2506400864553812, -0.255934294555638, 0.10720796083515835, 0.005947974370789086, -0.049344325356194395, 0.16520954567955135, 0.050645746351988596, 0.16739540642348957, 0.012833182265496606, 0.16976595364507116, -0.2140344230512678, -0.055972155493374504, 0.15461747062637773, 0.08600750855460262, 0.11008328032193204, 0.07454591110147288, 0.23957157746503674, 0.180479482865692, 0.26477375198473513, 0.010993060091556501, 0.0006713678768908775, -0.0011810896710409092, 0.1963153211071411, -0.005538284010098699, 0.11956241992149054, 0.2179709978685485, 0.05540019733474629, 0.24102236648919656, 0.004112766163155198, -0.10682985895585301, 0.014575870167283116, 0.03406419239273617, 0.1323304089136412, -0.09911500694227897, 0.09345752761156692, 0.014229305020774956, -0.1291373982850944, -0.14794922908819924, -0.04918916971337846, 0.009035611041706236, 0.28952210951950796, 0.18721086665861492],