{"corr": -0.03427369869320555, "p-value": 0.8796459395381806, "slope": -0.04949711768240245, "intercept": -0.6770528701083315, "Zaporozhchenko2018": [-0.13068500289463736, -0.3018168504173626, -0.1660129188909397, -0.06364445858089558, -0.2219745091054185, -0.3566949558178445, -0.32793213544416205, -0.24614110949510726, -0.11496140591371326, -0.09535810442814677, -0.11993761035023201, -0.18560238362513248, -0.02767643367090276, 0.36534739884691014, 0.37049674084190587, -0.0571702577435708, -0.23791729358482464, -0.0025732925030067886, -0.13847589199079813, -0.10787657760398421, -0.33976566556101007, -0.36691387484076243], "Li2017": [-0.9259337205457351, -0.7579655575217168, -0.49888449120945577, -0.4996631962159189, -1.6070868921664327, -0.3924296868179867, -0.439662329803194, -0.38165409809790685, -0.6256814723773266, -1.0178092714649036, -0.6826316304367109, -0.750715292848582, -0.3288713983143349, -0.944943347947499, -0.5326251893685728, -0.6595701064942238, -0.586667322092338, -0.5623073172347803, -0.4323362592310195, -0.6491522015286886, -0.6892729328618111, -0.7870800231863657], "mirnas": ["miR-106b", "miR-17", "miR-122-5p", "let-7i", "miR-320b", "miR-15b-3p", "miR-19b-3p", "miR-451a", "let-7f", "miR-423", "miR-26b", "miR-107-3p", "miR-150-5p", "miR-1-3p", "miR-199a-5p", "miR-15a", "miR-23b-3p", "let-7a", "miR-210", "miR-103a", "miR-130a", "miR-22"], "p-values": {"Zaporozhchenko2018": [0.4288200961337131, 0.2845681875143402, 0.532461061502363, 0.6779271276093521, 0.4181403796827847, 0.22007521290858523, 0.04010115552095587, 0.3401388724247719, 0.31992358250338254, 0.4597522267246287, 0.3909832227651283, 0.2558998872400311, 0.7860658764860629, 0.6191545699359853, 0.45428512713196156, 0.6332966421641428, 0.23621859202902235, 0.9785759201585655, 0.8141301602459425, 0.3283909724393447, 0.2409572612668271, 0.19077975368251984], "Li2017": [0.27037774039763834, 0.7426141913107522, 0.14368294998530584, 0.6314218319628964, 0.1132805530957829, 0.6908096675286799, 0.6550218156744838, 0.8648635353834568, 0.43615536813955036, 0.23052667977406593, 0.42007514084867104, 0.4622933542171267, 0.6525694128730946, 0.2529652912237531, 0.22553977981059953, 0.24175205563260266, 0.47612286215052946, 0.6080789275048939, 0.6720502214467101, 0.42886261716758356, 0.36074316675329376, 0.5860591922746857]}}