{"corr": 0.116282911967157, "p-value": 0.16074137372512565, "slope": 0.39493744891894295, "intercept": 0.3040596056078557, "Zaporozhchenko2018": [-0.36229253133664174, -0.12815537064366703, -0.7992707554944971, -0.19658131938509432, 0.34564839675046066, -0.03717074224319873, -0.09699769243272874, 0.26426387404569557, -0.3572401745179005, -0.3414214877849804, -0.17129762767582304, 1.0162031352408216, -0.016310859191843212, -0.2864153656268972, -0.32793213544416205, -0.08731750004166391, -0.137685090637996, -0.11947151723364399, -0.09535810442814677, 0.19738486893859164, 0.9728739135180056, -0.0408694872967378, 0.7628900310453288, -0.2411991014960414, -0.14293659251628726, -0.16477967450217135, 0.37049674084190587, -0.10270356552257134, 0.03365189817977296, -0.13305907317601984, 0.6335041254772776, -0.21085883098619063, -0.35847345311918544, -0.10584020243911332, -0.027493730595300934, -0.10787657760398421, -0.06984832173712341, -0.2481646780686386, -0.2163059933857679, -0.025485518946363972, -0.10339765568219589, -0.13674999747246305, -0.07314972028165344, -0.1391534596512059, -0.12575989047442587, -0.19784982075910532, -0.17745176161709006, -0.11496140591371326, 0.26966217640559015, -0.03926389683797071, 0.33736324538213, -0.07052960634169138, -0.11542011869278426, -0.11993761035023201, 0.12550132156222538, -0.08554770496784952, 0.1345789359082203, -0.11090403789963788, -0.2689532956078421, 0.6061513659805255, 0.36534739884691014, -0.07196677148059163, -0.18328802947688, -0.2682840984552235, 0.6276435357837735, -0.04287552611005796, -0.09283681083332274, -0.08968761275370013, 1.1574140294050013, -0.1729242745648666, -0.05988940043437789, 0.6655318569256128, -0.5421671921990585, -0.0644610912695016, 0.08173819344550634, -0.1108185982851896, -0.13068500289463736, -0.1739064311963226, -0.21175326739062977, -0.3156267117393194, -0.2219745091054185, -0.30583908428587736, -0.18433253046360587, -0.24614110949510726, -0.614139898840027, -0.32198102651852806, 0.5010155313127507, -0.18560238362513248, -0.13579005901600572, -0.02767643367090276, -0.26869867639010775, -0.20607226396818712, -0.09734005250719296, -0.17404834798998917, -0.42447831033856087, -0.0571702577435708, -0.21794463515451745, -0.20195214689431468, -0.1709783755672062, 0.35097858906653223, -0.058249176387395823, -0.5848261968576486, 0.74622349684598, 0.5115624835919244, -0.3349046117880159, 0.3068743601685481, 0.02197508136930686, -0.03931299192088916, -0.03764841730423339, -0.292993364292114, -0.2559044842385271, -0.1318243433562145, -0.1660129188909397, -0.19276698024599573, -0.2447006903510107, -0.22820755842703982, 0.22427113027953327, -0.06364445858089558, -0.12255947368258988, 0.5405723067556512, -0.038693187044469626, 0.7667949758222175, -0.06028569943804654, -0.2664300066809093, -0.07593377906331181, -0.38998899116241054, -0.32204794452158525, -0.2453740329929427, 0.7932585584841143, -0.10219621104624882, -0.4084057094705431, -0.16655106232241157, -0.1679847039599888, -0.23925600050211443, 0.9293183835345812, -0.18445801563981018, -0.4760003641187034, -0.3059700985393081, -0.3858550332783022, -0.15154789938319713, -0.13847589199079813, 0.2956108806077382, -0.1887598429415946, -0.3405108027588286, -0.3255404770791487, -0.33976566556101007, -0.36691387484076243], "Reis2020": [-1.370950964253389, -0.7088860187622619, 0.7521310597942159, -2.6118341512491314, 0.9571291869937674, -0.5983616735094408, 0.5418104660061164, 0.9752588388110095, 0.11143914419772774, 0.02478273505292754, 1.224915787230098, 1.0046155685884706, 0.6863486993013781, -0.14620150410418303, 0.4226371125469046, 0.8522599624912787, -0.17896793903993288, -2.1272402010699083, 0.5368206535793525, -1.8191192837172356, 1.1865773950844616, 0.5717493405667, 1.1463262415085664, 0.964364415012575, 0.07634413012948811, -1.4998544519447903, -2.06145784057707, -0.3931972192289975, 0.6931681096179556, 1.185413105518217, 1.1097342837122974, -0.8592456998887483, 0.899829507626428, 0.9157137438516266, 0.9701026993033536, 0.8141710609669808, -1.8863985879381024, -2.5151981172508036, -0.641689878081841, -1.5528296272089341, 0.8696411424445064, 1.1665349818369601, -0.002494906213381942, -1.5356979378770443, 1.004116587345794, 1.0422886524105381, -0.7774127760898197, 0.29223668112747414, 0.6394444624897972, 1.022911547486605, 0.284668798946882, -0.6569088059834709, 1.000041573863937, 0.7349993704623263, 0.5596906272020205, 1.1768472608522722, 2.560106429091679, 0.4995633874595152, 0.8401180855861531, 1.6044741858259408, 0.6192357221614033, 0.56667636459949, 2.043328188759828, 1.912096121935937, 0.6553286987149958, -1.455860939048822, 0.26595700234651737, 1.2826312842996674, 0.7577861805445485, 0.7289284320097636, 0.9014927784353495, 0.7068900937915563, 1.0623310656580398, 0.9913094021171002, 1.1266164824228486, 0.5507089648338455, -0.37157469871302046, -1.4909559531170613, -1.284959863432157, -2.7091354935710283, 1.030396266126751, -0.42371823857270347, 1.2209239372886869, 2.5567798874738363, 0.8021123476023011, 0.3245872983609934, 0.0802528165304531, -0.7233564747998773, 0.9089774970754954, 2.4243835310837003, 0.6052642473664643, 2.045074623109196, -0.4298723405657124, -1.2535240451435445, 1.5766143997765087, -1.4097051741012554, -0.22820075498400358, 0.8323007127842229, 0.6202336846467561, 0.8124246266176136, 0.7684311137216446, 1.3667927872310854, 1.2157677977810306, 1.6755790129073267, 0.4830970064511942, 0.6154101993008843, 1.1039959994215187, 1.5501683939146602, -1.6284252854744077, -0.25938708265127813, 0.9343423769115453, 0.9138009824213671, 2.3512827790316084, -0.1490290644793493, 0.7542933118458135, -3.0208324431628815, -1.4199342895761213, -1.3540687655428376, 1.2339806131387192, 0.9849889730431992, 0.33864193669637854, 0.3093683704593634, 0.7746683792550997, 1.0940995381084369, 1.3504095697632108, -1.086697983008737, 0.8085991037570943, -0.5078797415041216, 0.6065948640136013, 1.0708137467835386, -1.3074140193525947, 0.030354692262813843, -0.7963740633115228, -0.6757869296647279, -0.5957836037556129, -0.5132853716331158, 0.588215721575021, 0.7759989959022368, 0.9202877385761601, -0.35045115943971983, 0.8127572807793977, -0.5432242461936996, 1.8115514015366436, 1.1366792708168227, 1.2664975574531308, -1.9687304929797076, -0.027859786049431907],