Fold change A,Fold change B
0.30194595955359105,0.3087309839543755
0.3361530423217194,2.979388271327457
1.160909015982012,0.2491849704747512
1.0013152881114855,1.261479362775421
-0.3168507867952193,0.38353165625223556
-0.44181373622557163,0.20858227647791944
-0.2801021642697734,0.4583484688182421
-0.19245678200232963,1.0938402070419548
-0.4387317942039081,0.021381134134861767
-0.44972441350365094,-0.025524241834394307
0.19313228483276218,1.771685974150368
-0.17243779577311702,0.07648055367661205
-0.5266702115020183,-0.5606221812867713
0.5070476471216512,0.04621207270788612
-0.5398434681078899,0.13941117644058507
-0.01588922197668101,0.48579261998883627
