Fold change A,Fold change B
-1.1569541570767803,-0.9396143441555477
0.6335981742263392,0.41059375989290803
0.8646669357397692,-0.033026822553741966
-0.3659581237726177,0.18818161786522958
0.040512201183672006,0.2018678107142617
1.0746413385373028,-0.23050930435293013
1.2288650545338968,-1.0135821735396227
-2.327094854561091,-0.3742334367448093
1.0600721894064533,-0.5647286221501737
1.295457539250533,-0.13583466660394505
-0.18639129963392098,-0.68132790979025
0.031340714401243766,0.35032804659767147
0.7536801288955897,-0.6374852611330933
1.1135168118123184,-0.8094405269617556
-0.2675322769182776,-0.9585805440999651
0.33062573987110233,-1.9197246409392363
-0.4022562000648685,-0.18860285281269007
-0.1486916383967835,-0.9699466445717332
0.10226811865651947,0.590182589085419
0.6580135023459277,0.10317334953416304
1.528526390415811,0.3527781360005061
-0.6390777400300527,-1.413303822830853
-2.4269888916485125,-2.002154941202491
1.1178897260957315,-0.215017992408112
