Fold change A,Fold change B
2.4744752164705828,-0.6304556284343231
-0.6439261510659324,-1.7037950344048172
0.48750060219890134,-1.8796938137314858
-0.8006588422747123,-1.3673414335482037
1.7566181714893698,-0.591118648640682
0.33514042090385776,-0.12872593801857532
2.162039963826061,-1.5031525031390802
1.5775036269770735,-1.036916972483803
0.5361221163009495,-0.9133660715911773
-3.1286693453189813,0.14898642926982902
0.3289235480195061,-0.9295084992850379
1.8489476261063547,-1.6303134149896032
1.2634296005974521,-1.131578518733917
-0.9244373145069187,-1.3880225668969028
0.12972005069314552,-1.6264246098364143
2.0216511986486725,-1.4488188455489128
0.2879178430848739,-1.3326759036608786
1.5623660917175002,-1.2205409613710005
-2.2498192553824996,0.0420447646859049
0.8680111693806334,-0.5751219685565826
0.9611838112800413,-2.442701769054366
0.05458116540704224,-0.9749872416509234
0.438289147593133,-1.7865401631085267
1.7348665631203786,-1.5626160734310164
-0.7411917576424738,-2.112400752874462
0.7536801288955897,-0.6025164010562256
1.38916479023923,-1.8060545157901937
1.8791672584947097,-0.35638149978011663
-1.7997476680643256,-0.6646639409423548
-0.018632571248720003,-0.7789205599766693
0.10814864021791365,-1.9094683786114772
1.2651958498275455,-1.897851123023668
-1.7257595608970533,-0.20932976334521208
1.7015418883443147,-0.2311145940662258
1.921259420606352,-0.9138005426807745
1.5872550346041745,-1.172024028358939
1.2627346121058416,-0.6677988058119273
0.11051757147816921,-1.0656477104652524
1.0805589308473098,-1.10656524172341
1.376953229897083,-1.6541567978731027
0.6609834438519515,-1.2422976796812777
-0.04052854371443495,-1.107941948761241
0.9285234290954791,-2.621898821077476
2.0652546987693547,-0.44993802052168164
-1.8807888089102671,-0.6996146011224493
0.941460054694842,-1.0788018558217713
0.34703700687843503,-1.333289647007611
0.6913452740999064,-0.7955313743912915
2.3922810693764447,-1.7549513851822267
-0.9014138395399409,-1.3415299403057035
