Fold change A,Fold change B
-0.1337794308315534,0.14477319329903907
0.5053078660869591,0.06719434065783803
-0.19253730935720703,-0.7993419604719822
0.47123400857743436,-0.363130423875554
-0.04519868088305531,0.19466544117672063
-0.2176092900634124,-0.2733735634577491
-0.12109393144929034,0.1505787714094607
-0.27981389911664284,-1.569300571116714
-0.6171609396823994,1.069590650237636
-0.8181238273831061,2.299900614720971
-0.3831421596757415,0.4714979118895198
0.10364423083427662,1.3062403796733002
-0.8896619839530521,0.9216569630465071
0.33939066302717424,1.1684689446616519
-1.49922361353042,1.962399672033202
-1.080513992233603,-0.5493558055523761
-0.10785700709867137,1.0247589405365916
-0.596943480656675,0.2503622558936878
0.9389063970812943,1.8394984194796624
0.3468229018070168,-0.06651482343847978
-1.8080513600837596,-0.39090025800602834
0.0401764475264643,0.0684117644511674
-0.006430820243315783,1.022366707273716
0.07782884642882042,1.2580216428637971
-1.1764508997255054,-0.5701862279543807
0.20519892030591783,-1.0353727109256445
0.8090719185411464,0.2503259528358312
0.012369580140478443,0.7865034772391057
-0.22330128066115457,-0.3701544650853026
1.0318590527884894,-0.3180995979890525
-0.08122771881921928,0.22067635696195687
-0.2996604864381708,0.11689041715819594
-0.43295643907839454,-0.28517221701274964
-0.16320035790563842,-0.14955926276835035
-0.5813748825900024,-0.6094939293541846
0.49823395479924065,2.129268240033788
0.5948211763480034,1.1817375558344647
0.09477100764146178,0.442528287318411
-0.2113313789224192,-0.253997206494685
