Fold change A,Fold change B
1.300701814826494,1.1637316467282153
0.6299061870932952,0.876021102716409
0.34495634546916465,0.9739491555063582
1.0152808810573137,0.4108189559339708
0.13916179303739598,0.8366663163833012
0.9191463511675086,-1.328429551974619
0.6877603084260949,0.01486080149102584
1.0318474959223725,-1.225617068189769
0.6541457295155779,-1.5161130148440918
2.5013206939631623,0.5339912166273101
0.600289393940773,-0.4698551259818308
0.7202176393919892,-0.7936881122860008
-0.1687699561010645,0.5393146079240414
