Fold change A,Fold change B
0.49734544116754065,-0.32239881059585557
0.03339520166660938,-0.8380397829470128
0.07939684610732547,-1.7203505293726107
-0.5529161075308087,-1.9492154118188616
-0.14423563957660487,-1.0395936987588161
0.6630384432305357,-0.8029899802143752
-0.3336745249483628,-1.174082778674526
-0.9071287965227577,-1.0053495471715714
-0.03053884716919433,-1.4700435964844716
0.7717923008314711,-1.3143692168431758
0.1963815635861983,-0.6138188991485705
0.030288754032067117,-1.4210532506153044
-0.42456216118100026,-1.7154369292015126
0.3394229944498143,-1.160023363314812
0.1684000905815034,-0.5904079350998321
0.7844998951202521,-0.10851964720332931
0.567880892757044,-0.3758821151259683
-0.5596453010908125,-1.3151500365703312
0.026523800783291578,1.4850527913645082
0.10978021205552832,-1.01250388375477
-0.17461773671867273,-2.221617976934735
0.1558944892754595,-0.8188823883645819
-0.5037987990489895,-1.756886304868659
-0.050954667686951116,-1.6527230117178648
0.4780360672991762,0.2685221738726064
-0.9255522861315513,-1.1838425577721172
-0.2088095912299224,-1.5405416501917601
