Fold change A,Fold change B
-1.9956499677105632,-1.3482868795521772
-0.6993034316302102,0.3151468281134686
-0.2906826801634379,-0.1269802303603212
-0.9938577006612023,0.7818864527797447
-1.1610597181842988,0.05460856538559862
-1.869357894832155,-0.1877543181970931
-0.8686072671151328,0.6516174186483554
-1.6557017295653222,0.3991299355061312
-0.9133660715911773,0.38566421593192246
-1.9425382480766828,-0.4463877323794551
-1.716966300143405,0.34895640778341225
-1.8158842209007662,-0.36849460757767377
-1.6264246098364143,0.5192304667432124
-0.8025940855220913,0.18371721027605586
-1.5917619938147163,-0.4504040226212384
-1.8200044087777902,1.1684689446616519
-1.8783302870200034,-0.7210894445503901
-2.449991330096382,1.0247589405365916
-0.6940743525008766,1.8394984194796624
-2.90687867043764,-0.2977819479113565
-0.9749872416509234,-0.39090025800602834
-1.7865401631085267,-0.9275328368415808
-2.112400752874462,0.488737554126619
-0.6025164010562256,-0.26300230434805333
-1.8060545157901937,1.1792506039945883
-1.202326459078019,-0.4175698865818084
-0.866164653306783,-0.5701862279543807
-1.897851123023668,0.3784834607906597
-1.9094683786114772,1.2580216428637971
-0.7012518266288801,1.9448009246838942
0.4395026927071435,1.009674915451253
-1.2611456875346416,1.3647739307283455
-1.10656524172341,-0.3180995979890525
-1.009574184411422,0.2503259528358312
-0.6996146011224493,0.10685151738792276
-0.44989136806105723,-0.5985541181768832
-1.7281327504261343,-0.90414288648007
-1.6272388409933995,-0.45217643343180547
-2.270067551702665,1.1817375558344647
