Study,AUC
Wozniak2015,0.5109
Leidinger2014,0.42543859649122806
Patnaik2017,0.5471156750226518
Leidinger2011,0.8759398496240602
Keller2014,0.60944331098805
