study,hsa-miR-486-5p,hsa-miR-451a
Serum,0.7853028271718507,2.6948042840637476
Plasma,0.8305889344380035,1.8204984476348596
Whole blood,2.1104041281712074,2.4773991783207654
Blood cells,0.6085571598777284,1.1573513260486645
P. Blood,0.5947102084782604,1.4607297724758586
Plasma Ex,,1.0267370263228015
