comparison,mean1,std1,mean2,std2,t-value,p-value
qRT-PCR_vs_Microarray,-0.05193635532621278,0.3625788073201766,0.14080999654428056,0.5541120943216221,-0.8775663839080116,0.39059943948892994
qRT-PCR_vs_Sequencing,-0.05193635532621278,0.3625788073201766,-0.3889622772525564,0.4044206872911352,1.4652026828279778,0.1735868803449833
Microarray_vs_Sequencing,0.14080999654428056,0.5541120943216221,-0.3889622772525564,0.4044206872911352,1.7654759088273797,0.09655735294534738
