Testset,AUC
Asakura2020,0.5023906779392673
Fehlmann2020,0.4683815373238569
Leidinger2014,0.5093984962406015
Patnaik2017,0.4713077620054364
Yao2019,0.72
