model,mean,std
XGBoost,0.9340874963882979,0.12116072037497475
Logistic Regression,0.22855857794752113,0.21033173148795578
