Type,mean (zero mean FC),std (zero mean FC),mean (non-zero mean FC),std (non-zero mean FC),t-value,p-value
r,0.0014874997401200492,0.2186959943855711,0.005798047020309629,0.1822133615965422,-0.2729933825646613,0.7849452789275002
r2,0.04768298772973894,0.07062536233403459,0.033133167388502534,0.04596843125238879,3.1127079745827895,0.0019353947490189673
